"no","name","category","designation","prefecture","region","latitude","longitude","source_type","source_url","source_record_id","coordinate_source","selection_role","selection_rule"
"1","伊勢神宮 内宮","近畿五芒星・固定アンカー","記事の検証対象","三重県","東海","34.455000","136.725200","記事の固定アンカー","provided:近畿五芒星の5地点","anchor-001","記事で先に固定した座標","target-anchor","fixed before official background sampling"
"2","熊野本宮大社","近畿五芒星・固定アンカー","記事の検証対象","和歌山県","近畿","33.840600","135.773400","記事の固定アンカー","provided:近畿五芒星の5地点","anchor-002","記事で先に固定した座標","target-anchor","fixed before official background sampling"
"3","伊弉諾神宮","近畿五芒星・固定アンカー","記事の検証対象","兵庫県","近畿","34.460100","134.852500","記事の固定アンカー","provided:近畿五芒星の5地点","anchor-003","記事で先に固定した座標","target-anchor","fixed before official background sampling"
"4","元伊勢皇大神社","近畿五芒星・固定アンカー","記事の検証対象","京都府","近畿","35.430400","135.154300","記事の固定アンカー","provided:近畿五芒星の5地点","anchor-004","記事で先に固定した座標","target-anchor","fixed before official background sampling"
"5","伊吹山","近畿五芒星・固定アンカー","記事の検証対象","滋賀県","近畿","35.417800","136.406400","記事の固定アンカー","provided:近畿五芒星の5地点","anchor-005","記事で先に固定した座標","target-anchor","fixed before official background sampling"
"6","聖衆来迎寺","寺院建築","重要文化財","滋賀県","近畿","35.072080","135.886253","文化庁・国指定文化財等DB","https://kunishitei.bunka.go.jp/bsys/index","temple-102-00004765","文化庁DBの緯度・経度欄","official-background","shrine/temple official pool; proportional regional target; 2km spacing; deterministic SHA-256 rank"
"7","八坂神社本殿（儀俄大宮）","神社建築","重要文化財","滋賀県","近畿","34.951284","136.196929","文化庁・国指定文化財等DB","https://kunishitei.bunka.go.jp/bsys/index","shrine-102-1463","文化庁DBの緯度・経度欄","official-background","shrine/temple official pool; proportional regional target; 2km spacing; deterministic SHA-256 rank"
"8","薬王寺観音堂","寺院建築","重要文化財","和歌山県","近畿","34.076573","135.267973","文化庁・国指定文化財等DB","https://kunishitei.bunka.go.jp/bsys/index","temple-102-2908","文化庁DBの緯度・経度欄","official-background","shrine/temple official pool; proportional regional target; 2km spacing; deterministic SHA-256 rank"
"9","談山神社権殿","神社建築","重要文化財","奈良県","近畿","34.465930","135.860871","文化庁・国指定文化財等DB","https://kunishitei.bunka.go.jp/bsys/index","shrine-102-2626","文化庁DBの緯度・経度欄","official-background","shrine/temple official pool; proportional regional target; 2km spacing; deterministic SHA-256 rank"
"10","八幡神社三重塔","寺院建築","重要文化財","兵庫県","近畿","34.767640","135.130703","文化庁・国指定文化財等DB","https://kunishitei.bunka.go.jp/bsys/index","temple-102-2237","文化庁DBの緯度・経度欄","official-background","shrine/temple official pool; proportional regional target; 2km spacing; deterministic SHA-256 rank"
"11","中島神社本殿","神社建築","重要文化財","兵庫県","近畿","35.525423","134.862627","文化庁・国指定文化財等DB","https://kunishitei.bunka.go.jp/bsys/index","shrine-102-2363","文化庁DBの緯度・経度欄","official-background","shrine/temple official pool; proportional regional target; 2km spacing; deterministic SHA-256 rank"
"12","聚光院本堂","寺院建築","重要文化財","京都府","近畿","35.044007","135.745180","文化庁・国指定文化財等DB","https://kunishitei.bunka.go.jp/bsys/index","temple-102-1611","文化庁DBの緯度・経度欄","official-background","shrine/temple official pool; proportional regional target; 2km spacing; deterministic SHA-256 rank"
"13","長野神社本殿","神社建築","重要文化財","大阪府","近畿","34.450122","135.571416","文化庁・国指定文化財等DB","https://kunishitei.bunka.go.jp/bsys/index","shrine-102-2196","文化庁DBの緯度・経度欄","official-background","shrine/temple official pool; proportional regional target; 2km spacing; deterministic SHA-256 rank"
"14","東大寺二月堂参籠所","寺院建築","重要文化財","奈良県","近畿","34.689444","135.843801","文化庁・国指定文化財等DB","https://kunishitei.bunka.go.jp/bsys/index","temple-102-2456","文化庁DBの緯度・経度欄","official-background","shrine/temple official pool; proportional regional target; 2km spacing; deterministic SHA-256 rank"
"15","法音寺本堂","寺院建築","重要文化財","和歌山県","近畿","34.051204","135.326160","文化庁・国指定文化財等DB","https://kunishitei.bunka.go.jp/bsys/index","temple-102-2907","文化庁DBの緯度・経度欄","official-background","shrine/temple official pool; proportional regional target; 2km spacing; deterministic SHA-256 rank"
"16","生和神社本殿","神社建築","重要文化財","滋賀県","近畿","35.079129","136.033783","文化庁・国指定文化財等DB","https://kunishitei.bunka.go.jp/bsys/index","shrine-102-1446","文化庁DBの緯度・経度欄","official-background","shrine/temple official pool; proportional regional target; 2km spacing; deterministic SHA-256 rank"
"17","加太春日神社本殿","神社建築","重要文化財","和歌山県","近畿","34.275271","135.074616","文化庁・国指定文化財等DB","https://kunishitei.bunka.go.jp/bsys/index","shrine-102-2822","文化庁DBの緯度・経度欄","official-background","shrine/temple official pool; proportional regional target; 2km spacing; deterministic SHA-256 rank"
"18","愛宕念仏寺本堂","寺院建築","重要文化財","京都府","近畿","35.031353","135.661091","文化庁・国指定文化財等DB","https://kunishitei.bunka.go.jp/bsys/index","temple-102-1849","文化庁DBの緯度・経度欄","official-background","shrine/temple official pool; proportional regional target; 2km spacing; deterministic SHA-256 rank"
"19","三宝院殿堂","寺院建築","重要文化財","京都府","近畿","34.952151","135.818963","文化庁・国指定文化財等DB","https://kunishitei.bunka.go.jp/bsys/index","temple-102-1907","文化庁DBの緯度・経度欄","official-background","shrine/temple official pool; proportional regional target; 2km spacing; deterministic SHA-256 rank"
"20","勝部神社本殿","神社建築","重要文化財","滋賀県","近畿","35.050815","135.990672","文化庁・国指定文化財等DB","https://kunishitei.bunka.go.jp/bsys/index","shrine-102-1425","文化庁DBの緯度・経度欄","official-background","shrine/temple official pool; proportional regional target; 2km spacing; deterministic SHA-256 rank"
"21","金剛輪寺三重塔","寺院建築","重要文化財","滋賀県","近畿","35.161797","136.283037","文化庁・国指定文化財等DB","https://kunishitei.bunka.go.jp/bsys/index","temple-102-1507","文化庁DBの緯度・経度欄","official-background","shrine/temple official pool; proportional regional target; 2km spacing; deterministic SHA-256 rank"
"22","丹生都比売神社本殿","神社建築","重要文化財","和歌山県","近畿","34.262674","135.521872","文化庁・国指定文化財等DB","https://kunishitei.bunka.go.jp/bsys/index","shrine-102-2870","文化庁DBの緯度・経度欄","official-background","shrine/temple official pool; proportional regional target; 2km spacing; deterministic SHA-256 rank"
"23","霊山寺鐘楼","寺院建築","重要文化財","奈良県","近畿","34.673352","135.742629","文化庁・国指定文化財等DB","https://kunishitei.bunka.go.jp/bsys/index","temple-102-2488","文化庁DBの緯度・経度欄","official-background","shrine/temple official pool; proportional regional target; 2km spacing; deterministic SHA-256 rank"
"24","人麿神社本殿","神社建築","重要文化財","奈良県","近畿","34.514731","135.784729","文化庁・国指定文化財等DB","https://kunishitei.bunka.go.jp/bsys/index","shrine-102-2620","文化庁DBの緯度・経度欄","official-background","shrine/temple official pool; proportional regional target; 2km spacing; deterministic SHA-256 rank"
"25","旧富貴寺羅漢堂","寺院建築","重要文化財","奈良県","近畿","34.613896","135.737916","文化庁・国指定文化財等DB","https://kunishitei.bunka.go.jp/bsys/index","temple-102-2734","文化庁DBの緯度・経度欄","official-background","shrine/temple official pool; proportional regional target; 2km spacing; deterministic SHA-256 rank"
"26","広八幡神社摂社若宮社本殿","神社建築","重要文化財","和歌山県","近畿","34.017642","135.175258","文化庁・国指定文化財等DB","https://kunishitei.bunka.go.jp/bsys/index","shrine-102-2900","文化庁DBの緯度・経度欄","official-background","shrine/temple official pool; proportional regional target; 2km spacing; deterministic SHA-256 rank"
"27","寶積寺三重塔","寺院建築","重要文化財","京都府","近畿","34.895168","135.679192","文化庁・国指定文化財等DB","https://kunishitei.bunka.go.jp/bsys/index","temple-102-2022","文化庁DBの緯度・経度欄","official-background","shrine/temple official pool; proportional regional target; 2km spacing; deterministic SHA-256 rank"
"28","天神社本殿","神社建築","重要文化財","奈良県","近畿","34.680369","135.991025","文化庁・国指定文化財等DB","https://kunishitei.bunka.go.jp/bsys/index","shrine-102-2678","文化庁DBの緯度・経度欄","official-background","shrine/temple official pool; proportional regional target; 2km spacing; deterministic SHA-256 rank"
"29","唐招提寺鼓楼","寺院建築","国宝","奈良県","近畿","34.675716","135.785107","文化庁・国指定文化財等DB","https://kunishitei.bunka.go.jp/bsys/index","temple-102-2479","文化庁DBの緯度・経度欄","official-background","shrine/temple official pool; proportional regional target; 2km spacing; deterministic SHA-256 rank"
"30","天満神社","神社建築","重要文化財","和歌山県","近畿","34.191696","135.164624","文化庁・国指定文化財等DB","https://kunishitei.bunka.go.jp/bsys/index","shrine-102-2820","文化庁DBの緯度・経度欄","official-background","shrine/temple official pool; proportional regional target; 2km spacing; deterministic SHA-256 rank"
"31","園城寺毘沙門堂","寺院建築","重要文化財","滋賀県","近畿","35.010826","135.854434","文化庁・国指定文化財等DB","https://kunishitei.bunka.go.jp/bsys/index","temple-102-1338","文化庁DBの緯度・経度欄","official-background","shrine/temple official pool; proportional regional target; 2km spacing; deterministic SHA-256 rank"
"32","八幡神社本殿及び拝殿","神社建築","重要文化財","兵庫県","近畿","35.130959","135.079401","文化庁・国指定文化財等DB","https://kunishitei.bunka.go.jp/bsys/index","shrine-102-2431","文化庁DBの緯度・経度欄","official-background","shrine/temple official pool; proportional regional target; 2km spacing; deterministic SHA-256 rank"
"33","護国院鐘楼","寺院建築","重要文化財","和歌山県","近畿","34.184567","135.190058","文化庁・国指定文化財等DB","https://kunishitei.bunka.go.jp/bsys/index","temple-102-2809","文化庁DBの緯度・経度欄","official-background","shrine/temple official pool; proportional regional target; 2km spacing; deterministic SHA-256 rank"
"34","松尾大社本殿","神社建築","重要文化財","京都府","近畿","34.999833","135.685227","文化庁・国指定文化財等DB","https://kunishitei.bunka.go.jp/bsys/index","shrine-102-1931","文化庁DBの緯度・経度欄","official-background","shrine/temple official pool; proportional regional target; 2km spacing; deterministic SHA-256 rank"
"35","養源院","寺院建築","重要文化財","京都府","近畿","34.988081","135.773303","文化庁・国指定文化財等DB","https://kunishitei.bunka.go.jp/bsys/index","temple-102-00004849","文化庁DBの緯度・経度欄","official-background","shrine/temple official pool; proportional regional target; 2km spacing; deterministic SHA-256 rank"
"36","奥石神社本殿","神社建築","重要文化財","滋賀県","近畿","35.130489","136.161698","文化庁・国指定文化財等DB","https://kunishitei.bunka.go.jp/bsys/index","shrine-102-1474","文化庁DBの緯度・経度欄","official-background","shrine/temple official pool; proportional regional target; 2km spacing; deterministic SHA-256 rank"
"37","地蔵峰寺本堂","寺院建築","重要文化財","和歌山県","近畿","34.136617","135.199180","文化庁・国指定文化財等DB","https://kunishitei.bunka.go.jp/bsys/index","temple-102-2842","文化庁DBの緯度・経度欄","official-background","shrine/temple official pool; proportional regional target; 2km spacing; deterministic SHA-256 rank"
"38","水度神社本殿","神社建築","重要文化財","京都府","近畿","34.854828","135.789597","文化庁・国指定文化財等DB","https://kunishitei.bunka.go.jp/bsys/index","shrine-102-1987","文化庁DBの緯度・経度欄","official-background","shrine/temple official pool; proportional regional target; 2km spacing; deterministic SHA-256 rank"
"39","長命寺鐘楼","寺院建築","重要文化財","滋賀県","近畿","35.162900","136.063354","文化庁・国指定文化財等DB","https://kunishitei.bunka.go.jp/bsys/index","temple-102-1406","文化庁DBの緯度・経度欄","official-background","shrine/temple official pool; proportional regional target; 2km spacing; deterministic SHA-256 rank"
"40","八幡神社本殿","神社建築","重要文化財","奈良県","近畿","34.603967","135.694544","文化庁・国指定文化財等DB","https://kunishitei.bunka.go.jp/bsys/index","shrine-102-2680","文化庁DBの緯度・経度欄","official-background","shrine/temple official pool; proportional regional target; 2km spacing; deterministic SHA-256 rank"
"41","教王護国寺北大門","寺院建築","重要文化財","京都府","近畿","34.982044","135.747681","文化庁・国指定文化財等DB","https://kunishitei.bunka.go.jp/bsys/index","temple-102-1837","文化庁DBの緯度・経度欄","official-background","shrine/temple official pool; proportional regional target; 2km spacing; deterministic SHA-256 rank"
"42","十三神社","神社建築","重要文化財","和歌山県","近畿","34.147285","135.351202","文化庁・国指定文化財等DB","https://kunishitei.bunka.go.jp/bsys/index","shrine-102-2851","文化庁DBの緯度・経度欄","official-background","shrine/temple official pool; proportional regional target; 2km spacing; deterministic SHA-256 rank"
"43","大国寺本堂","寺院建築","重要文化財","兵庫県","近畿","35.066079","135.147619","文化庁・国指定文化財等DB","https://kunishitei.bunka.go.jp/bsys/index","temple-102-2434","文化庁DBの緯度・経度欄","official-background","shrine/temple official pool; proportional regional target; 2km spacing; deterministic SHA-256 rank"
"44","福王子神社","神社建築","重要文化財","京都府","近畿","35.028954","135.709102","文化庁・国指定文化財等DB","https://kunishitei.bunka.go.jp/bsys/index","shrine-102-1898","文化庁DBの緯度・経度欄","official-background","shrine/temple official pool; proportional regional target; 2km spacing; deterministic SHA-256 rank"
"45","観音堂","寺院建築","重要文化財","京都府","近畿","35.303806","135.424189","文化庁・国指定文化財等DB","https://kunishitei.bunka.go.jp/bsys/index","temple-102-2061","文化庁DBの緯度・経度欄","official-background","shrine/temple official pool; proportional regional target; 2km spacing; deterministic SHA-256 rank"
"46","八幡神社拝殿","神社建築","重要文化財","兵庫県","近畿","34.864310","134.961565","文化庁・国指定文化財等DB","https://kunishitei.bunka.go.jp/bsys/index","shrine-102-2381","文化庁DBの緯度・経度欄","official-background","shrine/temple official pool; proportional regional target; 2km spacing; deterministic SHA-256 rank"
"47","室生寺御影堂","寺院建築","重要文化財","奈良県","近畿","34.540346","136.038999","文化庁・国指定文化財等DB","https://kunishitei.bunka.go.jp/bsys/index","temple-102-2765","文化庁DBの緯度・経度欄","official-background","shrine/temple official pool; proportional regional target; 2km spacing; deterministic SHA-256 rank"
"48","鏡神社本殿","神社建築","重要文化財","滋賀県","近畿","35.086826","136.079050","文化庁・国指定文化財等DB","https://kunishitei.bunka.go.jp/bsys/index","shrine-102-1491","文化庁DBの緯度・経度欄","official-background","shrine/temple official pool; proportional regional target; 2km spacing; deterministic SHA-256 rank"
"49","圓成寺本堂","寺院建築","重要文化財","奈良県","近畿","34.695778","135.915346","文化庁・国指定文化財等DB","https://kunishitei.bunka.go.jp/bsys/index","temple-102-2514","文化庁DBの緯度・経度欄","official-background","shrine/temple official pool; proportional regional target; 2km spacing; deterministic SHA-256 rank"
"50","丹生官省符神社本殿","神社建築","重要文化財","和歌山県","近畿","34.294180","135.549326","文化庁・国指定文化財等DB","https://kunishitei.bunka.go.jp/bsys/index","shrine-102-2878","文化庁DBの緯度・経度欄","official-background","shrine/temple official pool; proportional regional target; 2km spacing; deterministic SHA-256 rank"
"51","来迎寺本堂","寺院建築","重要文化財","大阪府","近畿","34.386596","135.361455","文化庁・国指定文化財等DB","https://kunishitei.bunka.go.jp/bsys/index","temple-102-2226","文化庁DBの緯度・経度欄","official-background","shrine/temple official pool; proportional regional target; 2km spacing; deterministic SHA-256 rank"
"52","住吉大社本殿","神社建築","国宝","大阪府","近畿","34.612399","135.493882","文化庁・国指定文化財等DB","https://kunishitei.bunka.go.jp/bsys/index","shrine-102-2090","文化庁DBの緯度・経度欄","official-background","shrine/temple official pool; proportional regional target; 2km spacing; deterministic SHA-256 rank"
"53","知恩寺","寺院建築","重要文化財","京都府","近畿","35.029861","135.780722","文化庁・国指定文化財等DB","https://kunishitei.bunka.go.jp/bsys/index","temple-102-00004956","文化庁DBの緯度・経度欄","official-background","shrine/temple official pool; proportional regional target; 2km spacing; deterministic SHA-256 rank"
"54","苗村神社境内社八幡社本殿","神社建築","重要文化財","滋賀県","近畿","35.064282","136.127711","文化庁・国指定文化財等DB","https://kunishitei.bunka.go.jp/bsys/index","shrine-102-1494","文化庁DBの緯度・経度欄","official-background","shrine/temple official pool; proportional regional target; 2km spacing; deterministic SHA-256 rank"
"55","延暦寺転法輪堂","寺院建築","重要文化財","滋賀県","近畿","35.074306","135.833962","文化庁・国指定文化財等DB","https://kunishitei.bunka.go.jp/bsys/index","temple-102-1322","文化庁DBの緯度・経度欄","official-background","shrine/temple official pool; proportional regional target; 2km spacing; deterministic SHA-256 rank"
"56","一乗寺妙見堂","神社建築","重要文化財","兵庫県","近畿","34.859548","134.818601","文化庁・国指定文化財等DB","https://kunishitei.bunka.go.jp/bsys/index","shrine-102-2389","文化庁DBの緯度・経度欄","official-background","shrine/temple official pool; proportional regional target; 2km spacing; deterministic SHA-256 rank"
"57","石山寺多宝塔","寺院建築","国宝","滋賀県","近畿","34.960968","135.905936","文化庁・国指定文化財等DB","https://kunishitei.bunka.go.jp/bsys/index","temple-102-1316","文化庁DBの緯度・経度欄","official-background","shrine/temple official pool; proportional regional target; 2km spacing; deterministic SHA-256 rank"
"58","白山神社本殿","神社建築","重要文化財","京都府","近畿","34.720546","135.885475","文化庁・国指定文化財等DB","https://kunishitei.bunka.go.jp/bsys/index","shrine-102-2040","文化庁DBの緯度・経度欄","official-background","shrine/temple official pool; proportional regional target; 2km spacing; deterministic SHA-256 rank"
"59","松尾寺本堂","寺院建築","重要文化財","奈良県","近畿","34.634108","135.728130","文化庁・国指定文化財等DB","https://kunishitei.bunka.go.jp/bsys/index","temple-102-2575","文化庁DBの緯度・経度欄","official-background","shrine/temple official pool; proportional regional target; 2km spacing; deterministic SHA-256 rank"
"60","大神神社拝殿","神社建築","重要文化財","奈良県","近畿","34.528773","135.853023","文化庁・国指定文化財等DB","https://kunishitei.bunka.go.jp/bsys/index","shrine-102-2642","文化庁DBの緯度・経度欄","official-background","shrine/temple official pool; proportional regional target; 2km spacing; deterministic SHA-256 rank"
"61","久安寺楼門","寺院建築","重要文化財","大阪府","近畿","34.859524","135.445236","文化庁・国指定文化財等DB","https://kunishitei.bunka.go.jp/bsys/index","temple-102-2154","文化庁DBの緯度・経度欄","official-background","shrine/temple official pool; proportional regional target; 2km spacing; deterministic SHA-256 rank"
"62","宇太水分神社本殿","神社建築","国宝","奈良県","近畿","34.474713","135.970862","文化庁・国指定文化財等DB","https://kunishitei.bunka.go.jp/bsys/index","shrine-102-2756","文化庁DBの緯度・経度欄","official-background","shrine/temple official pool; proportional regional target; 2km spacing; deterministic SHA-256 rank"
"63","根来寺","寺院建築","重要文化財","和歌山県","近畿","34.277266","135.312066","文化庁・国指定文化財等DB","https://kunishitei.bunka.go.jp/bsys/index","temple-102-00005101","文化庁DBの緯度・経度欄","official-background","shrine/temple official pool; proportional regional target; 2km spacing; deterministic SHA-256 rank"
"64","御霊神社","神社建築","重要文化財","奈良県","近畿","34.361678","135.680127","文化庁・国指定文化財等DB","https://kunishitei.bunka.go.jp/bsys/index","shrine-102-2658","文化庁DBの緯度・経度欄","official-background","shrine/temple official pool; proportional regional target; 2km spacing; deterministic SHA-256 rank"
"65","知恩院勢至堂","寺院建築","重要文化財","京都府","近畿","35.005779","135.784910","文化庁・国指定文化財等DB","https://kunishitei.bunka.go.jp/bsys/index","temple-102-1771","文化庁DBの緯度・経度欄","official-background","shrine/temple official pool; proportional regional target; 2km spacing; deterministic SHA-256 rank"
"66","御上神社拝殿","神社建築","重要文化財","滋賀県","近畿","35.049819","136.027372","文化庁・国指定文化財等DB","https://kunishitei.bunka.go.jp/bsys/index","shrine-102-1441","文化庁DBの緯度・経度欄","official-background","shrine/temple official pool; proportional regional target; 2km spacing; deterministic SHA-256 rank"
"67","法華寺","寺院建築","重要文化財","奈良県","近畿","34.691920","135.804109","文化庁・国指定文化財等DB","https://kunishitei.bunka.go.jp/bsys/index","temple-102-2520","文化庁DBの緯度・経度欄","official-background","shrine/temple official pool; proportional regional target; 2km spacing; deterministic SHA-256 rank"
"68","春日神社神門","神社建築","重要文化財","滋賀県","近畿","35.099875","136.056356","文化庁・国指定文化財等DB","https://kunishitei.bunka.go.jp/bsys/index","shrine-102-1454","文化庁DBの緯度・経度欄","official-background","shrine/temple official pool; proportional regional target; 2km spacing; deterministic SHA-256 rank"
"69","南法華寺礼堂","寺院建築","重要文化財","奈良県","近畿","34.426390","135.810339","文化庁・国指定文化財等DB","https://kunishitei.bunka.go.jp/bsys/index","temple-102-2770","文化庁DBの緯度・経度欄","official-background","shrine/temple official pool; proportional regional target; 2km spacing; deterministic SHA-256 rank"
"70","白山神社拝殿","神社建築","重要文化財","滋賀県","近畿","34.985185","136.059666","文化庁・国指定文化財等DB","https://kunishitei.bunka.go.jp/bsys/index","shrine-102-1460","文化庁DBの緯度・経度欄","official-background","shrine/temple official pool; proportional regional target; 2km spacing; deterministic SHA-256 rank"
"71","峰定寺本堂及び供水所","寺院建築","重要文化財","京都府","近畿","35.235749","135.793890","文化庁・国指定文化財等DB","https://kunishitei.bunka.go.jp/bsys/index","temple-102-1680","文化庁DBの緯度・経度欄","official-background","shrine/temple official pool; proportional regional target; 2km spacing; deterministic SHA-256 rank"
"72","久久比神社本殿","神社建築","重要文化財","兵庫県","近畿","35.557298","134.843514","文化庁・国指定文化財等DB","https://kunishitei.bunka.go.jp/bsys/index","shrine-102-2365","文化庁DBの緯度・経度欄","official-background","shrine/temple official pool; proportional regional target; 2km spacing; deterministic SHA-256 rank"
"73","西明寺二天門","寺院建築","重要文化財","滋賀県","近畿","35.183400","136.285110","文化庁・国指定文化財等DB","https://kunishitei.bunka.go.jp/bsys/index","temple-102-1512","文化庁DBの緯度・経度欄","official-background","shrine/temple official pool; proportional regional target; 2km spacing; deterministic SHA-256 rank"
"74","愛宕神社本殿","神社建築","重要文化財","京都府","近畿","35.040932","135.587010","文化庁・国指定文化財等DB","https://kunishitei.bunka.go.jp/bsys/index","shrine-102-1985","文化庁DBの緯度・経度欄","official-background","shrine/temple official pool; proportional regional target; 2km spacing; deterministic SHA-256 rank"
"75","石峯寺三重塔","寺院建築","重要文化財","兵庫県","近畿","34.832691","135.138075","文化庁・国指定文化財等DB","https://kunishitei.bunka.go.jp/bsys/index","temple-102-2240","文化庁DBの緯度・経度欄","official-background","shrine/temple official pool; proportional regional target; 2km spacing; deterministic SHA-256 rank"
"76","伊砂砂神社本殿","神社建築","重要文化財","滋賀県","近畿","35.025296","135.966802","文化庁・国指定文化財等DB","https://kunishitei.bunka.go.jp/bsys/index","shrine-102-1420","文化庁DBの緯度・経度欄","official-background","shrine/temple official pool; proportional regional target; 2km spacing; deterministic SHA-256 rank"
"77","鶴林寺鐘楼","寺院建築","重要文化財","兵庫県","近畿","34.752279","134.832898","文化庁・国指定文化財等DB","https://kunishitei.bunka.go.jp/bsys/index","temple-102-2368","文化庁DBの緯度・経度欄","official-background","shrine/temple official pool; proportional regional target; 2km spacing; deterministic SHA-256 rank"
"78","宇治上神社本殿","神社建築","国宝","京都府","近畿","34.892075","135.811420","文化庁・国指定文化財等DB","https://kunishitei.bunka.go.jp/bsys/index","shrine-102-1946","文化庁DBの緯度・経度欄","official-background","shrine/temple official pool; proportional regional target; 2km spacing; deterministic SHA-256 rank"
"79","鞆淵八幡神社大日堂","寺院建築","重要文化財","和歌山県","近畿","34.220040","135.460276","文化庁・国指定文化財等DB","https://kunishitei.bunka.go.jp/bsys/index","temple-102-2853","文化庁DBの緯度・経度欄","official-background","shrine/temple official pool; proportional regional target; 2km spacing; deterministic SHA-256 rank"
"80","押立神社本殿","神社建築","重要文化財","滋賀県","近畿","35.144628","136.238208","文化庁・国指定文化財等DB","https://kunishitei.bunka.go.jp/bsys/index","shrine-102-1502","文化庁DBの緯度・経度欄","official-background","shrine/temple official pool; proportional regional target; 2km spacing; deterministic SHA-256 rank"
"81","圓福寺本堂","寺院建築","重要文化財","奈良県","近畿","34.670298","135.699241","文化庁・国指定文化財等DB","https://kunishitei.bunka.go.jp/bsys/index","temple-102-2667","文化庁DBの緯度・経度欄","official-background","shrine/temple official pool; proportional regional target; 2km spacing; deterministic SHA-256 rank"
"82","小槻大社本殿","神社建築","重要文化財","滋賀県","近畿","35.006777","135.992487","文化庁・国指定文化財等DB","https://kunishitei.bunka.go.jp/bsys/index","shrine-102-1438","文化庁DBの緯度・経度欄","official-background","shrine/temple official pool; proportional regional target; 2km spacing; deterministic SHA-256 rank"
"83","如意寺文珠堂","寺院建築","重要文化財","兵庫県","近畿","34.699112","135.019597","文化庁・国指定文化財等DB","https://kunishitei.bunka.go.jp/bsys/index","temple-102-2255","文化庁DBの緯度・経度欄","official-background","shrine/temple official pool; proportional regional target; 2km spacing; deterministic SHA-256 rank"
"84","石上神宮拝殿","神社建築","国宝","奈良県","近畿","34.597809","135.852014","文化庁・国指定文化財等DB","https://kunishitei.bunka.go.jp/bsys/index","shrine-102-2594","文化庁DBの緯度・経度欄","official-background","shrine/temple official pool; proportional regional target; 2km spacing; deterministic SHA-256 rank"
"85","利生護国寺本堂","寺院建築","重要文化財","和歌山県","近畿","34.329971","135.631034","文化庁・国指定文化財等DB","https://kunishitei.bunka.go.jp/bsys/index","temple-102-2833","文化庁DBの緯度・経度欄","official-background","shrine/temple official pool; proportional regional target; 2km spacing; deterministic SHA-256 rank"
"86","松平秀康及び同母霊屋","神社建築","重要文化財","和歌山県","近畿","34.220457","135.605567","文化庁・国指定文化財等DB","https://kunishitei.bunka.go.jp/bsys/index","shrine-102-2896","文化庁DBの緯度・経度欄","official-background","shrine/temple official pool; proportional regional target; 2km spacing; deterministic SHA-256 rank"
"87","當麻寺東塔","寺院建築","国宝","奈良県","近畿","34.515231","135.695816","文化庁・国指定文化財等DB","https://kunishitei.bunka.go.jp/bsys/index","temple-102-2779","文化庁DBの緯度・経度欄","official-background","shrine/temple official pool; proportional regional target; 2km spacing; deterministic SHA-256 rank"
"88","大野神社楼門","神社建築","重要文化財","滋賀県","近畿","34.990058","136.022814","文化庁・国指定文化財等DB","https://kunishitei.bunka.go.jp/bsys/index","shrine-102-1432","文化庁DBの緯度・経度欄","official-background","shrine/temple official pool; proportional regional target; 2km spacing; deterministic SHA-256 rank"
"89","円教寺常行堂","寺院建築","重要文化財","兵庫県","近畿","34.892147","134.654506","文化庁・国指定文化財等DB","https://kunishitei.bunka.go.jp/bsys/index","temple-102-2260","文化庁DBの緯度・経度欄","official-background","shrine/temple official pool; proportional regional target; 2km spacing; deterministic SHA-256 rank"
"90","小津神社本殿","神社建築","重要文化財","滋賀県","近畿","35.073108","135.959435","文化庁・国指定文化財等DB","https://kunishitei.bunka.go.jp/bsys/index","shrine-102-1424","文化庁DBの緯度・経度欄","official-background","shrine/temple official pool; proportional regional target; 2km spacing; deterministic SHA-256 rank"
"91","九品寺大門","寺院建築","重要文化財","京都府","近畿","35.101345","135.441719","文化庁・国指定文化財等DB","https://kunishitei.bunka.go.jp/bsys/index","temple-102-2053","文化庁DBの緯度・経度欄","official-background","shrine/temple official pool; proportional regional target; 2km spacing; deterministic SHA-256 rank"
"92","布施神社本殿","神社建築","重要文化財","滋賀県","近畿","35.086376","136.178301","文化庁・国指定文化財等DB","https://kunishitei.bunka.go.jp/bsys/index","shrine-102-1413","文化庁DBの緯度・経度欄","official-background","shrine/temple official pool; proportional regional target; 2km spacing; deterministic SHA-256 rank"
"93","長谷寺","寺院建築","重要文化財","奈良県","近畿","34.534704","135.907586","文化庁・国指定文化財等DB","https://kunishitei.bunka.go.jp/bsys/index","temple-102-2653","文化庁DBの緯度・経度欄","official-background","shrine/temple official pool; proportional regional target; 2km spacing; deterministic SHA-256 rank"
"94","春日神社本殿","神社建築","重要文化財","奈良県","近畿","34.288484","135.726518","文化庁・国指定文化財等DB","https://kunishitei.bunka.go.jp/bsys/index","shrine-102-2803","文化庁DBの緯度・経度欄","official-background","shrine/temple official pool; proportional regional target; 2km spacing; deterministic SHA-256 rank"
"95","正法寺","寺院建築","重要文化財","京都府","近畿","34.870218","135.701368","文化庁・国指定文化財等DB","https://kunishitei.bunka.go.jp/bsys/index","temple-102-2006","文化庁DBの緯度・経度欄","official-background","shrine/temple official pool; proportional regional target; 2km spacing; deterministic SHA-256 rank"
"96","名草神社","神社建築","重要文化財","兵庫県","近畿","35.422221","134.655525","文化庁・国指定文化財等DB","https://kunishitei.bunka.go.jp/bsys/index","shrine-102-00004436","文化庁DBの緯度・経度欄","official-background","shrine/temple official pool; proportional regional target; 2km spacing; deterministic SHA-256 rank"
"97","金剛峯寺","寺院建築","重要文化財","和歌山県","近畿","34.213139","135.578711","文化庁・国指定文化財等DB","https://kunishitei.bunka.go.jp/bsys/index","temple-102-00005626","文化庁DBの緯度・経度欄","official-background","shrine/temple official pool; proportional regional target; 2km spacing; deterministic SHA-256 rank"
"98","杭全神社本殿(第一殿)","神社建築","重要文化財","大阪府","近畿","34.629232","135.554816","文化庁・国指定文化財等DB","https://kunishitei.bunka.go.jp/bsys/index","shrine-102-2101","文化庁DBの緯度・経度欄","official-background","shrine/temple official pool; proportional regional target; 2km spacing; deterministic SHA-256 rank"
"99","醍醐寺開山堂","寺院建築","重要文化財","京都府","近畿","34.944620","135.840826","文化庁・国指定文化財等DB","https://kunishitei.bunka.go.jp/bsys/index","temple-102-1905","文化庁DBの緯度・経度欄","official-background","shrine/temple official pool; proportional regional target; 2km spacing; deterministic SHA-256 rank"
"100","豊満神社四脚門","神社建築","重要文化財","滋賀県","近畿","35.165211","136.218263","文化庁・国指定文化財等DB","https://kunishitei.bunka.go.jp/bsys/index","shrine-102-1509","文化庁DBの緯度・経度欄","official-background","shrine/temple official pool; proportional regional target; 2km spacing; deterministic SHA-256 rank"
"101","阿弥陀寺本堂（旧紀伊藩台徳院霊屋）","寺院建築","重要文化財","和歌山県","近畿","34.226449","135.207689","文化庁・国指定文化財等DB","https://kunishitei.bunka.go.jp/bsys/index","temple-102-00005141","文化庁DBの緯度・経度欄","official-background","shrine/temple official pool; proportional regional target; 2km spacing; deterministic SHA-256 rank"
"102","長尾神社本殿","神社建築","重要文化財","奈良県","近畿","34.722668","135.937760","文化庁・国指定文化財等DB","https://kunishitei.bunka.go.jp/bsys/index","shrine-102-2532","文化庁DBの緯度・経度欄","official-background","shrine/temple official pool; proportional regional target; 2km spacing; deterministic SHA-256 rank"
"103","光明寺二王門","寺院建築","国宝","京都府","近畿","35.387414","135.442130","文化庁・国指定文化財等DB","https://kunishitei.bunka.go.jp/bsys/index","temple-102-1938","文化庁DBの緯度・経度欄","official-background","shrine/temple official pool; proportional regional target; 2km spacing; deterministic SHA-256 rank"
"104","丹生神社本殿","神社建築","重要文化財","奈良県","近畿","34.694916","135.964397","文化庁・国指定文化財等DB","https://kunishitei.bunka.go.jp/bsys/index","shrine-102-2525","文化庁DBの緯度・経度欄","official-background","shrine/temple official pool; proportional regional target; 2km spacing; deterministic SHA-256 rank"
"105","金剛寺金堂","寺院建築","重要文化財","大阪府","近畿","34.428609","135.529337","文化庁・国指定文化財等DB","https://kunishitei.bunka.go.jp/bsys/index","temple-102-2189","文化庁DBの緯度・経度欄","official-background","shrine/temple official pool; proportional regional target; 2km spacing; deterministic SHA-256 rank"
"106","宝来山神社本殿","神社建築","重要文化財","和歌山県","近畿","34.291830","135.468831","文化庁・国指定文化財等DB","https://kunishitei.bunka.go.jp/bsys/index","shrine-102-2874","文化庁DBの緯度・経度欄","official-background","shrine/temple official pool; proportional regional target; 2km spacing; deterministic SHA-256 rank"
"107","西教寺本堂","寺院建築","重要文化財","滋賀県","近畿","35.081154","135.866363","文化庁・国指定文化財等DB","https://kunishitei.bunka.go.jp/bsys/index","temple-102-1369","文化庁DBの緯度・経度欄","official-background","shrine/temple official pool; proportional regional target; 2km spacing; deterministic SHA-256 rank"
"108","甲良神社権殿","神社建築","重要文化財","滋賀県","近畿","35.212339","136.254681","文化庁・国指定文化財等DB","https://kunishitei.bunka.go.jp/bsys/index","shrine-102-1514","文化庁DBの緯度・経度欄","official-background","shrine/temple official pool; proportional regional target; 2km spacing; deterministic SHA-256 rank"
"109","往生極楽院阿弥陀堂","寺院建築","重要文化財","京都府","近畿","35.119387","135.834732","文化庁・国指定文化財等DB","https://kunishitei.bunka.go.jp/bsys/index","temple-102-1637","文化庁DBの緯度・経度欄","official-background","shrine/temple official pool; proportional regional target; 2km spacing; deterministic SHA-256 rank"
"110","矢田坐久志玉比古神社","神社建築","重要文化財","奈良県","近畿","34.651837","135.748088","文化庁・国指定文化財等DB","https://kunishitei.bunka.go.jp/bsys/index","shrine-102-2576","文化庁DBの緯度・経度欄","official-background","shrine/temple official pool; proportional regional target; 2km spacing; deterministic SHA-256 rank"
"111","東光寺本堂","寺院建築","重要文化財","兵庫県","近畿","34.890961","135.160367","文化庁・国指定文化財等DB","https://kunishitei.bunka.go.jp/bsys/index","temple-102-2397","文化庁DBの緯度・経度欄","official-background","shrine/temple official pool; proportional regional target; 2km spacing; deterministic SHA-256 rank"
"112","飯道神社本殿","神社建築","重要文化財","滋賀県","近畿","34.940100","136.103243","文化庁・国指定文化財等DB","https://kunishitei.bunka.go.jp/bsys/index","shrine-102-1471","文化庁DBの緯度・経度欄","official-background","shrine/temple official pool; proportional regional target; 2km spacing; deterministic SHA-256 rank"
"113","弥勒寺本堂","寺院建築","重要文化財","兵庫県","近畿","34.935794","134.662185","文化庁・国指定文化財等DB","https://kunishitei.bunka.go.jp/bsys/index","temple-102-2404","文化庁DBの緯度・経度欄","official-background","shrine/temple official pool; proportional regional target; 2km spacing; deterministic SHA-256 rank"
"114","広峯神社拝殿","神社建築","重要文化財","兵庫県","近畿","34.873795","134.700392","文化庁・国指定文化財等DB","https://kunishitei.bunka.go.jp/bsys/index","shrine-102-2348","文化庁DBの緯度・経度欄","official-background","shrine/temple official pool; proportional regional target; 2km spacing; deterministic SHA-256 rank"
"115","報土寺","寺院建築","重要文化財","京都府","近畿","35.024093","135.740742","文化庁・国指定文化財等DB","https://kunishitei.bunka.go.jp/bsys/index","temple-102-1636","文化庁DBの緯度・経度欄","official-background","shrine/temple official pool; proportional regional target; 2km spacing; deterministic SHA-256 rank"
"116","高山八幡宮本殿","神社建築","重要文化財","奈良県","近畿","34.745172","135.722325","文化庁・国指定文化財等DB","https://kunishitei.bunka.go.jp/bsys/index","shrine-102-2674","文化庁DBの緯度・経度欄","official-background","shrine/temple official pool; proportional regional target; 2km spacing; deterministic SHA-256 rank"
"117","朝光寺鐘楼","寺院建築","重要文化財","兵庫県","近畿","34.932377","135.044220","文化庁・国指定文化財等DB","https://kunishitei.bunka.go.jp/bsys/index","temple-102-2401","文化庁DBの緯度・経度欄","official-background","shrine/temple official pool; proportional regional target; 2km spacing; deterministic SHA-256 rank"
"118","稲荷神社本殿","神社建築","重要文化財","兵庫県","近畿","34.914762","135.120906","文化庁・国指定文化財等DB","https://kunishitei.bunka.go.jp/bsys/index","shrine-102-2399","文化庁DBの緯度・経度欄","official-background","shrine/temple official pool; proportional regional target; 2km spacing; deterministic SHA-256 rank"
"119","慈眼院金堂","寺院建築","重要文化財","大阪府","近畿","34.374136","135.343732","文化庁・国指定文化財等DB","https://kunishitei.bunka.go.jp/bsys/index","temple-102-2172","文化庁DBの緯度・経度欄","official-background","shrine/temple official pool; proportional regional target; 2km spacing; deterministic SHA-256 rank"
"120","雙栗神社本殿","神社建築","重要文化財","京都府","近畿","34.876266","135.757563","文化庁・国指定文化財等DB","https://kunishitei.bunka.go.jp/bsys/index","shrine-102-2023","文化庁DBの緯度・経度欄","official-background","shrine/temple official pool; proportional regional target; 2km spacing; deterministic SHA-256 rank"
"121","南宗寺","寺院建築","重要文化財","大阪府","近畿","34.569511","135.468966","文化庁・国指定文化財等DB","https://kunishitei.bunka.go.jp/bsys/index","temple-102-2143","文化庁DBの緯度・経度欄","official-background","shrine/temple official pool; proportional regional target; 2km spacing; deterministic SHA-256 rank"
"122","相樂神社本殿","神社建築","重要文化財","京都府","近畿","34.736632","135.800085","文化庁・国指定文化財等DB","https://kunishitei.bunka.go.jp/bsys/index","shrine-102-2028","文化庁DBの緯度・経度欄","official-background","shrine/temple official pool; proportional regional target; 2km spacing; deterministic SHA-256 rank"
"123","叡福寺","寺院建築","重要文化財","大阪府","近畿","34.518973","135.638973","文化庁・国指定文化財等DB","https://kunishitei.bunka.go.jp/bsys/index","temple-102-2230","文化庁DBの緯度・経度欄","official-background","shrine/temple official pool; proportional regional target; 2km spacing; deterministic SHA-256 rank"
"124","高鴨神社本殿","神社建築","重要文化財","奈良県","近畿","34.408307","135.707609","文化庁・国指定文化財等DB","https://kunishitei.bunka.go.jp/bsys/index","shrine-102-2661","文化庁DBの緯度・経度欄","official-background","shrine/temple official pool; proportional regional target; 2km spacing; deterministic SHA-256 rank"
"125","大蔵寺本堂","寺院建築","重要文化財","奈良県","近畿","34.450598","135.929919","文化庁・国指定文化財等DB","https://kunishitei.bunka.go.jp/bsys/index","temple-102-2749","文化庁DBの緯度・経度欄","official-background","shrine/temple official pool; proportional regional target; 2km spacing; deterministic SHA-256 rank"
"126","出雲大神宮本殿","神社建築","重要文化財","京都府","近畿","35.059439","135.578417","文化庁・国指定文化財等DB","https://kunishitei.bunka.go.jp/bsys/index","shrine-102-1979","文化庁DBの緯度・経度欄","official-background","shrine/temple official pool; proportional regional target; 2km spacing; deterministic SHA-256 rank"
"127","長福寺本堂","寺院建築","重要文化財","奈良県","近畿","34.705611","135.695227","文化庁・国指定文化財等DB","https://kunishitei.bunka.go.jp/bsys/index","temple-102-2665","文化庁DBの緯度・経度欄","official-background","shrine/temple official pool; proportional regional target; 2km spacing; deterministic SHA-256 rank"
"128","四天王寺鳥居","神社建築","重要文化財","大阪府","近畿","34.652921","135.517156","文化庁・国指定文化財等DB","https://kunishitei.bunka.go.jp/bsys/index","shrine-102-2083","文化庁DBの緯度・経度欄","official-background","shrine/temple official pool; proportional regional target; 2km spacing; deterministic SHA-256 rank"
"129","長保寺多宝塔","寺院建築","国宝","和歌山県","近畿","34.108945","135.165818","文化庁・国指定文化財等DB","https://kunishitei.bunka.go.jp/bsys/index","temple-102-2838","文化庁DBの緯度・経度欄","official-background","shrine/temple official pool; proportional regional target; 2km spacing; deterministic SHA-256 rank"
"130","御霊神社本殿","神社建築","重要文化財","兵庫県","近畿","34.899701","135.203034","文化庁・国指定文化財等DB","https://kunishitei.bunka.go.jp/bsys/index","shrine-102-2385","文化庁DBの緯度・経度欄","official-background","shrine/temple official pool; proportional regional target; 2km spacing; deterministic SHA-256 rank"
"131","長弓寺本堂","寺院建築","国宝","奈良県","近畿","34.718572","135.727286","文化庁・国指定文化財等DB","https://kunishitei.bunka.go.jp/bsys/index","temple-102-2664","文化庁DBの緯度・経度欄","official-background","shrine/temple official pool; proportional regional target; 2km spacing; deterministic SHA-256 rank"
"132","伏見稲荷大社","神社建築","重要文化財","京都府","近畿","34.967143","135.772874","文化庁・国指定文化財等DB","https://kunishitei.bunka.go.jp/bsys/index","shrine-102-00004716","文化庁DBの緯度・経度欄","official-background","shrine/temple official pool; proportional regional target; 2km spacing; deterministic SHA-256 rank"
"133","安楽寺多宝小塔","寺院建築","重要文化財","和歌山県","近畿","34.070174","135.358581","文化庁・国指定文化財等DB","https://kunishitei.bunka.go.jp/bsys/index","temple-102-2912","文化庁DBの緯度・経度欄","official-background","shrine/temple official pool; proportional regional target; 2km spacing; deterministic SHA-256 rank"
"134","天満神社本殿","神社建築","重要文化財","兵庫県","近畿","34.930375","134.544238","文化庁・国指定文化財等DB","https://kunishitei.bunka.go.jp/bsys/index","shrine-102-2405","文化庁DBの緯度・経度欄","official-background","shrine/temple official pool; proportional regional target; 2km spacing; deterministic SHA-256 rank"
"135","富田林興正寺別院","寺院建築","重要文化財","大阪府","近畿","34.500198","135.602706","文化庁・国指定文化財等DB","https://kunishitei.bunka.go.jp/bsys/index","temple-102-00004732","文化庁DBの緯度・経度欄","official-background","shrine/temple official pool; proportional regional target; 2km spacing; deterministic SHA-256 rank"
"136","野上八幡宮拝殿","神社建築","重要文化財","和歌山県","近畿","34.165697","135.294682","文化庁・国指定文化財等DB","https://kunishitei.bunka.go.jp/bsys/index","shrine-102-2846","文化庁DBの緯度・経度欄","official-background","shrine/temple official pool; proportional regional target; 2km spacing; deterministic SHA-256 rank"
"137","法界寺阿弥陀堂","寺院建築","国宝","京都府","近畿","34.934164","135.814967","文化庁・国指定文化財等DB","https://kunishitei.bunka.go.jp/bsys/index","temple-102-1916","文化庁DBの緯度・経度欄","official-background","shrine/temple official pool; proportional regional target; 2km spacing; deterministic SHA-256 rank"
"138","兵主神社本殿","神社建築","重要文化財","大阪府","近畿","34.470793","135.391463","文化庁・国指定文化財等DB","https://kunishitei.bunka.go.jp/bsys/index","shrine-102-2146","文化庁DBの緯度・経度欄","official-background","shrine/temple official pool; proportional regional target; 2km spacing; deterministic SHA-256 rank"
"139","金峯山寺二王門","寺院建築","国宝","奈良県","近畿","34.368899","135.858927","文化庁・国指定文化財等DB","https://kunishitei.bunka.go.jp/bsys/index","temple-102-2798","文化庁DBの緯度・経度欄","official-background","shrine/temple official pool; proportional regional target; 2km spacing; deterministic SHA-256 rank"
"140","都祁水分神社本殿","神社建築","重要文化財","奈良県","近畿","34.597331","135.947183","文化庁・国指定文化財等DB","https://kunishitei.bunka.go.jp/bsys/index","shrine-102-2676","文化庁DBの緯度・経度欄","official-background","shrine/temple official pool; proportional regional target; 2km spacing; deterministic SHA-256 rank"
"141","酒垂神社本殿","神社建築","重要文化財","兵庫県","近畿","35.555524","134.869508","文化庁・国指定文化財等DB","https://kunishitei.bunka.go.jp/bsys/index","shrine-102-2364","文化庁DBの緯度・経度欄","official-background","shrine/temple official pool; proportional regional target; 2km spacing; deterministic SHA-256 rank"
"142","浄妙寺本堂","寺院建築","重要文化財","和歌山県","近畿","34.076411","135.114646","文化庁・国指定文化財等DB","https://kunishitei.bunka.go.jp/bsys/index","temple-102-2834","文化庁DBの緯度・経度欄","official-background","shrine/temple official pool; proportional regional target; 2km spacing; deterministic SHA-256 rank"
"143","船守神社本殿","神社建築","重要文化財","大阪府","近畿","34.331358","135.172292","文化庁・国指定文化財等DB","https://kunishitei.bunka.go.jp/bsys/index","shrine-102-2229","文化庁DBの緯度・経度欄","official-background","shrine/temple official pool; proportional regional target; 2km spacing; deterministic SHA-256 rank"
"144","智恩寺多宝塔","寺院建築","重要文化財","京都府","近畿","35.557928","135.184040","文化庁・国指定文化財等DB","https://kunishitei.bunka.go.jp/bsys/index","temple-102-1978","文化庁DBの緯度・経度欄","official-background","shrine/temple official pool; proportional regional target; 2km spacing; deterministic SHA-256 rank"
"145","住吉神社","神社建築","重要文化財","兵庫県","近畿","34.935458","134.828489","文化庁・国指定文化財等DB","https://kunishitei.bunka.go.jp/bsys/index","shrine-102-00005472","文化庁DBの緯度・経度欄","official-background","shrine/temple official pool; proportional regional target; 2km spacing; deterministic SHA-256 rank"
"146","大峰山寺本堂","寺院建築","重要文化財","奈良県","近畿","34.253004","135.941335","文化庁・国指定文化財等DB","https://kunishitei.bunka.go.jp/bsys/index","temple-102-2806","文化庁DBの緯度・経度欄","official-background","shrine/temple official pool; proportional regional target; 2km spacing; deterministic SHA-256 rank"
"147","和爾下神社本殿","神社建築","重要文化財","奈良県","近畿","34.620098","135.835284","文化庁・国指定文化財等DB","https://kunishitei.bunka.go.jp/bsys/index","shrine-102-2602","文化庁DBの緯度・経度欄","official-background","shrine/temple official pool; proportional regional target; 2km spacing; deterministic SHA-256 rank"
"148","浄厳院","寺院建築","重要文化財","滋賀県","近畿","35.137870","136.128702","文化庁・国指定文化財等DB","https://kunishitei.bunka.go.jp/bsys/index","temple-102-1476","文化庁DBの緯度・経度欄","official-background","shrine/temple official pool; proportional regional target; 2km spacing; deterministic SHA-256 rank"
"149","御香宮神社表門","神社建築","重要文化財","京都府","近畿","34.934062","135.767461","文化庁・国指定文化財等DB","https://kunishitei.bunka.go.jp/bsys/index","shrine-102-1923","文化庁DBの緯度・経度欄","official-background","shrine/temple official pool; proportional regional target; 2km spacing; deterministic SHA-256 rank"
"150","秋篠寺本堂","寺院建築","国宝","奈良県","近畿","34.703610","135.776210","文化庁・国指定文化財等DB","https://kunishitei.bunka.go.jp/bsys/index","temple-102-2485","文化庁DBの緯度・経度欄","official-background","shrine/temple official pool; proportional regional target; 2km spacing; deterministic SHA-256 rank"
"151","原田神社本殿","神社建築","重要文化財","大阪府","近畿","34.779439","135.465704","文化庁・国指定文化財等DB","https://kunishitei.bunka.go.jp/bsys/index","shrine-102-2153","文化庁DBの緯度・経度欄","official-background","shrine/temple official pool; proportional regional target; 2km spacing; deterministic SHA-256 rank"
"152","石津寺本堂","寺院建築","重要文化財","滋賀県","近畿","35.005907","135.924244","文化庁・国指定文化財等DB","https://kunishitei.bunka.go.jp/bsys/index","temple-102-1419","文化庁DBの緯度・経度欄","official-background","shrine/temple official pool; proportional regional target; 2km spacing; deterministic SHA-256 rank"
"153","橿原神宮本殿","神社建築","重要文化財","奈良県","近畿","34.488485","135.786091","文化庁・国指定文化財等DB","https://kunishitei.bunka.go.jp/bsys/index","shrine-102-2603","文化庁DBの緯度・経度欄","official-background","shrine/temple official pool; proportional regional target; 2km spacing; deterministic SHA-256 rank"
"154","粉河寺","寺院建築","重要文化財","和歌山県","近畿","34.279140","135.403719","文化庁・国指定文化財等DB","https://kunishitei.bunka.go.jp/bsys/index","temple-102-2858","文化庁DBの緯度・経度欄","official-background","shrine/temple official pool; proportional regional target; 2km spacing; deterministic SHA-256 rank"
"155","春日神社本殿","神社建築","重要文化財","京都府","近畿","34.781658","135.793686","文化庁・国指定文化財等DB","https://kunishitei.bunka.go.jp/bsys/index","shrine-102-2048","文化庁DBの緯度・経度欄","official-background","shrine/temple official pool; proportional regional target; 2km spacing; deterministic SHA-256 rank"
"156","金剛院塔婆（三重塔）","寺院建築","重要文化財","京都府","近畿","35.476656","135.446837","文化庁・国指定文化財等DB","https://kunishitei.bunka.go.jp/bsys/index","temple-102-1936","文化庁DBの緯度・経度欄","official-background","shrine/temple official pool; proportional regional target; 2km spacing; deterministic SHA-256 rank"
"157","白山神社本殿","神社建築","重要文化財","奈良県","近畿","34.503311","135.843255","文化庁・国指定文化財等DB","https://kunishitei.bunka.go.jp/bsys/index","shrine-102-2654","文化庁DBの緯度・経度欄","official-background","shrine/temple official pool; proportional regional target; 2km spacing; deterministic SHA-256 rank"
"158","徳光院多宝塔","寺院建築","重要文化財","兵庫県","近畿","34.709546","135.195760","文化庁・国指定文化財等DB","https://kunishitei.bunka.go.jp/bsys/index","temple-102-2247","文化庁DBの緯度・経度欄","official-background","shrine/temple official pool; proportional regional target; 2km spacing; deterministic SHA-256 rank"
"159","積川神社本殿","神社建築","重要文化財","大阪府","近畿","34.425045","135.439548","文化庁・国指定文化財等DB","https://kunishitei.bunka.go.jp/bsys/index","shrine-102-2145","文化庁DBの緯度・経度欄","official-background","shrine/temple official pool; proportional regional target; 2km spacing; deterministic SHA-256 rank"
"160","正明寺本堂","寺院建築","重要文化財","滋賀県","近畿","35.025768","136.245020","文化庁・国指定文化財等DB","https://kunishitei.bunka.go.jp/bsys/index","temple-102-1487","文化庁DBの緯度・経度欄","official-background","shrine/temple official pool; proportional regional target; 2km spacing; deterministic SHA-256 rank"
"161","高座神社本殿","神社建築","重要文化財","兵庫県","近畿","35.069417","135.050703","文化庁・国指定文化財等DB","https://kunishitei.bunka.go.jp/bsys/index","shrine-102-00005140","文化庁DBの緯度・経度欄","official-background","shrine/temple official pool; proportional regional target; 2km spacing; deterministic SHA-256 rank"
"162","曼殊院","寺院建築","重要文化財","京都府","近畿","35.048718","135.803134","文化庁・国指定文化財等DB","https://kunishitei.bunka.go.jp/bsys/index","temple-102-1684","文化庁DBの緯度・経度欄","official-background","shrine/temple official pool; proportional regional target; 2km spacing; deterministic SHA-256 rank"
"163","多田神社","神社建築","重要文化財","兵庫県","近畿","34.860582","135.402842","文化庁・国指定文化財等DB","https://kunishitei.bunka.go.jp/bsys/index","shrine-102-2380","文化庁DBの緯度・経度欄","official-background","shrine/temple official pool; proportional regional target; 2km spacing; deterministic SHA-256 rank"
"164","五村別院","寺院建築","重要文化財","滋賀県","近畿","35.418997","136.261764","文化庁・国指定文化財等DB","https://kunishitei.bunka.go.jp/bsys/index","temple-102-2069","文化庁DBの緯度・経度欄","official-background","shrine/temple official pool; proportional regional target; 2km spacing; deterministic SHA-256 rank"
"165","高木神社","神社建築","重要文化財","滋賀県","近畿","35.037652","136.196292","文化庁・国指定文化財等DB","https://kunishitei.bunka.go.jp/bsys/index","shrine-102-1484","文化庁DBの緯度・経度欄","official-background","shrine/temple official pool; proportional regional target; 2km spacing; deterministic SHA-256 rank"
"166","宝厳寺","寺院建築","国宝","滋賀県","近畿","35.420636","136.143557","文化庁・国指定文化財等DB","https://kunishitei.bunka.go.jp/bsys/index","temple-102-1521","文化庁DBの緯度・経度欄","official-background","shrine/temple official pool; proportional regional target; 2km spacing; deterministic SHA-256 rank"
"167","与杼神社拝殿","神社建築","重要文化財","京都府","近畿","34.905357","135.717844","文化庁・国指定文化財等DB","https://kunishitei.bunka.go.jp/bsys/index","shrine-102-1928","文化庁DBの緯度・経度欄","official-background","shrine/temple official pool; proportional regional target; 2km spacing; deterministic SHA-256 rank"
"168","道成寺本堂","寺院建築","重要文化財","和歌山県","近畿","33.914390","135.174545","文化庁・国指定文化財等DB","https://kunishitei.bunka.go.jp/bsys/index","temple-102-2914","文化庁DBの緯度・経度欄","official-background","shrine/temple official pool; proportional regional target; 2km spacing; deterministic SHA-256 rank"
"169","白鬚神社本殿","神社建築","重要文化財","滋賀県","近畿","35.274528","136.011078","文化庁・国指定文化財等DB","https://kunishitei.bunka.go.jp/bsys/index","shrine-102-1532","文化庁DBの緯度・経度欄","official-background","shrine/temple official pool; proportional regional target; 2km spacing; deterministic SHA-256 rank"
"170","安楽寺塔婆","寺院建築","重要文化財","奈良県","近畿","34.432590","135.752181","文化庁・国指定文化財等DB","https://kunishitei.bunka.go.jp/bsys/index","temple-102-2662","文化庁DBの緯度・経度欄","official-background","shrine/temple official pool; proportional regional target; 2km spacing; deterministic SHA-256 rank"
"171","志那神社本殿","神社建築","重要文化財","滋賀県","近畿","35.053367","135.932617","文化庁・国指定文化財等DB","https://kunishitei.bunka.go.jp/bsys/index","shrine-102-1423","文化庁DBの緯度・経度欄","official-background","shrine/temple official pool; proportional regional target; 2km spacing; deterministic SHA-256 rank"
"172","富貴寺本堂","寺院建築","重要文化財","奈良県","近畿","34.582326","135.751449","文化庁・国指定文化財等DB","https://kunishitei.bunka.go.jp/bsys/index","temple-102-2748","文化庁DBの緯度・経度欄","official-background","shrine/temple official pool; proportional regional target; 2km spacing; deterministic SHA-256 rank"
"173","九手神社本殿","神社建築","重要文化財","京都府","近畿","35.178025","135.397380","文化庁・国指定文化財等DB","https://kunishitei.bunka.go.jp/bsys/index","shrine-102-2059","文化庁DBの緯度・経度欄","official-background","shrine/temple official pool; proportional regional target; 2km spacing; deterministic SHA-256 rank"
"174","不動院本堂","寺院建築","重要文化財","奈良県","近畿","34.514446","135.744384","文化庁・国指定文化財等DB","https://kunishitei.bunka.go.jp/bsys/index","temple-102-2574","文化庁DBの緯度・経度欄","official-background","shrine/temple official pool; proportional regional target; 2km spacing; deterministic SHA-256 rank"
"175","地主神社幣殿","神社建築","重要文化財","滋賀県","近畿","35.246921","135.869137","文化庁・国指定文化財等DB","https://kunishitei.bunka.go.jp/bsys/index","shrine-102-1372","文化庁DBの緯度・経度欄","official-background","shrine/temple official pool; proportional regional target; 2km spacing; deterministic SHA-256 rank"
"176","竜泉寺仁王門","寺院建築","重要文化財","大阪府","近畿","34.461622","135.597754","文化庁・国指定文化財等DB","https://kunishitei.bunka.go.jp/bsys/index","temple-102-2183","文化庁DBの緯度・経度欄","official-background","shrine/temple official pool; proportional regional target; 2km spacing; deterministic SHA-256 rank"
"177","大山祗神社本殿","神社建築","重要文化財","京都府","近畿","35.054646","135.406400","文化庁・国指定文化財等DB","https://kunishitei.bunka.go.jp/bsys/index","shrine-102-2056","文化庁DBの緯度・経度欄","official-background","shrine/temple official pool; proportional regional target; 2km spacing; deterministic SHA-256 rank"
"178","西徳寺本堂","寺院建築","重要文化財","滋賀県","近畿","35.487383","136.201770","文化庁・国指定文化財等DB","https://kunishitei.bunka.go.jp/bsys/index","temple-102-1525","文化庁DBの緯度・経度欄","official-background","shrine/temple official pool; proportional regional target; 2km spacing; deterministic SHA-256 rank"
"179","住吉神社本殿","神社建築","重要文化財","兵庫県","近畿","34.940510","135.116657","文化庁・国指定文化財等DB","https://kunishitei.bunka.go.jp/bsys/index","shrine-102-2387","文化庁DBの緯度・経度欄","official-background","shrine/temple official pool; proportional regional target; 2km spacing; deterministic SHA-256 rank"
"180","神童寺本堂","寺院建築","重要文化財","京都府","近畿","34.765796","135.832230","文化庁・国指定文化財等DB","https://kunishitei.bunka.go.jp/bsys/index","temple-102-2025","文化庁DBの緯度・経度欄","official-background","shrine/temple official pool; proportional regional target; 2km spacing; deterministic SHA-256 rank"
"181","観心寺訶梨帝母天堂","神社建築","重要文化財","大阪府","近畿","34.436963","135.598582","文化庁・国指定文化財等DB","https://kunishitei.bunka.go.jp/bsys/index","shrine-102-2186","文化庁DBの緯度・経度欄","official-background","shrine/temple official pool; proportional regional target; 2km spacing; deterministic SHA-256 rank"
"182","長樂寺仏殿","寺院建築","重要文化財","和歌山県","近畿","34.054249","135.214122","文化庁・国指定文化財等DB","https://kunishitei.bunka.go.jp/bsys/index","temple-102-2906","文化庁DBの緯度・経度欄","official-background","shrine/temple official pool; proportional regional target; 2km spacing; deterministic SHA-256 rank"
"183","神田神社本殿","神社建築","重要文化財","滋賀県","近畿","35.136341","135.906557","文化庁・国指定文化財等DB","https://kunishitei.bunka.go.jp/bsys/index","shrine-102-1374","文化庁DBの緯度・経度欄","official-background","shrine/temple official pool; proportional regional target; 2km spacing; deterministic SHA-256 rank"
"184","観音寺","寺院建築","重要文化財","滋賀県","近畿","35.387496","136.339149","文化庁・国指定文化財等DB","https://kunishitei.bunka.go.jp/bsys/index","temple-102-1517","文化庁DBの緯度・経度欄","official-background","shrine/temple official pool; proportional regional target; 2km spacing; deterministic SHA-256 rank"
"185","天満宮本殿","神社建築","重要文化財","京都府","近畿","34.806238","135.913059","文化庁・国指定文化財等DB","https://kunishitei.bunka.go.jp/bsys/index","shrine-102-2046","文化庁DBの緯度・経度欄","official-background","shrine/temple official pool; proportional regional target; 2km spacing; deterministic SHA-256 rank"
"186","海住山寺五重塔","寺院建築","国宝","京都府","近畿","34.776637","135.862046","文化庁・国指定文化財等DB","https://kunishitei.bunka.go.jp/bsys/index","temple-102-2032","文化庁DBの緯度・経度欄","official-background","shrine/temple official pool; proportional regional target; 2km spacing; deterministic SHA-256 rank"
"187","吉御子神社本殿","神社建築","重要文化財","滋賀県","近畿","35.010082","136.050786","文化庁・国指定文化財等DB","https://kunishitei.bunka.go.jp/bsys/index","shrine-102-1459","文化庁DBの緯度・経度欄","official-background","shrine/temple official pool; proportional regional target; 2km spacing; deterministic SHA-256 rank"
"188","大福光寺本堂","寺院建築","重要文化財","京都府","近畿","35.218100","135.432802","文化庁・国指定文化財等DB","https://kunishitei.bunka.go.jp/bsys/index","temple-102-2057","文化庁DBの緯度・経度欄","official-background","shrine/temple official pool; proportional regional target; 2km spacing; deterministic SHA-256 rank"
"189","御形神社本殿","神社建築","重要文化財","兵庫県","近畿","35.189479","134.630081","文化庁・国指定文化財等DB","https://kunishitei.bunka.go.jp/bsys/index","shrine-102-2424","文化庁DBの緯度・経度欄","official-background","shrine/temple official pool; proportional regional target; 2km spacing; deterministic SHA-256 rank"
"190","延暦寺","寺院建築","重要文化財","滋賀県","近畿","35.099334","135.852043","文化庁・国指定文化財等DB","https://kunishitei.bunka.go.jp/bsys/index","temple-102-00004900","文化庁DBの緯度・経度欄","official-background","shrine/temple official pool; proportional regional target; 2km spacing; deterministic SHA-256 rank"
"191","若宮神社本殿","神社建築","重要文化財","滋賀県","近畿","35.323556","136.067033","文化庁・国指定文化財等DB","https://kunishitei.bunka.go.jp/bsys/index","shrine-102-1531","文化庁DBの緯度・経度欄","official-background","shrine/temple official pool; proportional regional target; 2km spacing; deterministic SHA-256 rank"
"192","不動寺本堂","寺院建築","重要文化財","滋賀県","近畿","34.916584","135.983619","文化庁・国指定文化財等DB","https://kunishitei.bunka.go.jp/bsys/index","temple-102-1377","文化庁DBの緯度・経度欄","official-background","shrine/temple official pool; proportional regional target; 2km spacing; deterministic SHA-256 rank"
"193","吉野水分神社","神社建築","重要文化財","奈良県","近畿","34.353943","135.873163","文化庁・国指定文化財等DB","https://kunishitei.bunka.go.jp/bsys/index","shrine-102-2792","文化庁DBの緯度・経度欄","official-background","shrine/temple official pool; proportional regional target; 2km spacing; deterministic SHA-256 rank"
"194","願泉寺","寺院建築","重要文化財","大阪府","近畿","34.448385","135.357781","文化庁・国指定文化財等DB","https://kunishitei.bunka.go.jp/bsys/index","temple-102-2167","文化庁DBの緯度・経度欄","official-background","shrine/temple official pool; proportional regional target; 2km spacing; deterministic SHA-256 rank"
"195","向岳寺中門","寺院建築","重要文化財","山梨県","北陸甲信","35.710097","138.722424","文化庁・国指定文化財等DB","https://kunishitei.bunka.go.jp/bsys/index","temple-102-864","文化庁DBの緯度・経度欄","official-background","shrine/temple official pool; proportional regional target; 2km spacing; deterministic SHA-256 rank"
"196","小野神社境内社篁神社本殿","神社建築","重要文化財","滋賀県","近畿","35.153399","135.919992","文化庁・国指定文化財等DB","https://kunishitei.bunka.go.jp/bsys/index","shrine-102-1430","文化庁DBの緯度・経度欄","official-background","shrine/temple official pool; proportional regional target; 2km spacing; deterministic SHA-256 rank"
"197","安楽寺八角三重塔","寺院建築","国宝","長野県","北陸甲信","36.352401","138.152294","文化庁・国指定文化財等DB","https://kunishitei.bunka.go.jp/bsys/index","temple-102-933","文化庁DBの緯度・経度欄","official-background","shrine/temple official pool; proportional regional target; 2km spacing; deterministic SHA-256 rank"
"198","島田神社本殿","神社建築","重要文化財","京都府","近畿","35.281597","135.046828","文化庁・国指定文化財等DB","https://kunishitei.bunka.go.jp/bsys/index","shrine-102-1935","文化庁DBの緯度・経度欄","official-background","shrine/temple official pool; proportional regional target; 2km spacing; deterministic SHA-256 rank"
"199","新長谷寺三重塔","寺院建築","重要文化財","岐阜県","北陸甲信","35.484852","136.923505","文化庁・国指定文化財等DB","https://kunishitei.bunka.go.jp/bsys/index","temple-102-1046","文化庁DBの緯度・経度欄","official-background","shrine/temple official pool; proportional regional target; 2km spacing; deterministic SHA-256 rank"
"200","火走神社摂社幸神社本殿","神社建築","重要文化財","大阪府","近畿","34.351877","135.369405","文化庁・国指定文化財等DB","https://kunishitei.bunka.go.jp/bsys/index","shrine-102-2179","文化庁DBの緯度・経度欄","official-background","shrine/temple official pool; proportional regional target; 2km spacing; deterministic SHA-256 rank"
"201","妙成寺三十番神堂","神社建築","重要文化財","石川県","北陸甲信","36.954194","136.775501","文化庁・国指定文化財等DB","https://kunishitei.bunka.go.jp/bsys/index","shrine-102-802","文化庁DBの緯度・経度欄","official-background","shrine/temple official pool; proportional regional target; 2km spacing; deterministic SHA-256 rank"
"202","太山寺仁王門","寺院建築","重要文化財","兵庫県","近畿","34.696660","135.064736","文化庁・国指定文化財等DB","https://kunishitei.bunka.go.jp/bsys/index","temple-102-2252","文化庁DBの緯度・経度欄","official-background","shrine/temple official pool; proportional regional target; 2km spacing; deterministic SHA-256 rank"
"203","種月寺本堂","寺院建築","重要文化財","新潟県","北陸甲信","37.727291","138.834767","文化庁・国指定文化財等DB","https://kunishitei.bunka.go.jp/bsys/index","temple-102-645","文化庁DBの緯度・経度欄","official-background","shrine/temple official pool; proportional regional target; 2km spacing; deterministic SHA-256 rank"
"204","桜井神社拝殿","神社建築","国宝","大阪府","近畿","34.485429","135.506196","文化庁・国指定文化財等DB","https://kunishitei.bunka.go.jp/bsys/index","shrine-102-2130","文化庁DBの緯度・経度欄","official-background","shrine/temple official pool; proportional regional target; 2km spacing; deterministic SHA-256 rank"
"205","平等寺薬師堂","寺院建築","重要文化財","新潟県","北陸甲信","37.720679","139.360177","文化庁・国指定文化財等DB","https://kunishitei.bunka.go.jp/bsys/index","temple-102-662","文化庁DBの緯度・経度欄","official-background","shrine/temple official pool; proportional regional target; 2km spacing; deterministic SHA-256 rank"
"206","油日神社本殿","神社建築","重要文化財","滋賀県","近畿","34.887047","136.249681","文化庁・国指定文化財等DB","https://kunishitei.bunka.go.jp/bsys/index","shrine-102-1465","文化庁DBの緯度・経度欄","official-background","shrine/temple official pool; proportional regional target; 2km spacing; deterministic SHA-256 rank"
"207","山梨岡神社本殿","神社建築","重要文化財","山梨県","北陸甲信","35.664610","138.638732","文化庁・国指定文化財等DB","https://kunishitei.bunka.go.jp/bsys/index","shrine-102-880","文化庁DBの緯度・経度欄","official-background","shrine/temple official pool; proportional regional target; 2km spacing; deterministic SHA-256 rank"
"208","金胎寺多宝塔","寺院建築","重要文化財","京都府","近畿","34.830102","135.908966","文化庁・国指定文化財等DB","https://kunishitei.bunka.go.jp/bsys/index","temple-102-2044","文化庁DBの緯度・経度欄","official-background","shrine/temple official pool; proportional regional target; 2km spacing; deterministic SHA-256 rank"
"209","盛蓮寺観音堂","寺院建築","重要文化財","長野県","北陸甲信","36.458867","137.871874","文化庁・国指定文化財等DB","https://kunishitei.bunka.go.jp/bsys/index","temple-102-959","文化庁DBの緯度・経度欄","official-background","shrine/temple official pool; proportional regional target; 2km spacing; deterministic SHA-256 rank"
"210","和田神社本殿","神社建築","重要文化財","滋賀県","近畿","34.997972","135.891200","文化庁・国指定文化財等DB","https://kunishitei.bunka.go.jp/bsys/index","shrine-102-1370","文化庁DBの緯度・経度欄","official-background","shrine/temple official pool; proportional regional target; 2km spacing; deterministic SHA-256 rank"
"211","中牧神社本殿","神社建築","重要文化財","山梨県","北陸甲信","35.756864","138.707057","文化庁・国指定文化財等DB","https://kunishitei.bunka.go.jp/bsys/index","shrine-102-881","文化庁DBの緯度・経度欄","official-background","shrine/temple official pool; proportional regional target; 2km spacing; deterministic SHA-256 rank"
"212","正傳寺本堂","寺院建築","重要文化財","京都府","近畿","35.062361","135.736960","文化庁・国指定文化財等DB","https://kunishitei.bunka.go.jp/bsys/index","temple-102-1589","文化庁DBの緯度・経度欄","official-background","shrine/temple official pool; proportional regional target; 2km spacing; deterministic SHA-256 rank"
"213","願興寺本堂","寺院建築","重要文化財","岐阜県","北陸甲信","35.431420","137.143998","文化庁・国指定文化財等DB","https://kunishitei.bunka.go.jp/bsys/index","temple-102-1096","文化庁DBの緯度・経度欄","official-background","shrine/temple official pool; proportional regional target; 2km spacing; deterministic SHA-256 rank"
"214","厳島神社末社春日神社本殿","神社建築","重要文化財","大阪府","近畿","34.802429","135.729145","文化庁・国指定文化財等DB","https://kunishitei.bunka.go.jp/bsys/index","shrine-102-2171","文化庁DBの緯度・経度欄","official-background","shrine/temple official pool; proportional regional target; 2km spacing; deterministic SHA-256 rank"
"215","飯盛寺本堂","寺院建築","重要文化財","福井県","北陸甲信","35.464223","135.670706","文化庁・国指定文化財等DB","https://kunishitei.bunka.go.jp/bsys/index","temple-102-826","文化庁DBの緯度・経度欄","official-background","shrine/temple official pool; proportional regional target; 2km spacing; deterministic SHA-256 rank"
"216","御靈神社本殿","神社建築","重要文化財","京都府","近畿","34.741210","135.826333","文化庁・国指定文化財等DB","https://kunishitei.bunka.go.jp/bsys/index","shrine-102-2038","文化庁DBの緯度・経度欄","official-background","shrine/temple official pool; proportional regional target; 2km spacing; deterministic SHA-256 rank"
"217","那谷寺本堂","寺院建築","重要文化財","石川県","北陸甲信","36.311561","136.421385","文化庁・国指定文化財等DB","https://kunishitei.bunka.go.jp/bsys/index","temple-102-775","文化庁DBの緯度・経度欄","official-background","shrine/temple official pool; proportional regional target; 2km spacing; deterministic SHA-256 rank"
"218","博西神社本殿","神社建築","重要文化財","奈良県","近畿","34.485753","135.709569","文化庁・国指定文化財等DB","https://kunishitei.bunka.go.jp/bsys/index","shrine-102-2774","文化庁DBの緯度・経度欄","official-background","shrine/temple official pool; proportional regional target; 2km spacing; deterministic SHA-256 rank"
"219","浄念寺本堂","寺院建築","重要文化財","新潟県","北陸甲信","38.224909","139.476407","文化庁・国指定文化財等DB","https://kunishitei.bunka.go.jp/bsys/index","temple-102-641","文化庁DBの緯度・経度欄","official-background","shrine/temple official pool; proportional regional target; 2km spacing; deterministic SHA-256 rank"
"220","思子淵神社","神社建築","重要文化財","滋賀県","近畿","35.284272","135.842167","文化庁・国指定文化財等DB","https://kunishitei.bunka.go.jp/bsys/index","shrine-102-00004820","文化庁DBの緯度・経度欄","official-background","shrine/temple official pool; proportional regional target; 2km spacing; deterministic SHA-256 rank"
"221","諏訪大社上社本宮","神社建築","重要文化財","長野県","北陸甲信","35.998832","138.118627","文化庁・国指定文化財等DB","https://kunishitei.bunka.go.jp/bsys/index","shrine-102-946","文化庁DBの緯度・経度欄","official-background","shrine/temple official pool; proportional regional target; 2km spacing; deterministic SHA-256 rank"
"222","長遠寺","寺院建築","重要文化財","兵庫県","近畿","34.718187","135.412024","文化庁・国指定文化財等DB","https://kunishitei.bunka.go.jp/bsys/index","temple-102-2352","文化庁DBの緯度・経度欄","official-background","shrine/temple official pool; proportional regional target; 2km spacing; deterministic SHA-256 rank"
"223","荒城神社本殿","神社建築","重要文化財","岐阜県","北陸甲信","36.218875","137.259626","文化庁・国指定文化財等DB","https://kunishitei.bunka.go.jp/bsys/index","shrine-102-1106","文化庁DBの緯度・経度欄","official-background","shrine/temple official pool; proportional regional target; 2km spacing; deterministic SHA-256 rank"
"224","長岳寺旧地蔵院","寺院建築","重要文化財","奈良県","近畿","34.560889","135.851297","文化庁・国指定文化財等DB","https://kunishitei.bunka.go.jp/bsys/index","temple-102-2599","文化庁DBの緯度・経度欄","official-background","shrine/temple official pool; proportional regional target; 2km spacing; deterministic SHA-256 rank"
"225","日吉神社三重塔","寺院建築","重要文化財","岐阜県","北陸甲信","35.424750","136.604706","文化庁・国指定文化財等DB","https://kunishitei.bunka.go.jp/bsys/index","temple-102-1089","文化庁DBの緯度・経度欄","official-background","shrine/temple official pool; proportional regional target; 2km spacing; deterministic SHA-256 rank"
"226","小泉神社本殿","神社建築","重要文化財","奈良県","近畿","34.625309","135.754848","文化庁・国指定文化財等DB","https://kunishitei.bunka.go.jp/bsys/index","shrine-102-2578","文化庁DBの緯度・経度欄","official-background","shrine/temple official pool; proportional regional target; 2km spacing; deterministic SHA-256 rank"
"227","本門寺五重塔","寺院建築","重要文化財","東京都","関東","35.578130","139.706328","文化庁・国指定文化財等DB","https://kunishitei.bunka.go.jp/bsys/index","temple-102-557","文化庁DBの緯度・経度欄","official-background","shrine/temple official pool; proportional regional target; 2km spacing; deterministic SHA-256 rank"
"228","八幡神社","神社建築","重要文化財","長野県","北陸甲信","35.366698","137.795581","文化庁・国指定文化財等DB","https://kunishitei.bunka.go.jp/bsys/index","shrine-102-994","文化庁DBの緯度・経度欄","official-background","shrine/temple official pool; proportional regional target; 2km spacing; deterministic SHA-256 rank"
"229","八幡神社本殿","神社建築","重要文化財","兵庫県","近畿","34.818888","135.376986","文化庁・国指定文化財等DB","https://kunishitei.bunka.go.jp/bsys/index","shrine-102-2373","文化庁DBの緯度・経度欄","official-background","shrine/temple official pool; proportional regional target; 2km spacing; deterministic SHA-256 rank"
"230","建長寺山門","寺院建築","重要文化財","神奈川県","関東","35.330903","139.554185","文化庁・国指定文化財等DB","https://kunishitei.bunka.go.jp/bsys/index","temple-102-00003913","文化庁DBの緯度・経度欄","official-background","shrine/temple official pool; proportional regional target; 2km spacing; deterministic SHA-256 rank"
"231","善光寺本堂","寺院建築","重要文化財","山梨県","北陸甲信","35.665881","138.592869","文化庁・国指定文化財等DB","https://kunishitei.bunka.go.jp/bsys/index","temple-102-842","文化庁DBの緯度・経度欄","official-background","shrine/temple official pool; proportional regional target; 2km spacing; deterministic SHA-256 rank"
"232","泉穴師神社本殿","神社建築","重要文化財","大阪府","近畿","34.496666","135.419846","文化庁・国指定文化財等DB","https://kunishitei.bunka.go.jp/bsys/index","shrine-102-2158","文化庁DBの緯度・経度欄","official-background","shrine/temple official pool; proportional regional target; 2km spacing; deterministic SHA-256 rank"
"233","神野寺表門","寺院建築","重要文化財","千葉県","関東","35.254297","139.963355","文化庁・国指定文化財等DB","https://kunishitei.bunka.go.jp/bsys/index","temple-102-485","文化庁DBの緯度・経度欄","official-background","shrine/temple official pool; proportional regional target; 2km spacing; deterministic SHA-256 rank"
"234","窪八幡神社神門","神社建築","重要文化財","山梨県","北陸甲信","35.704454","138.690717","文化庁・国指定文化財等DB","https://kunishitei.bunka.go.jp/bsys/index","shrine-102-873","文化庁DBの緯度・経度欄","official-background","shrine/temple official pool; proportional regional target; 2km spacing; deterministic SHA-256 rank"
"235","波太神社","神社建築","重要文化財","大阪府","近畿","34.343976","135.244869","文化庁・国指定文化財等DB","https://kunishitei.bunka.go.jp/bsys/index","shrine-102-2222","文化庁DBの緯度・経度欄","official-background","shrine/temple official pool; proportional regional target; 2km spacing; deterministic SHA-256 rank"
"236","増上寺三解脱門","寺院建築","重要文化財","東京都","関東","35.657245","139.750027","文化庁・国指定文化財等DB","https://kunishitei.bunka.go.jp/bsys/index","temple-102-511","文化庁DBの緯度・経度欄","official-background","shrine/temple official pool; proportional regional target; 2km spacing; deterministic SHA-256 rank"
"237","中山寺本堂","寺院建築","重要文化財","福井県","北陸甲信","35.496193","135.500698","文化庁・国指定文化財等DB","https://kunishitei.bunka.go.jp/bsys/index","temple-102-838","文化庁DBの緯度・経度欄","official-background","shrine/temple official pool; proportional regional target; 2km spacing; deterministic SHA-256 rank"
"238","赤淵神社本殿","神社建築","重要文化財","兵庫県","近畿","35.326811","134.841983","文化庁・国指定文化財等DB","https://kunishitei.bunka.go.jp/bsys/index","shrine-102-2429","文化庁DBの緯度・経度欄","official-background","shrine/temple official pool; proportional regional target; 2km spacing; deterministic SHA-256 rank"
"239","箭弓稲荷神社本殿・幣殿・拝殿","神社建築","重要文化財","埼玉県","関東","36.034586","139.394722","文化庁・国指定文化財等DB","https://kunishitei.bunka.go.jp/bsys/index","shrine-102-00005519","文化庁DBの緯度・経度欄","official-background","shrine/temple official pool; proportional regional target; 2km spacing; deterministic SHA-256 rank"
"240","雲峰寺仁王門","寺院建築","重要文化財","山梨県","北陸甲信","35.738913","138.804371","文化庁・国指定文化財等DB","https://kunishitei.bunka.go.jp/bsys/index","temple-102-857","文化庁DBの緯度・経度欄","official-background","shrine/temple official pool; proportional regional target; 2km spacing; deterministic SHA-256 rank"
"241","春日神社本殿","神社建築","重要文化財","滋賀県","近畿","34.905447","135.948684","文化庁・国指定文化財等DB","https://kunishitei.bunka.go.jp/bsys/index","shrine-102-1366","文化庁DBの緯度・経度欄","official-background","shrine/temple official pool; proportional regional target; 2km spacing; deterministic SHA-256 rank"
"242","光明寺本堂","寺院建築","重要文化財","神奈川県","関東","35.303278","139.554726","文化庁・国指定文化財等DB","https://kunishitei.bunka.go.jp/bsys/index","temple-102-2079","文化庁DBの緯度・経度欄","official-background","shrine/temple official pool; proportional regional target; 2km spacing; deterministic SHA-256 rank"
"243","善光寺三門","寺院建築","重要文化財","長野県","北陸甲信","36.660750","138.187652","文化庁・国指定文化財等DB","https://kunishitei.bunka.go.jp/bsys/index","temple-102-908","文化庁DBの緯度・経度欄","official-background","shrine/temple official pool; proportional regional target; 2km spacing; deterministic SHA-256 rank"
"244","西宮神社表大門","神社建築","重要文化財","兵庫県","近畿","34.734364","135.335769","文化庁・国指定文化財等DB","https://kunishitei.bunka.go.jp/bsys/index","shrine-102-2356","文化庁DBの緯度・経度欄","official-background","shrine/temple official pool; proportional regional target; 2km spacing; deterministic SHA-256 rank"
"245","西蓮寺仁王門","寺院建築","重要文化財","茨城県","関東","36.071310","140.437611","文化庁・国指定文化財等DB","https://kunishitei.bunka.go.jp/bsys/index","temple-102-261","文化庁DBの緯度・経度欄","official-background","shrine/temple official pool; proportional regional target; 2km spacing; deterministic SHA-256 rank"
"246","穴切大神社本殿","神社建築","重要文化財","山梨県","北陸甲信","35.662655","138.561025","文化庁・国指定文化財等DB","https://kunishitei.bunka.go.jp/bsys/index","shrine-102-840","文化庁DBの緯度・経度欄","official-background","shrine/temple official pool; proportional regional target; 2km spacing; deterministic SHA-256 rank"
"247","温泉寺本堂","寺院建築","重要文化財","兵庫県","近畿","35.624088","134.800246","文化庁・国指定文化財等DB","https://kunishitei.bunka.go.jp/bsys/index","temple-102-2425","文化庁DBの緯度・経度欄","official-background","shrine/temple official pool; proportional regional target; 2km spacing; deterministic SHA-256 rank"
"248","大神山神社奥宮","神社建築","重要文化財","鳥取県","中国","35.388650","133.538760","文化庁・国指定文化財等DB","https://kunishitei.bunka.go.jp/bsys/index","shrine-102-2949","文化庁DBの緯度・経度欄","official-background","shrine/temple official pool; proportional regional target; 2km spacing; deterministic SHA-256 rank"
"249","石堂寺薬師堂","寺院建築","重要文化財","千葉県","関東","35.052111","139.958387","文化庁・国指定文化財等DB","https://kunishitei.bunka.go.jp/bsys/index","temple-102-497","文化庁DBの緯度・経度欄","official-background","shrine/temple official pool; proportional regional target; 2km spacing; deterministic SHA-256 rank"
"250","多多神社本殿","神社建築","重要文化財","新潟県","北陸甲信","37.404581","138.639159","文化庁・国指定文化財等DB","https://kunishitei.bunka.go.jp/bsys/index","shrine-102-635","文化庁DBの緯度・経度欄","official-background","shrine/temple official pool; proportional regional target; 2km spacing; deterministic SHA-256 rank"
"251","高山寺石水院（五所堂）","寺院建築","国宝","京都府","近畿","35.060130","135.678558","文化庁・国指定文化財等DB","https://kunishitei.bunka.go.jp/bsys/index","temple-102-1850","文化庁DBの緯度・経度欄","official-background","shrine/temple official pool; proportional regional target; 2km spacing; deterministic SHA-256 rank"
"252","三仏寺奥院(投入堂)","神社建築","国宝","鳥取県","中国","35.396526","133.959425","文化庁・国指定文化財等DB","https://kunishitei.bunka.go.jp/bsys/index","shrine-102-2940","文化庁DBの緯度・経度欄","official-background","shrine/temple official pool; proportional regional target; 2km spacing; deterministic SHA-256 rank"
"253","金剛寺不動堂","寺院建築","重要文化財","東京都","関東","35.662070","139.410645","文化庁・国指定文化財等DB","https://kunishitei.bunka.go.jp/bsys/index","temple-102-570","文化庁DBの緯度・経度欄","official-background","shrine/temple official pool; proportional regional target; 2km spacing; deterministic SHA-256 rank"
"254","気比神宮大鳥居","神社建築","重要文化財","福井県","北陸甲信","35.654371","136.073836","文化庁・国指定文化財等DB","https://kunishitei.bunka.go.jp/bsys/index","shrine-102-817","文化庁DBの緯度・経度欄","official-background","shrine/temple official pool; proportional regional target; 2km spacing; deterministic SHA-256 rank"
"255","岩湧寺多宝塔","寺院建築","重要文化財","大阪府","近畿","34.380959","135.557642","文化庁・国指定文化財等DB","https://kunishitei.bunka.go.jp/bsys/index","temple-102-2200","文化庁DBの緯度・経度欄","official-background","shrine/temple official pool; proportional regional target; 2km spacing; deterministic SHA-256 rank"
"256","厳有院霊廟勅額門及び水盤舎","神社建築","重要文化財","東京都","関東","35.720284","139.776968","文化庁・国指定文化財等DB","https://kunishitei.bunka.go.jp/bsys/index","shrine-102-541","文化庁DBの緯度・経度欄","official-background","shrine/temple official pool; proportional regional target; 2km spacing; deterministic SHA-256 rank"
"257","真光寺三重塔","寺院建築","重要文化財","岡山県","中国","34.744502","134.180093","文化庁・国指定文化財等DB","https://kunishitei.bunka.go.jp/bsys/index","temple-102-3060","文化庁DBの緯度・経度欄","official-background","shrine/temple official pool; proportional regional target; 2km spacing; deterministic SHA-256 rank"
"258","熱田神社本殿","神社建築","重要文化財","長野県","北陸甲信","35.789578","138.089081","文化庁・国指定文化財等DB","https://kunishitei.bunka.go.jp/bsys/index","shrine-102-991","文化庁DBの緯度・経度欄","official-background","shrine/temple official pool; proportional regional target; 2km spacing; deterministic SHA-256 rank"
"259","石田神社境内社恵比須神社本殿","神社建築","重要文化財","京都府","近畿","35.340275","135.311313","文化庁・国指定文化財等DB","https://kunishitei.bunka.go.jp/bsys/index","shrine-102-1940","文化庁DBの緯度・経度欄","official-background","shrine/temple official pool; proportional regional target; 2km spacing; deterministic SHA-256 rank"
"260","不動院楼門","寺院建築","重要文化財","広島県","中国","34.426993","132.470764","文化庁・国指定文化財等DB","https://kunishitei.bunka.go.jp/bsys/index","temple-102-3106","文化庁DBの緯度・経度欄","official-background","shrine/temple official pool; proportional regional target; 2km spacing; deterministic SHA-256 rank"
"261","宝珠院観音堂","寺院建築","重要文化財","千葉県","関東","35.815731","140.115162","文化庁・国指定文化財等DB","https://kunishitei.bunka.go.jp/bsys/index","temple-102-486","文化庁DBの緯度・経度欄","official-background","shrine/temple official pool; proportional regional target; 2km spacing; deterministic SHA-256 rank"
"262","小松天満宮","神社建築","重要文化財","石川県","北陸甲信","36.415952","136.449112","文化庁・国指定文化財等DB","https://kunishitei.bunka.go.jp/bsys/index","shrine-102-782","文化庁DBの緯度・経度欄","official-background","shrine/temple official pool; proportional regional target; 2km spacing; deterministic SHA-256 rank"
"263","建水分神社本殿","神社建築","重要文化財","大阪府","近畿","34.460237","135.632030","文化庁・国指定文化財等DB","https://kunishitei.bunka.go.jp/bsys/index","shrine-102-2234","文化庁DBの緯度・経度欄","official-background","shrine/temple official pool; proportional regional target; 2km spacing; deterministic SHA-256 rank"
"264","洞春寺山門","寺院建築","重要文化財","山口県","中国","34.187623","131.472464","文化庁・国指定文化財等DB","https://kunishitei.bunka.go.jp/bsys/index","temple-102-3211","文化庁DBの緯度・経度欄","official-background","shrine/temple official pool; proportional regional target; 2km spacing; deterministic SHA-256 rank"
"265","東照宮　東西透塀　（東透塀）","神社建築","国宝","栃木県","関東","36.758196","139.598914","文化庁・国指定文化財等DB","https://kunishitei.bunka.go.jp/bsys/index","shrine-102-272","文化庁DBの緯度・経度欄","official-background","shrine/temple official pool; proportional regional target; 2km spacing; deterministic SHA-256 rank"
"266","法住寺虚空蔵堂","寺院建築","重要文化財","長野県","北陸甲信","36.303721","138.195281","文化庁・国指定文化財等DB","https://kunishitei.bunka.go.jp/bsys/index","temple-102-977","文化庁DBの緯度・経度欄","official-background","shrine/temple official pool; proportional regional target; 2km spacing; deterministic SHA-256 rank"
"267","新宮神社本殿","神社建築","重要文化財","滋賀県","近畿","34.999817","135.953604","文化庁・国指定文化財等DB","https://kunishitei.bunka.go.jp/bsys/index","shrine-102-1421","文化庁DBの緯度・経度欄","official-background","shrine/temple official pool; proportional regional target; 2km spacing; deterministic SHA-256 rank"
"268","法華経寺祖師堂","寺院建築","重要文化財","千葉県","関東","35.720312","139.948201","文化庁・国指定文化財等DB","https://kunishitei.bunka.go.jp/bsys/index","temple-102-467","文化庁DBの緯度・経度欄","official-background","shrine/temple official pool; proportional regional target; 2km spacing; deterministic SHA-256 rank"
"269","吉川八幡宮本殿","神社建築","重要文化財","岡山県","中国","34.819786","133.751745","文化庁・国指定文化財等DB","https://kunishitei.bunka.go.jp/bsys/index","shrine-102-3090","文化庁DBの緯度・経度欄","official-background","shrine/temple official pool; proportional regional target; 2km spacing; deterministic SHA-256 rank"
"270","薬師堂","寺院建築","重要文化財","岐阜県","北陸甲信","36.299942","137.307129","文化庁・国指定文化財等DB","https://kunishitei.bunka.go.jp/bsys/index","temple-102-1110","文化庁DBの緯度・経度欄","official-background","shrine/temple official pool; proportional regional target; 2km spacing; deterministic SHA-256 rank"
"271","鬪雞神社","神社建築","重要文化財","和歌山県","近畿","33.727997","135.377717","文化庁・国指定文化財等DB","https://kunishitei.bunka.go.jp/bsys/index","shrine-102-00004975","文化庁DBの緯度・経度欄","official-background","shrine/temple official pool; proportional regional target; 2km spacing; deterministic SHA-256 rank"
"272","明王院本堂","寺院建築","国宝","広島県","中国","34.478481","133.345909","文化庁・国指定文化財等DB","https://kunishitei.bunka.go.jp/bsys/index","temple-102-3142","文化庁DBの緯度・経度欄","official-background","shrine/temple official pool; proportional regional target; 2km spacing; deterministic SHA-256 rank"
"273","鹿島神宮楼門","神社建築","重要文化財","茨城県","関東","35.968896","140.630907","文化庁・国指定文化財等DB","https://kunishitei.bunka.go.jp/bsys/index","shrine-102-254","文化庁DBの緯度・経度欄","official-background","shrine/temple official pool; proportional regional target; 2km spacing; deterministic SHA-256 rank"
"274","明通寺三重塔","寺院建築","国宝","福井県","北陸甲信","35.453330","135.804178","文化庁・国指定文化財等DB","https://kunishitei.bunka.go.jp/bsys/index","temple-102-821","文化庁DBの緯度・経度欄","official-background","shrine/temple official pool; proportional regional target; 2km spacing; deterministic SHA-256 rank"
"275","勝手神社本殿","神社建築","重要文化財","滋賀県","近畿","35.046572","136.121482","文化庁・国指定文化財等DB","https://kunishitei.bunka.go.jp/bsys/index","shrine-102-1499","文化庁DBの緯度・経度欄","official-background","shrine/temple official pool; proportional regional target; 2km spacing; deterministic SHA-256 rank"
"276","閼伽井坊多宝塔","寺院建築","重要文化財","山口県","中国","34.038675","131.872146","文化庁・国指定文化財等DB","https://kunishitei.bunka.go.jp/bsys/index","temple-102-3234","文化庁DBの緯度・経度欄","official-background","shrine/temple official pool; proportional regional target; 2km spacing; deterministic SHA-256 rank"
"277","地蔵院本堂","寺院建築","重要文化財","栃木県","関東","36.450737","140.138923","文化庁・国指定文化財等DB","https://kunishitei.bunka.go.jp/bsys/index","temple-102-395","文化庁DBの緯度・経度欄","official-background","shrine/temple official pool; proportional regional target; 2km spacing; deterministic SHA-256 rank"
"278","小比叡神社","神社建築","重要文化財","新潟県","北陸甲信","37.835988","138.287224","文化庁・国指定文化財等DB","https://kunishitei.bunka.go.jp/bsys/index","shrine-102-701","文化庁DBの緯度・経度欄","official-background","shrine/temple official pool; proportional regional target; 2km spacing; deterministic SHA-256 rank"
"279","福祥寺本堂内宮殿及び仏壇","寺院建築","重要文化財","兵庫県","近畿","34.649734","135.111786","文化庁・国指定文化財等DB","https://kunishitei.bunka.go.jp/bsys/index","temple-102-2236","文化庁DBの緯度・経度欄","official-background","shrine/temple official pool; proportional regional target; 2km spacing; deterministic SHA-256 rank"
"280","美保神社本殿","神社建築","重要文化財","島根県","中国","35.562347","133.306081","文化庁・国指定文化財等DB","https://kunishitei.bunka.go.jp/bsys/index","shrine-102-2968","文化庁DBの緯度・経度欄","official-background","shrine/temple official pool; proportional regional target; 2km spacing; deterministic SHA-256 rank"
"281","笠間稲荷神社本殿","神社建築","重要文化財","茨城県","関東","36.386244","140.254167","文化庁・国指定文化財等DB","https://kunishitei.bunka.go.jp/bsys/index","shrine-102-246","文化庁DBの緯度・経度欄","official-background","shrine/temple official pool; proportional regional target; 2km spacing; deterministic SHA-256 rank"
"282","前山寺三重塔","寺院建築","重要文化財","長野県","北陸甲信","36.340750","138.197400","文化庁・国指定文化財等DB","https://kunishitei.bunka.go.jp/bsys/index","temple-102-935","文化庁DBの緯度・経度欄","official-background","shrine/temple official pool; proportional regional target; 2km spacing; deterministic SHA-256 rank"
"283","葛井寺四脚門","寺院建築","重要文化財","大阪府","近畿","34.570133","135.596091","文化庁・国指定文化財等DB","https://kunishitei.bunka.go.jp/bsys/index","temple-102-2211","文化庁DBの緯度・経度欄","official-background","shrine/temple official pool; proportional regional target; 2km spacing; deterministic SHA-256 rank"
"284","吉備津神社北随神門","神社建築","重要文化財","岡山県","中国","34.671131","133.850657","文化庁・国指定文化財等DB","https://kunishitei.bunka.go.jp/bsys/index","shrine-102-2995","文化庁DBの緯度・経度欄","official-background","shrine/temple official pool; proportional regional target; 2km spacing; deterministic SHA-256 rank"
"285","大聖寺不動堂","寺院建築","重要文化財","千葉県","関東","35.248416","140.400254","文化庁・国指定文化財等DB","https://kunishitei.bunka.go.jp/bsys/index","temple-102-494","文化庁DBの緯度・経度欄","official-background","shrine/temple official pool; proportional regional target; 2km spacing; deterministic SHA-256 rank"
"286","北口本宮富士浅間神社西宮本殿","神社建築","重要文化財","山梨県","北陸甲信","35.470706","138.792095","文化庁・国指定文化財等DB","https://kunishitei.bunka.go.jp/bsys/index","shrine-102-847","文化庁DBの緯度・経度欄","official-background","shrine/temple official pool; proportional regional target; 2km spacing; deterministic SHA-256 rank"
"287","戸隠神社本殿","神社建築","重要文化財","兵庫県","近畿","34.883362","135.367838","文化庁・国指定文化財等DB","https://kunishitei.bunka.go.jp/bsys/index","shrine-102-2395","文化庁DBの緯度・経度欄","official-background","shrine/temple official pool; proportional regional target; 2km spacing; deterministic SHA-256 rank"
"288","清水寺観音堂","寺院建築","重要文化財","青森県","東北","40.471601","141.490149","文化庁・国指定文化財等DB","https://kunishitei.bunka.go.jp/bsys/index","temple-102-70","文化庁DBの緯度・経度欄","official-background","shrine/temple official pool; proportional regional target; 2km spacing; deterministic SHA-256 rank"
"289","出雲大社本殿","神社建築","国宝","島根県","中国","35.402039","132.685469","文化庁・国指定文化財等DB","https://kunishitei.bunka.go.jp/bsys/index","shrine-102-2971","文化庁DBの緯度・経度欄","official-background","shrine/temple official pool; proportional regional target; 2km spacing; deterministic SHA-256 rank"
"290","小山寺三重塔","寺院建築","重要文化財","茨城県","関東","36.383379","140.099771","文化庁・国指定文化財等DB","https://kunishitei.bunka.go.jp/bsys/index","temple-102-259","文化庁DBの緯度・経度欄","official-background","shrine/temple official pool; proportional regional target; 2km spacing; deterministic SHA-256 rank"
"291","永平寺","寺院建築","重要文化財","福井県","北陸甲信","36.096178","136.328725","文化庁・国指定文化財等DB","https://kunishitei.bunka.go.jp/bsys/index","temple-102-00005072","文化庁DBの緯度・経度欄","official-background","shrine/temple official pool; proportional regional target; 2km spacing; deterministic SHA-256 rank"
"292","八幡社本殿","神社建築","重要文化財","滋賀県","近畿","35.103890","136.109684","文化庁・国指定文化財等DB","https://kunishitei.bunka.go.jp/bsys/index","shrine-102-1409","文化庁DBの緯度・経度欄","official-background","shrine/temple official pool; proportional regional target; 2km spacing; deterministic SHA-256 rank"
"293","常福院薬師堂","寺院建築","重要文化財","福島県","東北","37.521995","139.834268","文化庁・国指定文化財等DB","https://kunishitei.bunka.go.jp/bsys/index","temple-102-227","文化庁DBの緯度・経度欄","official-background","shrine/temple official pool; proportional regional target; 2km spacing; deterministic SHA-256 rank"
"294","日御碕神社","神社建築","重要文化財","島根県","中国","35.429680","132.629719","文化庁・国指定文化財等DB","https://kunishitei.bunka.go.jp/bsys/index","shrine-102-2981","文化庁DBの緯度・経度欄","official-background","shrine/temple official pool; proportional regional target; 2km spacing; deterministic SHA-256 rank"
"295","泉福寺薬師堂","寺院建築","重要文化財","千葉県","関東","35.765464","140.170460","文化庁・国指定文化財等DB","https://kunishitei.bunka.go.jp/bsys/index","temple-102-487","文化庁DBの緯度・経度欄","official-background","shrine/temple official pool; proportional regional target; 2km spacing; deterministic SHA-256 rank"
"296","藤津比古神社本殿","神社建築","重要文化財","石川県","北陸甲信","37.143294","136.818781","文化庁・国指定文化財等DB","https://kunishitei.bunka.go.jp/bsys/index","shrine-102-814","文化庁DBの緯度・経度欄","official-background","shrine/temple official pool; proportional regional target; 2km spacing; deterministic SHA-256 rank"
"297","善福院釈迦堂","寺院建築","国宝","和歌山県","近畿","34.130565","135.177247","文化庁・国指定文化財等DB","https://kunishitei.bunka.go.jp/bsys/index","temple-102-2840","文化庁DBの緯度・経度欄","official-background","shrine/temple official pool; proportional regional target; 2km spacing; deterministic SHA-256 rank"
"298","猪田神社本殿","神社建築","重要文化財","三重県","東海","34.712038","136.145665","文化庁・国指定文化財等DB","https://kunishitei.bunka.go.jp/bsys/index","shrine-102-1302","文化庁DBの緯度・経度欄","official-background","shrine/temple official pool; proportional regional target; 2km spacing; deterministic SHA-256 rank"
"299","八幡神社","神社建築","重要文化財","秋田県","東北","40.274065","140.571916","文化庁・国指定文化財等DB","https://kunishitei.bunka.go.jp/bsys/index","shrine-102-157","文化庁DBの緯度・経度欄","official-background","shrine/temple official pool; proportional regional target; 2km spacing; deterministic SHA-256 rank"
"300","本山寺本堂","寺院建築","重要文化財","岡山県","中国","34.944370","134.010149","文化庁・国指定文化財等DB","https://kunishitei.bunka.go.jp/bsys/index","temple-102-3101","文化庁DBの緯度・経度欄","official-background","shrine/temple official pool; proportional regional target; 2km spacing; deterministic SHA-256 rank"
"301","観音寺仁王門","寺院建築","重要文化財","東京都","関東","35.803259","139.282044","文化庁・国指定文化財等DB","https://kunishitei.bunka.go.jp/bsys/index","temple-102-567","文化庁DBの緯度・経度欄","official-background","shrine/temple official pool; proportional regional target; 2km spacing; deterministic SHA-256 rank"
"302","白山神社本殿","神社建築","重要文化財","石川県","北陸甲信","37.409412","137.213883","文化庁・国指定文化財等DB","https://kunishitei.bunka.go.jp/bsys/index","shrine-102-788","文化庁DBの緯度・経度欄","official-background","shrine/temple official pool; proportional regional target; 2km spacing; deterministic SHA-256 rank"
"303","長寿院弁才天堂","寺院建築","重要文化財","滋賀県","近畿","35.285673","136.265260","文化庁・国指定文化財等DB","https://kunishitei.bunka.go.jp/bsys/index","temple-102-1400","文化庁DBの緯度・経度欄","official-background","shrine/temple official pool; proportional regional target; 2km spacing; deterministic SHA-256 rank"
"304","三嶋大社本殿、幣殿及び拝殿","神社建築","重要文化財","静岡県","東海","35.122401","138.918808","文化庁・国指定文化財等DB","https://kunishitei.bunka.go.jp/bsys/index","shrine-102-3678","文化庁DBの緯度・経度欄","official-background","shrine/temple official pool; proportional regional target; 2km spacing; deterministic SHA-256 rank"
"305","長勝寺御影堂","寺院建築","重要文化財","青森県","東北","40.598708","140.450331","文化庁・国指定文化財等DB","https://kunishitei.bunka.go.jp/bsys/index","temple-102-43","文化庁DBの緯度・経度欄","official-background","shrine/temple official pool; proportional regional target; 2km spacing; deterministic SHA-256 rank"
"306","厳島神社末社荒胡子神社本殿","神社建築","重要文化財","広島県","中国","34.297049","132.320652","文化庁・国指定文化財等DB","https://kunishitei.bunka.go.jp/bsys/index","shrine-102-3180","文化庁DBの緯度・経度欄","official-background","shrine/temple official pool; proportional regional target; 2km spacing; deterministic SHA-256 rank"
"307","光明寺本堂内厨子","寺院建築","重要文化財","神奈川県","関東","35.358768","139.288774","文化庁・国指定文化財等DB","https://kunishitei.bunka.go.jp/bsys/index","temple-102-602","文化庁DBの緯度・経度欄","official-background","shrine/temple official pool; proportional regional target; 2km spacing; deterministic SHA-256 rank"
"308","神明社","神社建築","重要文化財","長野県","北陸甲信","36.653309","137.841523","文化庁・国指定文化財等DB","https://kunishitei.bunka.go.jp/bsys/index","shrine-102-1023","文化庁DBの緯度・経度欄","official-background","shrine/temple official pool; proportional regional target; 2km spacing; deterministic SHA-256 rank"
"309","岡寺仁王門","寺院建築","重要文化財","奈良県","近畿","34.471745","135.827422","文化庁・国指定文化財等DB","https://kunishitei.bunka.go.jp/bsys/index","temple-102-2772","文化庁DBの緯度・経度欄","official-background","shrine/temple official pool; proportional regional target; 2km spacing; deterministic SHA-256 rank"
"310","金峯神社本殿","神社建築","重要文化財","山形県","東北","38.678886","139.805579","文化庁・国指定文化財等DB","https://kunishitei.bunka.go.jp/bsys/index","shrine-102-3710","文化庁DBの緯度・経度欄","official-background","shrine/temple official pool; proportional regional target; 2km spacing; deterministic SHA-256 rank"
"311","油山寺本堂内厨子","寺院建築","重要文化財","静岡県","東海","34.787778","137.935645","文化庁・国指定文化財等DB","https://kunishitei.bunka.go.jp/bsys/index","temple-102-1157","文化庁DBの緯度・経度欄","official-background","shrine/temple official pool; proportional regional target; 2km spacing; deterministic SHA-256 rank"
"312","桂濱神社本殿","神社建築","重要文化財","広島県","中国","34.101486","132.513247","文化庁・国指定文化財等DB","https://kunishitei.bunka.go.jp/bsys/index","shrine-102-3163","文化庁DBの緯度・経度欄","official-background","shrine/temple official pool; proportional regional target; 2km spacing; deterministic SHA-256 rank"
"313","円融寺本堂","寺院建築","重要文化財","東京都","関東","35.619601","139.689699","文化庁・国指定文化財等DB","https://kunishitei.bunka.go.jp/bsys/index","temple-102-556","文化庁DBの緯度・経度欄","official-background","shrine/temple official pool; proportional regional target; 2km spacing; deterministic SHA-256 rank"
"314","護国八幡宮","神社建築","重要文化財","富山県","北陸甲信","36.666826","136.852000","文化庁・国指定文化財等DB","https://kunishitei.bunka.go.jp/bsys/index","shrine-102-738","文化庁DBの緯度・経度欄","official-background","shrine/temple official pool; proportional regional target; 2km spacing; deterministic SHA-256 rank"
"315","普門寺方丈","寺院建築","重要文化財","大阪府","近畿","34.830544","135.592904","文化庁・国指定文化財等DB","https://kunishitei.bunka.go.jp/bsys/index","temple-102-2163","文化庁DBの緯度・経度欄","official-background","shrine/temple official pool; proportional regional target; 2km spacing; deterministic SHA-256 rank"
"316","八幡神社","神社建築","重要文化財","山形県","東北","38.741639","140.316454","文化庁・国指定文化財等DB","https://kunishitei.bunka.go.jp/bsys/index","shrine-102-191","文化庁DBの緯度・経度欄","official-background","shrine/temple official pool; proportional regional target; 2km spacing; deterministic SHA-256 rank"
"317","智満寺本堂","寺院建築","重要文化財","静岡県","東海","34.891248","138.161983","文化庁・国指定文化財等DB","https://kunishitei.bunka.go.jp/bsys/index","temple-102-1152","文化庁DBの緯度・経度欄","official-background","shrine/temple official pool; proportional regional target; 2km spacing; deterministic SHA-256 rank"
"318","閑谷神社(旧閑谷学校芳烈祠)","神社建築","重要文化財","岡山県","中国","34.796527","134.220331","文化庁・国指定文化財等DB","https://kunishitei.bunka.go.jp/bsys/index","shrine-102-3037","文化庁DBの緯度・経度欄","official-background","shrine/temple official pool; proportional regional target; 2km spacing; deterministic SHA-256 rank"
"319","日枝神社本殿","神社建築","重要文化財","埼玉県","関東","35.916974","139.489837","文化庁・国指定文化財等DB","https://kunishitei.bunka.go.jp/bsys/index","shrine-102-443","文化庁DBの緯度・経度欄","official-background","shrine/temple official pool; proportional regional target; 2km spacing; deterministic SHA-256 rank"
"320","大乗寺仏殿","寺院建築","重要文化財","石川県","北陸甲信","36.532762","136.658796","文化庁・国指定文化財等DB","https://kunishitei.bunka.go.jp/bsys/index","temple-102-770","文化庁DBの緯度・経度欄","official-background","shrine/temple official pool; proportional regional target; 2km spacing; deterministic SHA-256 rank"
"321","萬福寺","寺院建築","重要文化財","京都府","近畿","34.913752","135.805956","文化庁・国指定文化財等DB","https://kunishitei.bunka.go.jp/bsys/index","temple-102-1961","文化庁DBの緯度・経度欄","official-background","shrine/temple official pool; proportional regional target; 2km spacing; deterministic SHA-256 rank"
"322","津島神社本殿","神社建築","重要文化財","愛知県","東海","35.177788","136.718493","文化庁・国指定文化財等DB","https://kunishitei.bunka.go.jp/bsys/index","shrine-102-1232","文化庁DBの緯度・経度欄","official-background","shrine/temple official pool; proportional regional target; 2km spacing; deterministic SHA-256 rank"
"323","円満寺観音堂","寺院建築","重要文化財","福島県","東北","37.544464","139.667702","文化庁・国指定文化財等DB","https://kunishitei.bunka.go.jp/bsys/index","temple-102-214","文化庁DBの緯度・経度欄","official-background","shrine/temple official pool; proportional regional target; 2km spacing; deterministic SHA-256 rank"
"324","中山神社本殿","神社建築","重要文化財","岡山県","中国","35.100289","133.994461","文化庁・国指定文化財等DB","https://kunishitei.bunka.go.jp/bsys/index","shrine-102-3024","文化庁DBの緯度・経度欄","official-background","shrine/temple official pool; proportional regional target; 2km spacing; deterministic SHA-256 rank"
"325","八幡宮本殿","神社建築","重要文化財","茨城県","関東","36.387882","140.459778","文化庁・国指定文化財等DB","https://kunishitei.bunka.go.jp/bsys/index","shrine-102-232","文化庁DBの緯度・経度欄","official-background","shrine/temple official pool; proportional regional target; 2km spacing; deterministic SHA-256 rank"
"326","照蓮寺本堂","寺院建築","重要文化財","岐阜県","北陸甲信","36.139301","137.262377","文化庁・国指定文化財等DB","https://kunishitei.bunka.go.jp/bsys/index","temple-102-1030","文化庁DBの緯度・経度欄","official-background","shrine/temple official pool; proportional regional target; 2km spacing; deterministic SHA-256 rank"
"327","普濟寺仏殿","寺院建築","重要文化財","京都府","近畿","35.057035","135.456987","文化庁・国指定文化財等DB","https://kunishitei.bunka.go.jp/bsys/index","temple-102-2054","文化庁DBの緯度・経度欄","official-background","shrine/temple official pool; proportional regional target; 2km spacing; deterministic SHA-256 rank"
"328","霧島神宮","神社建築","重要文化財","鹿児島県","九州","31.858726","130.871415","文化庁・国指定文化財等DB","https://kunishitei.bunka.go.jp/bsys/index","shrine-102-3636","文化庁DBの緯度・経度欄","official-background","shrine/temple official pool; proportional regional target; 2km spacing; deterministic SHA-256 rank"
"329","天徳寺","寺院建築","重要文化財","秋田県","東北","39.738284","140.119525","文化庁・国指定文化財等DB","https://kunishitei.bunka.go.jp/bsys/index","temple-102-153","文化庁DBの緯度・経度欄","official-background","shrine/temple official pool; proportional regional target; 2km spacing; deterministic SHA-256 rank"
"330","万徳寺鎮守堂","神社建築","重要文化財","愛知県","東海","35.256091","136.816314","文化庁・国指定文化財等DB","https://kunishitei.bunka.go.jp/bsys/index","shrine-102-1257","文化庁DBの緯度・経度欄","official-background","shrine/temple official pool; proportional regional target; 2km spacing; deterministic SHA-256 rank"
"331","長福寺三重塔","寺院建築","重要文化財","岡山県","中国","34.925939","134.150086","文化庁・国指定文化財等DB","https://kunishitei.bunka.go.jp/bsys/index","temple-102-3098","文化庁DBの緯度・経度欄","official-background","shrine/temple official pool; proportional regional target; 2km spacing; deterministic SHA-256 rank"
"332","玉村八幡宮本殿","神社建築","重要文化財","群馬県","関東","36.305123","139.108883","文化庁・国指定文化財等DB","https://kunishitei.bunka.go.jp/bsys/index","shrine-102-425","文化庁DBの緯度・経度欄","official-background","shrine/temple official pool; proportional regional target; 2km spacing; deterministic SHA-256 rank"
"333","大法寺三重塔","寺院建築","国宝","長野県","北陸甲信","36.382217","138.148424","文化庁・国指定文化財等DB","https://kunishitei.bunka.go.jp/bsys/index","temple-102-979","文化庁DBの緯度・経度欄","official-background","shrine/temple official pool; proportional regional target; 2km spacing; deterministic SHA-256 rank"
"334","向日神社本殿","神社建築","重要文化財","京都府","近畿","34.944148","135.697046","文化庁・国指定文化財等DB","https://kunishitei.bunka.go.jp/bsys/index","shrine-102-1989","文化庁DBの緯度・経度欄","official-background","shrine/temple official pool; proportional regional target; 2km spacing; deterministic SHA-256 rank"
"335","長福寺本堂","寺院建築","重要文化財","大分県","九州","33.327881","130.937781","文化庁・国指定文化財等DB","https://kunishitei.bunka.go.jp/bsys/index","temple-102-00004078","文化庁DBの緯度・経度欄","official-background","shrine/temple official pool; proportional regional target; 2km spacing; deterministic SHA-256 rank"
"336","南部利康霊屋","神社建築","重要文化財","青森県","東北","40.414319","141.265613","文化庁・国指定文化財等DB","https://kunishitei.bunka.go.jp/bsys/index","shrine-102-88","文化庁DBの緯度・経度欄","official-background","shrine/temple official pool; proportional regional target; 2km spacing; deterministic SHA-256 rank"
"337","観音寺多宝塔","寺院建築","重要文化財","愛知県","東海","35.136436","136.858407","文化庁・国指定文化財等DB","https://kunishitei.bunka.go.jp/bsys/index","temple-102-1191","文化庁DBの緯度・経度欄","official-background","shrine/temple official pool; proportional regional target; 2km spacing; deterministic SHA-256 rank"
"338","総社本殿","神社建築","重要文化財","岡山県","中国","35.074077","133.994275","文化庁・国指定文化財等DB","https://kunishitei.bunka.go.jp/bsys/index","shrine-102-3023","文化庁DBの緯度・経度欄","official-background","shrine/temple official pool; proportional regional target; 2km spacing; deterministic SHA-256 rank"
"339","専修寺","寺院建築","重要文化財","栃木県","関東","36.393467","140.023792","文化庁・国指定文化財等DB","https://kunishitei.bunka.go.jp/bsys/index","temple-102-388","文化庁DBの緯度・経度欄","official-background","shrine/temple official pool; proportional regional target; 2km spacing; deterministic SHA-256 rank"
"340","白山神社拝殿","神社建築","重要文化財","岐阜県","北陸甲信","35.458946","136.830757","文化庁・国指定文化財等DB","https://kunishitei.bunka.go.jp/bsys/index","shrine-102-1092","文化庁DBの緯度・経度欄","official-background","shrine/temple official pool; proportional regional target; 2km spacing; deterministic SHA-256 rank"
"341","弘誓寺本堂","寺院建築","重要文化財","滋賀県","近畿","35.153687","136.178782","文化庁・国指定文化財等DB","https://kunishitei.bunka.go.jp/bsys/index","temple-102-1501","文化庁DBの緯度・経度欄","official-background","shrine/temple official pool; proportional regional target; 2km spacing; deterministic SHA-256 rank"
"342","筥崎宮本殿","神社建築","重要文化財","福岡県","九州","33.614559","130.423487","文化庁・国指定文化財等DB","https://kunishitei.bunka.go.jp/bsys/index","shrine-102-3460","文化庁DBの緯度・経度欄","official-background","shrine/temple official pool; proportional regional target; 2km spacing; deterministic SHA-256 rank"
"343","瑞巖寺庫裏及び廊下","寺院建築","国宝","宮城県","東北","38.372233","141.060184","文化庁・国指定文化財等DB","https://kunishitei.bunka.go.jp/bsys/index","temple-102-136","文化庁DBの緯度・経度欄","official-background","shrine/temple official pool; proportional regional target; 2km spacing; deterministic SHA-256 rank"
"344","富部神社本殿","神社建築","重要文化財","愛知県","東海","35.105277","136.931528","文化庁・国指定文化財等DB","https://kunishitei.bunka.go.jp/bsys/index","shrine-102-1192","文化庁DBの緯度・経度欄","official-background","shrine/temple official pool; proportional regional target; 2km spacing; deterministic SHA-256 rank"
"345","遍照院三重塔","寺院建築","重要文化財","岡山県","中国","34.592166","133.735371","文化庁・国指定文化財等DB","https://kunishitei.bunka.go.jp/bsys/index","temple-102-3006","文化庁DBの緯度・経度欄","official-background","shrine/temple official pool; proportional regional target; 2km spacing; deterministic SHA-256 rank"
"346","妙義神社","神社建築","重要文化財","群馬県","関東","36.300669","138.762592","文化庁・国指定文化財等DB","https://kunishitei.bunka.go.jp/bsys/index","shrine-102-00005637","文化庁DBの緯度・経度欄","official-background","shrine/temple official pool; proportional regional target; 2km spacing; deterministic SHA-256 rank"
"347","浄光寺薬師堂","寺院建築","重要文化財","長野県","北陸甲信","36.693199","138.333278","文化庁・国指定文化財等DB","https://kunishitei.bunka.go.jp/bsys/index","temple-102-1026","文化庁DBの緯度・経度欄","official-background","shrine/temple official pool; proportional regional target; 2km spacing; deterministic SHA-256 rank"
"348","加茂神社本殿","神社建築","重要文化財","滋賀県","近畿","34.962790","136.291177","文化庁・国指定文化財等DB","https://kunishitei.bunka.go.jp/bsys/index","shrine-102-1464","文化庁DBの緯度・経度欄","official-background","shrine/temple official pool; proportional regional target; 2km spacing; deterministic SHA-256 rank"
"349","崇福寺媽姐門","寺院建築","重要文化財","長崎県","九州","32.742435","129.883537","文化庁・国指定文化財等DB","https://kunishitei.bunka.go.jp/bsys/index","temple-102-3521","文化庁DBの緯度・経度欄","official-background","shrine/temple official pool; proportional regional target; 2km spacing; deterministic SHA-256 rank"
"350","熊野奥照神社本殿","神社建築","重要文化財","青森県","東北","40.612624","140.479971","文化庁・国指定文化財等DB","https://kunishitei.bunka.go.jp/bsys/index","shrine-102-66","文化庁DBの緯度・経度欄","official-background","shrine/temple official pool; proportional regional target; 2km spacing; deterministic SHA-256 rank"
"351","甚目寺","寺院建築","重要文化財","愛知県","東海","35.194731","136.823471","文化庁・国指定文化財等DB","https://kunishitei.bunka.go.jp/bsys/index","temple-102-1271","文化庁DBの緯度・経度欄","official-background","shrine/temple official pool; proportional regional target; 2km spacing; deterministic SHA-256 rank"
"352","貫前神社","神社建築","重要文化財","群馬県","関東","36.255161","138.857650","文化庁・国指定文化財等DB","https://kunishitei.bunka.go.jp/bsys/index","shrine-102-412","文化庁DBの緯度・経度欄","official-background","shrine/temple official pool; proportional regional target; 2km spacing; deterministic SHA-256 rank"
"353","功山寺仏殿","寺院建築","国宝","山口県","中国","33.995612","130.981908","文化庁・国指定文化財等DB","https://kunishitei.bunka.go.jp/bsys/index","temple-102-3198","文化庁DBの緯度・経度欄","official-background","shrine/temple official pool; proportional regional target; 2km spacing; deterministic SHA-256 rank"
"354","久津八幡宮本殿","神社建築","重要文化財","岐阜県","北陸甲信","35.887504","137.212528","文化庁・国指定文化財等DB","https://kunishitei.bunka.go.jp/bsys/index","shrine-102-1098","文化庁DBの緯度・経度欄","official-background","shrine/temple official pool; proportional regional target; 2km spacing; deterministic SHA-256 rank"
"355","那智山青岸渡寺本堂","寺院建築","重要文化財","和歌山県","近畿","33.669143","135.889935","文化庁・国指定文化財等DB","https://kunishitei.bunka.go.jp/bsys/index","temple-102-2916","文化庁DBの緯度・経度欄","official-background","shrine/temple official pool; proportional regional target; 2km spacing; deterministic SHA-256 rank"
"356","鹿児島神宮","神社建築","重要文化財","鹿児島県","九州","31.753744","130.738089","文化庁・国指定文化財等DB","https://kunishitei.bunka.go.jp/bsys/index","shrine-102-00005393","文化庁DBの緯度・経度欄","official-background","shrine/temple official pool; proportional regional target; 2km spacing; deterministic SHA-256 rank"
"357","毘沙門堂","寺院建築","重要文化財","岩手県","東北","39.366055","141.198182","文化庁・国指定文化財等DB","https://kunishitei.bunka.go.jp/bsys/index","temple-102-108","文化庁DBの緯度・経度欄","official-background","shrine/temple official pool; proportional regional target; 2km spacing; deterministic SHA-256 rank"
"358","八劔社本殿","神社建築","重要文化財","愛知県","東海","35.147635","136.787374","文化庁・国指定文化財等DB","https://kunishitei.bunka.go.jp/bsys/index","shrine-102-1273","文化庁DBの緯度・経度欄","official-background","shrine/temple official pool; proportional regional target; 2km spacing; deterministic SHA-256 rank"
"359","仏通寺含暉院地蔵堂","寺院建築","重要文化財","広島県","中国","34.454441","133.026947","文化庁・国指定文化財等DB","https://kunishitei.bunka.go.jp/bsys/index","temple-102-3121","文化庁DBの緯度・経度欄","official-background","shrine/temple official pool; proportional regional target; 2km spacing; deterministic SHA-256 rank"
"360","村檜神社本殿","神社建築","重要文化財","栃木県","関東","36.369693","139.624462","文化庁・国指定文化財等DB","https://kunishitei.bunka.go.jp/bsys/index","shrine-102-400","文化庁DBの緯度・経度欄","official-background","shrine/temple official pool; proportional regional target; 2km spacing; deterministic SHA-256 rank"
"361","新海三社神社三重塔","寺院建築","重要文化財","長野県","北陸甲信","36.196096","138.512608","文化庁・国指定文化財等DB","https://kunishitei.bunka.go.jp/bsys/index","temple-102-970","文化庁DBの緯度・経度欄","official-background","shrine/temple official pool; proportional regional target; 2km spacing; deterministic SHA-256 rank"
"362","片埜神社本殿","神社建築","重要文化財","大阪府","近畿","34.841854","135.667702","文化庁・国指定文化財等DB","https://kunishitei.bunka.go.jp/bsys/index","shrine-102-2168","文化庁DBの緯度・経度欄","official-background","shrine/temple official pool; proportional regional target; 2km spacing; deterministic SHA-256 rank"
"363","大山祇神社拝殿","神社建築","重要文化財","愛媛県","四国","34.247894","133.005805","文化庁・国指定文化財等DB","https://kunishitei.bunka.go.jp/bsys/index","shrine-102-3392","文化庁DBの緯度・経度欄","official-background","shrine/temple official pool; proportional regional target; 2km spacing; deterministic SHA-256 rank"
"364","八勝寺阿弥陀堂","寺院建築","重要文化財","熊本県","九州","32.254003","130.979640","文化庁・国指定文化財等DB","https://kunishitei.bunka.go.jp/bsys/index","temple-102-3774","文化庁DBの緯度・経度欄","official-background","shrine/temple official pool; proportional regional target; 2km spacing; deterministic SHA-256 rank"
"365","陸奥国分寺薬師堂","寺院建築","重要文化財","宮城県","東北","38.251300","140.902784","文化庁・国指定文化財等DB","https://kunishitei.bunka.go.jp/bsys/index","temple-102-123","文化庁DBの緯度・経度欄","official-background","shrine/temple official pool; proportional regional target; 2km spacing; deterministic SHA-256 rank"
"366","大縣神社","神社建築","重要文化財","愛知県","東海","35.330295","136.967410","文化庁・国指定文化財等DB","https://kunishitei.bunka.go.jp/bsys/index","shrine-102-1252","文化庁DBの緯度・経度欄","official-background","shrine/temple official pool; proportional regional target; 2km spacing; deterministic SHA-256 rank"
"367","金鑽神社多宝塔","寺院建築","重要文化財","埼玉県","関東","36.181513","139.073409","文化庁・国指定文化財等DB","https://kunishitei.bunka.go.jp/bsys/index","temple-102-461","文化庁DBの緯度・経度欄","official-background","shrine/temple official pool; proportional regional target; 2km spacing; deterministic SHA-256 rank"
"368","佐太神社","神社建築","重要文化財","島根県","中国","35.508893","133.006383","文化庁・国指定文化財等DB","https://kunishitei.bunka.go.jp/bsys/index","shrine-102-2965","文化庁DBの緯度・経度欄","official-background","shrine/temple official pool; proportional regional target; 2km spacing; deterministic SHA-256 rank"
"369","神宮寺本堂","寺院建築","重要文化財","福井県","北陸甲信","35.459692","135.783014","文化庁・国指定文化財等DB","https://kunishitei.bunka.go.jp/bsys/index","temple-102-823","文化庁DBの緯度・経度欄","official-background","shrine/temple official pool; proportional regional target; 2km spacing; deterministic SHA-256 rank"
"370","佐牙神社本殿","神社建築","重要文化財","京都府","近畿","34.821310","135.760655","文化庁・国指定文化財等DB","https://kunishitei.bunka.go.jp/bsys/index","shrine-102-2016","文化庁DBの緯度・経度欄","official-background","shrine/temple official pool; proportional regional target; 2km spacing; deterministic SHA-256 rank"
"371","金刀比羅宮旭社","寺院建築","重要文化財","香川県","四国","34.183097","133.810250","文化庁・国指定文化財等DB","https://kunishitei.bunka.go.jp/bsys/index","temple-102-3302","文化庁DBの緯度・経度欄","official-background","shrine/temple official pool; proportional regional target; 2km spacing; deterministic SHA-256 rank"
"372","山田大王神社","神社建築","重要文化財","熊本県","九州","32.248727","130.765360","文化庁・国指定文化財等DB","https://kunishitei.bunka.go.jp/bsys/index","shrine-102-3589","文化庁DBの緯度・経度欄","official-background","shrine/temple official pool; proportional regional target; 2km spacing; deterministic SHA-256 rank"
"373","中尊寺金色堂","寺院建築","国宝","岩手県","東北","39.001277","141.099853","文化庁・国指定文化財等DB","https://kunishitei.bunka.go.jp/bsys/index","temple-102-109","文化庁DBの緯度・経度欄","official-background","shrine/temple official pool; proportional regional target; 2km spacing; deterministic SHA-256 rank"
"374","八幡宮本殿","神社建築","重要文化財","愛知県","東海","34.838328","137.339823","文化庁・国指定文化財等DB","https://kunishitei.bunka.go.jp/bsys/index","shrine-102-1229","文化庁DBの緯度・経度欄","official-background","shrine/temple official pool; proportional regional target; 2km spacing; deterministic SHA-256 rank"
"375","最恩寺仏殿","寺院建築","重要文化財","山梨県","北陸甲信","35.234241","138.471849","文化庁・国指定文化財等DB","https://kunishitei.bunka.go.jp/bsys/index","temple-102-890","文化庁DBの緯度・経度欄","official-background","shrine/temple official pool; proportional regional target; 2km spacing; deterministic SHA-256 rank"
"376","本荘八幡宮鳥居","神社建築","重要文化財","岡山県","中国","34.463504","133.770626","文化庁・国指定文化財等DB","https://kunishitei.bunka.go.jp/bsys/index","shrine-102-3008","文化庁DBの緯度・経度欄","official-background","shrine/temple official pool; proportional regional target; 2km spacing; deterministic SHA-256 rank"
"377","新勝寺","寺院建築","重要文化財","千葉県","関東","35.785097","140.318161","文化庁・国指定文化財等DB","https://kunishitei.bunka.go.jp/bsys/index","temple-102-476","文化庁DBの緯度・経度欄","official-background","shrine/temple official pool; proportional regional target; 2km spacing; deterministic SHA-256 rank"
"378","八坂神社本殿","神社建築","重要文化財","大阪府","近畿","34.812752","135.421980","文化庁・国指定文化財等DB","https://kunishitei.bunka.go.jp/bsys/index","shrine-102-2156","文化庁DBの緯度・経度欄","official-background","shrine/temple official pool; proportional regional target; 2km spacing; deterministic SHA-256 rank"
"379","観音寺金堂","寺院建築","重要文化財","香川県","四国","34.134494","133.647573","文化庁・国指定文化財等DB","https://kunishitei.bunka.go.jp/bsys/index","temple-102-3290","文化庁DBの緯度・経度欄","official-background","shrine/temple official pool; proportional regional target; 2km spacing; deterministic SHA-256 rank"
"380","阿蘇神社","神社建築","重要文化財","熊本県","九州","32.947705","131.116461","文化庁・国指定文化財等DB","https://kunishitei.bunka.go.jp/bsys/index","shrine-102-00004213","文化庁DBの緯度・経度欄","official-background","shrine/temple official pool; proportional regional target; 2km spacing; deterministic SHA-256 rank"
"381","専修寺御影堂","寺院建築","国宝","三重県","東海","34.762212","136.503554","文化庁・国指定文化財等DB","https://kunishitei.bunka.go.jp/bsys/index","temple-102-1292","文化庁DBの緯度・経度欄","official-background","shrine/temple official pool; proportional regional target; 2km spacing; deterministic SHA-256 rank"
"382","八幡神社鳥居","神社建築","重要文化財","山形県","東北","38.202392","140.320514","文化庁・国指定文化財等DB","https://kunishitei.bunka.go.jp/bsys/index","shrine-102-178","文化庁DBの緯度・経度欄","official-background","shrine/temple official pool; proportional regional target; 2km spacing; deterministic SHA-256 rank"
"383","本蓮寺本堂","寺院建築","重要文化財","岡山県","中国","34.616405","134.164557","文化庁・国指定文化財等DB","https://kunishitei.bunka.go.jp/bsys/index","temple-102-3061","文化庁DBの緯度・経度欄","official-background","shrine/temple official pool; proportional regional target; 2km spacing; deterministic SHA-256 rank"
"384","若一王子神社本殿","神社建築","重要文化財","長野県","北陸甲信","36.515886","137.853582","文化庁・国指定文化財等DB","https://kunishitei.bunka.go.jp/bsys/index","shrine-102-956","文化庁DBの緯度・経度欄","official-background","shrine/temple official pool; proportional regional target; 2km spacing; deterministic SHA-256 rank"
"385","鑁阿寺鐘楼","寺院建築","重要文化財","栃木県","関東","36.337041","139.452540","文化庁・国指定文化財等DB","https://kunishitei.bunka.go.jp/bsys/index","temple-102-267","文化庁DBの緯度・経度欄","official-background","shrine/temple official pool; proportional regional target; 2km spacing; deterministic SHA-256 rank"
"386","梅田神社本殿","神社建築","重要文化財","京都府","近畿","35.084957","135.556736","文化庁・国指定文化財等DB","https://kunishitei.bunka.go.jp/bsys/index","shrine-102-1981","文化庁DBの緯度・経度欄","official-background","shrine/temple official pool; proportional regional target; 2km spacing; deterministic SHA-256 rank"
"387","土佐神社楼門","神社建築","重要文化財","高知県","四国","33.589525","133.577080","文化庁・国指定文化財等DB","https://kunishitei.bunka.go.jp/bsys/index","shrine-102-3417","文化庁DBの緯度・経度欄","official-background","shrine/temple official pool; proportional regional target; 2km spacing; deterministic SHA-256 rank"
"388","臨済寺本堂","寺院建築","重要文化財","静岡県","東海","34.992995","138.375831","文化庁・国指定文化財等DB","https://kunishitei.bunka.go.jp/bsys/index","temple-102-1148","文化庁DBの緯度・経度欄","official-background","shrine/temple official pool; proportional regional target; 2km spacing; deterministic SHA-256 rank"
"389","恵隆寺観音堂","寺院建築","重要文化財","福島県","東北","37.574815","139.799362","文化庁・国指定文化財等DB","https://kunishitei.bunka.go.jp/bsys/index","temple-102-219","文化庁DBの緯度・経度欄","official-background","shrine/temple official pool; proportional regional target; 2km spacing; deterministic SHA-256 rank"
"390","十島菅原神社","神社建築","重要文化財","熊本県","九州","32.210370","130.784924","文化庁・国指定文化財等DB","https://kunishitei.bunka.go.jp/bsys/index","shrine-102-3587","文化庁DBの緯度・経度欄","official-background","shrine/temple official pool; proportional regional target; 2km spacing; deterministic SHA-256 rank"
"391","浄興寺本堂","寺院建築","重要文化財","新潟県","北陸甲信","37.112340","138.237323","文化庁・国指定文化財等DB","https://kunishitei.bunka.go.jp/bsys/index","temple-102-643","文化庁DBの緯度・経度欄","official-background","shrine/temple official pool; proportional regional target; 2km spacing; deterministic SHA-256 rank"
"392","香取神宮","神社建築","重要文化財","千葉県","関東","35.886234","140.528669","文化庁・国指定文化財等DB","https://kunishitei.bunka.go.jp/bsys/index","shrine-102-469","文化庁DBの緯度・経度欄","official-background","shrine/temple official pool; proportional regional target; 2km spacing; deterministic SHA-256 rank"
"393","常念寺表門","寺院建築","重要文化財","山口県","中国","34.414223","131.402203","文化庁・国指定文化財等DB","https://kunishitei.bunka.go.jp/bsys/index","temple-102-3216","文化庁DBの緯度・経度欄","official-background","shrine/temple official pool; proportional regional target; 2km spacing; deterministic SHA-256 rank"
"394","天皇神社本殿","神社建築","重要文化財","奈良県","近畿","34.574163","135.817440","文化庁・国指定文化財等DB","https://kunishitei.bunka.go.jp/bsys/index","shrine-102-2601","文化庁DBの緯度・経度欄","official-background","shrine/temple official pool; proportional regional target; 2km spacing; deterministic SHA-256 rank"
"395","豊楽寺薬師堂","寺院建築","国宝","高知県","四国","33.792117","133.727116","文化庁・国指定文化財等DB","https://kunishitei.bunka.go.jp/bsys/index","temple-102-3448","文化庁DBの緯度・経度欄","official-background","shrine/temple official pool; proportional regional target; 2km spacing; deterministic SHA-256 rank"
"396","英彦山神社銅鳥居","神社建築","重要文化財","福岡県","九州","33.485625","130.902400","文化庁・国指定文化財等DB","https://kunishitei.bunka.go.jp/bsys/index","shrine-102-3497","文化庁DBの緯度・経度欄","official-background","shrine/temple official pool; proportional regional target; 2km spacing; deterministic SHA-256 rank"
"397","観菩提寺本堂","寺院建築","重要文化財","三重県","東海","34.780708","136.052153","文化庁・国指定文化財等DB","https://kunishitei.bunka.go.jp/bsys/index","temple-102-1312","文化庁DBの緯度・経度欄","official-background","shrine/temple official pool; proportional regional target; 2km spacing; deterministic SHA-256 rank"
"398","鳥居","神社建築","重要文化財","山形県","東北","38.228713","140.328980","文化庁・国指定文化財等DB","https://kunishitei.bunka.go.jp/bsys/index","shrine-102-179","文化庁DBの緯度・経度欄","official-background","shrine/temple official pool; proportional regional target; 2km spacing; deterministic SHA-256 rank"
"399","小菅神社奥社本殿","寺院建築","重要文化財","長野県","北陸甲信","36.897237","138.434457","文化庁・国指定文化財等DB","https://kunishitei.bunka.go.jp/bsys/index","temple-102-962","文化庁DBの緯度・経度欄","official-background","shrine/temple official pool; proportional regional target; 2km spacing; deterministic SHA-256 rank"
"400","石城神社本殿","神社建築","重要文化財","山口県","中国","33.987437","132.035672","文化庁・国指定文化財等DB","https://kunishitei.bunka.go.jp/bsys/index","shrine-102-3238","文化庁DBの緯度・経度欄","official-background","shrine/temple official pool; proportional regional target; 2km spacing; deterministic SHA-256 rank"
"401","宝城坊本堂","寺院建築","重要文化財","神奈川県","関東","35.439570","139.275188","文化庁・国指定文化財等DB","https://kunishitei.bunka.go.jp/bsys/index","temple-102-626","文化庁DBの緯度・経度欄","official-background","shrine/temple official pool; proportional regional target; 2km spacing; deterministic SHA-256 rank"
"402","三船神社","神社建築","重要文化財","和歌山県","近畿","34.231032","135.354149","文化庁・国指定文化財等DB","https://kunishitei.bunka.go.jp/bsys/index","shrine-102-2864","文化庁DBの緯度・経度欄","official-background","shrine/temple official pool; proportional regional target; 2km spacing; deterministic SHA-256 rank"
"403","善光寺薬師堂","寺院建築","重要文化財","愛媛県","四国","33.307188","132.745069","文化庁・国指定文化財等DB","https://kunishitei.bunka.go.jp/bsys/index","temple-102-3413","文化庁DBの緯度・経度欄","official-background","shrine/temple official pool; proportional regional target; 2km spacing; deterministic SHA-256 rank"
"404","飯野八幡宮","神社建築","重要文化財","福島県","東北","37.060269","140.882320","文化庁・国指定文化財等DB","https://kunishitei.bunka.go.jp/bsys/index","shrine-102-3779","文化庁DBの緯度・経度欄","official-background","shrine/temple official pool; proportional regional target; 2km spacing; deterministic SHA-256 rank"
"405","本興寺本堂","寺院建築","重要文化財","静岡県","東海","34.717159","137.538194","文化庁・国指定文化財等DB","https://kunishitei.bunka.go.jp/bsys/index","temple-102-1160","文化庁DBの緯度・経度欄","official-background","shrine/temple official pool; proportional regional target; 2km spacing; deterministic SHA-256 rank"
"406","六殿神社楼門","神社建築","重要文化財","熊本県","九州","32.700530","130.708393","文化庁・国指定文化財等DB","https://kunishitei.bunka.go.jp/bsys/index","shrine-102-3575","文化庁DBの緯度・経度欄","official-background","shrine/temple official pool; proportional regional target; 2km spacing; deterministic SHA-256 rank"
"407","浄土寺多宝塔","寺院建築","国宝","広島県","中国","34.411811","133.210975","文化庁・国指定文化財等DB","https://kunishitei.bunka.go.jp/bsys/index","temple-102-3124","文化庁DBの緯度・経度欄","official-background","shrine/temple official pool; proportional regional target; 2km spacing; deterministic SHA-256 rank"
"408","須波阿須疑神社本殿","神社建築","重要文化財","福井県","北陸甲信","35.885602","136.347850","文化庁・国指定文化財等DB","https://kunishitei.bunka.go.jp/bsys/index","shrine-102-834","文化庁DBの緯度・経度欄","official-background","shrine/temple official pool; proportional regional target; 2km spacing; deterministic SHA-256 rank"
"409","竜禅寺三仏堂","寺院建築","重要文化財","茨城県","関東","35.922538","140.023478","文化庁・国指定文化財等DB","https://kunishitei.bunka.go.jp/bsys/index","temple-102-247","文化庁DBの緯度・経度欄","official-background","shrine/temple official pool; proportional regional target; 2km spacing; deterministic SHA-256 rank"
"410","賀茂神社","神社建築","重要文化財","兵庫県","近畿","34.766022","134.502769","文化庁・国指定文化財等DB","https://kunishitei.bunka.go.jp/bsys/index","shrine-102-2416","文化庁DBの緯度・経度欄","official-background","shrine/temple official pool; proportional regional target; 2km spacing; deterministic SHA-256 rank"
"411","大宝寺本堂","寺院建築","国宝","愛媛県","四国","33.841730","132.742201","文化庁・国指定文化財等DB","https://kunishitei.bunka.go.jp/bsys/index","temple-102-3317","文化庁DBの緯度・経度欄","official-background","shrine/temple official pool; proportional regional target; 2km spacing; deterministic SHA-256 rank"
"412","八幡神社","神社建築","重要文化財","福島県","東北","37.776459","140.909705","文化庁・国指定文化財等DB","https://kunishitei.bunka.go.jp/bsys/index","shrine-102-00004572","文化庁DBの緯度・経度欄","official-background","shrine/temple official pool; proportional regional target; 2km spacing; deterministic SHA-256 rank"
"413","長光寺地蔵堂","寺院建築","重要文化財","愛知県","東海","35.233178","136.831333","文化庁・国指定文化財等DB","https://kunishitei.bunka.go.jp/bsys/index","temple-102-1261","文化庁DBの緯度・経度欄","official-background","shrine/temple official pool; proportional regional target; 2km spacing; deterministic SHA-256 rank"
"414","八幡神社本殿","神社建築","重要文化財","鹿児島県","九州","32.083035","130.598139","文化庁・国指定文化財等DB","https://kunishitei.bunka.go.jp/bsys/index","shrine-102-3629","文化庁DBの緯度・経度欄","official-background","shrine/temple official pool; proportional regional target; 2km spacing; deterministic SHA-256 rank"
"415","羽賀寺本堂","寺院建築","重要文化財","福井県","北陸甲信","35.518879","135.764442","文化庁・国指定文化財等DB","https://kunishitei.bunka.go.jp/bsys/index","temple-102-825","文化庁DBの緯度・経度欄","official-background","shrine/temple official pool; proportional regional target; 2km spacing; deterministic SHA-256 rank"
"416","内外大神宮","神社建築","重要文化財","茨城県","関東","36.372840","140.019529","文化庁・国指定文化財等DB","https://kunishitei.bunka.go.jp/bsys/index","shrine-102-00004371","文化庁DBの緯度・経度欄","official-background","shrine/temple official pool; proportional regional target; 2km spacing; deterministic SHA-256 rank"
"417","宝福寺三重塔","寺院建築","重要文化財","岡山県","中国","34.690817","133.733554","文化庁・国指定文化財等DB","https://kunishitei.bunka.go.jp/bsys/index","temple-102-3028","文化庁DBの緯度・経度欄","official-background","shrine/temple official pool; proportional regional target; 2km spacing; deterministic SHA-256 rank"
"418","日部神社本殿","神社建築","重要文化財","大阪府","近畿","34.521029","135.465701","文化庁・国指定文化財等DB","https://kunishitei.bunka.go.jp/bsys/index","shrine-102-2131","文化庁DBの緯度・経度欄","official-background","shrine/temple official pool; proportional regional target; 2km spacing; deterministic SHA-256 rank"
"419","専称寺","寺院建築","重要文化財","福島県","東北","37.057706","140.927935","文化庁・国指定文化財等DB","https://kunishitei.bunka.go.jp/bsys/index","temple-102-00003848","文化庁DBの緯度・経度欄","official-background","shrine/temple official pool; proportional regional target; 2km spacing; deterministic SHA-256 rank"
"420","伊佐爾波神社","神社建築","重要文化財","愛媛県","四国","33.850759","132.789016","文化庁・国指定文化財等DB","https://kunishitei.bunka.go.jp/bsys/index","shrine-102-3344","文化庁DBの緯度・経度欄","official-background","shrine/temple official pool; proportional regional target; 2km spacing; deterministic SHA-256 rank"
"421","善光寺本堂","寺院建築","重要文化財","大分県","九州","33.559484","131.305493","文化庁・国指定文化財等DB","https://kunishitei.bunka.go.jp/bsys/index","temple-102-3598","文化庁DBの緯度・経度欄","official-background","shrine/temple official pool; proportional regional target; 2km spacing; deterministic SHA-256 rank"
"422","富士山本宮浅間神社本殿","神社建築","重要文化財","静岡県","東海","35.227561","138.610016","文化庁・国指定文化財等DB","https://kunishitei.bunka.go.jp/bsys/index","shrine-102-1150","文化庁DBの緯度・経度欄","official-background","shrine/temple official pool; proportional regional target; 2km spacing; deterministic SHA-256 rank"
"423","護徳寺観音堂","寺院建築","重要文化財","新潟県","北陸甲信","37.717776","139.525751","文化庁・国指定文化財等DB","https://kunishitei.bunka.go.jp/bsys/index","temple-102-659","文化庁DBの緯度・経度欄","official-background","shrine/temple official pool; proportional regional target; 2km spacing; deterministic SHA-256 rank"
"424","八幡神社鳥居","神社建築","重要文化財","岡山県","中国","34.720068","133.807545","文化庁・国指定文化財等DB","https://kunishitei.bunka.go.jp/bsys/index","shrine-102-3000","文化庁DBの緯度・経度欄","official-background","shrine/temple official pool; proportional regional target; 2km spacing; deterministic SHA-256 rank"
"425","飯高寺","寺院建築","重要文化財","千葉県","関東","35.742444","140.528519","文化庁・国指定文化財等DB","https://kunishitei.bunka.go.jp/bsys/index","temple-102-481","文化庁DBの緯度・経度欄","official-background","shrine/temple official pool; proportional regional target; 2km spacing; deterministic SHA-256 rank"
"426","日出神社本殿","神社建築","重要文化財","兵庫県","近畿","35.488374","134.993188","文化庁・国指定文化財等DB","https://kunishitei.bunka.go.jp/bsys/index","shrine-102-2427","文化庁DBの緯度・経度欄","official-background","shrine/temple official pool; proportional regional target; 2km spacing; deterministic SHA-256 rank"
"427","白峯寺","寺院建築","重要文化財","香川県","四国","34.343392","133.910573","文化庁・国指定文化財等DB","https://kunishitei.bunka.go.jp/bsys/index","temple-102-00005022","文化庁DBの緯度・経度欄","official-background","shrine/temple official pool; proportional regional target; 2km spacing; deterministic SHA-256 rank"
"428","鹽竈神社","神社建築","重要文化財","宮城県","東北","38.319190","141.012617","文化庁・国指定文化財等DB","https://kunishitei.bunka.go.jp/bsys/index","shrine-102-3738","文化庁DBの緯度・経度欄","official-background","shrine/temple official pool; proportional regional target; 2km spacing; deterministic SHA-256 rank"
"429","来迎寺本堂","寺院建築","重要文化財","三重県","東海","34.571157","136.532302","文化庁・国指定文化財等DB","https://kunishitei.bunka.go.jp/bsys/index","temple-102-1296","文化庁DBの緯度・経度欄","official-background","shrine/temple official pool; proportional regional target; 2km spacing; deterministic SHA-256 rank"
"430","宗像神社辺津宮拝殿","神社建築","重要文化財","福岡県","九州","33.818449","130.511622","文化庁・国指定文化財等DB","https://kunishitei.bunka.go.jp/bsys/index","shrine-102-3488","文化庁DBの緯度・経度欄","official-background","shrine/temple official pool; proportional regional target; 2km spacing; deterministic SHA-256 rank"
"431","光照寺薬師堂","寺院建築","重要文化財","山梨県","北陸甲信","35.690078","138.485890","文化庁・国指定文化財等DB","https://kunishitei.bunka.go.jp/bsys/index","temple-102-897","文化庁DBの緯度・経度欄","official-background","shrine/temple official pool; proportional regional target; 2km spacing; deterministic SHA-256 rank"
"432","妙本寺番神堂","神社建築","重要文化財","岡山県","中国","34.809760","133.704363","文化庁・国指定文化財等DB","https://kunishitei.bunka.go.jp/bsys/index","shrine-102-3091","文化庁DBの緯度・経度欄","official-background","shrine/temple official pool; proportional regional target; 2km spacing; deterministic SHA-256 rank"
"433","栄福寺薬師堂","寺院建築","重要文化財","千葉県","関東","35.788151","140.193480","文化庁・国指定文化財等DB","https://kunishitei.bunka.go.jp/bsys/index","temple-102-489","文化庁DBの緯度・経度欄","official-background","shrine/temple official pool; proportional regional target; 2km spacing; deterministic SHA-256 rank"
"434","千代神社本殿","神社建築","重要文化財","滋賀県","近畿","35.268103","136.255867","文化庁・国指定文化財等DB","https://kunishitei.bunka.go.jp/bsys/index","shrine-102-1392","文化庁DBの緯度・経度欄","official-background","shrine/temple official pool; proportional regional target; 2km spacing; deterministic SHA-256 rank"
"435","金林寺薬師堂","寺院建築","重要文化財","高知県","四国","33.550463","134.046805","文化庁・国指定文化財等DB","https://kunishitei.bunka.go.jp/bsys/index","temple-102-3735","文化庁DBの緯度・経度欄","official-background","shrine/temple official pool; proportional regional target; 2km spacing; deterministic SHA-256 rank"
"436","富士浅間宮本殿","神社建築","重要文化財","静岡県","東海","34.767046","137.950403","文化庁・国指定文化財等DB","https://kunishitei.bunka.go.jp/bsys/index","shrine-102-1154","文化庁DBの緯度・経度欄","official-background","shrine/temple official pool; proportional regional target; 2km spacing; deterministic SHA-256 rank"
"437","法用寺本堂内厨子及び仏壇","寺院建築","重要文化財","福島県","東北","37.488234","139.814181","文化庁・国指定文化財等DB","https://kunishitei.bunka.go.jp/bsys/index","temple-102-225","文化庁DBの緯度・経度欄","official-background","shrine/temple official pool; proportional regional target; 2km spacing; deterministic SHA-256 rank"
"438","与賀神社楼門","神社建築","重要文化財","佐賀県","九州","33.248772","130.294499","文化庁・国指定文化財等DB","https://kunishitei.bunka.go.jp/bsys/index","shrine-102-3503","文化庁DBの緯度・経度欄","official-background","shrine/temple official pool; proportional regional target; 2km spacing; deterministic SHA-256 rank"
"439","大滝山三重塔","寺院建築","重要文化財","岡山県","中国","34.749071","134.138438","文化庁・国指定文化財等DB","https://kunishitei.bunka.go.jp/bsys/index","temple-102-3033","文化庁DBの緯度・経度欄","official-background","shrine/temple official pool; proportional regional target; 2km spacing; deterministic SHA-256 rank"
"440","天神社本殿","神社建築","重要文化財","山梨県","北陸甲信","35.713642","138.663487","文化庁・国指定文化財等DB","https://kunishitei.bunka.go.jp/bsys/index","shrine-102-875","文化庁DBの緯度・経度欄","official-background","shrine/temple official pool; proportional regional target; 2km spacing; deterministic SHA-256 rank"
"441","薬師堂","寺院建築","重要文化財","群馬県","関東","36.614124","138.798982","文化庁・国指定文化財等DB","https://kunishitei.bunka.go.jp/bsys/index","temple-102-422","文化庁DBの緯度・経度欄","official-background","shrine/temple official pool; proportional regional target; 2km spacing; deterministic SHA-256 rank"
"442","高売布神社本殿","神社建築","重要文化財","兵庫県","近畿","34.958764","135.267148","文化庁・国指定文化財等DB","https://kunishitei.bunka.go.jp/bsys/index","shrine-102-2386","文化庁DBの緯度・経度欄","official-background","shrine/temple official pool; proportional regional target; 2km spacing; deterministic SHA-256 rank"
"443","本山寺二王門","寺院建築","重要文化財","香川県","四国","34.139147","133.693621","文化庁・国指定文化財等DB","https://kunishitei.bunka.go.jp/bsys/index","temple-102-3304","文化庁DBの緯度・経度欄","official-background","shrine/temple official pool; proportional regional target; 2km spacing; deterministic SHA-256 rank"
"444","神明社観音堂","神社建築","重要文化財","秋田県","東北","39.892808","140.080664","文化庁・国指定文化財等DB","https://kunishitei.bunka.go.jp/bsys/index","shrine-102-167","文化庁DBの緯度・経度欄","official-background","shrine/temple official pool; proportional regional target; 2km spacing; deterministic SHA-256 rank"
"445","妙源寺柳堂","寺院建築","重要文化財","愛知県","東海","34.948241","137.124220","文化庁・国指定文化財等DB","https://kunishitei.bunka.go.jp/bsys/index","temple-102-1197","文化庁DBの緯度・経度欄","official-background","shrine/temple official pool; proportional regional target; 2km spacing; deterministic SHA-256 rank"
"446","櫻井神社","神社建築","重要文化財","福岡県","九州","33.628233","130.191986","文化庁・国指定文化財等DB","https://kunishitei.bunka.go.jp/bsys/index","shrine-102-00005498","文化庁DBの緯度・経度欄","official-background","shrine/temple official pool; proportional regional target; 2km spacing; deterministic SHA-256 rank"
"447","葛山落合神社本殿","神社建築","重要文化財","長野県","北陸甲信","36.671368","138.129790","文化庁・国指定文化財等DB","https://kunishitei.bunka.go.jp/bsys/index","shrine-102-910","文化庁DBの緯度・経度欄","official-background","shrine/temple official pool; proportional regional target; 2km spacing; deterministic SHA-256 rank"
"448","万福寺本堂","寺院建築","重要文化財","島根県","中国","34.678684","131.859889","文化庁・国指定文化財等DB","https://kunishitei.bunka.go.jp/bsys/index","temple-102-2955","文化庁DBの緯度・経度欄","official-background","shrine/temple official pool; proportional regional target; 2km spacing; deterministic SHA-256 rank"
"449","福徳寺阿弥陀堂","寺院建築","重要文化財","埼玉県","関東","35.897808","139.260446","文化庁・国指定文化財等DB","https://kunishitei.bunka.go.jp/bsys/index","temple-102-451","文化庁DBの緯度・経度欄","official-background","shrine/temple official pool; proportional regional target; 2km spacing; deterministic SHA-256 rank"
"450","豊歳神社本殿","神社建築","重要文化財","兵庫県","近畿","34.870751","135.169815","文化庁・国指定文化財等DB","https://kunishitei.bunka.go.jp/bsys/index","shrine-102-2243","文化庁DBの緯度・経度欄","official-background","shrine/temple official pool; proportional regional target; 2km spacing; deterministic SHA-256 rank"
"451","屋島寺本堂","寺院建築","重要文化財","香川県","四国","34.357879","134.101255","文化庁・国指定文化財等DB","https://kunishitei.bunka.go.jp/bsys/index","temple-102-3277","文化庁DBの緯度・経度欄","official-background","shrine/temple official pool; proportional regional target; 2km spacing; deterministic SHA-256 rank"
"452","高照神社","神社建築","重要文化財","青森県","東北","40.623211","140.355173","文化庁・国指定文化財等DB","https://kunishitei.bunka.go.jp/bsys/index","shrine-102-00003995","文化庁DBの緯度・経度欄","official-background","shrine/temple official pool; proportional regional target; 2km spacing; deterministic SHA-256 rank"
"453","知立神社多宝塔","寺院建築","重要文化財","愛知県","東海","35.012703","137.041394","文化庁・国指定文化財等DB","https://kunishitei.bunka.go.jp/bsys/index","temple-102-1267","文化庁DBの緯度・経度欄","official-background","shrine/temple official pool; proportional regional target; 2km spacing; deterministic SHA-256 rank"
"454","住吉神社本殿","神社建築","重要文化財","福岡県","九州","33.585936","130.413809","文化庁・国指定文化財等DB","https://kunishitei.bunka.go.jp/bsys/index","shrine-102-3464","文化庁DBの緯度・経度欄","official-background","shrine/temple official pool; proportional regional target; 2km spacing; deterministic SHA-256 rank"
"455","白髯神社本殿","神社建築","重要文化財","長野県","北陸甲信","36.672319","137.991230","文化庁・国指定文化財等DB","https://kunishitei.bunka.go.jp/bsys/index","shrine-102-1028","文化庁DBの緯度・経度欄","official-background","shrine/temple official pool; proportional regional target; 2km spacing; deterministic SHA-256 rank"
"456","福成寺本堂内厨子及び須弥壇","寺院建築","重要文化財","広島県","中国","34.378094","132.775005","文化庁・国指定文化財等DB","https://kunishitei.bunka.go.jp/bsys/index","temple-102-3694","文化庁DBの緯度・経度欄","official-background","shrine/temple official pool; proportional regional target; 2km spacing; deterministic SHA-256 rank"
"457","旧燈明寺本堂","寺院建築","重要文化財","神奈川県","関東","35.416234","139.660394","文化庁・国指定文化財等DB","https://kunishitei.bunka.go.jp/bsys/index","temple-102-575","文化庁DBの緯度・経度欄","official-background","shrine/temple official pool; proportional regional target; 2km spacing; deterministic SHA-256 rank"
"458","新宮神社表門","神社建築","重要文化財","滋賀県","近畿","34.920773","136.161559","文化庁・国指定文化財等DB","https://kunishitei.bunka.go.jp/bsys/index","shrine-102-1470","文化庁DBの緯度・経度欄","official-background","shrine/temple official pool; proportional regional target; 2km spacing; deterministic SHA-256 rank"
"459","立石寺三重小塔","寺院建築","重要文化財","山形県","東北","38.314993","140.434131","文化庁・国指定文化財等DB","https://kunishitei.bunka.go.jp/bsys/index","temple-102-177","文化庁DBの緯度・経度欄","official-background","shrine/temple official pool; proportional regional target; 2km spacing; deterministic SHA-256 rank"
"460","高倉神社","神社建築","重要文化財","三重県","東海","34.796352","136.090474","文化庁・国指定文化財等DB","https://kunishitei.bunka.go.jp/bsys/index","shrine-102-1301","文化庁DBの緯度・経度欄","official-background","shrine/temple official pool; proportional regional target; 2km spacing; deterministic SHA-256 rank"
"461","龍岩寺奥院礼堂","寺院建築","重要文化財","大分県","九州","33.404652","131.270888","文化庁・国指定文化財等DB","https://kunishitei.bunka.go.jp/bsys/index","temple-102-3620","文化庁DBの緯度・経度欄","official-background","shrine/temple official pool; proportional regional target; 2km spacing; deterministic SHA-256 rank"
"462","松苧神社本殿","神社建築","重要文化財","新潟県","北陸甲信","37.147680","138.646386","文化庁・国指定文化財等DB","https://kunishitei.bunka.go.jp/bsys/index","shrine-102-681","文化庁DBの緯度・経度欄","official-background","shrine/temple official pool; proportional regional target; 2km spacing; deterministic SHA-256 rank"
"463","如法寺仏殿","寺院建築","重要文化財","愛媛県","四国","33.506449","132.554536","文化庁・国指定文化財等DB","https://kunishitei.bunka.go.jp/bsys/index","temple-102-3380","文化庁DBの緯度・経度欄","official-background","shrine/temple official pool; proportional regional target; 2km spacing; deterministic SHA-256 rank"
"464","吉香神社","神社建築","重要文化財","山口県","中国","34.171875","132.176515","文化庁・国指定文化財等DB","https://kunishitei.bunka.go.jp/bsys/index","shrine-102-00003898","文化庁DBの緯度・経度欄","official-background","shrine/temple official pool; proportional regional target; 2km spacing; deterministic SHA-256 rank"
"465","笠森寺観音堂","寺院建築","重要文化財","千葉県","関東","35.399622","140.198971","文化庁・国指定文化財等DB","https://kunishitei.bunka.go.jp/bsys/index","temple-102-492","文化庁DBの緯度・経度欄","official-background","shrine/temple official pool; proportional regional target; 2km spacing; deterministic SHA-256 rank"
"466","齋神社本殿","神社建築","重要文化財","京都府","近畿","35.290033","135.309819","文化庁・国指定文化財等DB","https://kunishitei.bunka.go.jp/bsys/index","shrine-102-00005578","文化庁DBの緯度・経度欄","official-background","shrine/temple official pool; proportional regional target; 2km spacing; deterministic SHA-256 rank"
"467","天恩寺仏殿","寺院建築","重要文化財","愛知県","東海","34.924203","137.313733","文化庁・国指定文化財等DB","https://kunishitei.bunka.go.jp/bsys/index","temple-102-1279","文化庁DBの緯度・経度欄","official-background","shrine/temple official pool; proportional regional target; 2km spacing; deterministic SHA-256 rank"
"468","月山神社出羽神社湯殿山神社摂社月山出羽湯殿山三神社社殿（旧日月堂本堂）","神社建築","重要文化財","山形県","東北","38.457235","140.101770","文化庁・国指定文化財等DB","https://kunishitei.bunka.go.jp/bsys/index","shrine-102-3681","文化庁DBの緯度・経度欄","official-background","shrine/temple official pool; proportional regional target; 2km spacing; deterministic SHA-256 rank"
"469","神角寺本堂","寺院建築","重要文化財","大分県","九州","33.054914","131.456651","文化庁・国指定文化財等DB","https://kunishitei.bunka.go.jp/bsys/index","temple-102-3616","文化庁DBの緯度・経度欄","official-background","shrine/temple official pool; proportional regional target; 2km spacing; deterministic SHA-256 rank"
"470","雄山神社前立社壇本殿","神社建築","重要文化財","富山県","北陸甲信","36.607845","137.315265","文化庁・国指定文化財等DB","https://kunishitei.bunka.go.jp/bsys/index","shrine-102-739","文化庁DBの緯度・経度欄","official-background","shrine/temple official pool; proportional regional target; 2km spacing; deterministic SHA-256 rank"
"471","祥雲寺観音堂","寺院建築","重要文化財","愛媛県","四国","34.251036","133.136793","文化庁・国指定文化財等DB","https://kunishitei.bunka.go.jp/bsys/index","temple-102-3387","文化庁DBの緯度・経度欄","official-background","shrine/temple official pool; proportional regional target; 2km spacing; deterministic SHA-256 rank"
"472","八幡宮","神社建築","重要文化財","島根県","中国","34.454330","131.756698","文化庁・国指定文化財等DB","https://kunishitei.bunka.go.jp/bsys/index","shrine-102-00004548","文化庁DBの緯度・経度欄","official-background","shrine/temple official pool; proportional regional target; 2km spacing; deterministic SHA-256 rank"
"473","木幡神社楼門","神社建築","重要文化財","栃木県","関東","36.790195","139.933127","文化庁・国指定文化財等DB","https://kunishitei.bunka.go.jp/bsys/index","shrine-102-380","文化庁DBの緯度・経度欄","official-background","shrine/temple official pool; proportional regional target; 2km spacing; deterministic SHA-256 rank"
"474","榮山寺八角堂","寺院建築","国宝","奈良県","近畿","34.355898","135.721159","文化庁・国指定文化財等DB","https://kunishitei.bunka.go.jp/bsys/index","temple-102-2655","文化庁DBの緯度・経度欄","official-background","shrine/temple official pool; proportional regional target; 2km spacing; deterministic SHA-256 rank"
"475","滝山寺三門","寺院建築","重要文化財","愛知県","東海","34.984157","137.199495","文化庁・国指定文化財等DB","https://kunishitei.bunka.go.jp/bsys/index","temple-102-1195","文化庁DBの緯度・経度欄","official-background","shrine/temple official pool; proportional regional target; 2km spacing; deterministic SHA-256 rank"
"476","大崎八幡宮","神社建築","国宝","宮城県","東北","38.272522","140.844997","文化庁・国指定文化財等DB","https://kunishitei.bunka.go.jp/bsys/index","shrine-102-116","文化庁DBの緯度・経度欄","official-background","shrine/temple official pool; proportional regional target; 2km spacing; deterministic SHA-256 rank"
"477","丈六寺本堂（元方丈）","寺院建築","重要文化財","徳島県","四国","34.005172","134.550954","文化庁・国指定文化財等DB","https://kunishitei.bunka.go.jp/bsys/index","temple-102-3244","文化庁DBの緯度・経度欄","official-background","shrine/temple official pool; proportional regional target; 2km spacing; deterministic SHA-256 rank"
"478","高千穂神社本殿","神社建築","重要文化財","宮崎県","九州","32.706488","131.301910","文化庁・国指定文化財等DB","https://kunishitei.bunka.go.jp/bsys/index","shrine-102-00003883","文化庁DBの緯度・経度欄","official-background","shrine/temple official pool; proportional regional target; 2km spacing; deterministic SHA-256 rank"
"479","熊野神社本殿","神社建築","重要文化財","山梨県","北陸甲信","35.691886","138.725539","文化庁・国指定文化財等DB","https://kunishitei.bunka.go.jp/bsys/index","shrine-102-852","文化庁DBの緯度・経度欄","official-background","shrine/temple official pool; proportional regional target; 2km spacing; deterministic SHA-256 rank"
"480","竹林寺本堂","寺院建築","重要文化財","広島県","中国","34.459315","132.874222","文化庁・国指定文化財等DB","https://kunishitei.bunka.go.jp/bsys/index","temple-102-3187","文化庁DBの緯度・経度欄","official-background","shrine/temple official pool; proportional regional target; 2km spacing; deterministic SHA-256 rank"
"481","瑞聖寺大雄宝殿","寺院建築","重要文化財","東京都","関東","35.637294","139.726933","文化庁・国指定文化財等DB","https://kunishitei.bunka.go.jp/bsys/index","temple-102-512","文化庁DBの緯度・経度欄","official-background","shrine/temple official pool; proportional regional target; 2km spacing; deterministic SHA-256 rank"
"482","伽耶院","神社建築","重要文化財","兵庫県","近畿","34.805613","135.059030","文化庁・国指定文化財等DB","https://kunishitei.bunka.go.jp/bsys/index","shrine-102-2376","文化庁DBの緯度・経度欄","official-background","shrine/temple official pool; proportional regional target; 2km spacing; deterministic SHA-256 rank"
"483","東観音寺多宝塔","寺院建築","重要文化財","愛知県","東海","34.683015","137.439308","文化庁・国指定文化財等DB","https://kunishitei.bunka.go.jp/bsys/index","temple-102-1194","文化庁DBの緯度・経度欄","official-background","shrine/temple official pool; proportional regional target; 2km spacing; deterministic SHA-256 rank"
"484","赤神神社五社堂（中央堂）内厨子","神社建築","重要文化財","秋田県","東北","39.870672","139.750878","文化庁・国指定文化財等DB","https://kunishitei.bunka.go.jp/bsys/index","shrine-102-158","文化庁DBの緯度・経度欄","official-background","shrine/temple official pool; proportional regional target; 2km spacing; deterministic SHA-256 rank"
"485","国分寺本堂","寺院建築","重要文化財","香川県","四国","34.303092","133.944170","文化庁・国指定文化財等DB","https://kunishitei.bunka.go.jp/bsys/index","temple-102-3298","文化庁DBの緯度・経度欄","official-background","shrine/temple official pool; proportional regional target; 2km spacing; deterministic SHA-256 rank"
"486","興玉神社内神殿","神社建築","重要文化財","宮崎県","九州","31.688824","131.092809","文化庁・国指定文化財等DB","https://kunishitei.bunka.go.jp/bsys/index","shrine-102-3624","文化庁DBの緯度・経度欄","official-background","shrine/temple official pool; proportional regional target; 2km spacing; deterministic SHA-256 rank"
"487","西福寺","寺院建築","重要文化財","福井県","北陸甲信","35.656764","136.031832","文化庁・国指定文化財等DB","https://kunishitei.bunka.go.jp/bsys/index","temple-102-00004273","文化庁DBの緯度・経度欄","official-background","shrine/temple official pool; proportional regional target; 2km spacing; deterministic SHA-256 rank"
"488","飯香岡八幡宮本殿","神社建築","重要文化財","千葉県","関東","35.537521","140.117787","文化庁・国指定文化財等DB","https://kunishitei.bunka.go.jp/bsys/index","shrine-102-484","文化庁DBの緯度・経度欄","official-background","shrine/temple official pool; proportional regional target; 2km spacing; deterministic SHA-256 rank"
"489","磐台寺観音堂","寺院建築","重要文化財","広島県","中国","34.382510","133.354346","文化庁・国指定文化財等DB","https://kunishitei.bunka.go.jp/bsys/index","temple-102-3192","文化庁DBの緯度・経度欄","official-background","shrine/temple official pool; proportional regional target; 2km spacing; deterministic SHA-256 rank"
"490","由岐神社拝殿","神社建築","重要文化財","京都府","近畿","35.115939","135.771714","文化庁・国指定文化財等DB","https://kunishitei.bunka.go.jp/bsys/index","shrine-102-1683","文化庁DBの緯度・経度欄","official-background","shrine/temple official pool; proportional regional target; 2km spacing; deterministic SHA-256 rank"
"491","旧崇元寺第一門及び石牆","寺院建築","重要文化財","沖縄県","沖縄","26.220350","127.690587","文化庁・国指定文化財等DB","https://kunishitei.bunka.go.jp/bsys/index","temple-102-3646","文化庁DBの緯度・経度欄","official-background","shrine/temple official pool; proportional regional target; 2km spacing; deterministic SHA-256 rank"
"492","東照宮","神社建築","重要文化財","愛知県","東海","34.978992","137.586281","文化庁・国指定文化財等DB","https://kunishitei.bunka.go.jp/bsys/index","shrine-102-1287","文化庁DBの緯度・経度欄","official-background","shrine/temple official pool; proportional regional target; 2km spacing; deterministic SHA-256 rank"
"493","正行寺本堂","寺院建築","重要文化財","北海道","北海道","43.035962","144.846694","文化庁・国指定文化財等DB","https://kunishitei.bunka.go.jp/bsys/index","temple-102-40","文化庁DBの緯度・経度欄","official-background","shrine/temple official pool; proportional regional target; 2km spacing; deterministic SHA-256 rank"
"494","波宇志別神社神楽殿","神社建築","重要文化財","秋田県","東北","39.367791","140.365707","文化庁・国指定文化財等DB","https://kunishitei.bunka.go.jp/bsys/index","shrine-102-171","文化庁DBの緯度・経度欄","official-background","shrine/temple official pool; proportional regional target; 2km spacing; deterministic SHA-256 rank"
"495","泉福寺仏殿","寺院建築","重要文化財","大分県","九州","33.577427","131.670677","文化庁・国指定文化財等DB","https://kunishitei.bunka.go.jp/bsys/index","temple-102-3716","文化庁DBの緯度・経度欄","official-background","shrine/temple official pool; proportional regional target; 2km spacing; deterministic SHA-256 rank"
"496","若宮八幡社本殿","神社建築","重要文化財","長野県","北陸甲信","36.221245","137.982823","文化庁・国指定文化財等DB","https://kunishitei.bunka.go.jp/bsys/index","shrine-102-925","文化庁DBの緯度・経度欄","official-background","shrine/temple official pool; proportional regional target; 2km spacing; deterministic SHA-256 rank"
"497","浄土寺本堂","寺院建築","重要文化財","愛媛県","四国","33.816803","132.807913","文化庁・国指定文化財等DB","https://kunishitei.bunka.go.jp/bsys/index","temple-102-3343","文化庁DBの緯度・経度欄","official-background","shrine/temple official pool; proportional regional target; 2km spacing; deterministic SHA-256 rank"
"498","大宝八幡神社本殿","神社建築","重要文化財","茨城県","関東","36.204850","139.971396","文化庁・国指定文化財等DB","https://kunishitei.bunka.go.jp/bsys/index","shrine-102-240","文化庁DBの緯度・経度欄","official-background","shrine/temple official pool; proportional regional target; 2km spacing; deterministic SHA-256 rank"
"499","餘慶寺本堂","寺院建築","重要文化財","岡山県","中国","34.654442","134.061408","文化庁・国指定文化財等DB","https://kunishitei.bunka.go.jp/bsys/index","temple-102-3066","文化庁DBの緯度・経度欄","official-background","shrine/temple official pool; proportional regional target; 2km spacing; deterministic SHA-256 rank"
"500","聖神社","神社建築","重要文化財","大阪府","近畿","34.501187","135.446947","文化庁・国指定文化財等DB","https://kunishitei.bunka.go.jp/bsys/index","shrine-102-2202","文化庁DBの緯度・経度欄","official-background","shrine/temple official pool; proportional regional target; 2km spacing; deterministic SHA-256 rank"
