"台帳ID","管理対象ID","名称","棟名","文化財種類","種別1","種別2","国","時代","重文指定年月日","国宝指定年月日","都道府県","所在地","保管施設の名称","所有者名","管理団体又は責任者","緯度","経度","source_query"
"102","85","岩木山神社","中門","国宝・重要文化財（建造物）","重要文化財","近世以前／神社","","江戸中期","19860122","","青森県","青森県弘前市百沢","","岩木山神社","","40.62143272000000","140.34112476000000","102-shrine"
"102","84","岩木山神社","瑞垣","国宝・重要文化財（建造物）","重要文化財","近世以前／神社","","江戸中期","19710622","","青森県","青森県弘前市百沢","","岩木山神社","","40.62144671000000","140.34099842000000","102-shrine"
"102","83","岩木山神社","奥門","国宝・重要文化財（建造物）","重要文化財","近世以前／神社","","江戸中期","19710622","","青森県","青森県弘前市百沢","","岩木山神社","","40.62177152000000","140.34077547000000","102-shrine"
"102","82","岩木山神社","本殿","国宝・重要文化財（建造物）","重要文化財","近世以前／神社","","江戸中期","19710622","","青森県","青森県弘前市百沢","","岩木山神社","","40.62185546000000","140.34066312000000","102-shrine"
"102","81","岩木山神社楼門","","国宝・重要文化財（建造物）","重要文化財","近世以前／神社","","江戸前期","19080423","","青森県","青森県弘前市百沢","","岩木山神社","","40.62103972000000","140.34156280000000","102-shrine"
"102","75","櫛引八幡宮","南門","国宝・重要文化財（建造物）","重要文化財","近世以前／神社","","江戸前期","19930420","","青森県","青森県八戸市大字八幡字八幡丁","","櫛引八幡宮","","40.48983725000000","141.43486704000000","102-shrine"
"102","72","櫛引八幡宮","旧拝殿","国宝・重要文化財（建造物）","重要文化財","近世以前／神社","","江戸前期","19930420","","青森県","青森県八戸市大字八幡字八幡丁","","櫛引八幡宮","","40.48990019000000","141.43425030000000","102-shrine"
"102","74","櫛引八幡宮","末社春日社本殿","国宝・重要文化財（建造物）","重要文化財","近世以前／神社","","江戸前期","19930420","","青森県","青森県八戸市大字八幡字八幡丁","","櫛引八幡宮","","40.49015192000000","141.43455553000000","102-shrine"
"102","73","櫛引八幡宮","末社神明宮本殿","国宝・重要文化財（建造物）","重要文化財","近世以前／神社","","江戸前期","19930420","","青森県","青森県八戸市大字八幡字八幡丁","","櫛引八幡宮","","40.49018338000000","141.43504011000000","102-shrine"
"102","71","櫛引八幡宮","本殿","国宝・重要文化財（建造物）","重要文化財","近世以前／神社","","江戸前期","19930420","","青森県","青森県八戸市大字八幡字八幡丁","","櫛引八幡宮","","40.49032183000000","141.43478523000000","102-shrine"
"102","66","熊野奥照神社本殿","","国宝・重要文化財（建造物）","重要文化財","近世以前／神社","","桃山","19540917","","青森県","青森県弘前市大字田町四丁目","","熊野奥照神社","","40.61262419000000","140.47997107000000","102-shrine"
"102","00003995","高照神社","随神門","国宝・重要文化財（建造物）","重要文化財","近世以前／神社","","江戸後期","20060705","","青森県","青森県弘前市大字高岡","","高照神社","","40.62321069000000","140.35517283000000","102-shrine"
"102","00003994","高照神社","拝殿及び幣殿","国宝・重要文化財（建造物）","重要文化財","近世以前／神社","","江戸後期","20060705","","青森県","青森県弘前市大字高岡","","高照神社","","40.62323013000000","140.35469985000000","102-shrine"
"102","00003993","高照神社","東軒廊","国宝・重要文化財（建造物）","重要文化財","近世以前／神社","","江戸中期","20060705","","青森県","青森県弘前市大字高岡","","高照神社","","40.62324503000000","140.35452483000000","102-shrine"
"102","00003992","高照神社","西軒廊","国宝・重要文化財（建造物）","重要文化財","近世以前／神社","","江戸中期","20060705","","青森県","青森県弘前市大字高岡","","高照神社","","40.62324680000000","140.35439442000000","102-shrine"
"102","00003991","高照神社","中門","国宝・重要文化財（建造物）","重要文化財","近世以前／神社","","江戸中期","20060705","","青森県","青森県弘前市大字高岡","","高照神社","","40.62324839000000","140.35446540000000","102-shrine"
"102","00003990","高照神社","本殿","国宝・重要文化財（建造物）","重要文化財","近世以前／神社","","江戸中期","20060705","","青森県","青森県弘前市大字高岡","","高照神社","","40.62326309000000","140.35425194000000","102-shrine"
"102","00003999","高照神社","廟所門","国宝・重要文化財（建造物）","重要文化財","近世以前／神社","","江戸後期","20060705","","青森県","青森県弘前市大字高岡","","","高照神社","40.62339281000000","140.35216636000000","102-shrine"
"102","00003998","高照神社","廟所拝殿","国宝・重要文化財（建造物）","重要文化財","近世以前／神社","","江戸中期","20060705","","青森県","青森県弘前市大字高岡","","","高照神社","40.62340269000000","140.35203711000000","102-shrine"
"102","00003997","高照神社","津軽信政公墓　（２）","国宝・重要文化財（建造物）","重要文化財","近世以前／神社","","江戸後期","20060705","","青森県","青森県弘前市大字高岡","","","高照神社","40.62340750000000","140.35195444000000","102-shrine"
"102","00003996","高照神社","津軽信政公墓　（１）","国宝・重要文化財（建造物）","重要文化財","近世以前／神社","","江戸中期","20060705","","青森県","青森県弘前市大字高岡","","","高照神社","40.62340877000000","140.35188801000000","102-shrine"
"102","48","津軽家霊屋","凌雲臺","国宝・重要文化財（建造物）","重要文化財","近世以前／神社","","江戸後期","19860122","","青森県","青森県弘前市大字西茂森一丁目","","長勝寺","","40.59752244000000","140.45047632000000","102-shrine"
"102","47","津軽家霊屋","白雲臺","国宝・重要文化財（建造物）","重要文化財","近世以前／神社","","江戸前期","19860122","","青森県","青森県弘前市大字西茂森一丁目","","長勝寺","","40.59780666000000","140.45042205000000","102-shrine"
"102","46","津軽家霊屋","明鏡臺","国宝・重要文化財（建造物）","重要文化財","近世以前／神社","","江戸前期","19860122","","青森県","青森県弘前市大字西茂森一丁目","","長勝寺","","40.59809317000000","140.45039824000000","102-shrine"
"102","45","津軽家霊屋","碧巖臺","国宝・重要文化財（建造物）","重要文化財","近世以前／神社","","江戸前期","19860122","","青森県","青森県弘前市大字西茂森一丁目","","長勝寺","","40.59833927000000","140.45038885000000","102-shrine"
"102","44","津軽家霊屋","環月臺","国宝・重要文化財（建造物）","重要文化財","近世以前／神社","","江戸中期","19860122","","青森県","青森県弘前市大字西茂森一丁目","","長勝寺","","40.59855379000000","140.45025386000000","102-shrine"
"102","64","津軽為信霊屋","","国宝・重要文化財（建造物）","重要文化財","近世以前／神社","","江戸前期","19531114","","青森県","青森県弘前市大字藤代一丁目","","革秀寺","","40.61233674000000","140.44998722000000","102-shrine"
"102","63","東照宮本殿","","国宝・重要文化財（建造物）","重要文化財","近世以前／神社","","江戸前期","19531114","","青森県","青森県弘前市大字笹森町","","弘前市","","40.60822295000000","140.47457345000000","102-shrine"
"102","88","南部利康霊屋","","国宝・重要文化財（建造物）","重要文化財","近世以前／神社","","江戸前期","19531114","","青森県","青森県三戸郡南部町大字小向","","","南部町","40.41431886000000","141.26561289000000","102-shrine"
"102","52","弘前八幡宮","唐門","国宝・重要文化財（建造物）","重要文化財","近世以前／神社","","桃山","19360918","","青森県","青森県弘前市大字八幡町一丁目","","弘前八幡宮","","40.61621757000000","140.47930471000000","102-shrine"
"102","51","弘前八幡宮","本殿","国宝・重要文化財（建造物）","重要文化財","近世以前／神社","","桃山","19360918","","青森県","青森県弘前市大字八幡町一丁目","","弘前八幡宮","","40.61631188000000","140.47930853000000","102-shrine"
"102","100","日高神社本殿","","国宝・重要文化財（建造物）","重要文化財","近世以前／神社","","江戸前期","19900911","","岩手県","岩手県奥州市水沢区日高小路","","日高神社","","39.14284534000000","141.13234889000000","102-shrine"
"102","138","圓通院霊屋","","国宝・重要文化財（建造物）","重要文化財","近世以前／神社","","江戸前期","19850518","","宮城県","宮城県宮城郡松島町松島","","圓通院","","38.37136277000000","141.05965176000000","102-shrine"
"102","116","大崎八幡宮","","国宝・重要文化財（建造物）","国宝","近世以前／神社","","桃山","19030415","19521122","宮城県","宮城県仙台市青葉区八幡四丁目","","大崎八幡宮","","38.27252153000000","140.84499749000000","102-shrine"
"102","117","大崎八幡宮長床","","国宝・重要文化財（建造物）","重要文化財","近世以前／神社","","江戸中期","19660611","","宮城県","宮城県仙台市青葉区八幡四丁目","","大崎八幡宮","","38.27226090000000","140.84501040000000","102-shrine"
"102","3751","鹽竈神社","鳥居","国宝・重要文化財（建造物）","重要文化財","近世以前／神社","","江戸中期","20021226","","宮城県","宮城県塩竈市一森山","","志波彦神社
鹽竈神社","","38.31741137000000","141.01214537000000","102-shrine"
"102","3750","鹽竈神社","随身門","国宝・重要文化財（建造物）","重要文化財","近世以前／神社","","江戸中期","20021226","","宮城県","宮城県塩竈市一森山","","志波彦神社
鹽竈神社","","38.31841864000000","141.01246014000000","102-shrine"
"102","3747","鹽竈神社","別宮瑞垣","国宝・重要文化財（建造物）","重要文化財","近世以前／神社","","江戸中期","20021226","","宮城県","宮城県塩竈市一森山","","志波彦神社
鹽竈神社","","38.31860255000000","141.01324240000000","102-shrine"
"102","3744","鹽竈神社","別宮本殿","国宝・重要文化財（建造物）","重要文化財","近世以前／神社","","江戸中期","20021226","","宮城県","宮城県塩竈市一森山","","志波彦神社
鹽竈神社","","38.31862414000000","141.01315854000000","102-shrine"
"102","3745","鹽竈神社","別宮幣殿","国宝・重要文化財（建造物）","重要文化財","近世以前／神社","","江戸中期","20021226","","宮城県","宮城県塩竈市一森山","","志波彦神社
鹽竈神社","","38.31863175000000","141.01308750000000","102-shrine"
"102","3749","鹽竈神社","門及び廻廊","国宝・重要文化財（建造物）","重要文化財","近世以前／神社","","江戸中期","20021226","","宮城県","宮城県塩竈市一森山","","志波彦神社
鹽竈神社","","38.31864248000000","141.01253009000000","102-shrine"
"102","3746","鹽竈神社","別宮廻廊","国宝・重要文化財（建造物）","重要文化財","近世以前／神社","","江戸中期","20021226","","宮城県","宮城県塩竈市一森山","","志波彦神社
鹽竈神社","","38.31864444000000","141.01302914000000","102-shrine"
"102","3748","鹽竈神社","別宮拝殿","国宝・重要文化財（建造物）","重要文化財","近世以前／神社","","江戸中期","20021226","","宮城県","宮城県塩竈市一森山","","志波彦神社
鹽竈神社","","38.31870026000000","141.01287184000000","102-shrine"
"102","3743","鹽竈神社","左右宮拝殿","国宝・重要文化財（建造物）","重要文化財","近世以前／神社","","江戸中期","20021226","","宮城県","宮城県塩竈市一森山","","志波彦神社
鹽竈神社","","38.31892733000000","141.01266824000000","102-shrine"
"102","3741","鹽竈神社","左右宮廻廊","国宝・重要文化財（建造物）","重要文化財","近世以前／神社","","江戸中期","20021226","","宮城県","宮城県塩竈市一森山","","志波彦神社
鹽竈神社","","38.31907575000000","141.01267205000000","102-shrine"
"102","3739","鹽竈神社","左宮幣殿","国宝・重要文化財（建造物）","重要文化財","近世以前／神社","","江戸中期","20021226","","宮城県","宮城県塩竈市一森山","","志波彦神社
鹽竈神社","","38.31908717000000","141.01278051000000","102-shrine"
"102","3740","鹽竈神社","右宮幣殿","国宝・重要文化財（建造物）","重要文化財","近世以前／神社","","江戸中期","20021226","","宮城県","宮城県塩竈市一森山","","志波彦神社
鹽竈神社","","38.31912142000000","141.01260735000000","102-shrine"
"102","3737","鹽竈神社","左宮本殿","国宝・重要文化財（建造物）","重要文化財","近世以前／神社","","江戸中期","20021226","","宮城県","宮城県塩竈市一森山","","志波彦神社
鹽竈神社","","38.31914615000000","141.01279002000000","102-shrine"
"102","3738","鹽竈神社","右宮本殿","国宝・重要文化財（建造物）","重要文化財","近世以前／神社","","江戸中期","20021226","","宮城県","宮城県塩竈市一森山","","志波彦神社
鹽竈神社","","38.31918992000000","141.01261686000000","102-shrine"
"102","3742","鹽竈神社","左右宮瑞垣","国宝・重要文化財（建造物）","重要文化財","近世以前／神社","","江戸中期","20021226","","宮城県","宮城県塩竈市一森山","","志波彦神社
鹽竈神社","","38.31924700000000","141.01272342000000","102-shrine"
"102","122","東照宮","鳥居","国宝・重要文化財（建造物）","重要文化財","近世以前／神社","","江戸前期","19530331","","宮城県","宮城県仙台市青葉区東照宮一丁目","","東照宮","","38.27882080000000","140.88491112000000","102-shrine"
"102","121","東照宮","随身門","国宝・重要文化財（建造物）","重要文化財","近世以前／神社","","江戸前期","19800126","","宮城県","宮城県仙台市青葉区東照宮一丁目","","東照宮","","38.27976642000000","140.88502548000000","102-shrine"
"102","119","東照宮","唐門","国宝・重要文化財（建造物）","重要文化財","近世以前／神社","","江戸前期","19530331","","宮城県","宮城県仙台市青葉区東照宮一丁目","","東照宮","","38.28011762000000","140.88505422000000","102-shrine"
"102","118","東照宮","本殿","国宝・重要文化財（建造物）","重要文化財","近世以前／神社","","江戸前期","19530331","","宮城県","宮城県仙台市青葉区東照宮一丁目","","東照宮","","38.28021952000000","140.88506457000000","102-shrine"
"102","120","東照宮","透塀","国宝・重要文化財（建造物）","重要文化財","近世以前／神社","","江戸前期","19530331","","宮城県","宮城県仙台市青葉区東照宮一丁目","","東照宮","","38.28029370000000","140.88507351000000","102-shrine"
"102","00004568","陽徳院霊屋","","国宝・重要文化財（建造物）","重要文化財","近世以前／神社","","江戸前期","20120709","","宮城県","宮城県宮城郡松島町松島","","陽徳院","","38.37322814000000","141.06019052000000","102-shrine"
"102","163","赤神神社五社堂","十禅師堂","国宝・重要文化財（建造物）","重要文化財","近世以前／神社","","江戸中期","19900319","","秋田県","秋田県男鹿市船川港本山門前字秡川","","赤神神社","","39.87062000000000","139.75072515000000","102-shrine"
"102","162","赤神神社五社堂","八王子堂","国宝・重要文化財（建造物）","重要文化財","近世以前／神社","","江戸中期","19900319","","秋田県","秋田県男鹿市船川港本山門前字秡川","","赤神神社","","39.87064716000000","139.75078915000000","102-shrine"
"102","161","赤神神社五社堂","赤神権現堂","国宝・重要文化財（建造物）","重要文化財","近世以前／神社","","江戸中期","19900319","","秋田県","秋田県男鹿市船川港本山門前字秡川","","赤神神社","","39.87067237000000","139.75087837000000","102-shrine"
"102","160","赤神神社五社堂","客人権現堂","国宝・重要文化財（建造物）","重要文化財","近世以前／神社","","江戸中期","19900319","","秋田県","秋田県男鹿市船川港本山門前字秡川","","赤神神社","","39.87071504000000","139.75095595000000","102-shrine"
"102","159","赤神神社五社堂","三の宮堂","国宝・重要文化財（建造物）","重要文化財","近世以前／神社","","江戸中期","19900319","","秋田県","秋田県男鹿市船川港本山門前字秡川","","赤神神社","","39.87073832000000","139.75102190000000","102-shrine"
"102","158","赤神神社五社堂（中央堂）内厨子","","国宝・重要文化財（建造物）","重要文化財","近世以前／神社","","室町後期","19670615","","秋田県","秋田県男鹿市船川港本山門前字秡川","","赤神神社","男鹿市","39.87067237000000","139.75087837000000","102-shrine"
"102","164","古四王神社本殿","","国宝・重要文化財（建造物）","重要文化財","近世以前／神社","","室町後期","19080423","","秋田県","秋田県大仙市大曲字古四王際","","古四王神社","","39.43797131000000","140.49894954000000","102-shrine"
"102","155","佐竹家霊屋","","国宝・重要文化財（建造物）","重要文化財","近世以前／神社","","江戸中期","19900319","","秋田県","秋田県秋田市泉三嶽根","","","天徳寺","39.73914510000000","140.11934308000000","102-shrine"
"102","167","神明社観音堂","","国宝・重要文化財（建造物）","重要文化財","近世以前／神社","","江戸中期","19521122","","秋田県","秋田県潟上市飯田川飯塚字中山","","神明社","","39.89280804000000","140.08066423000000","102-shrine"
"102","171","波宇志別神社神楽殿","","国宝・重要文化財（建造物）","重要文化財","近世以前／神社","","室町中期","19800126","","秋田県","秋田県横手市大森町八沢木","","波宇志別神社","","39.36779120000000","140.36570697000000","102-shrine"
"102","157","八幡神社","若宮八幡宮本殿","国宝・重要文化財（建造物）","重要文化財","近世以前／神社","","江戸中期","19900319","","秋田県","秋田県大館市字八幡","","八幡神社","","40.27406453000000","140.57191620000000","102-shrine"
"102","156","八幡神社","正八幡宮本殿","国宝・重要文化財（建造物）","重要文化財","近世以前／神社","","江戸中期","19900319","","秋田県","秋田県大館市字八幡","","八幡神社","","40.27413091000000","140.57189850000000","102-shrine"
"102","173","三輪神社","境内社須賀神社本殿","国宝・重要文化財（建造物）","重要文化財","近世以前／神社","","江戸前期","19540320","","秋田県","秋田県雄勝郡羽後町杉宮字宮林","","三輪神社","","39.19733379000000","140.43291459000000","102-shrine"
"102","172","三輪神社","本殿","国宝・重要文化財（建造物）","重要文化財","近世以前／神社","","室町後期","19540320","","秋田県","秋田県雄勝郡羽後町杉宮字宮林","","三輪神社","","39.19737016000000","140.43265866000000","102-shrine"
"102","3783","飯野八幡宮","楼門","国宝・重要文化財（建造物）","重要文化財","近世以前／神社","","江戸前期","20021226","","福島県","福島県いわき市平字八幡小路","","飯野八幡宮","","37.05978558000000","140.88221968000000","102-shrine"
"102","3781","飯野八幡宮","神楽殿","国宝・重要文化財（建造物）","重要文化財","近世以前／神社","","江戸前期","20021226","","福島県","福島県いわき市平字八幡小路","","飯野八幡宮","","37.06003463000000","140.88224188000000","102-shrine"
"102","3782","飯野八幡宮","唐門","国宝・重要文化財（建造物）","重要文化財","近世以前／神社","","江戸中期","20021226","","福島県","福島県いわき市平字八幡小路","","飯野八幡宮","","37.06004414000000","140.88216416000000","102-shrine"
"102","3784","飯野八幡宮","宝蔵","国宝・重要文化財（建造物）","重要文化財","近世以前／神社","","江戸前期","20021226","","福島県","福島県いわき市平字八幡小路","","飯野八幡宮","","37.06006159000000","140.88191669000000","102-shrine"
"102","3780","飯野八幡宮","仮殿","国宝・重要文化財（建造物）","重要文化財","近世以前／神社","","江戸中期","20021226","","福島県","福島県いわき市平字八幡小路","","飯野八幡宮","","37.06020277000000","140.88193573000000","102-shrine"
"102","3779","飯野八幡宮","若宮八幡神社本殿","国宝・重要文化財（建造物）","重要文化財","近世以前／神社","","江戸前期","20021226","","福島県","福島県いわき市平字八幡小路","","飯野八幡宮","","37.06026940000000","140.88231961000000","102-shrine"
"102","205","飯野八幡宮","本殿","国宝・重要文化財（建造物）","重要文化財","近世以前／神社","","江戸前期","19830107","","福島県","福島県いわき市平字八幡小路","","飯野八幡宮","","37.06034554000000","140.88210546000000","102-shrine"
"102","207","熊野神社長床","","国宝・重要文化財（建造物）","重要文化財","近世以前／神社","","鎌倉前期","19630701","","福島県","福島県喜多方市慶徳町新宮字熊野","","熊野神社","","37.61901985000000","139.83058803000000","102-shrine"
"102","209","相馬中村神社本殿・幣殿・拝殿","","国宝・重要文化財（建造物）","重要文化財","近世以前／神社","","江戸前期","19830107","","福島県","福島県相馬市中村字北町","","相馬中村神社","","37.79736941000000","140.91297889000000","102-shrine"
"102","00004772","都々古別神社本殿","","国宝・重要文化財（建造物）","重要文化財","近世以前／神社","","桃山","20141210","","福島県","福島県東白川郡棚倉町大字棚倉","","都々古別神社","","37.03205366000000","140.37594222000000","102-shrine"
"102","00004572","八幡神社","随身門","国宝・重要文化財（建造物）","重要文化財","近世以前／神社","","江戸中期","20120709","","福島県","福島県相馬市坪田","","八幡神社","","37.77645884000000","140.90970472000000","102-shrine"
"102","00004570","八幡神社","摂社若宮八幡宮本殿","国宝・重要文化財（建造物）","重要文化財","近世以前／神社","","江戸中期","20120709","","福島県","福島県相馬市坪田","","八幡神社","","37.77676341000000","140.90943346000000","102-shrine"
"102","00004569","八幡神社","本殿、幣殿、拝殿","国宝・重要文化財（建造物）","重要文化財","近世以前／神社","","江戸中期","20120709","","福島県","福島県相馬市坪田","","八幡神社","","37.77699183000000","140.90975802000000","102-shrine"
"102","00004571","八幡神社","末社亀齢社本殿","国宝・重要文化財（建造物）","重要文化財","近世以前／神社","","江戸中期","20120709","","福島県","福島県相馬市坪田","","八幡神社","","37.77702419000000","140.90948390000000","102-shrine"
"102","3681","月山神社出羽神社湯殿山神社摂社月山出羽湯殿山三神社社殿（旧日月堂本堂）","","国宝・重要文化財（建造物）","重要文化財","近世以前／神社","","江戸後期","20000525","","山形県","山形県西村山郡西川町大字岩根沢字上ノ平95-3","","月山神社
出羽神社
湯殿山神社","","38.45723546000000","140.10177011000000","102-shrine"
"102","3710","金峯神社本殿","","国宝・重要文化財（建造物）","重要文化財","近世以前／神社","","桃山","20011114","","山形県","山形県鶴岡市大字青龍寺字金峯1番地","","金峯神社","","38.67888551000000","139.80557873000000","102-shrine"
"102","179","鳥居","","国宝・重要文化財（建造物）","重要文化財","近世以前／神社","","平安後期","19521122","","山形県","山形県山形市鳥居ヶ丘","","小立地区","山形市","38.22871285000000","140.32898027000000","102-shrine"
"102","3674","羽黒山三神合祭殿及び鐘楼","三神合祭殿","国宝・重要文化財（建造物）","重要文化財","近世以前／神社","","江戸後期","20000525","","山形県","山形県鶴岡市羽黒町大字手向","","月山神社
出羽神社
湯殿山神社","","38.70235641000000","139.98181609000000","102-shrine"
"102","3675","羽黒山三神合祭殿及び鐘楼","鐘楼","国宝・重要文化財（建造物）","重要文化財","近世以前／神社","","江戸前期","20000525","","山形県","山形県鶴岡市羽黒町大字手向","","月山神社
出羽神社
湯殿山神社","","38.70254987000000","139.98135012000000","102-shrine"
"102","191","八幡神社","拝殿","国宝・重要文化財（建造物）","重要文化財","近世以前／神社","","江戸中期","19861220","","山形県","山形県新庄市大字鳥越宇駒場","","八幡神社","","38.74163890000000","140.31645424000000","102-shrine"
"102","190","八幡神社","本殿","国宝・重要文化財（建造物）","重要文化財","近世以前／神社","","江戸前期","19861220","","山形県","山形県新庄市大字鳥越宇駒場","","八幡神社","","38.74170759000000","140.31654374000000","102-shrine"
"102","178","八幡神社鳥居","","国宝・重要文化財（建造物）","重要文化財","近世以前／神社","","平安後期","19521122","","山形県","山形県山形市蔵王成沢","","八幡神社","","38.20239180000000","140.32051439000000","102-shrine"
"102","185","水上八幡神社本殿","","国宝・重要文化財（建造物）","重要文化財","近世以前／神社","","室町後期","19080423","","山形県","山形県鶴岡市大字水沢","","水上神社","","38.70143690000000","139.74262100000000","102-shrine"
"102","00005148","大前神社","本殿","国宝・重要文化財（建造物）","重要文化財","近世以前／神社","","江戸中期","20181225","","栃木県","栃木県真岡市東郷","","宗教法人大前神社","","36.44564472000000","140.03410278000000","102-shrine"
"102","00005149","大前神社","拝殿及び幣殿","国宝・重要文化財（建造物）","重要文化財","近世以前／神社","","江戸中期","20181225","","栃木県","栃木県真岡市東郷","","宗教法人大前神社","","36.44564472000000","140.03410278000000","102-shrine"
"102","379","木幡神社本殿","","国宝・重要文化財（建造物）","重要文化財","近世以前／神社","","室町中期","19080801","","栃木県","栃木県矢板市木幡","","木幡神社","","36.79047430000000","139.93299226000000","102-shrine"
"102","380","木幡神社楼門","","国宝・重要文化財（建造物）","重要文化財","近世以前／神社","","室町中期","19080801","","栃木県","栃木県矢板市木幡","","木幡神社","","36.79019491000000","139.93312685000000","102-shrine"
"102","394","綱神社摂社大倉神社本殿","","国宝・重要文化財（建造物）","重要文化財","近世以前／神社","","室町後期","19230328","","栃木県","栃木県芳賀郡益子町大字上大羽","","綱神社","","36.45185334000000","140.13976916000000","102-shrine"
"102","393","綱神社本殿","","国宝・重要文化財（建造物）","重要文化財","近世以前／神社","","室町中期","19160524","","栃木県","栃木県芳賀郡益子町大字上大羽","","綱神社","","36.45173452000000","140.13992405000000","102-shrine"
"102","308","東照宮","御旅所神饌所","国宝・重要文化財（建造物）","重要文化財","近世以前／神社","","江戸中期","19440905","","栃木県","栃木県日光市山内","","東照宮","","36.75354846000000","139.60300526000000","102-shrine"
"102","307","東照宮","御旅所拝殿","国宝・重要文化財（建造物）","重要文化財","近世以前／神社","","江戸中期","19440905","","栃木県","栃木県日光市山内","","東照宮","","36.75360059000000","139.60325776000000","102-shrine"
"102","306","東照宮","御旅所本殿","国宝・重要文化財（建造物）","重要文化財","近世以前／神社","","江戸中期","19440905","","栃木県","栃木県日光市山内","","東照宮","","36.75365435000000","139.60341577000000","102-shrine"
"102","291","東照宮","石鳥居","国宝・重要文化財（建造物）","重要文化財","近世以前／神社","","江戸前期","19080801","","栃木県","栃木県日光市山内","","東照宮","","36.75643516000000","139.59959403000000","102-shrine"
"102","304","東照宮","仮殿鳥居","国宝・重要文化財（建造物）","重要文化財","近世以前／神社","","江戸前期","19440905","","栃木県","栃木県日光市山内","","東照宮","","36.75647046000000","139.60026906000000","102-shrine"
"102","301","東照宮","仮殿唐門","国宝・重要文化財（建造物）","重要文化財","近世以前／神社","","江戸前期","19440905","","栃木県","栃木県日光市山内","","東照宮","","36.75667261000000","139.60023874000000","102-shrine"
"102","302","東照宮","仮殿掖門及び透塀　（掖門）","国宝・重要文化財（建造物）","重要文化財","近世以前／神社","","江戸前期","19440905","","栃木県","栃木県日光市山内","","東照宮","","36.75678716000000","139.60009919000000","102-shrine"
"102","300","東照宮","仮殿本殿、仮殿相の間、仮殿拝殿","国宝・重要文化財（建造物）","重要文化財","近世以前／神社","","江戸前期","19440905","","栃木県","栃木県日光市山内","","東照宮","","36.75679854000000","139.60020237000000","102-shrine"
"102","303","東照宮","仮殿掖門及び透塀　（透塀）","国宝・重要文化財（建造物）","重要文化財","近世以前／神社","","江戸前期","19440905","","栃木県","栃木県日光市山内","","東照宮","","36.75682086000000","139.60031182000000","102-shrine"
"102","289","東照宮","表門","国宝・重要文化財（建造物）","重要文化財","近世以前／神社","","江戸前期","19080801","","栃木県","栃木県日光市山内","","東照宮","","36.75697635000000","139.59940928000000","102-shrine"
"102","288","東照宮","神厩","国宝・重要文化財（建造物）","重要文化財","近世以前／神社","","江戸前期","19080801","","栃木県","栃木県日光市山内","","東照宮","","36.75705496000000","139.59903304000000","102-shrine"
"102","286","東照宮","下神庫","国宝・重要文化財（建造物）","重要文化財","近世以前／神社","","江戸前期","19080801","","栃木県","栃木県日光市山内","","東照宮","","36.75718878000000","139.59946671000000","102-shrine"
"102","287","東照宮","水屋","国宝・重要文化財（建造物）","重要文化財","近世以前／神社","","江戸前期","19080801","","栃木県","栃木県日光市山内","","東照宮","","36.75724701000000","139.59866467000000","102-shrine"
"102","284","東照宮","上神庫","国宝・重要文化財（建造物）","重要文化財","近世以前／神社","","江戸前期","19080801","","栃木県","栃木県日光市山内","","東照宮","","36.75738441000000","139.59903825000000","102-shrine"
"102","285","東照宮","中神庫","国宝・重要文化財（建造物）","重要文化財","近世以前／神社","","江戸前期","19080801","","栃木県","栃木県日光市山内","","東照宮","","36.75740462000000","139.59933061000000","102-shrine"
"102","275","東照宮","神楽殿","国宝・重要文化財（建造物）","重要文化財","近世以前／神社","","江戸前期","19080801","","栃木県","栃木県日光市山内","","東照宮","","36.75776813000000","139.59901507000000","102-shrine"
"102","276","東照宮","神輿舎","国宝・重要文化財（建造物）","重要文化財","近世以前／神社","","江戸前期","19080801","","栃木県","栃木県日光市山内","","東照宮","","36.75780407000000","139.59848946000000","102-shrine"
"102","292","東照宮","坂下門","国宝・重要文化財（建造物）","重要文化財","近世以前／神社","","江戸前期","19080801","","栃木県","栃木県日光市山内","","東照宮","","36.75787296000000","139.59921564000000","102-shrine"
"102","274","東照宮","上社務所","国宝・重要文化財（建造物）","重要文化財","近世以前／神社","","江戸前期","19080801","","栃木県","栃木県日光市山内","","東照宮","","36.75790268000000","139.59909355000000","102-shrine"
"102","298","東照宮","奥社鳥居","国宝・重要文化財（建造物）","重要文化財","近世以前／神社","","江戸中期","19440905","","栃木県","栃木県日光市山内","","東照宮","","36.75874063000000","139.59856463000000","102-shrine"
"102","297","東照宮","奥社銅神庫","国宝・重要文化財（建造物）","重要文化財","近世以前／神社","","江戸前期","19440905","","栃木県","栃木県日光市山内","","東照宮","","36.75878984000000","139.59857673000000","102-shrine"
"102","296","東照宮","奥社拝殿","国宝・重要文化財（建造物）","重要文化財","近世以前／神社","","江戸前期","19080801","","栃木県","栃木県日光市山内","","東照宮","","36.75891770000000","139.59848050000000","102-shrine"
"102","295","東照宮","奥社石玉垣","国宝・重要文化財（建造物）","重要文化財","近世以前／神社","","江戸前期","19440905","","栃木県","栃木県日光市山内","","東照宮","","36.75903130000000","139.59859077000000","102-shrine"
"102","299","東照宮","奥社石柵","国宝・重要文化財（建造物）","重要文化財","近世以前／神社","","江戸前期","19440905","","栃木県","栃木県日光市山内","","東照宮","","36.75916381000000","139.59849401000000","102-shrine"
"102","290","東照宮","五重塔","国宝・重要文化財（建造物）","重要文化財","近世以前／寺院","","江戸後期","19080801","","栃木県","栃木県日光市山内","","東照宮","","36.75651327000000","139.59916805000000","102-shrine"
"102","305","東照宮","仮殿鐘楼","国宝・重要文化財（建造物）","重要文化財","近世以前／寺院","","江戸前期","19440905","","栃木県","栃木県日光市山内","","東照宮","","36.75655806000000","139.60005005000000","102-shrine"
"102","283","東照宮","経蔵","国宝・重要文化財（建造物）","重要文化財","近世以前／寺院","","江戸前期","19080801","","栃木県","栃木県日光市山内","","","財団法人日光社寺文化財保存会","36.75737954000000","139.59852091000000","102-shrine"
"102","281","東照宮","鼓楼","国宝・重要文化財（建造物）","重要文化財","近世以前／寺院","","江戸前期","19080801","","栃木県","栃木県日光市山内","","東照宮","","36.75755250000000","139.59854786000000","102-shrine"
"102","280","東照宮","鐘楼","国宝・重要文化財（建造物）","重要文化財","近世以前／寺院","","江戸前期","19080801","","栃木県","栃木県日光市山内","","東照宮","","36.75757047000000","139.59894769000000","102-shrine"
"102","282","東照宮","本地堂","国宝・重要文化財（建造物）","重要文化財","近世以前／寺院","","江戸前期","19080801","","栃木県","栃木県日光市山内","","","財団法人日光社寺文化財保存会","36.75760191000000","139.59819296000000","102-shrine"
"102","294","東照宮","奥社唐門","国宝・重要文化財（建造物）","重要文化財","近世以前／その他","","江戸前期","19080801","","栃木県","栃木県日光市山内","","東照宮","","36.75899464000000","139.59849075000000","102-shrine"
"102","293","東照宮","奥社宝塔","国宝・重要文化財（建造物）","重要文化財","近世以前／その他","","江戸中期","19080801","","栃木県","栃木県日光市山内","","東照宮","","36.75906271000000","139.59849105000000","102-shrine"
"102","270","東照宮　正面及び背面唐門　（正面唐門）","","国宝・重要文化財（建造物）","国宝","近世以前／神社","","江戸前期","19080801","19510609","栃木県","栃木県日光市山内","","東照宮","","36.75788867000000","139.59875716000000","102-shrine"
"102","271","東照宮　正面及び背面唐門　（背面唐門）","","国宝・重要文化財（建造物）","国宝","近世以前／神社","","江戸前期","19080801","19510609","栃木県","栃木県日光市山内","","東照宮","","36.75830885000000","139.59875206000000","102-shrine"
"102","279","東照宮　東西廻廊　（西廻廊）","","国宝・重要文化財（建造物）","国宝","近世以前／神社","","江戸前期","19080801","19510609","栃木県","栃木県日光市山内","","東照宮","","36.75769507000000","139.59852246000000","102-shrine"
"102","278","東照宮　東西廻廊　（東廻廊）","","国宝・重要文化財（建造物）","国宝","近世以前／神社","","江戸前期","19080801","19510609","栃木県","栃木県日光市山内","","東照宮","","36.75769839000000","139.59900727000000","102-shrine"
"102","273","東照宮　東西透塀　（西透塀）","","国宝・重要文化財（建造物）","国宝","近世以前／神社","","江戸前期","19080801","19510609","栃木県","栃木県日光市山内","","東照宮","","36.75819253000000","139.59853068000000","102-shrine"
"102","272","東照宮　東西透塀　（東透塀）","","国宝・重要文化財（建造物）","国宝","近世以前／神社","","江戸前期","19080801","19510609","栃木県","栃木県日光市山内","","東照宮","","36.75819605000000","139.59891447000000","102-shrine"
"102","269","東照宮　本殿、石の間及び拝殿","","国宝・重要文化財（建造物）","国宝","近世以前／神社","","江戸前期","19080801","19510609","栃木県","栃木県日光市山内","","東照宮","","36.75808246000000","139.59875648000000","102-shrine"
"102","277","東照宮　陽明門","","国宝・重要文化財（建造物）","国宝","近世以前／神社","","江戸前期","19080801","19510609","栃木県","栃木県日光市山内","","東照宮","","36.75768843000000","139.59876798000000","102-shrine"
"102","310","東照宮旧奥社","鳥居","国宝・重要文化財（建造物）","重要文化財","近世以前／神社","","江戸前期","19730602","","栃木県","栃木県日光市山内","","東照宮","","36.75627351000000","139.59852325000000","102-shrine"
"102","309","東照宮旧奥社","唐門","国宝・重要文化財（建造物）","重要文化財","近世以前／神社","","江戸前期","19730602","","栃木県","栃木県日光市山内","","東照宮","","36.75629064000000","139.59862450000000","102-shrine"
"102","00004705","那須神社","楼門","国宝・重要文化財（建造物）","重要文化財","近世以前／神社","","江戸前期","20140127","","栃木県","栃木県大田原市南金丸","","那須神社","","36.86394012000000","140.08794824000000","102-shrine"
"102","00004704","那須神社","本殿","国宝・重要文化財（建造物）","重要文化財","近世以前／神社","","江戸前期","20140127","","栃木県","栃木県大田原市南金丸","","那須神社","","36.86421138000000","140.08788399000000","102-shrine"
"102","371","二荒山神社","中宮祠鳥居　（１）","国宝・重要文化財（建造物）","重要文化財","近世以前／神社","","江戸後期","19440905","","栃木県","栃木県日光市山内","","二荒山神社","","36.74101263000000","139.48699842000000","102-shrine"
"102","367","二荒山神社","中宮祠拝殿","国宝・重要文化財（建造物）","重要文化財","近世以前／神社","","江戸中期","19440905","","栃木県","栃木県日光市山内","","二荒山神社","","36.74175586000000","139.48681909000000","102-shrine"
"102","368","二荒山神社","中宮祠中門","国宝・重要文化財（建造物）","重要文化財","近世以前／神社","","江戸中期","19440905","","栃木県","栃木県日光市山内","","二荒山神社","","36.74186266000000","139.48677358000000","102-shrine"
"102","372","二荒山神社","中宮祠鳥居　（２）","国宝・重要文化財（建造物）","重要文化財","近世以前／神社","","江戸後期","19440905","","栃木県","栃木県日光市山内","","二荒山神社","","36.74190375000000","139.48693193000000","102-shrine"
"102","369","二荒山神社","中宮祠掖門及び透塀　（掖門）","国宝・重要文化財（建造物）","重要文化財","近世以前／神社","","江戸中期","19440905","","栃木県","栃木県日光市山内","","二荒山神社","","36.74191457000000","139.48683338000000","102-shrine"
"102","366","二荒山神社","中宮祠本殿","国宝・重要文化財（建造物）","重要文化財","近世以前／神社","","江戸中期","19440905","","栃木県","栃木県日光市山内","","二荒山神社","","36.74193056000000","139.48676305000000","102-shrine"
"102","370","二荒山神社","中宮祠掖門及び透塀　（透塀）","国宝・重要文化財（建造物）","重要文化財","近世以前／神社","","江戸中期","19440905","","栃木県","栃木県日光市山内","","二荒山神社","","36.74200578000000","139.48673465000000","102-shrine"
"102","378","二荒山神社","別宮本宮神社鳥居","国宝・重要文化財（建造物）","重要文化財","近世以前／神社","","江戸後期","19730602","","栃木県","栃木県日光市山内","","二荒山神社","","36.75412186000000","139.60455885000000","102-shrine"
"102","377","二荒山神社","別宮本宮神社拝殿","国宝・重要文化財（建造物）","重要文化財","近世以前／神社","","江戸中期","19730602","","栃木県","栃木県日光市山内","","二荒山神社","","36.75446126000000","139.60449054000000","102-shrine"
"102","364","二荒山神社","別宮本宮神社唐門及び透塀　（唐門）","国宝・重要文化財（建造物）","重要文化財","近世以前／神社","","江戸中期","19440905","","栃木県","栃木県日光市山内","","二荒山神社","","36.75459758000000","139.60446474000000","102-shrine"
"102","363","二荒山神社","別宮本宮神社本殿","国宝・重要文化財（建造物）","重要文化財","近世以前／神社","","江戸中期","19440905","","栃木県","栃木県日光市山内","","二荒山神社","","36.75466432000000","139.60442211000000","102-shrine"
"102","365","二荒山神社","別宮本宮神社唐門及び透塀　（透塀）","国宝・重要文化財（建造物）","重要文化財","近世以前／神社","","江戸中期","19440905","","栃木県","栃木県日光市山内","","二荒山神社","","36.75473137000000","139.60439816000000","102-shrine"
"102","354","二荒山神社","鳥居","国宝・重要文化財（建造物）","重要文化財","近世以前／神社","","江戸後期","19440905","","栃木県","栃木県日光市山内","","二荒山神社","","36.75801581000000","139.59713777000000","102-shrine"
"102","353","二荒山神社","拝殿","国宝・重要文化財（建造物）","重要文化財","近世以前／神社","","江戸前期","19080801","","栃木県","栃木県日光市山内","","二荒山神社","","36.75844911000000","139.59638673000000","102-shrine"
"102","350","二荒山神社","唐門","国宝・重要文化財（建造物）","重要文化財","近世以前／神社","","江戸前期","19440905","","栃木県","栃木県日光市山内","","二荒山神社","","36.75859766000000","139.59639498000000","102-shrine"
"102","349","二荒山神社","本殿","国宝・重要文化財（建造物）","重要文化財","近世以前／神社","","江戸前期","19080801","","栃木県","栃木県日光市山内","","二荒山神社","","36.75872146000000","139.59640323000000","102-shrine"
"102","351","二荒山神社","掖門及び透塀　（掖門）","国宝・重要文化財（建造物）","重要文化財","近世以前／神社","","江戸前期","19440905","","栃木県","栃木県日光市山内","","二荒山神社","","36.75873384000000","139.59628356000000","102-shrine"
"102","375","二荒山神社","末社朋友神社本殿","国宝・重要文化財（建造物）","重要文化財","近世以前／神社","","江戸後期","19730602","","栃木県","栃木県日光市山内","","二荒山神社","","36.75877005000000","139.59599212000000","102-shrine"
"102","352","二荒山神社","掖門及び透塀　（透塀）","国宝・重要文化財（建造物）","重要文化財","近世以前／神社","","江戸前期","19440905","","栃木県","栃木県日光市山内","","二荒山神社","","36.75884331000000","139.59640539000000","102-shrine"
"102","360","二荒山神社","別宮滝尾神社鳥居　（１）","国宝・重要文化財（建造物）","重要文化財","近世以前／神社","","江戸中期","19440905","","栃木県","栃木県日光市山内","","二荒山神社","","36.76513465000000","139.59253541000000","102-shrine"
"102","359","二荒山神社","別宮滝尾神社楼門","国宝・重要文化財（建造物）","重要文化財","近世以前／神社","","江戸中期","19440905","","栃木県","栃木県日光市山内","","二荒山神社","","36.76527925000000","139.59215929000000","102-shrine"
"102","358","二荒山神社","別宮滝尾神社拝殿","国宝・重要文化財（建造物）","重要文化財","近世以前／神社","","江戸中期","19440905","","栃木県","栃木県日光市山内","","二荒山神社","","36.76535764000000","139.59205144000000","102-shrine"
"102","357","二荒山神社","別宮滝尾神社唐門","国宝・重要文化財（建造物）","重要文化財","近世以前／神社","","江戸中期","19440905","","栃木県","栃木県日光市山内","","二荒山神社","","36.76541195000000","139.59197945000000","102-shrine"
"102","362","二荒山神社","別宮滝尾神社鳥居　（３）","国宝・重要文化財（建造物）","重要文化財","近世以前／神社","","江戸後期","19440905","","栃木県","栃木県日光市山内","","二荒山神社","","36.76546170000000","139.59140560000000","102-shrine"
"102","356","二荒山神社","別宮滝尾神社本殿","国宝・重要文化財（建造物）","重要文化財","近世以前／神社","","江戸中期","19440905","","栃木県","栃木県日光市山内","","二荒山神社","","36.76547987000000","139.59191269000000","102-shrine"
"102","361","二荒山神社","別宮滝尾神社鳥居　（２）","国宝・重要文化財（建造物）","重要文化財","近世以前／神社","","江戸後期","19440905","","栃木県","栃木県日光市山内","","二荒山神社","","36.76557237000000","139.59159720000000","102-shrine"
"102","376","二荒山神社","末社日枝神社本殿","国宝・重要文化財（建造物）","重要文化財","近世以前／寺院","","江戸前期","19730602","","栃木県","栃木県日光市山内","","二荒山神社","","36.75835959000000","139.59600126000000","102-shrine"
"102","373","二荒山神社","神輿舎","国宝・重要文化財（建造物）","重要文化財","近世以前／寺院","","江戸前期","19730602","","栃木県","栃木県日光市山内","","二荒山神社","","36.75849284000000","139.59595194000000","102-shrine"
"102","374","二荒山神社","大国殿","国宝・重要文化財（建造物）","重要文化財","近世以前／寺院","","江戸中期","19730602","","栃木県","栃木県日光市山内","","二荒山神社","","36.75858868000000","139.59607470000000","102-shrine"
"102","355","二荒山神社","神橋","国宝・重要文化財（建造物）","重要文化財","近世以前／その他","","明治","19440905","","栃木県","栃木県日光市山内","","二荒山神社","","36.75334830000000","139.60400364000000","102-shrine"
"102","400","村檜神社本殿","","国宝・重要文化財（建造物）","重要文化財","近世以前／神社","","室町後期","19080801","","栃木県","栃木県栃木市岩舟町小野寺4697","","村桧神社","","36.36969311000000","139.62446186000000","102-shrine"
"102","344","輪王寺","児玉堂","国宝・重要文化財（建造物）","重要文化財","近世以前／神社","","江戸前期","19440905","","栃木県","栃木県日光市山内","","輪王寺","","36.75640122000000","139.60336755000000","102-shrine"
"102","340","輪王寺","慈眼堂拝殿","国宝・重要文化財（建造物）","重要文化財","近世以前／神社","","江戸前期","19440905","","栃木県","栃木県日光市山内","","輪王寺","","36.75710105000000","139.59525360000000","102-shrine"
"102","334","輪王寺","本坊表門","国宝・重要文化財（建造物）","重要文化財","近世以前／寺院","","江戸中期","19440905","","栃木県","栃木県日光市山内","","輪王寺","","36.75456226000000","139.60008506000000","102-shrine"
"102","332","輪王寺","本堂（三仏堂）","国宝・重要文化財（建造物）","重要文化財","近世以前／寺院","","江戸前期","19170405","","栃木県","栃木県日光市山内","","輪王寺","","36.75513754000000","139.60043468000000","102-shrine"
"102","343","輪王寺","慈眼堂阿弥陀堂","国宝・重要文化財（建造物）","重要文化財","近世以前／寺院","","江戸前期","19440905","","栃木県","栃木県日光市山内","","輪王寺","","36.75682541000000","139.59515143000000","102-shrine"
"102","342","輪王寺","慈眼堂鐘楼","国宝・重要文化財（建造物）","重要文化財","近世以前／寺院","","江戸前期","19440905","","栃木県","栃木県日光市山内","","輪王寺","","36.75682862000000","139.59535180000000","102-shrine"
"102","341","輪王寺","慈眼堂経蔵","国宝・重要文化財（建造物）","重要文化財","近世以前／寺院","","江戸前期","19440905","","栃木県","栃木県日光市山内","","輪王寺","","36.75693874000000","139.59536015000000","102-shrine"
"102","336","輪王寺","常行堂","国宝・重要文化財（建造物）","重要文化財","近世以前／寺院","","江戸前期","19440905","","栃木県","栃木県日光市山内","","輪王寺","","36.75760561000000","139.59634509000000","102-shrine"
"102","338","輪王寺","常行堂法華堂渡廊","国宝・重要文化財（建造物）","重要文化財","近世以前／寺院","","江戸前期","19440905","","栃木県","栃木県日光市山内","","輪王寺","","36.75771373000000","139.59612370000000","102-shrine"
"102","337","輪王寺","法華堂","国宝・重要文化財（建造物）","重要文化財","近世以前／寺院","","江戸前期","19440905","","栃木県","栃木県日光市山内","","輪王寺","","36.75782700000000","139.59602073000000","102-shrine"
"102","335","輪王寺","開山堂","国宝・重要文化財（建造物）","重要文化財","近世以前／寺院","","江戸中期","19440905","","栃木県","栃木県日光市山内","","輪王寺","","36.75969609000000","139.59922952000000","102-shrine"
"102","333","輪王寺","相輪橖","国宝・重要文化財（建造物）","重要文化財","近世以前／その他","","江戸前期","19170813","","栃木県","栃木県日光市山内","","輪王寺","","36.75522977000000","139.60000010000000","102-shrine"
"102","339","輪王寺","慈眼堂廟塔","国宝・重要文化財（建造物）","重要文化財","近世以前／その他","","江戸前期","19440905","","栃木県","栃木県日光市山内","","輪王寺","","36.75725459000000","139.59524875000000","102-shrine"
"102","311","輪王寺大猷院霊廟","本殿・相の間・拝殿","国宝・重要文化財（建造物）","国宝","近世以前／神社","","江戸前期","19080801","19521122","栃木県","栃木県日光市山内","","輪王寺","","36.75775966000000","139.59421195000000","102-shrine"
"102","315","輪王寺大猷院霊廟","御供所","国宝・重要文化財（建造物）","重要文化財","近世以前／神社","","江戸前期","19440905","","栃木県","栃木県日光市山内","","輪王寺","","36.75743227000000","139.59403548000000","102-shrine"
"102","316","輪王寺大猷院霊廟","御供所渡廊","国宝・重要文化財（建造物）","重要文化財","近世以前／神社","","江戸前期","19440905","","栃木県","栃木県日光市山内","","輪王寺","","36.75753827000000","139.59415255000000","102-shrine"
"102","313","輪王寺大猷院霊廟","瑞垣","国宝・重要文化財（建造物）","重要文化財","近世以前／神社","","江戸前期","19080801","","栃木県","栃木県日光市山内","","輪王寺","","36.75761291000000","139.59391519000000","102-shrine"
"102","314","輪王寺大猷院霊廟","掖門","国宝・重要文化財（建造物）","重要文化財","近世以前／神社","","江戸前期","19440905","","栃木県","栃木県日光市山内","","輪王寺","","36.75769819000000","139.59385963000000","102-shrine"
"102","327","輪王寺大猷院霊廟","皇嘉門","国宝・重要文化財（建造物）","重要文化財","近世以前／神社","","江戸前期","19080801","","栃木県","栃木県日光市山内","","輪王寺","","36.75778615000000","139.59373671000000","102-shrine"
"102","312","輪王寺大猷院霊廟","唐門","国宝・重要文化財（建造物）","重要文化財","近世以前／神社","","江戸前期","19080801","","栃木県","栃木県日光市山内","","輪王寺","","36.75789113000000","139.59434129000000","102-shrine"
"102","328","輪王寺大猷院霊廟","銅包宝蔵","国宝・重要文化財（建造物）","重要文化財","近世以前／神社","","江戸前期","19440905","","栃木県","栃木県日光市山内","","輪王寺","","36.75790484000000","139.59341553000000","102-shrine"
"102","318","輪王寺大猷院霊廟","夜叉門左右廻廊（左廻廊）","国宝・重要文化財（建造物）","重要文化財","近世以前／神社","","江戸前期","19080801","","栃木県","栃木県日光市山内","","輪王寺","","36.75795474000000","139.59459151000000","102-shrine"
"102","317","輪王寺大猷院霊廟","夜叉門","国宝・重要文化財（建造物）","重要文化財","近世以前／神社","","江戸前期","19080801","","栃木県","栃木県日光市山内","","輪王寺","","36.75802684000000","139.59447276000000","102-shrine"
"102","325","輪王寺大猷院霊廟","宝庫","国宝・重要文化財（建造物）","重要文化財","近世以前／神社","","江戸前期","19080801","","栃木県","栃木県日光市山内","","輪王寺","","36.75809774000000","139.59554330000000","102-shrine"
"102","331","輪王寺大猷院霊廟","奥院拝殿","国宝・重要文化財（建造物）","重要文化財","近世以前／神社","","江戸前期","19080801","","栃木県","栃木県日光市山内","","輪王寺","","36.75811082000000","139.59378689000000","102-shrine"
"102","319","輪王寺大猷院霊廟","夜叉門左右廻廊（右廻廊）","国宝・重要文化財（建造物）","重要文化財","近世以前／神社","","江戸前期","19080801","","栃木県","栃木県日光市山内","","輪王寺","","36.75812226000000","139.59436462000000","102-shrine"
"102","326","輪王寺大猷院霊廟","仁王門","国宝・重要文化財（建造物）","重要文化財","近世以前／神社","","江戸前期","19080801","","栃木県","栃木県日光市山内","","輪王寺","","36.75827102000000","139.59561618000000","102-shrine"
"102","322","輪王寺大猷院霊廟","二天門","国宝・重要文化財（建造物）","重要文化財","近世以前／神社","","江戸前期","19080801","","栃木県","栃木県日光市山内","","輪王寺","","36.75828765000000","139.59513858000000","102-shrine"
"102","323","輪王寺大猷院霊廟","西浄","国宝・重要文化財（建造物）","重要文化財","近世以前／神社","","江戸前期","19440905","","栃木県","栃木県日光市山内","","輪王寺","","36.75837671000000","139.59459575000000","102-shrine"
"102","324","輪王寺大猷院霊廟","水屋","国宝・重要文化財（建造物）","重要文化財","近世以前／神社","","江戸前期","19080801","","栃木県","栃木県日光市山内","","輪王寺","","36.75850606000000","139.59538668000000","102-shrine"
"102","321","輪王寺大猷院霊廟","鼓楼","国宝・重要文化財（建造物）","重要文化財","近世以前／寺院","","江戸前期","19080801","","栃木県","栃木県日光市山内","","輪王寺","","36.75801623000000","139.59472934000000","102-shrine"
"102","320","輪王寺大猷院霊廟","鐘楼","国宝・重要文化財（建造物）","重要文化財","近世以前／寺院","","江戸前期","19080801","","栃木県","栃木県日光市山内","","輪王寺","","36.75820495000000","139.59449397000000","102-shrine"
"102","330","輪王寺大猷院霊廟","奥院鋳抜門","国宝・重要文化財（建造物）","重要文化財","近世以前／その他","","江戸前期","19080801","","栃木県","栃木県日光市山内","","輪王寺","","36.75816726000000","139.59370568000000","102-shrine"
"102","329","輪王寺大猷院霊廟","奥院宝塔","国宝・重要文化財（建造物）","重要文化財","近世以前／その他","","江戸中期","19080801","","栃木県","栃木県日光市山内","","輪王寺","","36.75824015000000","139.59364183000000","102-shrine"
"102","425","玉村八幡宮本殿","","国宝・重要文化財（建造物）","重要文化財","近世以前／神社","","桃山","19080801","","群馬県","群馬県佐波郡玉村町大字下新田","","玉村八幡宮","","36.30512322000000","139.10888282000000","102-shrine"
"102","00005488","天満宮","本殿・幣殿・拝殿","国宝・重要文化財（建造物）","重要文化財","近世以前／神社","","江戸後期","20230925","","群馬県","群馬県桐生市天神町1丁目218番地","","宗教法人天満宮","","36.42210000000000","139.34633611000000","102-shrine"
"102","00005489","天満宮","末社春日社本殿","国宝・重要文化財（建造物）","重要文化財","近世以前／神社","","江戸前期","20230925","","群馬県","群馬県桐生市天神町1丁目218番地","","宗教法人天満宮","","36.42225556000000","139.34647500000000","102-shrine"
"102","428","東照宮","拝殿","国宝・重要文化財（建造物）","重要文化財","近世以前／神社","","江戸前期","19560628","","群馬県","群馬県太田市世良田町","","東照宮","","36.26195048000000","139.27541713000000","102-shrine"
"102","427","東照宮","唐門","国宝・重要文化財（建造物）","重要文化財","近世以前／神社","","江戸前期","19560628","","群馬県","群馬県太田市世良田町","","東照宮","","36.26196701000000","139.27521419000000","102-shrine"
"102","426","東照宮","本殿","国宝・重要文化財（建造物）","重要文化財","近世以前／神社","","江戸前期","19560628","","群馬県","群馬県太田市世良田町","","東照宮","","36.26197776000000","139.27511498000000","102-shrine"
"102","413","貫前神社","楼門","国宝・重要文化財（建造物）","重要文化財","近世以前／神社","","江戸前期","19760520","","群馬県","群馬県富岡市一ノ宮","","貫前神社","","36.25505165000000","138.85763810000000","102-shrine"
"102","412","貫前神社","拝殿","国宝・重要文化財（建造物）","重要文化財","近世以前／神社","","江戸前期","19760520","","群馬県","群馬県富岡市一ノ宮","","貫前神社","","36.25516082000000","138.85765023000000","102-shrine"
"102","411","貫前神社","本殿","国宝・重要文化財（建造物）","重要文化財","近世以前／神社","","江戸前期","19120208","","群馬県","群馬県富岡市一ノ宮","","貫前神社","","36.25529122000000","138.85765327000000","102-shrine"
"102","00003939","榛名神社","随神門","国宝・重要文化財（建造物）","重要文化財","近世以前／神社","","江戸末期","20051227","","群馬県","群馬県高崎市榛名町","","榛名神社","","36.45432535000000","138.85036044000000","102-shrine"
"102","00003937","榛名神社","双龍門","国宝・重要文化財（建造物）","重要文化財","近世以前／神社","","江戸末期","20051227","","群馬県","群馬県高崎市榛名町","","榛名神社","","36.45839794000000","138.85222584000000","102-shrine"
"102","00003936","榛名神社","神楽殿","国宝・重要文化財（建造物）","重要文化財","近世以前／神社","","江戸後期","20051227","","群馬県","群馬県高崎市榛名町","","榛名神社","","36.45840188000000","138.85209186000000","102-shrine"
"102","00003934","榛名神社","本社・幣殿・拝殿","国宝・重要文化財（建造物）","重要文化財","近世以前／神社","","江戸後期","20051227","","群馬県","群馬県高崎市榛名町","","榛名神社","","36.45853193000000","138.85220613000000","102-shrine"
"102","00003935","榛名神社","国祖社及び額殿","国宝・重要文化財（建造物）","重要文化財","近世以前／神社","","江戸中期","20051227","","群馬県","群馬県高崎市榛名町","","榛名神社","","36.45853784000000","138.85204457000000","102-shrine"
"102","00003938","榛名神社","神幸殿","国宝・重要文化財（建造物）","重要文化財","近世以前／神社","","江戸末期","20051227","","群馬県","群馬県高崎市榛名町","","榛名神社","","36.45888855000000","138.85309475000000","102-shrine"
"102","418","妙義神社","本殿・幣殿・拝殿","国宝・重要文化財（建造物）","重要文化財","近世以前／神社","","江戸後期","19810605","","群馬県","群馬県富岡市妙義町妙義","","妙義神社","","36.30044637000000","138.76240118000000","102-shrine"
"102","419","妙義神社","唐門","国宝・重要文化財（建造物）","重要文化財","近世以前／神社","","江戸後期","19810605","","群馬県","群馬県富岡市妙義町妙義","","妙義神社","","36.30049291000000","138.76263391000000","102-shrine"
"102","00005637","妙義神社","随神門","国宝・重要文化財（建造物）","重要文化財","近世以前／神社","","江戸前期","20241209","","群馬県","群馬県富岡市妙義町妙義","","宗教法人妙義神社","","36.30066944000000","138.76259167000000","102-shrine"
"102","00005638","妙義神社","廻廊","国宝・重要文化財（建造物）","重要文化財","近世以前／神社","","江戸前期","20241209","","群馬県","群馬県富岡市妙義町妙義","","宗教法人妙義神社","","36.30071667000000","138.76256111000000","102-shrine"
"102","00005639","妙義神社","銅鳥居","国宝・重要文化財（建造物）","重要文化財","近世以前／神社","","江戸中期","20241209","","群馬県","群馬県富岡市妙義町妙義","","宗教法人妙義神社","","36.30088889000000","138.76354722000000","102-shrine"
"102","420","妙義神社","総門","国宝・重要文化財（建造物）","重要文化財","近世以前／神社","","江戸後期","19810605","","群馬県","群馬県富岡市妙義町妙義","","妙義神社","","36.30095284000000","138.76389068000000","102-shrine"
"102","00005640","妙義神社","御殿","国宝・重要文化財（建造物）","重要文化財","近世以前／神社","","江戸末期","20241209","","群馬県","群馬県富岡市妙義町妙義","","宗教法人妙義神社","","36.30134444000000","138.76404167000000","102-shrine"
"102","00005641","妙義神社","社務所","国宝・重要文化財（建造物）","重要文化財","近世以前／神社","","江戸末期","20241209","","群馬県","群馬県富岡市妙義町妙義","","宗教法人妙義神社","","36.30154167000000","138.76383889000000","102-shrine"
"102","430","雷電神社末社八幡宮稲荷神社社殿","","国宝・重要文化財（建造物）","重要文化財","近世以前／神社","","室町後期","19080801","","群馬県","群馬県邑楽郡板倉町大字板倉","","雷電神社","","36.22784195000000","139.60767177000000","102-shrine"
"102","456","出雲伊波比神社本殿","","国宝・重要文化財（建造物）","重要文化財","近世以前／神社","","室町後期","19380704","","埼玉県","埼玉県入間郡毛呂山町大字岩井","","宗教法人 出雲伊波比神社","","35.94863724000000","139.31449633000000","102-shrine"
"102","463","歓喜院","聖天堂","国宝・重要文化財（建造物）","国宝","近世以前／神社","","江戸中期","19841228","20120709","埼玉県","埼玉県熊谷市妻沼","","歓喜院","","36.22588147000000","139.37467091000000","102-shrine"
"102","3736","歓喜院","貴惣門","国宝・重要文化財（建造物）","重要文化財","近世以前／神社","","江戸後期","19841228","","埼玉県","埼玉県熊谷市妻沼","","歓喜院","","36.22596342000000","139.37481725000000","102-shrine"
"102","446","旧台徳院霊廟勅額門、丁子門及び御成門","勅額門","国宝・重要文化財（建造物）","重要文化財","近世以前／神社","","江戸前期","19300523","","埼玉県","埼玉県所沢市上山口2213番地","","","株式会社西武不動産","35.77021598000000","139.41685057000000","102-shrine"
"102","448","旧台徳院霊廟勅額門、丁子門及び御成門","御成門","国宝・重要文化財（建造物）","重要文化財","近世以前／神社","","江戸前期","19300523","","埼玉県","埼玉県所沢市上山口2213番地","","","株式会社西武不動産","35.77033373000000","139.41657267000000","102-shrine"
"102","447","旧台徳院霊廟勅額門、丁子門及び御成門","丁子門","国宝・重要文化財（建造物）","重要文化財","近世以前／神社","","江戸前期","19300523","","埼玉県","埼玉県所沢市上山口2213番地","","","株式会社西武不動産","35.77043997000000","139.41591690000000","102-shrine"
"102","439","東照宮","瑞垣","国宝・重要文化財（建造物）","重要文化財","近世以前／神社","","江戸前期","19461129","","埼玉県","埼玉県川越市小仙波町一丁目","","仙波東照宮","","35.91642882000000","139.48924675000000","102-shrine"
"102","438","東照宮","唐門","国宝・重要文化財（建造物）","重要文化財","近世以前／神社","","江戸前期","19461129","","埼玉県","埼玉県川越市小仙波町一丁目","","仙波東照宮","","35.91644882000000","139.48940675000000","102-shrine"
"102","437","東照宮","本殿","国宝・重要文化財（建造物）","重要文化財","近世以前／神社","","江戸前期","19461129","","埼玉県","埼玉県川越市小仙波町一丁目","","仙波東照宮","","35.91645382000000","139.48932175000000","102-shrine"
"102","440","東照宮","拝殿及び幣殿","国宝・重要文化財（建造物）","重要文化財","近世以前／神社","","江戸前期","19461129","","埼玉県","埼玉県川越市小仙波町一丁目","","仙波東照宮","","35.91645882000000","139.48956676000000","102-shrine"
"102","442","東照宮","随身門","国宝・重要文化財（建造物）","重要文化財","近世以前／神社","","江戸中期","19461129","","埼玉県","埼玉県川越市小仙波町一丁目","","仙波東照宮","","35.91649382000000","139.48971176000000","102-shrine"
"102","441","東照宮","鳥居","国宝・重要文化財（建造物）","重要文化財","近世以前／神社","","江戸前期","19461129","","埼玉県","埼玉県川越市小仙波町一丁目","","仙波東照宮","","35.91651382000000","139.48989677000000","102-shrine"
"102","443","日枝神社本殿","","国宝・重要文化財（建造物）","重要文化財","近世以前／神社","","室町後期","19461129","","埼玉県","埼玉県川越市小仙波町一丁目","","日枝神社","","35.91697384000000","139.48983677000000","102-shrine"
"102","00005519","箭弓稲荷神社本殿・幣殿・拝殿","","国宝・重要文化財（建造物）","重要文化財","近世以前／神社","","江戸末期","20240119","","埼玉県","埼玉県東松山市箭弓町2丁目","","宗教法人箭弓稲荷神社","","36.03458611000000","139.39472222000000","102-shrine"
"102","246","笠間稲荷神社本殿","","国宝・重要文化財（建造物）","重要文化財","近世以前／神社","","江戸末期","19880113","","茨城県","茨城県笠間市笠間","","笠間稲荷神社","","36.38624391000000","140.25416718000000","102-shrine"
"102","249","鹿島神宮","本殿","国宝・重要文化財（建造物）","重要文化財","近世以前／神社","","江戸前期","19010327","","茨城県","茨城県鹿嶋市大字宮中","","鹿島神宮","","35.96877519000000","140.63153976000000","102-shrine"
"102","250","鹿島神宮","石の間","国宝・重要文化財（建造物）","重要文化財","近世以前／神社","","江戸前期","19110417","","茨城県","茨城県鹿嶋市大字宮中","","鹿島神宮","","35.96885549000000","140.63150172000000","102-shrine"
"102","251","鹿島神宮","幣殿","国宝・重要文化財（建造物）","重要文化財","近世以前／神社","","江戸前期","19110417","","茨城県","茨城県鹿嶋市大字宮中","","鹿島神宮","","35.96889353000000","140.63148693000000","102-shrine"
"102","252","鹿島神宮","拝殿","国宝・重要文化財（建造物）","重要文化財","近世以前／神社","","江戸前期","19110417","","茨城県","茨城県鹿嶋市大字宮中","","鹿島神宮","","35.96895058000000","140.63146580000000","102-shrine"
"102","255","鹿島神宮仮殿","","国宝・重要文化財（建造物）","重要文化財","近世以前／神社","","江戸前期","19760520","","茨城県","茨城県鹿嶋市大字宮中","","鹿島神宮","","35.96931422000000","140.63146016000000","102-shrine"
"102","253","鹿島神宮摂社奥宮本殿","","国宝・重要文化財（建造物）","重要文化財","近世以前／神社","","桃山","19010327","","茨城県","茨城県鹿嶋市大字宮中","","鹿島神宮","","35.97011239000000","140.63525124000000","102-shrine"
"102","254","鹿島神宮楼門","","国宝・重要文化財（建造物）","重要文化財","近世以前／神社","","江戸前期","19660611","","茨城県","茨城県鹿嶋市大字宮中","","鹿島神宮","","35.96889564000000","140.63090652000000","102-shrine"
"102","240","大宝八幡神社本殿","","国宝・重要文化財（建造物）","重要文化財","近世以前／神社","","桃山","19060414","","茨城県","茨城県下妻市大字大宝","","大宝八幡神社","","36.20485029000000","139.97139565000000","102-shrine"
"102","00004372","内外大神宮","御遷殿","国宝・重要文化財（建造物）","重要文化財","近世以前／神社","","桃山","20091208","","茨城県","茨城県筑西市小栗","","内外大神宮","","36.37263165000000","140.01981414000000","102-shrine"
"102","00004370","内外大神宮","内宮本殿","国宝・重要文化財（建造物）","重要文化財","近世以前／神社","","江戸中期","20091208","","茨城県","茨城県筑西市小栗","","内外大神宮","","36.37283420000000","140.01965768000000","102-shrine"
"102","00004371","内外大神宮","外宮本殿","国宝・重要文化財（建造物）","重要文化財","近世以前／神社","","江戸中期","20091208","","茨城県","茨城県筑西市小栗","","内外大神宮","","36.37284027000000","140.01952912000000","102-shrine"
"102","232","八幡宮本殿","","国宝・重要文化財（建造物）","重要文化財","近世以前／神社","","桃山","19540917","","茨城県","茨城県水戸市八幡町","","八幡宮","","36.38788220000000","140.45977845000000","102-shrine"
"102","484","飯香岡八幡宮本殿","","国宝・重要文化財（建造物）","重要文化財","近世以前／神社","","室町中期","19540917","","千葉県","千葉県市原市八幡","","飯香岡八幡宮","","35.53752073000000","140.11778724000000","102-shrine"
"102","470","香取神宮","楼門","国宝・重要文化財（建造物）","重要文化財","近世以前／神社","","江戸中期","19831226","","千葉県","千葉県香取市香取","","香取神宮","","35.88572987000000","140.52886187000000","102-shrine"
"102","469","香取神宮","本殿","国宝・重要文化財（建造物）","重要文化財","近世以前／神社","","江戸中期","19770627","","千葉県","千葉県香取市香取","","香取神宮","","35.88623409000000","140.52866887000000","102-shrine"
"102","549","浅草神社","拝殿","国宝・重要文化財（建造物）","重要文化財","近世以前／神社","","江戸前期","19461129","","東京都","東京都台東区浅草二丁目","","浅草神社","","35.71500861000000","139.79743146000000","102-shrine"
"102","548","浅草神社","本殿及び幣殿","国宝・重要文化財（建造物）","重要文化財","近世以前／神社","","江戸前期","19461129","","東京都","東京都台東区浅草二丁目","","浅草神社","","35.71511923000000","139.79744467000000","102-shrine"
"102","541","厳有院霊廟勅額門及び水盤舎","勅額門","国宝・重要文化財（建造物）","重要文化財","近世以前／神社","","江戸中期","19300523","","東京都","東京都台東区上野桜木一丁目","","寛永寺","","35.72028391000000","139.77696790000000","102-shrine"
"102","542","厳有院霊廟勅額門及び水盤舎","水盤舎","国宝・重要文化財（建造物）","重要文化財","近世以前／神社","","江戸中期","19300523","","東京都","東京都台東区上野桜木一丁目","","寛永寺","","35.72055392000000","139.77792705000000","102-shrine"
"102","543","常憲院霊廟勅額門及び水盤舎","勅額門","国宝・重要文化財（建造物）","重要文化財","近世以前／神社","","江戸中期","19300523","","東京都","東京都台東区上野桜木一丁目","","寛永寺","","35.72150099000000","139.77605710000000","102-shrine"
"102","544","常憲院霊廟勅額門及び水盤舎","水盤舎","国宝・重要文化財（建造物）","重要文化財","近世以前／神社","","江戸中期","19300523","","東京都","東京都台東区上野桜木一丁目","","寛永寺","","35.72166048000000","139.77614874000000","102-shrine"
"102","00004878","雑司ケ谷鬼子母神堂","","国宝・重要文化財（建造物）","重要文化財","近世以前／神社","","江戸中期","20160725","","東京都","東京都豊島区雑司が谷三丁目","","法明寺","","35.72210600000000","139.71334200000000","102-shrine"
"102","513","旧台徳院霊廟惣門","","国宝・重要文化財（建造物）","重要文化財","近世以前／神社","","江戸前期","19300523","","東京都","東京都港区芝公園四丁目8番2号","","","株式会社西武・プリンスホテルズワールドワイド","35.65613406000000","139.74983815000000","102-shrine"
"102","536","東照宮社殿","石造明神鳥居","国宝・重要文化財（建造物）","重要文化財","近世以前／神社","","江戸前期","19421222","","東京都","東京都台東区上野公園","","東照宮","","35.71531682000000","139.77104576000000","102-shrine"
"102","534","東照宮社殿","唐門","国宝・重要文化財（建造物）","重要文化財","近世以前／神社","","江戸前期","19110417","","東京都","東京都台東区上野公園","","東照宮","","35.71535462000000","139.77086036000000","102-shrine"
"102","533","東照宮社殿","本殿、幣殿、拝殿","国宝・重要文化財（建造物）","重要文化財","近世以前／神社","","江戸前期","19110417","","東京都","東京都台東区上野公園","","東照宮","","35.71537662000000","139.77059176000000","102-shrine"
"102","535","東照宮社殿","透塀","国宝・重要文化財（建造物）","重要文化財","近世以前／神社","","江戸前期","19110417","","東京都","東京都台東区上野公園","","東照宮","","35.71539242000000","139.77044277000000","102-shrine"
"102","528","根津神社","楼門","国宝・重要文化財（建造物）","重要文化財","近世以前／神社","","江戸中期","19560628","","東京都","東京都文京区根津一丁目","","根津神社","","35.71965152000000","139.76093094000000","102-shrine"
"102","526","根津神社","透塀（唐門西門間）","国宝・重要文化財（建造物）","重要文化財","近世以前／神社","","江戸中期","19560628","","東京都","東京都文京区根津一丁目","","根津神社","","35.71986217000000","139.76070081000000","102-shrine"
"102","523","根津神社","唐門","国宝・重要文化財（建造物）","重要文化財","近世以前／神社","","江戸中期","19311214","","東京都","東京都文京区根津一丁目","","根津神社","","35.71991905000000","139.76084430000000","102-shrine"
"102","525","根津神社","透塀（唐門東方）","国宝・重要文化財（建造物）","重要文化財","近世以前／神社","","江戸中期","19560628","","東京都","東京都文京区根津一丁目","","根津神社","","35.71993868000000","139.76100592000000","102-shrine"
"102","524","根津神社","西門","国宝・重要文化財（建造物）","重要文化財","近世以前／神社","","江戸中期","19560628","","東京都","東京都文京区根津一丁目","","根津神社","","35.72001767000000","139.76054086000000","102-shrine"
"102","522","根津神社","本殿、幣殿、拝殿","国宝・重要文化財（建造物）","重要文化財","近世以前／神社","","江戸中期","19311214","","東京都","東京都文京区根津一丁目","","根津神社","","35.72021331000000","139.76072423000000","102-shrine"
"102","527","根津神社","透塀（西門北方）","国宝・重要文化財（建造物）","重要文化財","近世以前／神社","","江戸中期","19560628","","東京都","東京都文京区根津一丁目","","根津神社","","35.72041549000000","139.76058067000000","102-shrine"
"102","514","有章院（徳川家継）霊廟二天門","","国宝・重要文化財（建造物）","重要文化財","近世以前／神社","","江戸中期","19300523","","東京都","東京都港区芝公園三丁目3番","","","","35.65915570000000","139.75036242000000","102-shrine"
"102","00003912","荏柄天神社本殿","","国宝・重要文化財（建造物）","重要文化財","近世以前／神社","","鎌倉後期","20050722","","神奈川県","神奈川県鎌倉市二階堂","","荏柄天神社","","35.32590929000000","139.56432536000000","102-shrine"
"102","607","鶴岡八幡宮上宮","本殿、幣殿及び拝殿","国宝・重要文化財（建造物）","重要文化財","近世以前／神社","","江戸後期","19960709","","神奈川県","神奈川県鎌倉市雪ノ下","","鶴岡八幡宮","","35.32611043000000","139.55642014000000","102-shrine"
"102","609","鶴岡八幡宮上宮","末社武内社本殿","国宝・重要文化財（建造物）","重要文化財","近世以前／神社","","江戸後期","19960709","","神奈川県","神奈川県鎌倉市雪ノ下","","鶴岡八幡宮","","35.32623782000000","139.55639851000000","102-shrine"
"102","608","鶴岡八幡宮上宮","回廊","国宝・重要文化財（建造物）","重要文化財","近世以前／神社","","江戸後期","19960709","","神奈川県","神奈川県鎌倉市雪ノ下","","鶴岡八幡宮","","35.32629791000000","139.55655354000000","102-shrine"
"102","604","鶴岡八幡宮大鳥居（一の鳥居）","","国宝・重要文化財（建造物）","重要文化財","近世以前／神社","","江戸中期","19040829","","神奈川県","神奈川県鎌倉市雪ノ下","","鶴岡八幡宮","","35.31323011000000","139.54852022000000","102-shrine"
"102","606","鶴岡八幡宮摂社若宮","本殿・弊殿・拝殿","国宝・重要文化財（建造物）","重要文化財","近世以前／神社","","江戸前期","19960709","","神奈川県","神奈川県鎌倉市雪ノ下","","鶴岡八幡宮","","35.32552203000000","139.55640814000000","102-shrine"
"102","605","鶴岡八幡宮末社丸山稲荷社本殿","","国宝・重要文化財（建造物）","重要文化財","近世以前／神社","","室町中期","19670615","","神奈川県","神奈川県鎌倉市雪ノ下","","鶴岡八幡宮","","35.32615839000000","139.55566401000000","102-shrine"
"102","702","小比叡神社","鳥居","国宝・重要文化財（建造物）","重要文化財","近世以前／神社","","桃山","19770128","","新潟県","新潟県佐渡市小比叡","","小比叡神社","","37.83593265000000","138.28760446000000","102-shrine"
"102","701","小比叡神社","本殿","国宝・重要文化財（建造物）","重要文化財","近世以前／神社","","江戸前期","19770128","","新潟県","新潟県佐渡市小比叡","","小比叡神社","","37.83598822000000","138.28722382000000","102-shrine"
"102","635","多多神社本殿","","国宝・重要文化財（建造物）","重要文化財","近世以前／神社","","室町後期","19580514","","新潟県","新潟県柏崎市曽地","","多多神社","","37.40458076000000","138.63915892000000","102-shrine"
"102","682","白山神社本殿","","国宝・重要文化財（建造物）","重要文化財","近世以前／神社","","室町後期","19580514","","新潟県","新潟県糸魚川市大字能生","","白山神社","","37.10703061000000","137.99409390000000","102-shrine"
"102","681","松苧神社本殿","","国宝・重要文化財（建造物）","重要文化財","近世以前／神社","","室町後期","19780531","","新潟県","新潟県十日町市犬伏","","松苧神社","","37.14768001000000","138.64638645000000","102-shrine"
"102","646","弥彦神社境内末社十柱神社社殿","","国宝・重要文化財（建造物）","重要文化財","近世以前／神社","","江戸中期","19170813","","新潟県","新潟県西蒲原郡弥彦村大字弥彦","","弥彦神社","","37.70660132000000","138.82713500000000","102-shrine"
"102","739","雄山神社前立社壇本殿","","国宝・重要文化財（建造物）","重要文化財","近世以前／神社","","室町後期","19060414","","富山県","富山県中新川郡立山町岩峅寺","","雄山神社","","36.60784467000000","137.31526501000000","102-shrine"
"102","720","気多神社本殿","","国宝・重要文化財（建造物）","重要文化財","近世以前／神社","","室町後期","19310119","","富山県","富山県高岡市伏木一ノ宮","","気多神社","","36.80021995000000","137.04460143000000","102-shrine"
"102","738","護国八幡宮","拝殿及び幣殿","国宝・重要文化財（建造物）","重要文化財","近世以前／神社","","江戸前期","19240415","","富山県","富山県小矢部市埴生","","護国八幡宮","","36.66682647000000","136.85200021000000","102-shrine"
"102","737","護国八幡宮","釣殿","国宝・重要文化財（建造物）","重要文化財","近世以前／神社","","江戸前期","19240415","","富山県","富山県小矢部市埴生","","護国八幡宮","","36.66690404000000","136.85197630000000","102-shrine"
"102","736","護国八幡宮","本殿","国宝・重要文化財（建造物）","重要文化財","近世以前／神社","","桃山","19240415","","富山県","富山県小矢部市埴生","","護国八幡宮","","36.66698764000000","136.85194562000000","102-shrine"
"102","743","白山宮本殿","","国宝・重要文化財（建造物）","重要文化財","近世以前／神社","","室町後期","19580514","","富山県","富山県南砺市上梨","","白山宮","","36.41130462000000","136.93081371000000","102-shrine"
"102","751","尾崎神社","透塀","国宝・重要文化財（建造物）","重要文化財","近世以前／神社","","江戸前期","19310119","","石川県","石川県金沢市丸の内","","尾崎神社","","36.56917475000000","136.65777021000000","102-shrine"
"102","749","尾崎神社","本殿","国宝・重要文化財（建造物）","重要文化財","近世以前／神社","","江戸前期","19310119","","石川県","石川県金沢市丸の内","","尾崎神社","","36.56919342000000","136.65767454000000","102-shrine"
"102","750","尾崎神社","中門","国宝・重要文化財（建造物）","重要文化財","近世以前／神社","","江戸前期","19310119","","石川県","石川県金沢市丸の内","","尾崎神社","","36.56920975000000","136.65758704000000","102-shrine"
"102","752","尾崎神社","拝殿及び幣殿","国宝・重要文化財（建造物）","重要文化財","近世以前／神社","","江戸前期","19310119","","石川県","石川県金沢市丸の内","","尾崎神社","","36.56923075000000","136.65746570000000","102-shrine"
"102","793","気多神社","摂社若宮神社本殿","国宝・重要文化財（建造物）","重要文化財","近世以前／神社","","室町後期","19060414","","石川県","石川県羽咋市寺家町","","気多大社","","36.92577367000000","136.76741846000000","102-shrine"
"102","794","気多神社","拝殿","国宝・重要文化財（建造物）","重要文化財","近世以前／神社","","江戸前期","19610607","","石川県","石川県羽咋市寺家町","","気多大社","","36.92589330000000","136.76752954000000","102-shrine"
"102","792","気多神社","摂社白山神社本殿","国宝・重要文化財（建造物）","重要文化財","近世以前／神社","","江戸後期","19820611","","石川県","石川県羽咋市寺家町","","気多大社","","36.92602574000000","136.76765557000000","102-shrine"
"102","791","気多神社","本殿","国宝・重要文化財（建造物）","重要文化財","近世以前／神社","","江戸後期","19820611","","石川県","石川県羽咋市寺家町","","気多大社","","36.92605351000000","136.76751031000000","102-shrine"
"102","795","気多神社","神門","国宝・重要文化財（建造物）","重要文化財","近世以前／神社","","室町後期","19610607","","石川県","石川県羽咋市寺家町","","気多大社","","36.92607487000000","136.76738428000000","102-shrine"
"102","782","小松天満宮","神門","国宝・重要文化財（建造物）","重要文化財","近世以前／神社","","江戸前期","19610607","","石川県","石川県小松市天神町1番地","","小松天満宮","","36.41595223000000","136.44911219000000","102-shrine"
"102","781","小松天満宮","本殿、石の間、幣殿及び拝殿","国宝・重要文化財（建造物）","重要文化財","近世以前／神社","","江戸前期","19610607","","石川県","石川県小松市天神町1番地","","小松天満宮","","36.41606977000000","136.44860169000000","102-shrine"
"102","00005615","總持寺祖院","伝燈院御霊屋","国宝・重要文化財（建造物）","重要文化財","近世以前／神社","","江戸後期","20241209","","石川県","石川県輪島市門前町門前","","宗教法人大本山總持寺祖院","","37.28680278000000","136.77074167000000","102-shrine"
"102","00005618","總持寺祖院","白山社本殿","国宝・重要文化財（建造物）","重要文化財","近世以前／神社","","江戸前期","20241209","","石川県","石川県輪島市門前町門前","","宗教法人大本山總持寺祖院","","37.28734722000000","136.76983333000000","102-shrine"
"102","00005612","總持寺祖院","放光堂","国宝・重要文化財（建造物）","重要文化財","近世以前／寺院","","江戸後期","20241209","","石川県","石川県輪島市門前町門前","","宗教法人大本山總持寺祖院","","37.28666111000000","136.77064167000000","102-shrine"
"102","00005621","總持寺祖院","三樹松関","国宝・重要文化財（建造物）","重要文化財","近世以前／寺院","","江戸後期","20241209","","石川県","石川県輪島市門前町門前","","宗教法人大本山總持寺祖院","","37.28683333000000","136.76859722000000","102-shrine"
"102","00005617","總持寺祖院","慈雲閣観音堂","国宝・重要文化財（建造物）","重要文化財","近世以前／寺院","","江戸後期","20241209","","石川県","石川県輪島市門前町門前","","宗教法人大本山總持寺祖院","","37.28691944000000","136.77088889000000","102-shrine"
"102","00005620","總持寺祖院","経蔵","国宝・重要文化財（建造物）","重要文化財","近世以前／寺院","","江戸中期","20241209","","石川県","石川県輪島市門前町門前","","宗教法人大本山總持寺祖院","","37.28702778000000","136.76942500000000","102-shrine"
"102","00005622","總持寺祖院","裏門","国宝・重要文化財（建造物）","重要文化財","近世以前／寺院","","江戸後期","20241209","","石川県","石川県輪島市門前町門前","","宗教法人大本山總持寺祖院","","37.28722222000000","136.76954444000000","102-shrine"
"102","00005619","總持寺祖院","白山蔵","国宝・重要文化財（建造物）","重要文化財","近世以前／その他","","江戸後期","20241209","","石川県","石川県輪島市門前町門前","","宗教法人大本山總持寺祖院","","37.28694722000000","136.76968889000000","102-shrine"
"102","00005608","總持寺祖院","仏殿","国宝・重要文化財（建造物）","重要文化財","近代／宗教","","大正","20241209","","石川県","石川県輪島市門前町門前","","宗教法人大本山總持寺祖院","","37.28606667000000","136.77002500000000","102-shrine"
"102","00005613","總持寺祖院","慧心廊","国宝・重要文化財（建造物）","重要文化財","近代／宗教","","大正","20241209","","石川県","石川県輪島市門前町門前","","宗教法人大本山總持寺祖院","","37.28610278000000","136.77035000000000","102-shrine"
"102","00005607","總持寺祖院","大祖堂","国宝・重要文化財（建造物）","重要文化財","近代／宗教","","大正","20241209","","石川県","石川県輪島市門前町門前","","宗教法人大本山總持寺祖院","","37.28637500000000","136.77047778000000","102-shrine"
"102","00005609","總持寺祖院","山門","国宝・重要文化財（建造物）","重要文化財","近代／宗教","","昭和","20241209","","石川県","石川県輪島市門前町門前","","宗教法人大本山總持寺祖院","","37.28671389000000","136.76981111000000","102-shrine"
"102","00005616","總持寺祖院","伝燈院唐門","国宝・重要文化財（建造物）","重要文化財","近代／宗教","","大正","20241209","","石川県","石川県輪島市門前町門前","","宗教法人大本山總持寺祖院","","37.28680278000000","136.77057500000000","102-shrine"
"102","00005614","總持寺祖院","玄風廊","国宝・重要文化財（建造物）","重要文化財","近代／宗教","","大正","20241209","","石川県","石川県輪島市門前町門前","","宗教法人大本山總持寺祖院","","37.28688056000000","136.77048889000000","102-shrine"
"102","00005611","總持寺祖院","鐘鼓楼及び回廊（回廊）","国宝・重要文化財（建造物）","重要文化財","近代／宗教","","大正","20241209","","石川県","石川県輪島市門前町門前","","宗教法人大本山總持寺祖院","","37.28696111000000","136.76985556000000","102-shrine"
"102","00005610","總持寺祖院","鐘鼓楼及び回廊（鐘鼓楼）","国宝・重要文化財（建造物）","重要文化財","近代／宗教","","大正","20241209","","石川県","石川県輪島市門前町門前","","宗教法人大本山總持寺祖院","","37.28696944000000","136.76985278000000","102-shrine"
"102","788","白山神社本殿","","国宝・重要文化財（建造物）","重要文化財","近世以前／神社","","室町後期","19740521","","石川県","石川県珠洲市宝立町春日野","","白山神社","","37.40941240000000","137.21388340000000","102-shrine"
"102","814","藤津比古神社本殿","","国宝・重要文化財（建造物）","重要文化財","近世以前／神社","","室町中期","19670615","","石川県","石川県七尾市中島町字藤瀬","","藤津比古神社","","37.14329448000000","136.81878062000000","102-shrine"
"102","809","松尾神社本殿","","国宝・重要文化財（建造物）","重要文化財","近世以前／神社","","室町後期","19800531","","石川県","石川県羽咋郡志賀町町居","","松尾神社","","37.10492281000000","136.77227418000000","102-shrine"
"102","802","妙成寺三十番神堂","","国宝・重要文化財（建造物）","重要文化財","近世以前／神社","","桃山","19170813","","石川県","石川県羽咋市滝谷町","","妙成寺","","36.95419406000000","136.77550133000000","102-shrine"
"102","819","大塩八幡宮拝殿","","国宝・重要文化財（建造物）","重要文化財","近世以前／神社","","室町後期","19780531","","福井県","福井県越前市国兼町","","大塩八幡宮","","35.84923089000000","136.17107865000000","102-shrine"
"102","833","大滝神社本殿及び拝殿","","国宝・重要文化財（建造物）","重要文化財","近世以前／神社","","江戸末期","19840521","","福井県","福井県越前市大滝町","","大滝神社","","35.90682056000000","136.25292016000000","102-shrine"
"102","829","春日神社本殿","","国宝・重要文化財（建造物）","重要文化財","近世以前／神社","","桃山","19780531","","福井県","福井県鯖江市鳥井町","","春日神社","","35.94449353000000","136.16766485000000","102-shrine"
"102","817","気比神宮大鳥居","","国宝・重要文化財（建造物）","重要文化財","近世以前／神社","","江戸前期","19010327","","福井県","福井県敦賀市曙町","","気比神宮","","35.65437134000000","136.07383585000000","102-shrine"
"102","834","須波阿須疑神社本殿","","国宝・重要文化財（建造物）","重要文化財","近世以前／神社","","室町後期","19411106","","福井県","福井県今立郡池田町稲荷","","須波阿須疑神社","","35.88560200000000","136.34785020000000","102-shrine"
"102","830","瀧谷寺","鎮守堂","国宝・重要文化財（建造物）","重要文化財","近世以前／神社","","室町後期","19620621","","福井県","福井県坂井市三国町滝谷","","滝谷寺","","36.22166193000000","136.14683937000000","102-shrine"
"102","00005028","瀧谷寺","本堂","国宝・重要文化財（建造物）","重要文化財","近世以前／寺院","","江戸中期","20170731","","福井県","福井県坂井市三国町滝谷","","瀧谷寺","","36.21910778000000","136.14902694000000","102-shrine"
"102","00005029","瀧谷寺","観音堂","国宝・重要文化財（建造物）","重要文化財","近世以前／寺院","","江戸中期","20170731","","福井県","福井県坂井市三国町滝谷","","瀧谷寺","","36.21910778000000","136.14902694000000","102-shrine"
"102","00005030","瀧谷寺","方丈及び庫裏","国宝・重要文化財（建造物）","重要文化財","近世以前／寺院","","江戸中期","20170731","","福井県","福井県坂井市三国町滝谷","","瀧谷寺","","36.21910778000000","136.14902694000000","102-shrine"
"102","00005031","瀧谷寺","開山堂","国宝・重要文化財（建造物）","重要文化財","近世以前／寺院","","室町後期","20170731","","福井県","福井県坂井市三国町滝谷","","瀧谷寺","","36.21910778000000","136.14902694000000","102-shrine"
"102","00005032","瀧谷寺","山門","国宝・重要文化財（建造物）","重要文化財","近世以前／寺院","","江戸中期","20170731","","福井県","福井県坂井市三国町滝谷","","瀧谷寺","","36.21910778000000","136.14902694000000","102-shrine"
"102","883","浅間神社摂社山宮神社本殿","","国宝・重要文化財（建造物）","重要文化財","近世以前／神社","","室町後期","19070828","","山梨県","山梨県笛吹市一宮町一ノ宮","","浅間神社","","35.63403806000000","138.71405905000000","102-shrine"
"102","840","穴切大神社本殿","","国宝・重要文化財（建造物）","重要文化財","近世以前／神社","","桃山","19350513","","山梨県","山梨県甲府市宝","","穴切大神社","","35.66265457000000","138.56102462000000","102-shrine"
"102","00005044","北口本宮冨士浅間神社","社務所","国宝・重要文化財（建造物）","重要文化財","近世以前／神社","","江戸中期","20171128","","山梨県","山梨県富士吉田市上吉田","","宗教法人北口本宮冨士浅間神社","","35.47060278000000","138.79289444000000","102-shrine"
"102","00005038","北口本宮冨士浅間神社","惠毘壽社及び透塀","国宝・重要文化財（建造物）","重要文化財","近世以前／神社","","江戸後期","20171128","","山梨県","山梨県富士吉田市上吉田","","宗教法人北口本宮冨士浅間神社","","35.47061111000000","138.79223611000000","102-shrine"
"102","00005037","北口本宮冨士浅間神社","拝殿及び幣殿","国宝・重要文化財（建造物）","重要文化財","近世以前／神社","","江戸中期","20171128","","山梨県","山梨県富士吉田市上吉田","","宗教法人北口本宮冨士浅間神社","","35.47079167000000","138.79238611000000","102-shrine"
"102","00005040","北口本宮冨士浅間神社","手水舎","国宝・重要文化財（建造物）","重要文化財","近世以前／神社","","江戸中期","20171128","","山梨県","山梨県富士吉田市上吉田","","宗教法人北口本宮冨士浅間神社","","35.47087500000000","138.79277222000000","102-shrine"
"102","00005039","北口本宮冨士浅間神社","神楽殿","国宝・重要文化財（建造物）","重要文化財","近世以前／神社","","江戸中期","20171128","","山梨県","山梨県富士吉田市上吉田","","宗教法人北口本宮冨士浅間神社","","35.47096944000000","138.79260556000000","102-shrine"
"102","00005042","北口本宮冨士浅間神社","福地八幡社","国宝・重要文化財（建造物）","重要文化財","近世以前／神社","","江戸中期","20171128","","山梨県","山梨県富士吉田市上吉田","","宗教法人北口本宮冨士浅間神社","","35.47109167000000","138.79306111000000","102-shrine"
"102","00005041","北口本宮冨士浅間神社","隨神門","国宝・重要文化財（建造物）","重要文化財","近世以前／神社","","江戸中期","20171128","","山梨県","山梨県富士吉田市上吉田","","宗教法人北口本宮冨士浅間神社","","35.47111389000000","138.79277222000000","102-shrine"
"102","00005043","北口本宮冨士浅間神社","諏訪神社拝殿","国宝・重要文化財（建造物）","重要文化財","近世以前／神社","","江戸中期","20171128","","山梨県","山梨県富士吉田市上吉田","","宗教法人北口本宮冨士浅間神社","","35.47142500000000","138.79197222000000","102-shrine"
"102","845","北口本宮富士浅間神社東宮本殿","","国宝・重要文化財（建造物）","重要文化財","近世以前／神社","","室町後期","19070828","","山梨県","山梨県富士吉田市上吉田諏訪内","","北口本宮富士浅間神社","","35.47050004000000","138.79239395000000","102-shrine"
"102","847","北口本宮富士浅間神社西宮本殿","","国宝・重要文化財（建造物）","重要文化財","近世以前／神社","","桃山","19530331","","山梨県","山梨県富士吉田市上吉田諏訪内","","北口本宮富士浅間神社","","35.47070617000000","138.79209458000000","102-shrine"
"102","846","北口本宮富士浅間神社本殿","","国宝・重要文化財（建造物）","重要文化財","近世以前／神社","","江戸前期","19530331","","山梨県","山梨県富士吉田市上吉田諏訪内","","北口本宮富士浅間神社","","35.47064482000000","138.79224917000000","102-shrine"
"102","873","窪八幡神社神門","","国宝・重要文化財（建造物）","重要文化財","近世以前／神社","","室町後期","19490218","","山梨県","山梨県山梨市北","","窪八幡神社","","35.70445405000000","138.69071721000000","102-shrine"
"102","869","窪八幡神社摂社若宮八幡神社拝殿","","国宝・重要文化財（建造物）","重要文化財","近世以前／神社","","室町後期","19490218","","山梨県","山梨県山梨市北","","窪八幡神社","","35.70490822000000","138.68997871000000","102-shrine"
"102","868","窪八幡神社摂社若宮八幡神社本殿","","国宝・重要文化財（建造物）","重要文化財","近世以前／神社","","室町中期","19490218","","山梨県","山梨県山梨市北","","窪八幡神社","","35.70493972000000","138.68988291000000","102-shrine"
"102","874","窪八幡神社鳥居","","国宝・重要文化財（建造物）","重要文化財","近世以前／神社","","室町後期","19490218","","山梨県","山梨県山梨市北","","窪八幡神社","","35.70385464000000","138.69214008000000","102-shrine"
"102","867","窪八幡神社拝殿（庁屋）","","国宝・重要文化財（建造物）","重要文化財","近世以前／神社","","室町後期","19490218","","山梨県","山梨県山梨市北","","窪八幡神社","","35.70476365000000","138.68989888000000","102-shrine"
"102","866","窪八幡神社本殿","","国宝・重要文化財（建造物）","重要文化財","近世以前／神社","","室町後期","19070828","","山梨県","山梨県山梨市北","","窪八幡神社","","35.70478451000000","138.68979759000000","102-shrine"
"102","871","窪八幡神社末社高良神社本殿","","国宝・重要文化財（建造物）","重要文化財","近世以前／神社","","室町後期","19490218","","山梨県","山梨県山梨市北","","窪八幡神社","","35.70458253000000","138.68984974000000","102-shrine"
"102","870","窪八幡神社末社武内大神本殿","","国宝・重要文化財（建造物）","重要文化財","近世以前／神社","","室町後期","19490218","","山梨県","山梨県山梨市北","","窪八幡神社","","35.70467389000000","138.68969519000000","102-shrine"
"102","872","窪八幡神社末社比咩三神本殿","","国宝・重要文化財（建造物）","重要文化財","近世以前／神社","","江戸前期","19490218","","山梨県","山梨県山梨市北","","窪八幡神社","","35.70452839000000","138.69039811000000","102-shrine"
"102","853","熊野神社拝殿","","国宝・重要文化財（建造物）","重要文化財","近世以前／神社","","室町後期","19490218","","山梨県","山梨県甲州市塩山熊野","","熊野神社","","35.69181189000000","138.72532601000000","102-shrine"
"102","852","熊野神社本殿","","国宝・重要文化財（建造物）","重要文化財","近世以前／神社","","室町中期","19490218","","山梨県","山梨県甲州市塩山熊野","","熊野神社","","35.69188595000000","138.72553949000000","102-shrine"
"102","851","熊野神社本殿","","国宝・重要文化財（建造物）","重要文化財","近世以前／神社","","室町中期","19490218","","山梨県","山梨県甲州市塩山熊野","","熊野神社","","35.69189031000000","138.72549157000000","102-shrine"
"102","879","武田八幡神社本殿","","国宝・重要文化財（建造物）","重要文化財","近世以前／神社","","室町後期","19290406","","山梨県","山梨県韮崎市神山町","","武田八幡神社","","35.70449421000000","138.41998942000000","102-shrine"
"102","875","天神社本殿","","国宝・重要文化財（建造物）","重要文化財","近世以前／神社","","室町後期","19530331","","山梨県","山梨県山梨市大工","","天神社","","35.71364203000000","138.66348693000000","102-shrine"
"102","881","中牧神社本殿","","国宝・重要文化財（建造物）","重要文化財","近世以前／神社","","室町後期","19531114","","山梨県","山梨県山梨市牧丘町千野野宮","","中牧神社","","35.75686432000000","138.70705703000000","102-shrine"
"102","905","富士御室浅間神社本殿","","国宝・重要文化財（建造物）","重要文化財","近世以前／神社","","桃山","19850518","","山梨県","山梨県南都留郡富士河口湖町浅川","","富士御室浅間神社","","35.51070659000000","138.74602359000000","102-shrine"
"102","880","山梨岡神社本殿","","国宝・重要文化財（建造物）","重要文化財","近世以前／神社","","室町後期","19070828","","山梨県","山梨県笛吹市春日居町鎮目","","山梨岡神社","","35.66460975000000","138.63873221000000","102-shrine"
"102","991","熱田神社本殿","","国宝・重要文化財（建造物）","重要文化財","近世以前／神社","","江戸後期","19931209","","長野県","長野県伊那市長谷溝口","","熱田神社","","35.78957785000000","138.08908055000000","102-shrine"
"102","1018","大宮熱田神社本殿","","国宝・重要文化財（建造物）","重要文化財","近世以前／神社","","室町後期","19490218","","長野県","長野県松本市梓川梓","","大宮熱田神社","","36.23101479000000","137.84514176000000","102-shrine"
"102","1019","大宮熱田神社若宮八幡宮本殿","","国宝・重要文化財（建造物）","重要文化財","近世以前／神社","","室町中期","19490218","","長野県","長野県松本市梓川梓","","大宮熱田神社","","36.23116571000000","137.84522135000000","102-shrine"
"102","996","大山田神社","相殿鎮西八郎為朝社本殿","国宝・重要文化財（建造物）","重要文化財","近世以前／神社","","江戸後期","19120208","","長野県","長野県下伊那郡下條村大字陽皐","","大山田神社","","35.37777522000000","137.78313363000000","102-shrine"
"102","995","大山田神社","相殿応神天皇社本殿","国宝・重要文化財（建造物）","重要文化財","近世以前／神社","","室町後期","19120208","","長野県","長野県下伊那郡下條村大字陽皐","","大山田神社","","35.37779819000000","137.78312471000000","102-shrine"
"102","910","葛山落合神社本殿","","国宝・重要文化財（建造物）","重要文化財","近世以前／神社","","室町中期","19360918","","長野県","長野県長野市大字入山","","葛山落合神社","","36.67136779000000","138.12978976000000","102-shrine"
"102","968","駒形神社本殿","","国宝・重要文化財（建造物）","重要文化財","近世以前／神社","","室町後期","19490530","","長野県","長野県佐久市塚原","","駒形神社","","36.26938955000000","138.43170261000000","102-shrine"
"102","911","真田信重霊屋","","国宝・重要文化財（建造物）","重要文化財","近世以前／神社","","江戸前期","19710622","","長野県","長野県長野市松代町西条","","西楽寺","","36.54255554000000","138.20178529000000","102-shrine"
"102","913","真田信之霊屋","表門","国宝・重要文化財（建造物）","重要文化財","近世以前／神社","","江戸前期","19760520","","長野県","長野県長野市松代町松代","","","宗教法人長国寺","36.56489849000000","138.20617555000000","102-shrine"
"102","912","真田信之霊屋","宝殿","国宝・重要文化財（建造物）","重要文化財","近世以前／神社","","江戸前期","19760520","","長野県","長野県長野市松代町松代","","","宗教法人長国寺","36.56491957000000","138.20634183000000","102-shrine"
"102","1027","佐野神社本殿","","国宝・重要文化財（建造物）","重要文化財","近世以前／神社","","桃山","19550622","","長野県","長野県下高井郡山ノ内町大字佐野","","佐野神社","","36.73414161000000","138.41302151000000","102-shrine"
"102","1028","白髯神社本殿","","国宝・重要文化財（建造物）","重要文化財","近世以前／神社","","桃山","19590627","","長野県","長野県長野市鬼無里日影","","白髯神社","","36.67231891000000","137.99123030000000","102-shrine"
"102","971","新海三社神社東本社","","国宝・重要文化財（建造物）","重要文化財","近世以前／神社","","室町後期","19370729","","長野県","長野県佐久市田口","","新海三社神社","","36.19592179000000","138.51254877000000","102-shrine"
"102","1014","神明社","舞台","国宝・重要文化財（建造物）","重要文化財","近世以前／神社","","江戸後期","19930420","","長野県","長野県東筑摩郡麻績村麻","","神明社","","36.45924864000000","138.05851650000000","102-shrine"
"102","1013","神明社","神楽殿","国宝・重要文化財（建造物）","重要文化財","近世以前／神社","","江戸中期","19930420","","長野県","長野県東筑摩郡麻績村麻","","神明社","","36.45950571000000","138.05856286000000","102-shrine"
"102","1011","神明社","拝殿","国宝・重要文化財（建造物）","重要文化財","近世以前／神社","","江戸末期","19930420","","長野県","長野県東筑摩郡麻績村麻","","神明社","","36.45959422000000","138.05877779000000","102-shrine"
"102","1010","神明社","本殿","国宝・重要文化財（建造物）","重要文化財","近世以前／神社","","江戸中期","19930420","","長野県","長野県東筑摩郡麻績村麻","","神明社","","36.45967850000000","138.05881151000000","102-shrine"
"102","1012","神明社","假殿","国宝・重要文化財（建造物）","重要文化財","近世以前／神社","","江戸後期","19930420","","長野県","長野県東筑摩郡麻績村麻","","神明社","","36.45970379000000","138.05851229000000","102-shrine"
"102","1022","神明社","本殿","国宝・重要文化財（建造物）","重要文化財","近世以前／神社","","桃山","19490530","","長野県","長野県北安曇郡白馬村大字神城","","神明宮","","36.65330897000000","137.84152295000000","102-shrine"
"102","1023","神明社","諏訪社本殿","国宝・重要文化財（建造物）","重要文化財","近世以前／神社","","桃山","19490530","","長野県","長野県北安曇郡白馬村大字神城","","神明宮","","36.65330897000000","137.84152295000000","102-shrine"
"102","997","諏訪社","本殿","国宝・重要文化財（建造物）","重要文化財","近世以前／神社","","桃山","19930420","","長野県","長野県下伊那郡泰阜村字家ノ上","","諏訪社","","35.36697621000000","137.84161858000000","102-shrine"
"102","998","諏訪社","若宮八幡宮本殿","国宝・重要文化財（建造物）","重要文化財","近世以前／神社","","桃山","19930420","","長野県","長野県下伊那郡泰阜村字家ノ上","","諏訪社","","35.36698182000000","137.84159352000000","102-shrine"
"102","988","諏訪社","拝殿","国宝・重要文化財（建造物）","重要文化財","近世以前／神社","","江戸前期","19300523","","長野県","長野県諏訪郡富士見町大字乙事","","諏訪社","","35.91441018000000","138.26643877000000","102-shrine"
"102","989","諏訪社","幣殿","国宝・重要文化財（建造物）","重要文化財","近世以前／神社","","江戸前期","19300523","","長野県","長野県諏訪郡富士見町大字乙事","","諏訪社","","35.91450252000000","138.26639260000000","102-shrine"
"102","00004861","諏訪大社上社本宮","文庫","国宝・重要文化財（建造物）","重要文化財","近世以前／神社","","江戸後期","20160209","","長野県","長野県諏訪市大字中州","","諏訪大社","","35.99811700000000","138.11902200000000","102-shrine"
"102","00004860","諏訪大社上社本宮","勅願殿","国宝・重要文化財（建造物）","重要文化財","近世以前／神社","","江戸末期","20160209","","長野県","長野県諏訪市大字中州","","諏訪大社","","35.99816000000000","138.11891200000000","102-shrine"
"102","00004868","諏訪大社上社本宮","入口御門","国宝・重要文化財（建造物）","重要文化財","近世以前／神社","","江戸後期","20160209","","長野県","長野県諏訪市大字中州","","諏訪大社","","35.99818000000000","138.11996200000000","102-shrine"
"102","00004864","諏訪大社上社本宮","摂末社遙拝所","国宝・重要文化財（建造物）","重要文化財","近世以前／神社","","江戸後期","20160209","","長野県","長野県諏訪市大字中州","","諏訪大社","","35.99818300000000","138.11975700000000","102-shrine"
"102","00004862","諏訪大社上社本宮","勅使殿","国宝・重要文化財（建造物）","重要文化財","近世以前／神社","","江戸末期","20160209","","長野県","長野県諏訪市大字中州","","諏訪大社","","35.99829400000000","138.11992200000000","102-shrine"
"102","00004859","諏訪大社上社本宮","布橋","国宝・重要文化財（建造物）","重要文化財","近世以前／神社","","江戸後期","20160209","","長野県","長野県諏訪市大字中州","","諏訪大社","","35.99830800000000","138.11963600000000","102-shrine"
"102","00004867","諏訪大社上社本宮","神馬舎","国宝・重要文化財（建造物）","重要文化財","近世以前／神社","","江戸末期","20160209","","長野県","長野県諏訪市大字中州","","諏訪大社","","35.99831500000000","138.12024500000000","102-shrine"
"102","00004863","諏訪大社上社本宮","五間廊","国宝・重要文化財（建造物）","重要文化財","近世以前／神社","","江戸後期","20160209","","長野県","長野県諏訪市大字中州","","諏訪大社","","35.99833500000000","138.11980800000000","102-shrine"
"102","947","諏訪大社上社本宮","脇片拝殿","国宝・重要文化財（建造物）","重要文化財","近世以前／神社","","江戸末期","19831226","","長野県","長野県諏訪市大字中洲","","諏訪大社","","35.99843143000000","138.11848658000000","102-shrine"
"102","00004866","諏訪大社上社本宮","天流水舎","国宝・重要文化財（建造物）","重要文化財","近世以前／神社","","江戸後期","20160209","","長野県","長野県諏訪市大字中州","","諏訪大社","","35.99845200000000","138.11948300000000","102-shrine"
"102","00004865","諏訪大社上社本宮","神楽殿","国宝・重要文化財（建造物）","重要文化財","近世以前／神社","","江戸後期","20160209","","長野県","長野県諏訪市大字中州","","諏訪大社","","35.99856300000000","138.11957700000000","102-shrine"
"102","945","諏訪大社上社本宮","左右片拝殿（左）","国宝・重要文化財（建造物）","重要文化財","近世以前／神社","","江戸末期","19831226","","長野県","長野県諏訪市大字中洲","","諏訪大社","","35.99869837000000","138.11853528000000","102-shrine"
"102","944","諏訪大社上社本宮","拝殿","国宝・重要文化財（建造物）","重要文化財","近世以前／神社","","江戸末期","19831226","","長野県","長野県諏訪市大字中洲","","諏訪大社","","35.99875608000000","138.11859119000000","102-shrine"
"102","948","諏訪大社上社本宮","四脚門","国宝・重要文化財（建造物）","重要文化財","近世以前／神社","","桃山","19831226","","長野県","長野県諏訪市大字中洲","","諏訪大社","","35.99880298000000","138.11847035000000","102-shrine"
"102","946","諏訪大社上社本宮","左右片拝殿（右）","国宝・重要文化財（建造物）","重要文化財","近世以前／神社","","江戸末期","19831226","","長野県","長野県諏訪市大字中洲","","諏訪大社","","35.99883184000000","138.11862726000000","102-shrine"
"102","943","諏訪大社上社本宮","幣殿","国宝・重要文化財（建造物）","重要文化財","近世以前／神社","","江戸末期","19831226","","長野県","長野県諏訪市大字中州","","諏訪大社","","35.99884987000000","138.11827014000000","102-shrine"
"102","987","諏訪大社下社","秋宮神楽殿","国宝・重要文化財（建造物）","重要文化財","近世以前／神社","","江戸末期","19831226","","長野県","長野県諏訪郡下諏訪町","","諏訪大社","","36.07526357000000","138.09111645000000","102-shrine"
"102","986","諏訪大社下社","秋宮左右片拝殿（右）","国宝・重要文化財（建造物）","重要文化財","近世以前／神社","","江戸後期","19831226","","長野県","長野県諏訪郡下諏訪町","","諏訪大社","","36.07534335000000","138.09138504000000","102-shrine"
"102","984","諏訪大社下社","秋宮幣拝殿","国宝・重要文化財（建造物）","重要文化財","近世以前／神社","","江戸後期","19831226","","長野県","長野県諏訪郡下諏訪町","","諏訪大社","","36.07539387000000","138.09129728000000","102-shrine"
"102","985","諏訪大社下社","秋宮左右片拝殿（左）","国宝・重要文化財（建造物）","重要文化財","近世以前／神社","","江戸後期","19831226","","長野県","長野県諏訪郡下諏訪町","","諏訪大社","","36.07545238000000","138.09121484000000","102-shrine"
"102","983","諏訪大社下社","春宮左右片拝殿（右）","国宝・重要文化財（建造物）","重要文化財","近世以前／神社","","江戸後期","19831226","","長野県","長野県諏訪郡下諏訪町","","諏訪大社","","36.08205909000000","138.08220755000000","102-shrine"
"102","981","諏訪大社下社","春宮幣拝殿","国宝・重要文化財（建造物）","重要文化財","近世以前／神社","","江戸後期","19831226","","長野県","長野県諏訪郡下諏訪町","","諏訪大社","","36.08205988000000","138.08212807000000","102-shrine"
"102","982","諏訪大社下社","春宮左右片拝殿（左）","国宝・重要文化財（建造物）","重要文化財","近世以前／神社","","江戸後期","19831226","","長野県","長野県諏訪郡下諏訪町","","諏訪大社","","36.08207021000000","138.08204859000000","102-shrine"
"102","961","健御名方富命彦神別神社末社若宮八幡神社本殿","","国宝・重要文化財（建造物）","重要文化財","近世以前／神社","","室町中期","19520719","","長野県","長野県飯山市大字豊田","","健御名方富命彦神別神社","","36.92121097000000","138.37473310000000","102-shrine"
"102","919","筑摩神社本殿","","国宝・重要文化財（建造物）","重要文化財","近世以前／神社","","室町中期","19300523","","長野県","長野県松本市筑摩","","筑摩神社","","36.22631724000000","137.98255705000000","102-shrine"
"102","958","仁科神明宮","中門（前殿）","国宝・重要文化財（建造物）","国宝","近世以前／神社","","江戸中期","19360918","19530331","長野県","長野県大町市社","","仁科神明宮","","36.44933526000000","137.87879476000000","102-shrine"
"102","957","仁科神明宮","本殿","国宝・重要文化財（建造物）","国宝","近世以前／神社","","江戸中期","19360918","19530331","長野県","長野県大町市社","","仁科神明宮","","36.44941622000000","137.87878033000000","102-shrine"
"102","956","若一王子神社本殿","","国宝・重要文化財（建造物）","重要文化財","近世以前／神社","","室町後期","19310119","","長野県","長野県大町市大町","","若一王子神社","","36.51588618000000","137.85358224000000","102-shrine"
"102","940","白山社奥社本殿","","国宝・重要文化財（建造物）","重要文化財","近世以前／神社","","室町後期","19340130","","長野県","長野県飯田市大字上飯田","","白山社","","35.54914601000000","137.78774011000000","102-shrine"
"102","1006","白山神社","境内社熊野神社本殿","国宝・重要文化財（建造物）","重要文化財","近世以前／神社","","室町前期","19370825","","長野県","長野県木曽郡大桑村大字殿","","白山神社","","35.69174638000000","137.66161007000000","102-shrine"
"102","1005","白山神社","境内社伊豆神社本殿","国宝・重要文化財（建造物）","重要文化財","近世以前／神社","","室町前期","19370825","","長野県","長野県木曽郡大桑村大字殿","","白山神社","","35.69176078000000","137.66163475000000","102-shrine"
"102","1003","白山神社","本殿","国宝・重要文化財（建造物）","重要文化財","近世以前／神社","","室町前期","19370825","","長野県","長野県木曽郡大桑村大字殿","","白山神社","","35.69177312000000","137.66165635000000","102-shrine"
"102","1004","白山神社","境内社蔵王神社本殿","国宝・重要文化財（建造物）","重要文化財","近世以前／神社","","室町前期","19370825","","長野県","長野県木曽郡大桑村大字殿","","白山神社","","35.69179164000000","137.66168104000000","102-shrine"
"102","960","白山神社本殿","","国宝・重要文化財（建造物）","重要文化財","近世以前／神社","","室町中期","19520329","","長野県","長野県飯山市大字照岡","","白山神社","宗教法人名立神社","36.97072806000000","138.44683328000000","102-shrine"
"102","976","八幡社境内神社高良社本殿（旧八幡社本殿）","","国宝・重要文化財（建造物）","重要文化財","近世以前／神社","","室町後期","19421222","","長野県","長野県佐久市蓬田","","八幡神社","","36.27616069000000","138.39816294000000","102-shrine"
"102","993","八幡神社","本殿","国宝・重要文化財（建造物）","重要文化財","近世以前／神社","","室町後期","19300523","","長野県","長野県下伊那郡阿南町大字富草","","八幡神社","","35.36669786000000","137.79565020000000","102-shrine"
"102","994","八幡神社","摂社諏訪神社本殿","国宝・重要文化財（建造物）","重要文化財","近世以前／神社","","室町後期","19300523","","長野県","長野県下伊那郡阿南町大字富草","","八幡神社","","35.36669810000000","137.79558069000000","102-shrine"
"102","1025","水上布奈山神社本殿","","国宝・重要文化財（建造物）","重要文化財","近世以前／神社","","江戸後期","19880511","","長野県","長野県千曲市大字戸倉","","水上布奈山神社","","36.48953953000000","138.15046230000000","102-shrine"
"102","925","若宮八幡社本殿","","国宝・重要文化財（建造物）","重要文化財","近世以前／神社","","桃山","19530829","","長野県","長野県松本市筑摩","","若宮八幡社","","36.22124521000000","137.98282316000000","102-shrine"
"102","1108","阿多由太神社本殿","","国宝・重要文化財（建造物）","重要文化財","近世以前／神社","","室町後期","19610607","","岐阜県","岐阜県高山市国府町木曽垣内","","阿多由多神社","","36.22122717000000","137.21807555000000","102-shrine"
"102","1106","荒城神社本殿","","国宝・重要文化財（建造物）","重要文化財","近世以前／神社","","室町前期","19090405","","岐阜県","岐阜県高山市国府町宮地","","荒城神社","","36.21887513000000","137.25962561000000","102-shrine"
"102","1057","大矢田神社","拝殿","国宝・重要文化財（建造物）","重要文化財","近世以前／神社","","江戸中期","19890519","","岐阜県","岐阜県美濃市大矢田","","大矢田神社","","35.55562866000000","136.86834416000000","102-shrine"
"102","1056","大矢田神社","本殿","国宝・重要文化財（建造物）","重要文化財","近世以前／神社","","江戸中期","19890519","","岐阜県","岐阜県美濃市大矢田","","大矢田神社","","35.55581515000000","136.86837583000000","102-shrine"
"102","1097","久津八幡宮拝殿","","国宝・重要文化財（建造物）","重要文化財","近世以前／神社","","桃山","19240415","","岐阜県","岐阜県下呂市萩原町上呂","","久津八幡宮","","35.88748437000000","137.21235598000000","102-shrine"
"102","1098","久津八幡宮本殿","","国宝・重要文化財（建造物）","重要文化財","近世以前／神社","","室町中期","19531114","","岐阜県","岐阜県下呂市萩原町上呂","","久津八幡宮","","35.88750379000000","137.21252773000000","102-shrine"
"102","1109","熊野神社本殿","","国宝・重要文化財（建造物）","重要文化財","近世以前／神社","","室町後期","19790203","","岐阜県","岐阜県高山市国府町西門前","","熊野神社","","36.22539745000000","137.24534223000000","102-shrine"
"102","1050","新長谷寺鎮守堂","","国宝・重要文化財（建造物）","重要文化財","近世以前／神社","","室町後期","19531114","","岐阜県","岐阜県関市長谷寺町","","新長谷寺","","35.48528871000000","136.92352008000000","102-shrine"
"102","1058","武並神社本殿","","国宝・重要文化財（建造物）","重要文化財","近世以前／神社","","室町後期","19890519","","岐阜県","岐阜県恵那市大井町","","武並神社","","35.45064468000000","137.42081965000000","102-shrine"
"102","1082","南宮神社","神輿舎","国宝・重要文化財（建造物）","重要文化財","近世以前／神社","","江戸前期","19660611","","岐阜県","岐阜県不破郡垂井町宮代","","南宮大社","","35.36027857000000","136.52521361000000","102-shrine"
"102","1081","南宮神社","楼門","国宝・重要文化財（建造物）","重要文化財","近世以前／神社","","江戸前期","19660611","","岐阜県","岐阜県不破郡垂井町宮代","","南宮大社","","35.36046152000000","136.52565830000000","102-shrine"
"102","1077","南宮神社","回廊　（左回廊）","国宝・重要文化財（建造物）","重要文化財","近世以前／神社","","江戸前期","19660611","","岐阜県","岐阜県不破郡垂井町宮代","","南宮大社","","35.36049544000000","136.52508086000000","102-shrine"
"102","1080","南宮神社","高舞殿","国宝・重要文化財（建造物）","重要文化財","近世以前／神社","","江戸前期","19660611","","岐阜県","岐阜県不破郡垂井町宮代","","南宮大社","","35.36059328000000","136.52536705000000","102-shrine"
"102","1075","南宮神社","摂社南大神神社本殿","国宝・重要文化財（建造物）","重要文化財","近世以前／神社","","江戸前期","19660611","","岐阜県","岐阜県不破郡垂井町宮代","","南宮大社","","35.36059743000000","136.52484370000000","102-shrine"
"102","1071","南宮神社","拝殿","国宝・重要文化財（建造物）","重要文化財","近世以前／神社","","江戸前期","19660611","","岐阜県","岐阜県不破郡垂井町宮代","","南宮大社","","35.36065664000000","136.52522372000000","102-shrine"
"102","1073","南宮神社","摂社高山神社本殿","国宝・重要文化財（建造物）","重要文化財","近世以前／神社","","江戸前期","19660611","","岐阜県","岐阜県不破郡垂井町宮代","","南宮大社","","35.36066494000000","136.52489549000000","102-shrine"
"102","1070","南宮神社","幣殿","国宝・重要文化財（建造物）","重要文化財","近世以前／神社","","江戸前期","19660611","","岐阜県","岐阜県不破郡垂井町宮代","","南宮大社","","35.36072612000000","136.52508737000000","102-shrine"
"102","1069","南宮神社","本殿","国宝・重要文化財（建造物）","重要文化財","近世以前／神社","","江戸前期","19660611","","岐阜県","岐阜県不破郡垂井町宮代","","南宮大社","","35.36076731000000","136.52498107000000","102-shrine"
"102","1078","南宮神社","回廊　（右回廊）","国宝・重要文化財（建造物）","重要文化財","近世以前／神社","","江戸前期","19660611","","岐阜県","岐阜県不破郡垂井町宮代","","南宮大社","","35.36078752000000","136.52529402000000","102-shrine"
"102","1076","南宮神社","摂社七王子神社本殿","国宝・重要文化財（建造物）","重要文化財","近世以前／神社","","江戸前期","19660611","","岐阜県","岐阜県不破郡垂井町宮代","","南宮大社","","35.36081022000000","136.52491362000000","102-shrine"
"102","1083","南宮神社","神官廊","国宝・重要文化財（建造物）","重要文化財","近世以前／神社","","江戸前期","19660611","","岐阜県","岐阜県不破郡垂井町宮代","","南宮大社","","35.36086529000000","136.52562210000000","102-shrine"
"102","1072","南宮神社","摂社樹下神社本殿","国宝・重要文化財（建造物）","重要文化財","近世以前／神社","","江戸前期","19660611","","岐阜県","岐阜県不破郡垂井町宮代","","南宮大社","","35.36089794000000","136.52505457000000","102-shrine"
"102","1074","南宮神社","摂社隼人神社本殿","国宝・重要文化財（建造物）","重要文化財","近世以前／神社","","江戸前期","19660611","","岐阜県","岐阜県不破郡垂井町宮代","","南宮大社","","35.36095897000000","136.52510727000000","102-shrine"
"102","1086","南宮神社","鳥居","国宝・重要文化財（建造物）","重要文化財","近世以前／神社","","江戸前期","19711228","","岐阜県","岐阜県不破郡垂井町宮代","","南宮大社","","35.37149086000000","136.52518927000000","102-shrine"
"102","1079","南宮神社","勅使殿","国宝・重要文化財（建造物）","重要文化財","近世以前／住宅","","江戸前期","19660611","","岐阜県","岐阜県不破郡垂井町宮代","","南宮大社","","35.36001770000000","136.52552654000000","102-shrine"
"102","1084","南宮神社","輪橋","国宝・重要文化財（建造物）","重要文化財","近世以前／その他","","江戸前期","19711228","","岐阜県","岐阜県不破郡垂井町宮代","","南宮大社","","35.36040403000000","136.52575047000000","102-shrine"
"102","1085","南宮神社","下向橋","国宝・重要文化財（建造物）","重要文化財","近世以前／その他","","江戸前期","19711228","","岐阜県","岐阜県不破郡垂井町宮代","","南宮大社","","35.36055163000000","136.52585535000000","102-shrine"
"102","1092","白山神社拝殿","","国宝・重要文化財（建造物）","重要文化財","近世以前／神社","","室町後期","19560628","","岐阜県","岐阜県山県市東深瀬","","白山神社","","35.45894635000000","136.83075660000000","102-shrine"
"102","1137","大歳御祖神社","中門","国宝・重要文化財（建造物）","重要文化財","近世以前／神社","","江戸後期","19710622","","静岡県","静岡県静岡市葵区宮ヶ崎町","","神部神社
浅間神社
大歳御祖神社","","34.98256871000000","138.37522446000000","102-shrine"
"102","1136","大歳御祖神社","本殿","国宝・重要文化財（建造物）","重要文化財","近世以前／神社","","江戸後期","19710622","","静岡県","静岡県静岡市葵区宮ヶ崎町","","神部神社
浅間神社
大歳御祖神社","","34.98263242000000","138.37517350000000","102-shrine"
"102","1138","大歳御祖神社","透塀","国宝・重要文化財（建造物）","重要文化財","近世以前／神社","","江戸後期","19710622","","静岡県","静岡県静岡市葵区宮ヶ崎町","","神部神社
浅間神社
大歳御祖神社","","34.98268606000000","138.37512595000000","102-shrine"
"102","1145","神部神社浅間神社","八千戈神社南透塀","国宝・重要文化財（建造物）","重要文化財","近世以前／神社","","江戸末期","19710622","","静岡県","静岡県静岡市葵区宮ヶ崎町","","神部神社
浅間神社
大歳御祖神社","","34.98308390000000","138.37551846000000","102-shrine"
"102","1144","神部神社浅間神社","八千戈神社中門","国宝・重要文化財（建造物）","重要文化財","近世以前／神社","","江戸末期","19710622","","静岡県","静岡県静岡市葵区宮ヶ崎町","","神部神社
浅間神社
大歳御祖神社","","34.98317653000000","138.37554357000000","102-shrine"
"102","1143","神部神社浅間神社","八千戈神社本殿","国宝・重要文化財（建造物）","重要文化財","近世以前／神社","","江戸末期","19710622","","静岡県","静岡県静岡市葵区宮ヶ崎町","","神部神社
浅間神社
大歳御祖神社","","34.98318221000000","138.37541945000000","102-shrine"
"102","1146","神部神社浅間神社","八千戈神社北透塀","国宝・重要文化財（建造物）","重要文化財","近世以前／神社","","江戸末期","19710622","","静岡県","静岡県静岡市葵区宮ヶ崎町","","神部神社
浅間神社
大歳御祖神社","","34.98327058000000","138.37551668000000","102-shrine"
"102","2076","神部神社浅間神社","宝庫","国宝・重要文化財（建造物）","重要文化財","近世以前／神社","","江戸末期","19990513","","静岡県","静岡県静岡市葵区宮ヶ崎町","","神部神社
浅間神社
大歳御祖神社","","34.98335150000000","138.37547157000000","102-shrine"
"102","1133","神部神社浅間神社","南回廊","国宝・重要文化財（建造物）","重要文化財","近世以前／神社","","江戸後期","19710622","","静岡県","静岡県静岡市葵区宮ヶ崎町","","神部神社
浅間神社
大歳御祖神社","","34.98356967000000","138.37595649000000","102-shrine"
"102","1127","神部神社浅間神社","南透塀","国宝・重要文化財（建造物）","重要文化財","近世以前／神社","","江戸後期","19710622","","静岡県","静岡県静岡市葵区宮ヶ崎町","","神部神社
浅間神社
大歳御祖神社","","34.98358447000000","138.37534855000000","102-shrine"
"102","1125","神部神社浅間神社","南中門","国宝・重要文化財（建造物）","重要文化財","近世以前／神社","","江戸後期","19710622","","静岡県","静岡県静岡市葵区宮ヶ崎町","","神部神社
浅間神社
大歳御祖神社","","34.98364197000000","138.37537429000000","102-shrine"
"102","1124","神部神社浅間神社","本殿","国宝・重要文化財（建造物）","重要文化財","近世以前／神社","","江戸後期","19710622","","静岡県","静岡県静岡市葵区宮ヶ崎町","","神部神社
浅間神社
大歳御祖神社","","34.98366824000000","138.37528490000000","102-shrine"
"102","1128","神部神社浅間神社","中透塀","国宝・重要文化財（建造物）","重要文化財","近世以前／神社","","江戸後期","19710622","","静岡県","静岡県静岡市葵区宮ヶ崎町","","神部神社
浅間神社
大歳御祖神社","","34.98369067000000","138.37536964000000","102-shrine"
"102","1130","神部神社浅間神社","拝殿","国宝・重要文化財（建造物）","重要文化財","近世以前／神社","","江戸後期","19710622","","静岡県","静岡県静岡市葵区宮ヶ崎町","","神部神社
浅間神社
大歳御祖神社","","34.98372686000000","138.37559351000000","102-shrine"
"102","1126","神部神社浅間神社","北中門","国宝・重要文化財（建造物）","重要文化財","近世以前／神社","","江戸後期","19710622","","静岡県","静岡県静岡市葵区宮ヶ崎町","","神部神社
浅間神社
大歳御祖神社","","34.98372887000000","138.37535007000000","102-shrine"
"102","1129","神部神社浅間神社","北透塀","国宝・重要文化財（建造物）","重要文化財","近世以前／神社","","江戸後期","19710622","","静岡県","静岡県静岡市葵区宮ヶ崎町","","神部神社
浅間神社
大歳御祖神社","","34.98375954000000","138.37528294000000","102-shrine"
"102","1131","神部神社浅間神社","舞殿","国宝・重要文化財（建造物）","重要文化財","近世以前／神社","","江戸後期","19710622","","静岡県","静岡県静岡市葵区宮ヶ崎町","","神部神社
浅間神社
大歳御祖神社","","34.98378117000000","138.37601937000000","102-shrine"
"102","1132","神部神社浅間神社","楼門","国宝・重要文化財（建造物）","重要文化財","近世以前／神社","","江戸後期","19710622","","静岡県","静岡県静岡市葵区宮ヶ崎町","","神部神社
浅間神社
大歳御祖神社","","34.98380403000000","138.37611083000000","102-shrine"
"102","1135","神部神社浅間神社","総門","国宝・重要文化財（建造物）","重要文化財","近世以前／神社","","江戸後期","19710622","","静岡県","静岡県静岡市葵区宮ヶ崎町","","神部神社
浅間神社
大歳御祖神社","","34.98384119000000","138.37632233000000","102-shrine"
"102","1142","神部神社浅間神社","麓山神社拝殿","国宝・重要文化財（建造物）","重要文化財","近世以前／神社","","江戸後期","19710622","","静岡県","静岡県静岡市葵区宮ヶ崎町","","神部神社
浅間神社
大歳御祖神社","","34.98395330000000","138.37482195000000","102-shrine"
"102","2075","神部神社浅間神社","神厩舎","国宝・重要文化財（建造物）","重要文化財","近世以前／神社","","江戸末期","19990513","","静岡県","静岡県静岡市葵区宮ヶ崎町","","神部神社
浅間神社
大歳御祖神社","","34.98396123000000","138.37632519000000","102-shrine"
"102","1134","神部神社浅間神社","北回廊","国宝・重要文化財（建造物）","重要文化財","近世以前／神社","","江戸後期","19710622","","静岡県","静岡県静岡市葵区宮ヶ崎町","","神部神社
浅間神社
大歳御祖神社","","34.98403840000000","138.37581359000000","102-shrine"
"102","1140","神部神社浅間神社","麓山神社中門","国宝・重要文化財（建造物）","重要文化財","近世以前／神社","","江戸後期","19710622","","静岡県","静岡県静岡市葵区宮ヶ崎町","","神部神社
浅間神社
大歳御祖神社","","34.98403907000000","138.37482906000000","102-shrine"
"102","1139","神部神社浅間神社","麓山神社本殿","国宝・重要文化財（建造物）","重要文化財","近世以前／神社","","江戸後期","19710622","","静岡県","静岡県静岡市葵区宮ヶ崎町","","神部神社
浅間神社
大歳御祖神社","","34.98411711000000","138.37482356000000","102-shrine"
"102","1141","神部神社浅間神社","麓山神社透塀","国宝・重要文化財（建造物）","重要文化財","近世以前／神社","","江戸後期","19710622","","静岡県","静岡県静岡市葵区宮ヶ崎町","","神部神社
浅間神社
大歳御祖神社","","34.98418663000000","138.37481869000000","102-shrine"
"102","1147","神部神社浅間神社","少彦名神社本殿","国宝・重要文化財（建造物）","重要文化財","近世以前／神社","","江戸末期","19710622","","静岡県","静岡県静岡市葵区宮ヶ崎町","","神部神社
浅間神社
大歳御祖神社","","34.98434739000000","138.37573896000000","102-shrine"
"102","1111","久能山東照宮","本殿、石の間、拝殿","国宝・重要文化財（建造物）","国宝","近世以前／神社","","江戸前期","19080801","20101224","静岡県","静岡県静岡市駿河区根古屋","","久能山東照宮","","34.96482136000000","138.46759094000000","102-shrine"
"102","1123","久能山東照宮","楼門","国宝・重要文化財（建造物）","重要文化財","近世以前／神社","","江戸前期","19550622","","静岡県","静岡県静岡市駿河区根古屋","","久能山東照宮","","34.96423496000000","138.46717655000000","102-shrine"
"102","1122","久能山東照宮","神厩","国宝・重要文化財（建造物）","重要文化財","近世以前／神社","","江戸前期","19550622","","静岡県","静岡県静岡市駿河区根古屋","","久能山東照宮","","34.96444155000000","138.46715210000000","102-shrine"
"102","1121","久能山東照宮","鼓楼","国宝・重要文化財（建造物）","重要文化財","近世以前／神社","","江戸前期","19550622","","静岡県","静岡県静岡市駿河区根古屋","","久能山東照宮","","34.96445388000000","138.46745411000000","102-shrine"
"102","1119","久能山東照宮","神庫","国宝・重要文化財（建造物）","重要文化財","近世以前／神社","","江戸前期","19550622","","静岡県","静岡県静岡市駿河区根古屋","","久能山東照宮","","34.96453697000000","138.46781030000000","102-shrine"
"102","1120","久能山東照宮","神楽殿","国宝・重要文化財（建造物）","重要文化財","近世以前／神社","","江戸前期","19550622","","静岡県","静岡県静岡市駿河区根古屋","","久能山東照宮","","34.96455409000000","138.46752795000000","102-shrine"
"102","00004487","久能山東照宮","神饌所","国宝・重要文化財（建造物）","重要文化財","近世以前／神社","","江戸前期","20101224","","静岡県","静岡県静岡市駿河区根古屋","","久能山東照宮","","34.96467415000000","138.46732046000000","102-shrine"
"102","1112","久能山東照宮","唐門","国宝・重要文化財（建造物）","重要文化財","近世以前／神社","","江戸前期","19120208","","静岡県","静岡県静岡市駿河区根古屋","","久能山東照宮","","34.96472753000000","138.46752839000000","102-shrine"
"102","1113","久能山東照宮","東門","国宝・重要文化財（建造物）","重要文化財","近世以前／神社","","江戸前期","19120208","","静岡県","静岡県静岡市駿河区根古屋","","久能山東照宮","","34.96472825000000","138.46769047000000","102-shrine"
"102","1116","久能山東照宮","渡廊","国宝・重要文化財（建造物）","重要文化財","近世以前／神社","","江戸前期","19120208","","静岡県","静岡県静岡市駿河区根古屋","","久能山東照宮","","34.96486645000000","138.46745711000000","102-shrine"
"102","1115","久能山東照宮","玉垣","国宝・重要文化財（建造物）","重要文化財","近世以前／神社","","江戸前期","19120208","","静岡県","静岡県静岡市駿河区根古屋","","久能山東照宮","","34.96492762000000","138.46775581000000","102-shrine"
"102","1114","久能山東照宮","廟門","国宝・重要文化財（建造物）","重要文化財","近世以前／神社","","江戸前期","19120208","","静岡県","静岡県静岡市駿河区根古屋","","久能山東照宮","","34.96499166000000","138.46759117000000","102-shrine"
"102","1118","久能山東照宮","末社日枝神社本殿（旧本地堂）","国宝・重要文化財（建造物）","重要文化財","近世以前／寺院","","江戸前期","19550622","","静岡県","静岡県静岡市駿河区根古屋","","久能山東照宮","","34.96476272000000","138.46779813000000","102-shrine"
"102","1117","久能山東照宮","廟所宝塔","国宝・重要文化財（建造物）","重要文化財","近世以前／その他","","江戸前期","19550622","","静岡県","静岡県静岡市駿河区根古屋","","久能山東照宮","","34.96524747000000","138.46815491000000","102-shrine"
"102","1181","浜名惣社神明宮本殿","","国宝・重要文化財（建造物）","重要文化財","近世以前／神社","","江戸後期","19930420","","静岡県","静岡県浜松市北区三ヶ日町三ヶ日","","浜名惣社神明宮","","34.81177113000000","137.55285338000000","102-shrine"
"102","1150","富士山本宮浅間神社本殿","","国宝・重要文化財（建造物）","重要文化財","近世以前／神社","","桃山","19070527","","静岡県","静岡県富士宮市大宮","","富士山本宮浅間大社","","35.22756129000000","138.61001630000000","102-shrine"
"102","1154","富士浅間宮本殿","","国宝・重要文化財（建造物）","重要文化財","近世以前／神社","","桃山","19070527","","静岡県","静岡県袋井市国本","","富士浅間宮","","34.76704589000000","137.95040270000000","102-shrine"
"102","1180","方広寺七尊菩薩堂","","国宝・重要文化財（建造物）","重要文化財","近世以前／神社","","室町中期","19540917","","静岡県","静岡県浜松市北区引佐町奥山","","方広寺","","34.84775529000000","137.61439630000000","102-shrine"
"102","3678","三嶋大社本殿、幣殿及び拝殿","","国宝・重要文化財（建造物）","重要文化財","近世以前／神社","","江戸末期","20000525","","静岡県","静岡県三島市大宮町二丁目1番5号","","三嶋大社","","35.12240093000000","138.91880769000000","102-shrine"
"102","1281","足助八幡宮本殿","","国宝・重要文化財（建造物）","重要文化財","近世以前／神社","","室町中期","19070527","","愛知県","愛知県豊田市足助町","","足助八幡宮","","35.13432870000000","137.31074260000000","102-shrine"
"102","1205","伊賀八幡宮","鳥居","国宝・重要文化財（建造物）","重要文化財","近世以前／神社","","江戸前期","19330123","","愛知県","愛知県岡崎市伊賀町","","伊賀八幡宮","","34.97061134000000","137.16464427000000","102-shrine"
"102","1203","伊賀八幡宮","随身門","国宝・重要文化財（建造物）","重要文化財","近世以前／神社","","江戸前期","19330123","","愛知県","愛知県岡崎市伊賀町","","伊賀八幡宮","","34.97101141000000","137.16467075000000","102-shrine"
"102","1202","伊賀八幡宮","御供所","国宝・重要文化財（建造物）","重要文化財","近世以前／神社","","江戸前期","19330123","","愛知県","愛知県岡崎市伊賀町","","伊賀八幡宮","","34.97131159000000","137.16429595000000","102-shrine"
"102","1200","伊賀八幡宮","本殿、幣殿、拝殿","国宝・重要文化財（建造物）","重要文化財","近世以前／神社","","江戸前期","19330123","","愛知県","愛知県岡崎市伊賀町","","伊賀八幡宮","","34.97145746000000","137.16468615000000","102-shrine"
"102","1201","伊賀八幡宮","透塀","国宝・重要文化財（建造物）","重要文化財","近世以前／神社","","江戸前期","19330123","","愛知県","愛知県岡崎市伊賀町","","伊賀八幡宮","","34.97161432000000","137.16468880000000","102-shrine"
"102","1204","伊賀八幡宮","神橋","国宝・重要文化財（建造物）","重要文化財","近世以前／その他","","江戸前期","19330123","","愛知県","愛知県岡崎市伊賀町","","伊賀八幡宮","","34.97031862000000","137.16463464000000","102-shrine"
"102","1252","大縣神社","本殿","国宝・重要文化財（建造物）","重要文化財","近世以前／神社","","江戸中期","19810605","","愛知県","愛知県犬山市字宮山","","大縣神社","","35.33029502000000","136.96740976000000","102-shrine"
"102","1253","大縣神社","祭文殿及び東西回廊","国宝・重要文化財（建造物）","重要文化財","近世以前／神社","","江戸中期","19810605","","愛知県","愛知県犬山市字宮山","","大縣神社","","35.33037105000000","136.96702562000000","102-shrine"
"102","1263","尾張大国霊神社拝殿","","国宝・重要文化財（建造物）","重要文化財","近世以前／神社","","江戸前期","19550622","","愛知県","愛知県稲沢市国府宮一丁目","","尾張大国霊神社","","35.25591489000000","136.80548003000000","102-shrine"
"102","1262","尾張大国霊神社楼門","","国宝・重要文化財（建造物）","重要文化財","近世以前／神社","","江戸前期","19550622","","愛知県","愛知県稲沢市国府宮一丁目","","尾張大国霊神社","","35.25574020000000","136.80547337000000","102-shrine"
"102","1238","久麻久神社本殿","","国宝・重要文化財（建造物）","重要文化財","近世以前／神社","","室町後期","19290406","","愛知県","愛知県西尾市八ツ面町","","久麻久神社","","34.87475532000000","137.07652887000000","102-shrine"
"102","1222","源敬公（徳川義直）廟","竜の門","国宝・重要文化財（建造物）","重要文化財","近世以前／神社","","江戸前期","19370825","","愛知県","愛知県瀬戸市定光寺町","","","","35.27995108000000","137.09207381000000","102-shrine"
"102","1224","源敬公（徳川義直）廟","獅子の門","国宝・重要文化財（建造物）","重要文化財","近世以前／神社","","江戸前期","19650529","","愛知県","愛知県瀬戸市定光寺町","","","","35.27999712000000","137.09167568000000","102-shrine"
"102","1221","源敬公（徳川義直）廟","宝蔵（祭器蔵）","国宝・重要文化財（建造物）","重要文化財","近世以前／神社","","江戸前期","19370825","","愛知県","愛知県瀬戸市定光寺町","","","","35.28019559000000","137.09229739000000","102-shrine"
"102","1220","源敬公（徳川義直）廟","焼香殿（祭文殿）","国宝・重要文化財（建造物）","重要文化財","近世以前／神社","","江戸前期","19370825","","愛知県","愛知県瀬戸市定光寺町","","","","35.28022175000000","137.09219031000000","102-shrine"
"102","1219","源敬公（徳川義直）廟","唐門","国宝・重要文化財（建造物）","重要文化財","近世以前／神社","","江戸前期","19370825","","愛知県","愛知県瀬戸市定光寺町","","","","35.28032011000000","137.09222937000000","102-shrine"
"102","1223","源敬公（徳川義直）廟","築地塀","国宝・重要文化財（建造物）","重要文化財","近世以前／神社","","江戸前期","19370825","","愛知県","愛知県瀬戸市定光寺町","","","","35.28045590000000","137.09229471000000","102-shrine"
"102","1218","源敬公（徳川義直）廟","源敬公墓","国宝・重要文化財（建造物）","重要文化財","近世以前／その他","","江戸前期","19370825","","愛知県","愛知県瀬戸市定光寺町","","","","35.28037382000000","137.09225344000000","102-shrine"
"102","00005647","建中寺徳川家御霊屋","唐門","国宝・重要文化財（建造物）","重要文化財","近世以前／神社","","江戸後期","20250827","","愛知県","愛知県名古屋市東区筒井一丁目","","宗教法人建中寺","","35.17941111000000","136.92706111000000","102-shrine"
"102","00005646","建中寺徳川家御霊屋","本殿・合間・経殿","国宝・重要文化財（建造物）","重要文化財","近世以前／神社","","江戸後期","20250827","","愛知県","愛知県名古屋市東区筒井一丁目","","宗教法人建中寺","","35.17963889000000","136.92711944000000","102-shrine"
"102","00005648","建中寺徳川家御霊屋","透塀","国宝・重要文化財（建造物）","重要文化財","近世以前／神社","","江戸後期","20250827","","愛知県","愛知県名古屋市東区筒井一丁目","","宗教法人建中寺","","35.17974167000000","136.92714722000000","102-shrine"
"102","1214","滝山東照宮","鳥居","国宝・重要文化財（建造物）","重要文化財","近世以前／神社","","江戸前期","19531114","","愛知県","愛知県岡崎市滝町","","滝山東照宮","","34.98812076000000","137.20581058000000","102-shrine"
"102","1215","滝山東照宮","水屋","国宝・重要文化財（建造物）","重要文化財","近世以前／神社","","江戸前期","19531114","","愛知県","愛知県岡崎市滝町","","滝山東照宮","","34.98817746000000","137.20581267000000","102-shrine"
"102","1212","滝山東照宮","拝殿、幣殿","国宝・重要文化財（建造物）","重要文化財","近世以前／神社","","江戸前期","19531114","","愛知県","愛知県岡崎市滝町","","滝山東照宮","","34.98822120000000","137.20591312000000","102-shrine"
"102","1213","滝山東照宮","中門","国宝・重要文化財（建造物）","重要文化財","近世以前／神社","","江戸前期","19531114","","愛知県","愛知県岡崎市滝町","","滝山東照宮","","34.98831816000000","137.20594801000000","102-shrine"
"102","1211","滝山東照宮","本殿","国宝・重要文化財（建造物）","重要文化財","近世以前／神社","","江戸前期","19531114","","愛知県","愛知県岡崎市滝町","","滝山東照宮","","34.98839906000000","137.20597380000000","102-shrine"
"102","1232","津島神社本殿","","国宝・重要文化財（建造物）","重要文化財","近世以前／神社","","桃山","19200415","","愛知県","愛知県津島市神明町","","津島神社","","35.17778759000000","136.71849305000000","102-shrine"
"102","1233","津島神社楼門","","国宝・重要文化財（建造物）","重要文化財","近世以前／神社","","桃山","19580514","","愛知県","愛知県津島市神明町","","津島神社","","35.17778759000000","136.71849305000000","102-shrine"
"102","1290","東照宮","水屋","国宝・重要文化財（建造物）","重要文化財","近世以前／神社","","江戸前期","19531114","","愛知県","愛知県新城市門谷","","東照宮","","34.97858800000000","137.58637283000000","102-shrine"
"102","1286","東照宮","拝殿、幣殿","国宝・重要文化財（建造物）","重要文化財","近世以前／神社","","江戸前期","19531114","","愛知県","愛知県新城市門谷","","東照宮","","34.97883201000000","137.58622175000000","102-shrine"
"102","1287","東照宮","中門","国宝・重要文化財（建造物）","重要文化財","近世以前／神社","","江戸前期","19531114","","愛知県","愛知県新城市門谷","","東照宮","","34.97899199000000","137.58628063000000","102-shrine"
"102","1289","東照宮","左右透塀（右）","国宝・重要文化財（建造物）","重要文化財","近世以前／神社","","江戸前期","19531114","","愛知県","愛知県新城市門谷","","東照宮","","34.97910976000000","137.58647583000000","102-shrine"
"102","1288","東照宮","左右透塀（左）","国宝・重要文化財（建造物）","重要文化財","近世以前／神社","","江戸前期","19531114","","愛知県","愛知県新城市門谷","","東照宮","","34.97917571000000","137.58620152000000","102-shrine"
"102","1285","東照宮","本殿","国宝・重要文化財（建造物）","重要文化財","近世以前／神社","","江戸前期","19531114","","愛知県","愛知県新城市門谷","","東照宮","","34.97922618000000","137.58640172000000","102-shrine"
"102","1192","富部神社本殿","","国宝・重要文化財（建造物）","重要文化財","近世以前／神社","","桃山","19570618","","愛知県","愛知県名古屋市南区呼続町神林","","富部神社","","35.10527722000000","136.93152781000000","102-shrine"
"102","1272","冨吉建速神社本殿","","国宝・重要文化財（建造物）","重要文化財","近世以前／神社","","室町後期","19530331","","愛知県","愛知県海部郡蟹江町大字須成","","冨吉建速神社八劔社","","35.14763522000000","136.78741883000000","102-shrine"
"102","00005447","幡頭神社","境内社熊野社本殿","国宝・重要文化財（建造物）","重要文化財","近世以前／神社","","江戸前期","20220920","","愛知県","愛知県西尾市吉良町宮崎宮前","","宗教法人幡頭神社","","34.77818056000000","137.08739722000000","102-shrine"
"102","00005448","幡頭神社","境内社神明社本殿","国宝・重要文化財（建造物）","重要文化財","近世以前／神社","","江戸前期","20220920","","愛知県","愛知県西尾市吉良町宮崎宮前","","宗教法人幡頭神社","","34.77818889000000","137.08753611000000","102-shrine"
"102","1278","幡頭神社","本殿","国宝・重要文化財（建造物）","重要文化財","近世以前／神社","","桃山","19210430","","愛知県","愛知県西尾市吉良町宮崎宮前","","宗教法人幡頭神社","","34.77818538000000","137.08745581000000","102-shrine"
"102","1229","八幡宮本殿","","国宝・重要文化財（建造物）","重要文化財","近世以前／神社","","室町後期","19070527","","愛知県","愛知県豊川市八幡町","","八幡宮（豊川）","","34.83832771000000","137.33982311000000","102-shrine"
"102","1206","八幡宮本殿","","国宝・重要文化財（建造物）","重要文化財","近世以前／神社","","室町後期","19260419","","愛知県","愛知県岡崎市上地町","","宗教法人上地八幡宮","","34.89759050000000","137.15170311000000","102-shrine"
"102","1207","八幡宮本殿","","国宝・重要文化財（建造物）","重要文化財","近世以前／神社","","江戸前期","19310119","","愛知県","愛知県岡崎市福岡町","","八幡宮（福岡）","","34.89759597000000","137.15170750000000","102-shrine"
"102","1273","八劔社本殿","","国宝・重要文化財（建造物）","重要文化財","近世以前／神社","","室町前期","19530331","","愛知県","愛知県海部郡蟹江町大字須成","","冨吉建速神社八劔社","","35.14763522000000","136.78737370000000","102-shrine"
"102","1257","万徳寺鎮守堂","","国宝・重要文化財（建造物）","重要文化財","近世以前／神社","","室町後期","19580514","","愛知県","愛知県稲沢市長野","","萬徳寺","","35.25609055000000","136.81631374000000","102-shrine"
"102","1208","六所神社","本殿、幣殿、拝殿","国宝・重要文化財（建造物）","重要文化財","近世以前／神社","","江戸前期","19350513","","愛知県","愛知県岡崎市明大寺町","","六所神社","","34.94943670000000","137.16847551000000","102-shrine"
"102","1210","六所神社","楼門","国宝・重要文化財（建造物）","重要文化財","近世以前／神社","","江戸前期","19350513","","愛知県","愛知県岡崎市明大寺町","","六所神社","","34.94950112000000","137.16824144000000","102-shrine"
"102","1209","六所神社","神供所","国宝・重要文化財（建造物）","重要文化財","近世以前／神社","","江戸前期","19350513","","愛知県","愛知県岡崎市明大寺町","","六所神社","","34.94963952000000","137.16832373000000","102-shrine"
"102","1302","猪田神社本殿","","国宝・重要文化財（建造物）","重要文化財","近世以前／神社","","室町後期","19391025","","三重県","三重県伊賀市猪田","","猪田神社","","34.71203750000000","136.14566506000000","102-shrine"
"102","1314","大村神社宝殿","","国宝・重要文化財（建造物）","重要文化財","近世以前／神社","","桃山","19200415","","三重県","三重県伊賀市阿保","","大村神社","","34.67034942000000","136.18372654000000","102-shrine"
"102","1307","庫蔵寺鎮守堂","","国宝・重要文化財（建造物）","重要文化財","近世以前／神社","","桃山","19560628","","三重県","三重県鳥羽市河内町丸山","","庫蔵寺","","34.44838768000000","136.81921826000000","102-shrine"
"102","1301","高倉神社","境内社春日社本殿","国宝・重要文化財（建造物）","重要文化財","近世以前／神社","","桃山","19260419","","三重県","三重県伊賀市西高倉","","高倉神社","","34.79635219000000","136.09047356000000","102-shrine"
"102","1299","高倉神社","本殿","国宝・重要文化財（建造物）","重要文化財","近世以前／神社","","桃山","19260419","","三重県","三重県伊賀市西高倉","","高倉神社","","34.79640858000000","136.09050415000000","102-shrine"
"102","1300","高倉神社","境内社八幡社本殿","国宝・重要文化財（建造物）","重要文化財","近世以前／神社","","桃山","19260419","","三重県","三重県伊賀市西高倉","","高倉神社","","34.79645446000000","136.09053091000000","102-shrine"
"102","1469","油日神社拝殿","","国宝・重要文化財（建造物）","重要文化財","近世以前／神社","","桃山","19580514","","滋賀県","滋賀県甲賀市甲賀町油日","","油日神社","","34.88688450000000","136.24958672000000","102-shrine"
"102","1465","油日神社本殿","","国宝・重要文化財（建造物）","重要文化財","近世以前／神社","","室町後期","19010327","","滋賀県","滋賀県甲賀市甲賀町油日","","油日神社","","34.88704705000000","136.24968139000000","102-shrine"
"102","1468","油日神社楼門及び廻廊","右廻廊","国宝・重要文化財（建造物）","重要文化財","近世以前／神社","","室町後期","19060414","","滋賀県","滋賀県甲賀市甲賀町油日","","油日神社","","34.88662907000000","136.24960994000000","102-shrine"
"102","1466","油日神社楼門及び廻廊","楼門","国宝・重要文化財（建造物）","重要文化財","近世以前／神社","","室町後期","19060414","","滋賀県","滋賀県甲賀市甲賀町油日","","油日神社","","34.88667015000000","136.24948668000000","102-shrine"
"102","1467","油日神社楼門及び廻廊","左廻廊","国宝・重要文化財（建造物）","重要文化財","近世以前／神社","","室町後期","19060414","","滋賀県","滋賀県甲賀市甲賀町油日","","油日神社","","34.88672374000000","136.24937058000000","102-shrine"
"102","1471","飯道神社本殿","","国宝・重要文化財（建造物）","重要文化財","近世以前／神社","","江戸前期","19250424","","滋賀県","滋賀県甲賀市信楽町宮町","","飯道神社","","34.94010037000000","136.10324255000000","102-shrine"
"102","1446","生和神社本殿","","国宝・重要文化財（建造物）","重要文化財","近世以前／神社","","室町前期","19020731","","滋賀県","滋賀県野洲市冨波乙","","生和神社","","35.07912892000000","136.03378316000000","102-shrine"
"102","1447","生和神社末社春日神社本殿","","国宝・重要文化財（建造物）","重要文化財","近世以前／神社","","鎌倉後期","19490218","","滋賀県","滋賀県野洲市冨波乙","","生和神社","","35.07910300000000","136.03384797000000","102-shrine"
"102","1420","伊砂砂神社本殿","","国宝・重要文化財（建造物）","重要文化財","近世以前／神社","","室町後期","19220413","","滋賀県","滋賀県草津市渋川二丁目","","伊砂砂神社","","35.02529622000000","135.96680237000000","102-shrine"
"102","1449","稲荷神社境内社古宮神社本殿","","国宝・重要文化財（建造物）","重要文化財","近世以前／神社","","室町中期","19170405","","滋賀県","滋賀県野洲市小篠原","","稲荷神社","","35.09058078000000","136.07483684000000","102-shrine"
"102","1434","宇和宮神社本殿","","国宝・重要文化財（建造物）","重要文化財","近世以前／神社","","室町後期","19130414","","滋賀県","滋賀県栗東市蜂屋","","宇和宮神社","","35.03516743000000","135.99715779000000","102-shrine"
"102","1418","老杉神社本殿","","国宝・重要文化財（建造物）","重要文化財","近世以前／神社","","室町中期","19060414","","滋賀県","滋賀県草津市下笠町","","老杉神社","","35.04086328000000","135.94036242000000","102-shrine"
"102","1474","奥石神社本殿","","国宝・重要文化財（建造物）","重要文化財","近世以前／神社","","桃山","19020417","","滋賀県","滋賀県近江八幡市安土町大字東老蘇","","奥石神社","","35.13048905000000","136.16169827000000","102-shrine"
"102","1445","大笹原神社境内社篠原神社本殿","","国宝・重要文化財（建造物）","重要文化財","近世以前／神社","","室町中期","19310119","","滋賀県","滋賀県野洲市大篠原","","大笹原神社","","35.07649740000000","136.06571355000000","102-shrine"
"102","1444","大笹原神社本殿","","国宝・重要文化財（建造物）","国宝","近世以前／神社","","室町中期","19010802","19610427","滋賀県","滋賀県野洲市大篠原","","大笹原神社","","35.07650332000000","136.06585331000000","102-shrine"
"102","1432","大野神社楼門","","国宝・重要文化財（建造物）","重要文化財","近世以前／神社","","鎌倉前期","19010327","","滋賀県","滋賀県栗東市荒張","","大野神社","","34.99005834000000","136.02281355000000","102-shrine"
"102","1503","押立神社大門","","国宝・重要文化財（建造物）","重要文化財","近世以前／神社","","室町前期","19110417","","滋賀県","滋賀県東近江市北菩提寺町","","押立神社","","35.14422957000000","136.23806402000000","102-shrine"
"102","1502","押立神社本殿","","国宝・重要文化財（建造物）","重要文化財","近世以前／神社","","室町前期","19020417","","滋賀県","滋賀県東近江市北菩提寺町","","押立神社","","35.14462802000000","136.23820772000000","102-shrine"
"102","1424","小津神社本殿","","国宝・重要文化財（建造物）","重要文化財","近世以前／神社","","室町後期","19060414","","滋賀県","滋賀県守山市杉江町","","小津神社","","35.07310780000000","135.95943525000000","102-shrine"
"102","1408","小田神社楼門","","国宝・重要文化財（建造物）","重要文化財","近世以前／神社","","室町前期","19170405","","滋賀県","滋賀県近江八幡市小田町","","小田神社","","35.11468496000000","136.04687249000000","102-shrine"
"102","1438","小槻大社本殿","","国宝・重要文化財（建造物）","重要文化財","近世以前／神社","","室町後期","19580514","","滋賀県","滋賀県栗東市下戸山","","小槻大社","","35.00677671000000","135.99248679000000","102-shrine"
"102","1430","小野神社境内社篁神社本殿","","国宝・重要文化財（建造物）","重要文化財","近世以前／神社","","室町前期","19070828","","滋賀県","滋賀県大津市小野","","小野神社","","35.15339914000000","135.91999203000000","102-shrine"
"102","1431","小野神社飛地境内社道風神社本殿","","国宝・重要文化財（建造物）","重要文化財","近世以前／神社","","室町前期","19070828","","滋賀県","滋賀県大津市小野","","小野神社","","35.15005990000000","135.92136358000000","102-shrine"
"102","1330","園城寺新羅善神堂","","国宝・重要文化財（建造物）","国宝","近世以前／神社","","室町前期","19010327","19530331","滋賀県","滋賀県大津市園城寺町","","園城寺","","35.01940718000000","135.85263984000000","102-shrine"
"102","1491","鏡神社本殿","","国宝・重要文化財（建造物）","重要文化財","近世以前／神社","","室町中期","19010802","","滋賀県","滋賀県蒲生郡竜王町大字鏡","","鏡神社","","35.08682610000000","136.07905016000000","102-shrine"
"102","1433","春日神社表門","","国宝・重要文化財（建造物）","重要文化財","近世以前／神社","","桃山","19040218","","滋賀県","滋賀県栗東市荒張","","春日神社","","34.98783632000000","136.02324257000000","102-shrine"
"102","1454","春日神社神門","","国宝・重要文化財（建造物）","重要文化財","近世以前／神社","","室町後期","19610607","","滋賀県","滋賀県野洲市高木","","春日神社","","35.09987492000000","136.05635555000000","102-shrine"
"102","1366","春日神社本殿","","国宝・重要文化財（建造物）","重要文化財","近世以前／神社","","鎌倉後期","19020417","","滋賀県","滋賀県大津市大石富川町","","春日神社","","34.90544668000000","135.94868449000000","102-shrine"
"102","1504","春日神社本殿","","国宝・重要文化財（建造物）","重要文化財","近世以前／神社","","室町中期","19110417","","滋賀県","滋賀県東近江市小八木町","","春日神社","","35.15417598000000","136.25524007000000","102-shrine"
"102","1499","勝手神社本殿","","国宝・重要文化財（建造物）","重要文化財","近世以前／神社","","室町中期","19150326","","滋賀県","滋賀県蒲生郡竜王町大字岡屋","","勝手神社","","35.04657223000000","136.12148218000000","102-shrine"
"102","1425","勝部神社本殿","","国宝・重要文化財（建造物）","重要文化財","近世以前／神社","","室町後期","19130414","","滋賀県","滋賀県守山市勝部町","","勝部神社","","35.05081495000000","135.99067170000000","102-shrine"
"102","1464","加茂神社本殿","","国宝・重要文化財（建造物）","重要文化財","近世以前／神社","","室町後期","19250424","","滋賀県","滋賀県甲賀市土山町青土","","加茂神社","","34.96279021000000","136.29117672000000","102-shrine"
"102","1374","神田神社本殿","","国宝・重要文化財（建造物）","重要文化財","近世以前／神社","","室町前期","19130414","","滋賀県","滋賀県大津市真野普門町","","神田神社","","35.13634114000000","135.90655683000000","102-shrine"
"102","1514","甲良神社権殿","","国宝・重要文化財（建造物）","重要文化財","近世以前／神社","","江戸前期","19150326","","滋賀県","滋賀県犬上郡甲良町大字尼子","","甲良神社","","35.21233894000000","136.25468064000000","102-shrine"
"102","00004820","思子淵神社","本殿","国宝・重要文化財（建造物）","重要文化財","近世以前／神社","","室町前期","20150708","","滋賀県","滋賀県高島市朽木小川","","思子淵神社","","35.28427222000000","135.84216667000000","102-shrine"
"102","00004821","思子淵神社","蔵王権現社","国宝・重要文化財（建造物）","重要文化財","近世以前／神社","","室町前期","20150708","","滋賀県","滋賀県高島市朽木小川","","思子淵神社","","35.35225700000000","135.97658700000000","102-shrine"
"102","00004822","思子淵神社","熊野社","国宝・重要文化財（建造物）","重要文化財","近世以前／神社","","室町前期","20150708","","滋賀県","滋賀県高島市朽木小川","","思子淵神社","","35.35234900000000","135.97661400000000","102-shrine"
"102","1372","地主神社幣殿","","国宝・重要文化財（建造物）","重要文化財","近世以前／神社","","室町後期","19030415","","滋賀県","滋賀県大津市葛川坊村町","","地主神社","","35.24692069000000","135.86913682000000","102-shrine"
"102","1371","地主神社本殿","","国宝・重要文化財（建造物）","重要文化財","近世以前／神社","","室町後期","19030415","","滋賀県","滋賀県大津市葛川坊村町","","地主神社","","35.24692315000000","135.86926231000000","102-shrine"
"102","1423","志那神社本殿","","国宝・重要文化財（建造物）","重要文化財","近世以前／神社","","鎌倉後期","19490218","","滋賀県","滋賀県草津市志那町","","志那神社","","35.05336664000000","135.93261719000000","102-shrine"
"102","1532","白鬚神社本殿","","国宝・重要文化財（建造物）","重要文化財","近世以前／神社","","桃山","19380704","","滋賀県","滋賀県高島市鵜川","","白鬚神社","","35.27452763000000","136.01107752000000","102-shrine"
"102","1470","新宮神社表門","","国宝・重要文化財（建造物）","重要文化財","近世以前／神社","","室町後期","19240415","","滋賀県","滋賀県甲賀市甲南町新治","","新宮神社","","34.92077258000000","136.16155862000000","102-shrine"
"102","1421","新宮神社本殿","","国宝・重要文化財（建造物）","重要文化財","近世以前／神社","","室町後期","19230328","","滋賀県","滋賀県草津市野路町","","新宮神社","","34.99981718000000","135.95360397000000","102-shrine"
"102","1450","大行事神社本殿","","国宝・重要文化財（建造物）","重要文化財","近世以前／神社","","室町中期","19430609","","滋賀県","滋賀県野洲市久野部","","大行事神社","","35.07366506000000","136.02587593000000","102-shrine"
"102","1508","大行社本殿","","国宝・重要文化財（建造物）","重要文化財","近世以前／神社","","室町中期","19110417","","滋賀県","滋賀県愛知郡愛荘町大字松尾寺","","大行社","","35.16002193000000","136.27649724000000","102-shrine"
"102","1448","大宝神社境内社追来神社本殿","","国宝・重要文化財（建造物）","重要文化財","近世以前／神社","","鎌倉後期","19060414","","滋賀県","滋賀県栗東市綣","","大宝神社","","35.04057048000000","135.98077572000000","102-shrine"
"102","1484","高木神社","境内社日吉神社本殿","国宝・重要文化財（建造物）","重要文化財","近世以前／神社","","室町後期","19150326","","滋賀県","滋賀県東近江市蒲生岡本町","","高木神社","","35.03765178000000","136.19629163000000","102-shrine"
"102","1483","高木神社","本殿","国宝・重要文化財（建造物）","重要文化財","近世以前／神社","","室町後期","19150326","","滋賀県","滋賀県東近江市蒲生岡本町","","高木神社","","35.03768835000000","136.19622370000000","102-shrine"
"102","1456","長寿寺弁天堂","","国宝・重要文化財（建造物）","重要文化財","近世以前／神社","","室町後期","19520329","","滋賀県","滋賀県湖南市東寺","","長寿寺","","34.98547342000000","136.06006948000000","102-shrine"
"102","1392","千代神社本殿","","国宝・重要文化財（建造物）","重要文化財","近世以前／神社","","江戸前期","19490218","","滋賀県","滋賀県彦根市京町一丁目","","千代神社","","35.26810345000000","136.25586692000000","102-shrine"
"102","1519","都久夫須麻神社本殿","","国宝・重要文化財（建造物）","国宝","近世以前／神社","","桃山","18990405","19530331","滋賀県","滋賀県長浜市早崎町","","都久夫須麻神社","","35.42072393000000","136.14410505000000","102-shrine"
"102","1429","天皇神社本殿","","国宝・重要文化財（建造物）","重要文化財","近世以前／神社","","鎌倉後期","19070828","","滋賀県","滋賀県大津市和邇中","","天皇神社","","35.15592634000000","135.91613396000000","102-shrine"
"102","1509","豊満神社四脚門","","国宝・重要文化財（建造物）","重要文化財","近世以前／神社","","鎌倉後期","19020417","","滋賀県","滋賀県愛知郡愛荘町大字豊満","","豊満神社","","35.16521138000000","136.21826287000000","102-shrine"
"102","1497","苗村神社境内社十禅師社本殿","","国宝・重要文化財（建造物）","重要文化財","近世以前／神社","","室町中期","19710622","","滋賀県","滋賀県蒲生郡竜王町大字綾戸","","苗村神社","","35.06428191000000","136.12771076000000","102-shrine"
"102","1494","苗村神社境内社八幡社本殿","","国宝・重要文化財（建造物）","重要文化財","近世以前／神社","","室町中期","19040218","","滋賀県","滋賀県蒲生郡竜王町大字綾戸","","苗村神社","","35.06428191000000","136.12771076000000","102-shrine"
"102","1498","苗村神社神輿庫","","国宝・重要文化財（建造物）","重要文化財","近世以前／神社","","室町後期","19710622","","滋賀県","滋賀県蒲生郡竜王町大字綾戸","","苗村神社","","35.06428191000000","136.12771076000000","102-shrine"
"102","1493","苗村神社西本殿","","国宝・重要文化財（建造物）","国宝","近世以前／神社","","鎌倉後期","19020417","19550202","滋賀県","滋賀県蒲生郡竜王町大字綾戸","","苗村神社","","35.06428191000000","136.12771076000000","102-shrine"
"102","1496","苗村神社東本殿","","国宝・重要文化財（建造物）","重要文化財","近世以前／神社","","室町中期","19240415","","滋賀県","滋賀県蒲生郡竜王町大字綾戸","","苗村神社","","35.06428191000000","136.12771076000000","102-shrine"
"102","1495","苗村神社楼門","","国宝・重要文化財（建造物）","重要文化財","近世以前／神社","","室町後期","19040218","","滋賀県","滋賀県蒲生郡竜王町大字綾戸","","苗村神社","","35.06428191000000","136.12771076000000","102-shrine"
"102","1460","白山神社拝殿","","国宝・重要文化財（建造物）","重要文化財","近世以前／神社","","室町後期","19590627","","滋賀県","滋賀県湖南市東寺","","白山神社","","34.98518531000000","136.05966646000000","102-shrine"
"102","1409","八幡社本殿","","国宝・重要文化財（建造物）","重要文化財","近世以前／神社","","桃山","19230328","","滋賀県","滋賀県近江八幡市馬淵町","","八幡社","","35.10388990000000","136.10968370000000","102-shrine"
"102","1451","日吉神社本殿","","国宝・重要文化財（建造物）","重要文化財","近世以前／神社","","鎌倉後期","19440905","","滋賀県","滋賀県野洲市小篠原","","日吉神社","","35.09054699000000","136.07489768000000","102-shrine"
"102","1354","日吉大社摂社牛尾神社本殿及び拝殿","本殿","国宝・重要文化財（建造物）","重要文化財","近世以前／神社","","桃山","19070828","","滋賀県","滋賀県大津市坂本本町","","日吉大社","","35.07402619000000","135.86031117000000","102-shrine"
"102","1355","日吉大社摂社牛尾神社本殿及び拝殿","拝殿","国宝・重要文化財（建造物）","重要文化財","近世以前／神社","","桃山","19830107","","滋賀県","滋賀県大津市坂本本町","","日吉大社","","35.07402619000000","135.86031117000000","102-shrine"
"102","1349","日吉大社摂社宇佐宮本殿及び拝殿","拝殿","国宝・重要文化財（建造物）","重要文化財","近世以前／神社","","桃山","19640526","","滋賀県","滋賀県大津市坂本本町","","日吉大社","","35.07178748000000","135.86261034000000","102-shrine"
"102","1348","日吉大社摂社宇佐宮本殿及び拝殿","本殿","国宝・重要文化財（建造物）","重要文化財","近世以前／神社","","桃山","19010802","","滋賀県","滋賀県大津市坂本本町","","日吉大社","","35.07196225000000","135.86257242000000","102-shrine"
"102","1356","日吉大社摂社三宮神社本殿及び拝殿","本殿","国宝・重要文化財（建造物）","重要文化財","近世以前／神社","","桃山","19070828","","滋賀県","滋賀県大津市坂本本町","","日吉大社","","35.07389548000000","135.86018874000000","102-shrine"
"102","1357","日吉大社摂社三宮神社本殿及び拝殿","拝殿","国宝・重要文化財（建造物）","重要文化財","近世以前／神社","","桃山","19830107","","滋賀県","滋賀県大津市坂本本町","","日吉大社","","35.07389548000000","135.86018874000000","102-shrine"
"102","1351","日吉大社摂社樹下神社本殿及び拝殿","拝殿","国宝・重要文化財（建造物）","重要文化財","近世以前／神社","","桃山","19640526","","滋賀県","滋賀県大津市坂本本町","","日吉大社","","35.07311052000000","135.86517032000000","102-shrine"
"102","1350","日吉大社摂社樹下神社本殿及び拝殿","本殿","国宝・重要文化財（建造物）","重要文化財","近世以前／神社","","桃山","19060414","","滋賀県","滋賀県大津市坂本本町","","日吉大社","","35.07311723000000","135.86493784000000","102-shrine"
"102","1353","日吉大社摂社白山姫神社本殿及び拝殿","拝殿","国宝・重要文化財（建造物）","重要文化財","近世以前／神社","","桃山","19640526","","滋賀県","滋賀県大津市坂本本町","","日吉大社","","35.07204873000000","135.86292649000000","102-shrine"
"102","1352","日吉大社摂社白山姫神社本殿及び拝殿","本殿","国宝・重要文化財（建造物）","重要文化財","近世以前／神社","","桃山","19060414","","滋賀県","滋賀県大津市坂本本町","","日吉大社","","35.07223741000000","135.86288805000000","102-shrine"
"102","1344","日吉大社西本宮本殿及び拝殿","本殿","国宝・重要文化財（建造物）","国宝","近世以前／神社","","桃山","19010802","19610427","滋賀県","滋賀県大津市坂本本町","","日吉大社","","35.07171726000000","135.86216832000000","102-shrine"
"102","1345","日吉大社西本宮本殿及び拝殿","拝殿","国宝・重要文化財（建造物）","重要文化財","近世以前／神社","","桃山","19640526","","滋賀県","滋賀県大津市坂本本町","","日吉大社","","35.07155684000000","135.86222472000000","102-shrine"
"102","1358","日吉大社西本宮楼門","","国宝・重要文化財（建造物）","重要文化財","近世以前／神社","","桃山","19170405","","滋賀県","滋賀県大津市坂本本町","","日吉大社","","35.07138639000000","135.86228487000000","102-shrine"
"102","1346","日吉大社東本宮本殿及び拝殿","本殿","国宝・重要文化財（建造物）","国宝","近世以前／神社","","桃山","19010802","19610427","滋賀県","滋賀県大津市坂本本町","","日吉大社","","35.07343611000000","135.86500164000000","102-shrine"
"102","1347","日吉大社東本宮本殿及び拝殿","拝殿","国宝・重要文化財（建造物）","重要文化財","近世以前／神社","","桃山","19640526","","滋賀県","滋賀県大津市坂本本町","","日吉大社","","35.07327823000000","135.86502182000000","102-shrine"
"102","1365","日吉大社東本宮楼門","","国宝・重要文化財（建造物）","重要文化財","近世以前／神社","","桃山","19230328","","滋賀県","滋賀県大津市坂本本町","","日吉大社","","35.07291168000000","135.86508714000000","102-shrine"
"102","1360","日吉大社末社東照宮","唐門","国宝・重要文化財（建造物）","重要文化財","近世以前／神社","","江戸前期","19560628","","滋賀県","滋賀県大津市坂本本町","","日吉大社","","35.06835812000000","135.86458784000000","102-shrine"
"102","1359","日吉大社末社東照宮","本殿・石の間・拝殿","国宝・重要文化財（建造物）","重要文化財","近世以前／神社","","江戸前期","19170405","","滋賀県","滋賀県大津市坂本本町","","日吉大社","","35.06837181000000","135.86442017000000","102-shrine"
"102","1361","日吉大社末社東照宮","透塀","国宝・重要文化財（建造物）","重要文化財","近世以前／神社","","江戸前期","19560628","","滋賀県","滋賀県大津市坂本本町","","日吉大社","","35.06838093000000","135.86426619000000","102-shrine"
"102","1413","布施神社本殿","（１）","国宝・重要文化財（建造物）","重要文化財","近世以前／神社","","鎌倉後期","19490218","","滋賀県","滋賀県東近江市布施町","","布施神社","","35.08637607000000","136.17830141000000","102-shrine"
"102","1414","布施神社本殿","（２）","国宝・重要文化財（建造物）","重要文化財","近世以前／神社","","鎌倉後期","19490218","","滋賀県","滋賀県東近江市布施町","","布施神社","","35.08637607000000","136.17830141000000","102-shrine"
"102","1415","布施神社本殿","（３）","国宝・重要文化財（建造物）","重要文化財","近世以前／神社","","鎌倉後期","19490218","","滋賀県","滋賀県東近江市布施町","","布施神社","","35.08637607000000","136.17830141000000","102-shrine"
"102","00004777","三尾神社本殿","","国宝・重要文化財（建造物）","重要文化財","近世以前／神社","","室町中期","20141210","","滋賀県","滋賀県大津市園城寺町","","三尾神社","","35.01157415000000","135.85499590000000","102-shrine"
"102","1443","御上神社摂社若宮神社本殿","","国宝・重要文化財（建造物）","重要文化財","近世以前／神社","","鎌倉後期","19310119","","滋賀県","滋賀県野洲市三上","","御上神社","","35.05000135000000","136.02724960000000","102-shrine"
"102","1441","御上神社拝殿","","国宝・重要文化財（建造物）","重要文化財","近世以前／神社","","鎌倉後期","18990405","","滋賀県","滋賀県野洲市三上","","御上神社","","35.04981869000000","136.02737217000000","102-shrine"
"102","1440","御上神社本殿","","国宝・重要文化財（建造物）","国宝","近世以前／神社","","鎌倉後期","18990405","19521122","滋賀県","滋賀県野洲市三上","","御上神社","","35.04999895000000","136.02738179000000","102-shrine"
"102","1442","御上神社楼門","","国宝・重要文化財（建造物）","重要文化財","近世以前／神社","","鎌倉後期","18990405","","滋賀県","滋賀県野洲市三上","","御上神社","","35.04962642000000","136.02736737000000","102-shrine"
"102","1463","八坂神社本殿（儀俄大宮）","","国宝・重要文化財（建造物）","重要文化財","近世以前／神社","","桃山","19060414","","滋賀県","滋賀県甲賀市水口町嶬峨","","八坂神社","","34.95128447000000","136.19692861000000","102-shrine"
"102","1459","吉御子神社本殿","","国宝・重要文化財（建造物）","重要文化財","近世以前／神社","","江戸後期","19210430","","滋賀県","滋賀県湖南市石部西","","吉御子神社","","35.01008198000000","136.05078630000000","102-shrine"
"102","1531","若宮神社本殿","","国宝・重要文化財（建造物）","重要文化財","近世以前／神社","","室町後期","19930420","","滋賀県","滋賀県高島市安曇川町北船木","","若宮神社","","35.32355587000000","136.06703268000000","102-shrine"
"102","1370","和田神社本殿","","国宝・重要文化財（建造物）","重要文化財","近世以前／神社","","鎌倉後期","19020731","","滋賀県","滋賀県大津市木下町","","和田神社","","34.99797195000000","135.89119978000000","102-shrine"
"102","2159","泉穴師神社摂社春日神社本殿","","国宝・重要文化財（建造物）","重要文化財","近世以前／神社","","桃山","19490218","","大阪府","大阪府泉大津市豊中","","泉穴師神社","","34.49661186000000","135.41994991000000","102-shrine"
"102","2160","泉穴師神社摂社住吉神社本殿","","国宝・重要文化財（建造物）","重要文化財","近世以前／神社","","鎌倉前期","19490218","","大阪府","大阪府泉大津市豊中","","泉穴師神社","","34.49670297000000","135.41974383000000","102-shrine"
"102","2158","泉穴師神社本殿","","国宝・重要文化財（建造物）","重要文化財","近世以前／神社","","桃山","19490218","","大阪府","大阪府泉大津市豊中","","泉穴師神社","","34.49666609000000","135.41984579000000","102-shrine"
"102","2201","泉井上神社境内社和泉五社総社本殿","","国宝・重要文化財（建造物）","重要文化財","近世以前／神社","","桃山","19240415","","大阪府","大阪府和泉市府中町","","泉井上神社","","34.48703917000000","135.42817834000000","102-shrine"
"102","2171","厳島神社末社春日神社本殿","","国宝・重要文化財（建造物）","重要文化財","近世以前／神社","","室町中期","19780531","","大阪府","大阪府枚方市尊延寺","","厳島神社","","34.80242929000000","135.72914528000000","102-shrine"
"102","2195","烏帽子形八幡神社本殿","","国宝・重要文化財（建造物）","重要文化財","近世以前／神社","","室町後期","19400514","","大阪府","大阪府河内長野市喜多町","","烏帽子形八幡神社","","34.44412967000000","135.56617530000000","102-shrine"
"102","2174","意賀美神社本殿","","国宝・重要文化財（建造物）","重要文化財","近世以前／神社","","室町中期","19240415","","大阪府","大阪府泉佐野市上之郷","","意賀美神社","","34.36882834000000","135.32816832000000","102-shrine"
"102","2168","片埜神社本殿","","国宝・重要文化財（建造物）","重要文化財","近世以前／神社","","桃山","19170405","","大阪府","大阪府枚方市牧野阪二丁目","","片埜神社","","34.84185411000000","135.66770165000000","102-shrine"
"102","2169","交野天神社本殿","","国宝・重要文化財（建造物）","重要文化財","近世以前／神社","","室町中期","19170405","","大阪府","大阪府枚方市楠葉丘二丁目","","交野天神社","","34.86781029000000","135.68984104000000","102-shrine"
"102","2170","交野天神社末社八幡神社本殿","","国宝・重要文化財（建造物）","重要文化財","近世以前／神社","","室町中期","19170405","","大阪府","大阪府枚方市楠葉丘二丁目","","交野天神社","","34.86781737000000","135.68989767000000","102-shrine"
"102","2186","観心寺訶梨帝母天堂","","国宝・重要文化財（建造物）","重要文化財","近世以前／神社","","室町後期","19230328","","大阪府","大阪府河内長野市寺元","","観心寺","","34.43696322000000","135.59858232000000","102-shrine"
"102","2131","日部神社本殿","","国宝・重要文化財（建造物）","重要文化財","近世以前／神社","","室町前期","19170405","","大阪府","大阪府堺市西区草部","","日部神社","","34.52102875000000","135.46570138000000","102-shrine"
"102","2101","杭全神社本殿(第一殿)","","国宝・重要文化財（建造物）","重要文化財","近世以前／神社","","江戸中期","19770128","","大阪府","大阪府大阪市平野区平野宮町二丁目","","杭全神社","","34.62923162000000","135.55481641000000","102-shrine"
"102","2100","杭全神社本殿(第三殿)","","国宝・重要文化財（建造物）","重要文化財","近世以前／神社","","室町後期","19490218","","大阪府","大阪府大阪市平野区平野宮町二丁目","","杭全神社","","34.62923029000000","135.55511802000000","102-shrine"
"102","2099","杭全神社本殿(第二殿)","","国宝・重要文化財（建造物）","重要文化財","近世以前／神社","","室町後期","19490218","","大阪府","大阪府大阪市平野区平野宮町二丁目","","杭全神社","","34.62923559000000","135.55496192000000","102-shrine"
"102","2130","桜井神社拝殿","","国宝・重要文化財（建造物）","国宝","近世以前／神社","","鎌倉後期","19170405","19531114","大阪府","大阪府堺市南区片蔵","","桜井神社","","34.48542945000000","135.50619630000000","102-shrine"
"102","2083","四天王寺鳥居","","国宝・重要文化財（建造物）","重要文化財","近世以前／神社","","鎌倉後期","19340130","","大阪府","大阪府大阪市天王寺区四天王寺一丁目","","四天王寺","","34.65292117000000","135.51715570000000","102-shrine"
"102","2095","住吉大社","南門","国宝・重要文化財（建造物）","重要文化財","近世以前／神社","","桃山","19740521","","大阪府","大阪府大阪市住吉区住吉二丁目","","住吉大社","","34.61109515000000","135.49194450000000","102-shrine"
"102","2096","住吉大社","東楽所","国宝・重要文化財（建造物）","重要文化財","近世以前／神社","","桃山","19740521","","大阪府","大阪府大阪市住吉区住吉二丁目","","住吉大社","","34.61174407000000","135.49361103000000","102-shrine"
"102","2097","住吉大社","西楽所","国宝・重要文化財（建造物）","重要文化財","近世以前／神社","","桃山","19740521","","大阪府","大阪府大阪市住吉区住吉二丁目","","住吉大社","","34.61174787000000","135.49390091000000","102-shrine"
"102","00004492","住吉大社","南高蔵","国宝・重要文化財（建造物）","重要文化財","近世以前／神社","","桃山","20101224","","大阪府","大阪府大阪市住吉区住吉二丁目","","住吉大社","","34.61231705000000","135.49412452000000","102-shrine"
"102","00004491","住吉大社","幣殿及び渡殿（四棟）　（第四殿）","国宝・重要文化財（建造物）","重要文化財","近世以前／神社","","江戸後期","20101224","","大阪府","大阪府大阪市住吉区住吉二丁目","","住吉大社","","34.61232599000000","135.49293059000000","102-shrine"
"102","00004488","住吉大社","幣殿及び渡殿（四棟）　（第一殿）","国宝・重要文化財（建造物）","重要文化財","近世以前／神社","","江戸後期","20101224","","大阪府","大阪府大阪市住吉区住吉二丁目","","住吉大社","","34.61239307000000","135.49375114000000","102-shrine"
"102","00004493","住吉大社","北高蔵","国宝・重要文化財（建造物）","重要文化財","近世以前／神社","","桃山","20101224","","大阪府","大阪府大阪市住吉区住吉二丁目","","住吉大社","","34.61243108000000","135.49412899000000","102-shrine"
"102","00004489","住吉大社","幣殿及び渡殿（四棟）　（第二殿）","国宝・重要文化財（建造物）","重要文化財","近世以前／神社","","江戸後期","20101224","","大阪府","大阪府大阪市住吉区住吉二丁目","","住吉大社","","34.61243779000000","135.49328609000000","102-shrine"
"102","00004490","住吉大社","幣殿及び渡殿（四棟）　（第三殿）","国宝・重要文化財（建造物）","重要文化財","近世以前／神社","","江戸後期","20101224","","大阪府","大阪府大阪市住吉区住吉二丁目","","住吉大社","","34.61246014000000","135.49293954000000","102-shrine"
"102","00004496","住吉大社","末社招魂社本殿（旧護摩堂）","国宝・重要文化財（建造物）","重要文化財","近世以前／神社","","江戸前期","20101224","","大阪府","大阪府大阪市住吉区住吉二丁目","","住吉大社","","34.61303251000000","135.49459851000000","102-shrine"
"102","00004494","住吉大社","摂社大海神社幣殿及び渡殿","国宝・重要文化財（建造物）","重要文化財","近世以前／神社","","江戸中期","20101224","","大阪府","大阪府大阪市住吉区住吉二丁目","","住吉大社","","34.61391119000000","135.49362593000000","102-shrine"
"102","00004495","住吉大社","摂社大海神社西門","国宝・重要文化財（建造物）","重要文化財","近世以前／神社","","江戸前期","20101224","","大阪府","大阪府大阪市住吉区住吉二丁目","","住吉大社","","34.61393802000000","135.49341353000000","102-shrine"
"102","2098","住吉大社","石舞台","国宝・重要文化財（建造物）","重要文化財","近世以前／その他","","桃山","19740521","","大阪府","大阪府大阪市住吉区住吉二丁目","","住吉大社","","34.61192796000000","135.49374672000000","102-shrine"
"102","2094","住吉大社摂社大海神社本殿","","国宝・重要文化財（建造物）","重要文化財","近世以前／神社","","江戸中期","19640526","","大阪府","大阪府大阪市住吉区住吉二丁目","","住吉大社","","34.61387648000000","135.49376284000000","102-shrine"
"102","2093","住吉大社本殿","第四殿","国宝・重要文化財（建造物）","国宝","近世以前／神社","","江戸後期","19020417","19531114","大阪府","大阪府大阪市住吉区住吉二丁目","","住吉大社","","34.61232037000000","135.49305895000000","102-shrine"
"102","2090","住吉大社本殿","第一殿","国宝・重要文化財（建造物）","国宝","近世以前／神社","","江戸後期","19020417","19531114","大阪府","大阪府大阪市住吉区住吉二丁目","","住吉大社","","34.61239942000000","135.49388168000000","102-shrine"
"102","2091","住吉大社本殿","第二殿","国宝・重要文化財（建造物）","国宝","近世以前／神社","","江戸後期","19020417","19531114","大阪府","大阪府大阪市住吉区住吉二丁目","","住吉大社","","34.61242836000000","135.49340159000000","102-shrine"
"102","2092","住吉大社本殿","第三殿","国宝・重要文化財（建造物）","国宝","近世以前／神社","","江戸後期","19020417","19531114","大阪府","大阪府大阪市住吉区住吉二丁目","","住吉大社","","34.61244138000000","135.49305895000000","102-shrine"
"102","2178","総福寺鎮守天満宮本殿","","国宝・重要文化財（建造物）","重要文化財","近世以前／神社","","桃山","19780531","","大阪府","大阪府泉佐野市日根野","","総福寺","","34.37771661000000","135.33966634000000","102-shrine"
"102","2234","建水分神社本殿","（右殿）","国宝・重要文化財（建造物）","重要文化財","近世以前／神社","","室町中期","19000407","","大阪府","大阪府南河内郡千早赤阪村大字水分","","建水分神社","","34.46023724000000","135.63203030000000","102-shrine"
"102","2232","建水分神社本殿","（中殿）","国宝・重要文化財（建造物）","重要文化財","近世以前／神社","","室町中期","19000407","","大阪府","大阪府南河内郡千早赤阪村大字水分","","建水分神社","","34.46029025000000","135.63203030000000","102-shrine"
"102","2233","建水分神社本殿","（左殿）","国宝・重要文化財（建造物）","重要文化財","近世以前／神社","","室町中期","19000407","","大阪府","大阪府南河内郡千早赤阪村大字水分","","建水分神社","","34.46035651000000","135.63203977000000","102-shrine"
"102","2132","多治速比売神社本殿","","国宝・重要文化財（建造物）","重要文化財","近世以前／神社","","室町後期","19490218","","大阪府","大阪府堺市南区宮山台二丁","","多治速比売神社","","34.50209515000000","135.49817338000000","102-shrine"
"102","2145","積川神社本殿","","国宝・重要文化財（建造物）","重要文化財","近世以前／神社","","桃山","19140417","","大阪府","大阪府岸和田市積川町","","積川神社","","34.42504545000000","135.43954783000000","102-shrine"
"102","2196","長野神社本殿","","国宝・重要文化財（建造物）","重要文化財","近世以前／神社","","桃山","19410703","","大阪府","大阪府河内長野市長野町","","長野神社","","34.45012172000000","135.57141595000000","102-shrine"
"102","2181","錦織神社","摂社春日社本殿","国宝・重要文化財（建造物）","重要文化財","近世以前／神社","","室町中期","19690620","","大阪府","大阪府富田林市宮甲田町","","錦織神社","","34.49521932000000","135.58852600000000","102-shrine"
"102","2180","錦織神社","本殿","国宝・重要文化財（建造物）","重要文化財","近世以前／神社","","室町中期","19120208","","大阪府","大阪府富田林市宮甲田町","","錦織神社","","34.49522001000000","135.58850037000000","102-shrine"
"102","2182","錦織神社","摂社天神社本殿","国宝・重要文化財（建造物）","重要文化財","近世以前／神社","","室町中期","19690620","","大阪府","大阪府富田林市宮甲田町","","錦織神社","","34.49522105000000","135.58847752000000","102-shrine"
"102","2223","波太神社","末社三神社本殿","国宝・重要文化財（建造物）","重要文化財","近世以前／神社","","江戸前期","19931209","","大阪府","大阪府阪南市石田","","波太神社","","34.34387349000000","135.24495637000000","102-shrine"
"102","2222","波太神社","本殿","国宝・重要文化財（建造物）","重要文化財","近世以前／神社","","江戸前期","19931209","","大阪府","大阪府阪南市石田","","波太神社","","34.34397572000000","135.24486865000000","102-shrine"
"102","2153","原田神社本殿","","国宝・重要文化財（建造物）","重要文化財","近世以前／神社","","江戸前期","19931209","","大阪府","大阪府豊中市中桜塚一丁目","","原田神社","","34.77943854000000","135.46570380000000","102-shrine"
"102","2203","聖神社","末社三神社本殿","国宝・重要文化財（建造物）","重要文化財","近世以前／神社","","桃山","19770128","","大阪府","大阪府和泉市王子町","","聖神社","","34.50093318000000","135.44726843000000","102-shrine"
"102","2204","聖神社","末社滝神社本殿","国宝・重要文化財（建造物）","重要文化財","近世以前／神社","","桃山","19770128","","大阪府","大阪府和泉市王子町","","聖神社","","34.50097992000000","135.44726386000000","102-shrine"
"102","2202","聖神社","本殿","国宝・重要文化財（建造物）","重要文化財","近世以前／神社","","桃山","19240415","","大阪府","大阪府和泉市王子町","","聖神社","","34.50118678000000","135.44694731000000","102-shrine"
"102","2179","火走神社摂社幸神社本殿","","国宝・重要文化財（建造物）","重要文化財","近世以前／神社","","室町後期","19930817","","大阪府","大阪府泉佐野市大木","","火走神社","","34.35187688000000","135.36940548000000","102-shrine"
"102","2146","兵主神社本殿","","国宝・重要文化財（建造物）","重要文化財","近世以前／神社","","桃山","19240415","","大阪府","大阪府岸和田市西之内町","","兵主神社","","34.47079299000000","135.39146261000000","102-shrine"
"102","2229","船守神社本殿","","国宝・重要文化財（建造物）","重要文化財","近世以前／神社","","桃山","19240415","","大阪府","大阪府泉南郡岬町淡輪","","船守神社","","34.33135797000000","135.17229190000000","102-shrine"
"102","2156","八坂神社本殿","","国宝・重要文化財（建造物）","重要文化財","近世以前／神社","","桃山","19710622","","大阪府","大阪府池田市神田四丁目","","八坂神社","","34.81275232000000","135.42198003000000","102-shrine"
"102","2429","赤淵神社本殿","","国宝・重要文化財（建造物）","重要文化財","近世以前／神社","","室町中期","19700617","","兵庫県","兵庫県朝来市和田山町枚田","","赤淵神社","","35.32681090000000","134.84198296000000","102-shrine"
"102","2396","天津神社本殿","","国宝・重要文化財（建造物）","重要文化財","近世以前／神社","","室町後期","19260419","","兵庫県","兵庫県三木市吉川町前田","","天津神社","","34.90921623000000","135.11645340000000","102-shrine"
"102","2391","一乗寺護法堂","","国宝・重要文化財（建造物）","重要文化財","近世以前／神社","","鎌倉後期","19130414","","兵庫県","兵庫県加西市坂本町","","一乗寺","","34.85960729000000","134.81884569000000","102-shrine"
"102","2390","一乗寺弁天堂","","国宝・重要文化財（建造物）","重要文化財","近世以前／神社","","室町中期","19130414","","兵庫県","兵庫県加西市坂本町","","一乗寺","","34.85953024000000","134.81854772000000","102-shrine"
"102","2389","一乗寺妙見堂","","国宝・重要文化財（建造物）","重要文化財","近世以前／神社","","室町後期","19130414","","兵庫県","兵庫県加西市坂本町","","一乗寺","","34.85954763000000","134.81860068000000","102-shrine"
"102","2399","稲荷神社本殿","","国宝・重要文化財（建造物）","重要文化財","近世以前／神社","","室町後期","19790521","","兵庫県","兵庫県三木市吉川町富岡","","稲荷神社","","34.91476177000000","135.12090589000000","102-shrine"
"102","2371","鶴林寺行者堂","","国宝・重要文化財（建造物）","重要文化財","近世以前／神社","","室町中期","19300523","","兵庫県","兵庫県加古川市加古川町","","鶴林寺","","34.75169368000000","134.83186925000000","102-shrine"
"102","2420","賀茂神社","東回廊","国宝・重要文化財（建造物）","重要文化財","近世以前／神社","","江戸中期","19740521","","兵庫県","兵庫県たつの市御津町室津","","賀茂神社","","34.76591516000000","134.50293433000000","102-shrine"
"102","2419","賀茂神社","唐門","国宝・重要文化財（建造物）","重要文化財","近世以前／神社","","江戸中期","19740521","","兵庫県","兵庫県たつの市御津町室津","","賀茂神社","","34.76594041000000","134.50283823000000","102-shrine"
"102","2417","賀茂神社","摂社榲尾社本殿","国宝・重要文化財（建造物）","重要文化財","近世以前／神社","","江戸中期","19740521","","兵庫県","兵庫県たつの市御津町室津","","賀茂神社","","34.76595304000000","134.50300588000000","102-shrine"
"102","2421","賀茂神社","西回廊","国宝・重要文化財（建造物）","重要文化財","近世以前／神社","","江戸中期","19740521","","兵庫県","兵庫県たつの市御津町室津","","賀茂神社","","34.76597478000000","134.50272740000000","102-shrine"
"102","2415","賀茂神社","摂社片岡社太田社本殿","国宝・重要文化財（建造物）","重要文化財","近世以前／神社","","江戸中期","19740521","","兵庫県","兵庫県たつの市御津町室津","","賀茂神社","","34.76597478000000","134.50294134000000","102-shrine"
"102","2414","賀茂神社","本殿","国宝・重要文化財（建造物）","重要文化財","近世以前／神社","","江戸中期","19740521","","兵庫県","兵庫県たつの市御津町室津","","賀茂神社","","34.76601056000000","134.50286208000000","102-shrine"
"102","2416","賀茂神社","摂社貴布祢社若宮社本殿","国宝・重要文化財（建造物）","重要文化財","近世以前／神社","","江戸中期","19740521","","兵庫県","兵庫県たつの市御津町室津","","賀茂神社","","34.76602178000000","134.50276948000000","102-shrine"
"102","2418","賀茂神社","権殿","国宝・重要文化財（建造物）","重要文化財","近世以前／神社","","江戸中期","19740521","","兵庫県","兵庫県たつの市御津町室津","","賀茂神社","","34.76603792000000","134.50268671000000","102-shrine"
"102","2376","伽耶院","三坂明神社本殿","国宝・重要文化財（建造物）","重要文化財","近世以前／神社","","江戸前期","19750623","","兵庫県","兵庫県三木市志染町大谷","","伽耶院","","34.80561324000000","135.05902972000000","102-shrine"
"102","2375","伽耶院","多宝塔","国宝・重要文化財（建造物）","重要文化財","近世以前／寺院","","江戸前期","19750623","","兵庫県","兵庫県三木市志染町大谷","","伽耶院","","34.80552854000000","135.05912135000000","102-shrine"
"102","2374","伽耶院","本堂","国宝・重要文化財（建造物）","重要文化財","近世以前／寺院","","江戸前期","19750623","","兵庫県","兵庫県三木市志染町大谷","","伽耶院","","34.80559581000000","135.05885021000000","102-shrine"
"102","2398","歓喜院聖天堂","","国宝・重要文化財（建造物）","重要文化財","近世以前／神社","","室町中期","19670615","","兵庫県","兵庫県三木市吉川町毘沙門","","歓喜院","","34.88151670000000","135.14746704000000","102-shrine"
"102","2365","久久比神社本殿","","国宝・重要文化財（建造物）","重要文化財","近世以前／神社","","室町後期","19580514","","兵庫県","兵庫県豊岡市下宮","","久久比神社","","35.55729786000000","134.84351393000000","102-shrine"
"102","2385","御霊神社本殿","","国宝・重要文化財（建造物）","重要文化財","近世以前／神社","","室町後期","19040218","","兵庫県","兵庫県三田市貴志","","御霊神社","","34.89970106000000","135.20303351000000","102-shrine"
"102","2364","酒垂神社本殿","","国宝・重要文化財（建造物）","重要文化財","近世以前／神社","","室町中期","19580514","","兵庫県","兵庫県豊岡市法花寺","","酒垂神社","","35.55552389000000","134.86950759000000","102-shrine"
"102","00005473","住吉神社","拝殿","国宝・重要文化財（建造物）","重要文化財","近世以前／神社","","江戸後期","20221212","","兵庫県","兵庫県加西市北条町北条","","宗教法人住吉神社","","34.93528333000000","134.82855833000000","102-shrine"
"102","00005471","住吉神社","中本殿","国宝・重要文化財（建造物）","重要文化財","近世以前／神社","","江戸末期","20221212","","兵庫県","兵庫県加西市北条町北条","","宗教法人住吉神社","","34.93545000000000","134.82856944000000","102-shrine"
"102","00005470","住吉神社","東本殿","国宝・重要文化財（建造物）","重要文化財","近世以前／神社","","江戸末期","20221212","","兵庫県","兵庫県加西市北条町北条","","宗教法人住吉神社","","34.93545556000000","134.82865556000000","102-shrine"
"102","00005472","住吉神社","西本殿","国宝・重要文化財（建造物）","重要文化財","近世以前／神社","","江戸末期","20221212","","兵庫県","兵庫県加西市北条町北条","","宗教法人住吉神社","","34.93545833000000","134.82848889000000","102-shrine"
"102","2387","住吉神社本殿","","国宝・重要文化財（建造物）","重要文化財","近世以前／神社","","室町中期","19130414","","兵庫県","兵庫県三田市大川瀬","","住吉神社","","34.94051012000000","135.11665651000000","102-shrine"
"102","2402","住吉神社本殿","","国宝・重要文化財（建造物）","重要文化財","近世以前／神社","","室町後期","19600609","","兵庫県","兵庫県加東市上鴨川","","住吉神社","","34.96676088000000","135.05966580000000","102-shrine"
"102","00005140","高座神社本殿","","国宝・重要文化財（建造物）","重要文化財","近世以前／神社","","江戸中期","20180817","","兵庫県","兵庫県丹波市山南町谷川","","宗教法人高座神社","","35.06941667000000","135.05070278000000","102-shrine"
"102","2386","高売布神社本殿","","国宝・重要文化財（建造物）","重要文化財","近世以前／神社","","室町後期","19040218","","兵庫県","兵庫県三田市酒井","","高売布神社","","34.95876440000000","135.26714809000000","102-shrine"
"102","2380","多田神社","随神門","国宝・重要文化財（建造物）","重要文化財","近世以前／神社","","江戸中期","19660611","","兵庫県","兵庫県川西市多田院","","多田神社","","34.86058229000000","135.40284180000000","102-shrine"
"102","2379","多田神社","拝殿","国宝・重要文化財（建造物）","重要文化財","近世以前／神社","","江戸中期","19660611","","兵庫県","兵庫県川西市多田院","","多田神社","","34.86102847000000","135.40274646000000","102-shrine"
"102","2378","多田神社","本殿","国宝・重要文化財（建造物）","重要文化財","近世以前／神社","","江戸中期","19660611","","兵庫県","兵庫県川西市多田院","","多田神社","","34.86124175000000","135.40271150000000","102-shrine"
"102","2405","天満神社本殿","","国宝・重要文化財（建造物）","重要文化財","近世以前／神社","","室町後期","19630701","","兵庫県","兵庫県たつの市新宮町宮内","","天満神社","","34.93037545000000","134.54423838000000","102-shrine"
"102","2395","戸隠神社本殿","","国宝・重要文化財（建造物）","重要文化財","近世以前／神社","","室町後期","19790521","","兵庫県","兵庫県川辺郡猪名川町肝川","","戸隠神社","","34.88336217000000","135.36783755000000","102-shrine"
"102","2243","豊歳神社本殿","","国宝・重要文化財（建造物）","重要文化財","近世以前／神社","","室町後期","19790521","","兵庫県","兵庫県神戸市北区大沢町","","豊歳神社","","34.87075125000000","135.16981450000000","102-shrine"
"102","2363","中島神社本殿","","国宝・重要文化財（建造物）","重要文化財","近世以前／神社","","室町中期","19120208","","兵庫県","兵庫県豊岡市三宅","","中島神社","","35.52542328000000","134.86262678000000","102-shrine"
"102","00004436","名草神社","拝殿","国宝・重要文化財（建造物）","重要文化財","近世以前／神社","","江戸後期","20100629","","兵庫県","兵庫県養父市八鹿町石原","","名草神社","","35.42222115000000","134.65552501000000","102-shrine"
"102","00004435","名草神社","本殿","国宝・重要文化財（建造物）","重要文化財","近世以前／神社","","江戸後期","20100629","","兵庫県","兵庫県養父市八鹿町石原","","名草神社","","35.42240549000000","134.65551425000000","102-shrine"
"102","2358","西宮神社大練塀","表大門南門間","国宝・重要文化財（建造物）","重要文化財","近世以前／神社","","室町中期","19380704","","兵庫県","兵庫県西宮市社家町","","西宮神社","","34.73414915000000","135.33555405000000","102-shrine"
"102","2359","西宮神社大練塀","南門の西","国宝・重要文化財（建造物）","重要文化財","近世以前／神社","","室町中期","19380704","","兵庫県","兵庫県西宮市社家町","","西宮神社","","34.73437506000000","135.33465953000000","102-shrine"
"102","2357","西宮神社大練塀","表大門の北","国宝・重要文化財（建造物）","重要文化財","近世以前／神社","","室町中期","19380704","","兵庫県","兵庫県西宮市社家町","","西宮神社","","34.73459328000000","135.33587743000000","102-shrine"
"102","2356","西宮神社表大門","","国宝・重要文化財（建造物）","重要文化財","近世以前／神社","","桃山","19260419","","兵庫県","兵庫県西宮市社家町","","西宮神社","","34.73436373000000","135.33576880000000","102-shrine"
"102","2381","八幡神社拝殿","","国宝・重要文化財（建造物）","重要文化財","近世以前／神社","","室町前期","19010327","","兵庫県","兵庫県小野市浄谷町","","八幡神社","","34.86430953000000","134.96156464000000","102-shrine"
"102","2373","八幡神社本殿","","国宝・重要文化財（建造物）","重要文化財","近世以前／神社","","室町後期","19801218","","兵庫県","兵庫県宝塚市中筋","","八幡神社","","34.81888812000000","135.37698646000000","102-shrine"
"102","2382","八幡神社本殿","","国宝・重要文化財（建造物）","重要文化財","近世以前／神社","","室町中期","19130414","","兵庫県","兵庫県小野市浄谷町","","八幡神社","","34.86442290000000","134.96159268000000","102-shrine"
"102","2372","八幡神社本殿","","国宝・重要文化財（建造物）","重要文化財","近世以前／神社","","室町中期","19150326","","兵庫県","兵庫県宝塚市波豆","","八幡神社","","34.90754291000000","135.28371126000000","102-shrine"
"102","2431","八幡神社本殿及び拝殿","","国宝・重要文化財（建造物）","重要文化財","近世以前／神社","","桃山","19130414","","兵庫県","兵庫県丹波市柏原町柏原","","八幡神社","","35.13095885000000","135.07940087000000","102-shrine"
"102","2427","日出神社本殿","","国宝・重要文化財（建造物）","重要文化財","近世以前／神社","","室町後期","19700617","","兵庫県","兵庫県豊岡市但東町畑山","","日出神社","","35.48837427000000","134.99318835000000","102-shrine"
"102","2348","広峯神社拝殿","","国宝・重要文化財（建造物）","重要文化財","近世以前／神社","","江戸前期","19600609","","兵庫県","兵庫県姫路市広嶺山","","広峯神社","","34.87379477000000","134.70039196000000","102-shrine"
"102","2347","広峯神社本殿","","国宝・重要文化財（建造物）","重要文化財","近世以前／神社","","室町中期","19600609","","兵庫県","兵庫県姫路市広嶺山","","広峯神社","","34.87392468000000","134.70035106000000","102-shrine"
"102","2350","本興寺三光堂","","国宝・重要文化財（建造物）","重要文化財","近世以前／神社","","室町後期","19140417","","兵庫県","兵庫県尼崎市開明町三丁目","","本興寺","","34.71713499000000","135.41393180000000","102-shrine"
"102","2424","御形神社本殿","","国宝・重要文化財（建造物）","重要文化財","近世以前／神社","","室町後期","19670615","","兵庫県","兵庫県宍粟市一宮町森添","","御形神社","","35.18947927000000","134.63008121000000","102-shrine"
"102","2238","若王子神社本殿","","国宝・重要文化財（建造物）","重要文化財","近世以前／神社","","室町中期","19140417","","兵庫県","兵庫県神戸市北区山田町","","若王子神社","","34.77107072000000","135.13654204000000","102-shrine"
"102","2403","若宮八幡宮本殿","","国宝・重要文化財（建造物）","重要文化財","近世以前／神社","","室町後期","19620621","","兵庫県","兵庫県加東市黒谷","","若宮八幡宮","","34.93443045000000","135.06546684000000","102-shrine"
"102","2738","伊弉冊命神社本殿","","国宝・重要文化財（建造物）","重要文化財","近世以前／神社","","桃山","19540917","","奈良県","奈良県生駒郡斑鳩町大字五百井","","伊弉冊命神社","","34.60570061000000","135.73274710000000","102-shrine"
"102","2596","石上神宮摂社出雲建雄神社拝殿","","国宝・重要文化財（建造物）","国宝","近世以前／神社","","鎌倉後期","19160524","19540320","奈良県","奈良県天理市布留町","","石上神宮","","34.59751546000000","135.85223780000000","102-shrine"
"102","2594","石上神宮拝殿","","国宝・重要文化財（建造物）","国宝","近世以前／神社","","鎌倉前期","19060414","19540320","奈良県","奈良県天理市布留町","","石上神宮","","34.59780917000000","135.85201441000000","102-shrine"
"102","2595","石上神宮楼門","","国宝・重要文化財（建造物）","重要文化財","近世以前／神社","","鎌倉後期","19060414","","奈良県","奈良県天理市布留町","","石上神宮","","34.59761725000000","135.85206149000000","102-shrine"
"102","2756","宇太水分神社本殿","（第一殿）","国宝・重要文化財（建造物）","国宝","近世以前／神社","","鎌倉後期","19110417","19540320","奈良県","奈良県宇陀市菟田野区古市場","","宇太水分神社","","34.47471337000000","135.97086164000000","102-shrine"
"102","2757","宇太水分神社本殿","（第二殿）","国宝・重要文化財（建造物）","国宝","近世以前／神社","","鎌倉後期","19110417","19540320","奈良県","奈良県宇陀市菟田野区古市場","","宇多水分神社","","34.47475467000000","135.97082785000000","102-shrine"
"102","2758","宇太水分神社本殿","（第三殿）","国宝・重要文化財（建造物）","国宝","近世以前／神社","","鎌倉後期","19110417","19540320","奈良県","奈良県宇陀市菟田野区古市場","","宇多水分神社","","34.47479346000000","135.97079407000000","102-shrine"
"102","2759","宇太水分神社末社春日神社本殿","","国宝・重要文化財（建造物）","重要文化財","近世以前／神社","","室町中期","19540320","","奈良県","奈良県宇陀市菟田野区古市場","","宇太水分神社","","34.47465706000000","135.97090544000000","102-shrine"
"102","2760","宇太水分神社末社宗像神社本殿","","国宝・重要文化財（建造物）","重要文化財","近世以前／神社","","室町後期","19540320","","奈良県","奈良県宇陀市菟田野区古市場","","宇太水分神社","","34.47462953000000","135.97093672000000","102-shrine"
"102","2518","宇奈多理座高御魂神社本殿","","国宝・重要文化財（建造物）","重要文化財","近世以前／神社","","室町前期","19080423","","奈良県","奈良県奈良市法華寺町","","宇奈多理坐高御魂神社","","34.69004982000000","135.80155198000000","102-shrine"
"102","2511","圓成寺","春日堂","国宝・重要文化財（建造物）","国宝","近世以前／神社","","鎌倉前期","19140417","19530331","奈良県","奈良県奈良市忍辱山町","","圓成寺","","34.69576991000000","135.91555583000000","102-shrine"
"102","2512","圓成寺","白山堂","国宝・重要文化財（建造物）","国宝","近世以前／神社","","鎌倉前期","19140417","19530331","奈良県","奈良県奈良市忍辱山町","","圓成寺","","34.69578167000000","135.91560871000000","102-shrine"
"102","2513","圓成寺宇賀神本殿","","国宝・重要文化財（建造物）","重要文化財","近世以前／神社","","鎌倉後期","19520329","","奈良県","奈良県奈良市忍辱山町","","圓成寺","","34.69580125000000","135.91567531000000","102-shrine"
"102","2642","大神神社拝殿","","国宝・重要文化財（建造物）","重要文化財","近世以前／神社","","江戸中期","19210430","","奈良県","奈良県桜井市大字三輪","","大神神社","","34.52877336000000","135.85302270000000","102-shrine"
"102","2603","橿原神宮本殿","","国宝・重要文化財（建造物）","重要文化財","近世以前／神社","","江戸末期","19020731","","奈良県","奈良県橿原市久米町","","橿原神宮","","34.48848532000000","135.78609138000000","102-shrine"
"102","2803","春日神社本殿","","国宝・重要文化財（建造物）","重要文化財","近世以前／神社","","室町中期","19230328","","奈良県","奈良県五條市西吉野町向賀名生","","春日神社","","34.28848397000000","135.72651753000000","102-shrine"
"102","2579","春日神社本殿","","国宝・重要文化財（建造物）","重要文化財","近世以前／神社","","室町後期","19200415","","奈良県","奈良県大和郡山市矢田町","","春日神社","","34.64991914000000","135.73671260000000","102-shrine"
"102","2563","春日大社摂社若宮神社","手水屋","国宝・重要文化財（建造物）","重要文化財","近世以前／神社","","江戸前期","19020731","","奈良県","奈良県奈良市春日野町","","春日大社","","34.67987088000000","135.84908337000000","102-shrine"
"102","2562","春日大社摂社若宮神社","細殿及び神楽殿","国宝・重要文化財（建造物）","重要文化財","近世以前／神社","","桃山","19010802","","奈良県","奈良県奈良市春日野町","","春日大社","","34.68012286000000","135.84899759000000","102-shrine"
"102","2561","春日大社摂社若宮神社","拝舎","国宝・重要文化財（建造物）","重要文化財","近世以前／神社","","江戸末期","19010802","","奈良県","奈良県奈良市春日野町","","春日大社","","34.68014967000000","135.84906729000000","102-shrine"
"102","2560","春日大社摂社若宮神社","本殿","国宝・重要文化財（建造物）","重要文化財","近世以前／神社","","江戸末期","19010802","","奈良県","奈良県奈良市春日野町","","春日大社","","34.68017173000000","135.84922697000000","102-shrine"
"102","2533","春日大社本社","本殿 （第一殿）","国宝・重要文化財（建造物）","国宝","近世以前／神社","","江戸末期","19010802","19560628","奈良県","奈良県奈良市春日野町","","春日大社","","34.68157872000000","135.84846589000000","102-shrine"
"102","2534","春日大社本社","本殿 （第二殿）","国宝・重要文化財（建造物）","国宝","近世以前／神社","","江戸末期","19010802","19560628","奈良県","奈良県奈良市春日野町","","春日大社","","34.68157872000000","135.84846589000000","102-shrine"
"102","2535","春日大社本社","本殿 （第三殿）","国宝・重要文化財（建造物）","国宝","近世以前／神社","","江戸末期","19010802","19560628","奈良県","奈良県奈良市春日野町","","春日大社","","34.68157872000000","135.84846589000000","102-shrine"
"102","2536","春日大社本社","本殿 （第四殿）","国宝・重要文化財（建造物）","国宝","近世以前／神社","","江戸末期","19010802","19560628","奈良県","奈良県奈良市春日野町","","春日大社","","34.68157872000000","135.84846589000000","102-shrine"
"102","2554","春日大社本社","車舎","国宝・重要文化財（建造物）","重要文化財","近世以前／神社","","江戸前期","19020731","","奈良県","奈良県奈良市春日野町","","春日大社","","34.68073170000000","135.84658906000000","102-shrine"
"102","2555","春日大社本社","着到殿","国宝・重要文化財（建造物）","重要文化財","近世以前／神社","","室町中期","19020731","","奈良県","奈良県奈良市春日野町","","春日大社","","34.68090398000000","135.84789661000000","102-shrine"
"102","2550","春日大社本社","廻廊（南門慶賀門間）","国宝・重要文化財（建造物）","重要文化財","近世以前／神社","","桃山","19010802","","奈良県","奈良県奈良市春日野町","","春日大社","","34.68107247000000","135.84817230000000","102-shrine"
"102","2545","春日大社本社","南門","国宝・重要文化財（建造物）","重要文化財","近世以前／神社","","室町前期","19010802","","奈良県","奈良県奈良市春日野町","","春日大社","","34.68108453000000","135.84840149000000","102-shrine"
"102","2546","春日大社本社","慶賀門","国宝・重要文化財（建造物）","重要文化財","近世以前／神社","","室町前期","19010802","","奈良県","奈良県奈良市春日野町","","春日大社","","34.68115691000000","135.84806675000000","102-shrine"
"102","2541","春日大社本社","幣殿","国宝・重要文化財（建造物）","重要文化財","近世以前／神社","","江戸前期","19010802","","奈良県","奈良県奈良市春日野町","","春日大社","","34.68125341000000","135.84835927000000","102-shrine"
"102","2542","春日大社本社","直会殿","国宝・重要文化財（建造物）","重要文化財","近世以前／神社","","江戸前期","19010802","","奈良県","奈良県奈良市春日野町","","春日大社","","34.68128960000000","135.84819944000000","102-shrine"
"102","2551","春日大社本社","廻廊（慶賀門清浄門間）","国宝・重要文化財（建造物）","重要文化財","近世以前／神社","","桃山","19010802","","奈良県","奈良県奈良市春日野町","","春日大社","","34.68130468000000","135.84805469000000","102-shrine"
"102","2549","春日大社本社","廻廊（南門東）","国宝・重要文化財（建造物）","重要文化財","近世以前／神社","","桃山","19010802","","奈良県","奈良県奈良市春日野町","","春日大社","","34.68130770000000","135.84871211000000","102-shrine"
"102","2556","春日大社本社","竈殿","国宝・重要文化財（建造物）","重要文化財","近世以前／神社","","室町前期","19020731","","奈良県","奈良県奈良市春日野町","","春日大社","","34.68131012000000","135.84787474000000","102-shrine"
"102","2547","春日大社本社","清浄門","国宝・重要文化財（建造物）","重要文化財","近世以前／神社","","室町前期","19010802","","奈良県","奈良県奈良市春日野町","","春日大社","","34.68142229000000","135.84804865000000","102-shrine"
"102","2539","春日大社本社","西及び北御廊","国宝・重要文化財（建造物）","重要文化財","近世以前／神社","","桃山","19010802","","奈良県","奈良県奈良市春日野町","","春日大社","","34.68149768000000","135.84835626000000","102-shrine"
"102","2537","春日大社本社","中門","国宝・重要文化財（建造物）","重要文化財","近世以前／神社","","桃山","19010802","","奈良県","奈良県奈良市春日野町","","春日大社","","34.68149869000000","135.84847085000000","102-shrine"
"102","2543","春日大社本社","移殿","国宝・重要文化財（建造物）","重要文化財","近世以前／神社","","室町前期","19010802","","奈良県","奈良県奈良市春日野町","","春日大社","","34.68150372000000","135.84819341000000","102-shrine"
"102","2538","春日大社本社","東御廊","国宝・重要文化財（建造物）","重要文化財","近世以前／神社","","桃山","19010802","","奈良県","奈良県奈良市春日野町","","春日大社","","34.68150372000000","135.84857640000000","102-shrine"
"102","2540","春日大社本社","捻廊","国宝・重要文化財（建造物）","重要文化財","近世以前／神社","","江戸中期","19010802","","奈良県","奈良県奈良市春日野町","","春日大社","","34.68151276000000","135.84827483000000","102-shrine"
"102","2552","春日大社本社","廻廊（清浄門内侍門間）","国宝・重要文化財（建造物）","重要文化財","近世以前／神社","","桃山","19010802","","奈良県","奈良県奈良市春日野町","","春日大社","","34.68151879000000","135.84804262000000","102-shrine"
"102","2557","春日大社本社","酒殿","国宝・重要文化財（建造物）","重要文化財","近世以前／神社","","江戸前期","19020731","","奈良県","奈良県奈良市春日野町","","春日大社","","34.68152257000000","135.84781226000000","102-shrine"
"102","2548","春日大社本社","内侍門","国宝・重要文化財（建造物）","重要文化財","近世以前／神社","","室町前期","19010802","","奈良県","奈良県奈良市春日野町","","春日大社","","34.68160625000000","135.84803659000000","102-shrine"
"102","2544","春日大社本社","宝庫","国宝・重要文化財（建造物）","重要文化財","近世以前／神社","","室町前期","19010802","","奈良県","奈良県奈良市春日野町","","春日大社","","34.68162736000000","135.84818738000000","102-shrine"
"102","2553","春日大社本社","廻廊（内侍門北）","国宝・重要文化財（建造物）","重要文化財","近世以前／神社","","桃山","19010802","","奈良県","奈良県奈良市春日野町","","春日大社","","34.68174497000000","135.84818436000000","102-shrine"
"102","2558","春日大社本社","板蔵","国宝・重要文化財（建造物）","重要文化財","近世以前／神社","","江戸前期","19020731","","奈良県","奈良県奈良市春日野町","","春日大社","","34.68189747000000","135.84803408000000","102-shrine"
"102","2559","春日大社本社","一の鳥居","国宝・重要文化財（建造物）","重要文化財","近世以前／神社","","江戸末期","19420626","","奈良県","奈良県奈良市春日野町","","春日大社","","34.68207109000000","135.83490853000000","102-shrine"
"102","2799","金峯山寺銅鳥居","","国宝・重要文化財（建造物）","重要文化財","近世以前／神社","","室町中期","19421222","","奈良県","奈良県吉野郡吉野町大字吉野山","","金峯山寺","","34.37079260000000","135.85779787000000","102-shrine"
"102","2578","小泉神社本殿","","国宝・重要文化財（建造物）","重要文化財","近世以前／神社","","室町後期","19200415","","奈良県","奈良県大和郡山市小泉町","","小泉神社","","34.62530913000000","135.75484811000000","102-shrine"
"102","2659","御霊神社","境内社他戸神社本殿","国宝・重要文化財（建造物）","重要文化財","近世以前／神社","","室町後期","19160524","","奈良県","奈良県五條市中之町","","御霊神社","","34.36155899000000","135.68015479000000","102-shrine"
"102","2657","御霊神社","本殿","国宝・重要文化財（建造物）","重要文化財","近世以前／神社","","室町後期","19160524","","奈良県","奈良県五條市中之町","","御霊神社","","34.36161126000000","135.68014624000000","102-shrine"
"102","2658","御霊神社","境内社早良神社本殿","国宝・重要文化財（建造物）","重要文化財","近世以前／神社","","室町後期","19160524","","奈良県","奈良県五條市中之町","","御霊神社","","34.36167778000000","135.68012723000000","102-shrine"
"102","00005416","十二社神社本殿","","国宝・重要文化財（建造物）","重要文化財","近世以前／神社","","室町中期","20220920","","奈良県","奈良県大和高田市大字藤森","","宗教法人十二社神社","","34.52925000000000","135.75211389000000","102-shrine"
"102","2504","十六所神社","境内社住吉神社本殿","国宝・重要文化財（建造物）","重要文化財","近世以前／神社","","室町前期","19130414","","奈良県","奈良県奈良市中町","","十六所神社","","34.67362815000000","135.74206434000000","102-shrine"
"102","2503","十六所神社","本殿","国宝・重要文化財（建造物）","重要文化財","近世以前／神社","","室町前期","19130414","","奈良県","奈良県奈良市中町","","十六所神社","","34.67366287000000","135.74211322000000","102-shrine"
"102","2505","十六所神社","境内社龍王神社本殿","国宝・重要文化財（建造物）","重要文化財","近世以前／神社","","室町前期","19130414","","奈良県","奈良県奈良市中町","","十六所神社","","34.67368916000000","135.74216020000000","102-shrine"
"102","2530","崇道天皇社本殿","","国宝・重要文化財（建造物）","重要文化財","近世以前／神社","","桃山","19490530","","奈良県","奈良県奈良市西紀寺町","","崇道天皇社","","34.67414749000000","135.83292760000000","102-shrine"
"102","2517","添御縣坐神社本殿","","国宝・重要文化財（建造物）","重要文化財","近世以前／神社","","室町前期","19070828","","奈良県","奈良県奈良市三碓町","","添御縣坐神社","","34.68758264000000","135.73956687000000","102-shrine"
"102","2661","高鴨神社本殿","","国宝・重要文化財（建造物）","重要文化財","近世以前／神社","","室町後期","19020731","","奈良県","奈良県御所市大字鴨神","","高鴨神社","","34.40830699000000","135.70760878000000","102-shrine"
"102","2674","高山八幡宮本殿","","国宝・重要文化財（建造物）","重要文化財","近世以前／神社","","室町後期","19780531","","奈良県","奈良県生駒市高山町","","高山八幡宮","","34.74517163000000","135.72232538000000","102-shrine"
"102","2523","手向山神社境内社住吉神社本殿","","国宝・重要文化財（建造物）","重要文化財","近世以前／神社","","鎌倉後期","19210430","","奈良県","奈良県奈良市雑司町","","手向山八幡宮","","34.68749819000000","135.84467970000000","102-shrine"
"102","2638","談山神社","末社惣社本殿","国宝・重要文化財（建造物）","重要文化財","近世以前／神社","","江戸中期","19770128","","奈良県","奈良県桜井市大字多武峰","","談山神社","","34.46560001000000","135.86066715000000","102-shrine"
"102","2639","談山神社","末社惣社拝殿","国宝・重要文化財（建造物）","重要文化財","近世以前／神社","","江戸中期","19770128","","奈良県","奈良県桜井市大字多武峰","","談山神社","","34.46562523000000","135.86075289000000","102-shrine"
"102","2636","談山神社","神廟拝所","国宝・重要文化財（建造物）","重要文化財","近世以前／神社","","江戸中期","19770128","","奈良県","奈良県桜井市大字多武峰","","談山神社","","34.46566305000000","135.86110341000000","102-shrine"
"102","2637","談山神社","閼伽井屋","国宝・重要文化財（建造物）","重要文化財","近世以前／神社","","江戸前期","19770128","","奈良県","奈良県桜井市大字多武峰","","談山神社","","34.46572862000000","135.86068228000000","102-shrine"
"102","2635","談山神社","摂社東殿","国宝・重要文化財（建造物）","重要文化財","近世以前／神社","","江戸前期","19770128","","奈良県","奈良県桜井市大字多武峰","","談山神社","","34.46583201000000","135.86228611000000","102-shrine"
"102","2640","談山神社","末社比叡神社本殿","国宝・重要文化財（建造物）","重要文化財","近世以前／神社","","江戸前期","19770128","","奈良県","奈良県桜井市大字多武峰","","談山神社","","34.46584210000000","135.86056628000000","102-shrine"
"102","2629","談山神社","拝殿","国宝・重要文化財（建造物）","重要文化財","近世以前／神社","","江戸前期","19770128","","奈良県","奈良県桜井市大字多武峰","","談山神社","","34.46591271000000","135.86171620000000","102-shrine"
"102","2632","談山神社","楼門","国宝・重要文化財（建造物）","重要文化財","近世以前／神社","","江戸前期","19770128","","奈良県","奈良県桜井市大字多武峰","","談山神社","","34.46594045000000","135.86158759000000","102-shrine"
"102","2634","談山神社","西宝庫","国宝・重要文化財（建造物）","重要文化財","近世以前／神社","","江戸前期","19770128","","奈良県","奈良県桜井市大字多武峰","","談山神社","","34.46600349000000","135.86140854000000","102-shrine"
"102","2631","談山神社","西透廊","国宝・重要文化財（建造物）","重要文化財","近世以前／神社","","江戸前期","19770128","","奈良県","奈良県桜井市大字多武峰","","談山神社","","34.46602366000000","135.86160776000000","102-shrine"
"102","2628","談山神社","本殿","国宝・重要文化財（建造物）","重要文化財","近世以前／神社","","江戸末期","19770128","","奈良県","奈良県桜井市大字多武峰","","談山神社","","34.46605140000000","135.86170611000000","102-shrine"
"102","2633","談山神社","東宝庫","国宝・重要文化財（建造物）","重要文化財","近世以前／神社","","江戸前期","19770128","","奈良県","奈良県桜井市大字多武峰","","談山神社","","34.46605140000000","135.86201881000000","102-shrine"
"102","2630","談山神社","東透廊","国宝・重要文化財（建造物）","重要文化財","近世以前／神社","","江戸前期","19770128","","奈良県","奈良県桜井市大字多武峰","","談山神社","","34.46605393000000","135.86181959000000","102-shrine"
"102","2626","談山神社権殿","","国宝・重要文化財（建造物）","重要文化財","近世以前／神社","","室町後期","19150326","","奈良県","奈良県桜井市大字多武峰","","談山神社","","34.46593036000000","135.86087141000000","102-shrine"
"102","2676","都祁水分神社本殿","","国宝・重要文化財（建造物）","重要文化財","近世以前／神社","","室町後期","19070828","","奈良県","奈良県奈良市都祁村大字友田","","都祁水分神社","","34.59733082000000","135.94718264000000","102-shrine"
"102","2678","天神社本殿","","国宝・重要文化財（建造物）","重要文化財","近世以前／神社","","室町中期","19230328","","奈良県","奈良県山辺郡山添村大字北野","","天神社","","34.68036861000000","135.99102470000000","102-shrine"
"102","2601","天皇神社本殿","","国宝・重要文化財（建造物）","重要文化財","近世以前／神社","","室町中期","19150326","","奈良県","奈良県天理市備前町","","天皇神社","","34.57416298000000","135.81743967000000","102-shrine"
"102","2532","長尾神社本殿","","国宝・重要文化財（建造物）","重要文化財","近世以前／神社","","桃山","19550622","","奈良県","奈良県奈良市阪原町","","長尾神社","","34.72266753000000","135.93775994000000","102-shrine"
"102","2525","丹生神社本殿","","国宝・重要文化財（建造物）","重要文化財","近世以前／神社","","室町中期","19270425","","奈良県","奈良県奈良市丹生町","","丹生神社","","34.69491551000000","135.96439726000000","102-shrine"
"102","2775","博西神社本殿","（２）","国宝・重要文化財（建造物）","重要文化財","近世以前／神社","","室町後期","19580514","","奈良県","奈良県葛城市寺口","","博西神社","","34.48568150000000","135.70956997000000","102-shrine"
"102","2774","博西神社本殿","（１）","国宝・重要文化財（建造物）","重要文化財","近世以前／神社","","室町後期","19580514","","奈良県","奈良県葛城市寺口","","博西神社","","34.48575287000000","135.70956903000000","102-shrine"
"102","2654","白山神社本殿","","国宝・重要文化財（建造物）","重要文化財","近世以前／神社","","室町後期","19200415","","奈良県","奈良県桜井市大字阿部","","文殊院","","34.50331131000000","135.84325547000000","102-shrine"
"102","2680","八幡神社本殿","","国宝・重要文化財（建造物）","重要文化財","近世以前／神社","","室町後期","19200415","","奈良県","奈良県生駒郡三郷町大字勢野","","八幡神社（生駒）","","34.60396738000000","135.69454412000000","102-shrine"
"102","2522","八幡神社本殿","","国宝・重要文化財（建造物）","重要文化財","近世以前／神社","","室町中期","19200415","","奈良県","奈良県奈良市西大寺町","","八幡神社","","34.69219801000000","135.77487791000000","102-shrine"
"102","2620","人麿神社本殿","","国宝・重要文化財（建造物）","重要文化財","近世以前／神社","","室町前期","19790521","","奈良県","奈良県橿原市地黄町","","人麿神社","","34.51473054000000","135.78472924000000","102-shrine"
"102","2531","夜支布山口神社摂社立磐神社本殿","","国宝・重要文化財（建造物）","重要文化財","近世以前／神社","","江戸中期","19530331","","奈良県","奈良県奈良市大柳生町","","夜支布山口神社","","34.70315324000000","135.92943874000000","102-shrine"
"102","2474","薬師寺休岡八幡神社社殿","東西脇殿（東）","国宝・重要文化財（建造物）","重要文化財","近世以前／神社","","桃山","19350513","","奈良県","奈良県奈良市西ノ京町","","薬師寺","","34.66689324000000","135.78403030000000","102-shrine"
"102","2473","薬師寺休岡八幡神社社殿","本殿","国宝・重要文化財（建造物）","重要文化財","近世以前／神社","","桃山","19350513","","奈良県","奈良県奈良市西ノ京町","","薬師寺","","34.66700762000000","135.78416692000000","102-shrine"
"102","2475","薬師寺休岡八幡神社社殿","東西脇殿（西）","国宝・重要文化財（建造物）","重要文化財","近世以前／神社","","桃山","19350513","","奈良県","奈良県奈良市西ノ京町","","薬師寺","","34.66711247000000","135.78400488000000","102-shrine"
"102","2472","薬師寺休岡若宮社社殿","","国宝・重要文化財（建造物）","重要文化財","近世以前／神社","","鎌倉後期","19130414","","奈良県","奈良県奈良市西ノ京町","","薬師寺","","34.66722132000000","135.78596475000000","102-shrine"
"102","2529","八阪神社本殿","","国宝・重要文化財（建造物）","重要文化財","近世以前／神社","","室町後期","19490218","","奈良県","奈良県奈良市大慈仙町","","八阪神社","","34.68794525000000","135.90441739000000","102-shrine"
"102","2576","矢田坐久志玉比古神社","本殿","国宝・重要文化財（建造物）","重要文化財","近世以前／神社","","室町前期","19080423","","奈良県","奈良県大和郡山市矢田町","","矢田坐久志玉比古神社","","34.65183662000000","135.74808847000000","102-shrine"
"102","2577","矢田坐久志玉比古神社","末社八幡神社社殿","国宝・重要文化財（建造物）","重要文化財","近世以前／神社","","室町中期","19080423","","奈良県","奈良県大和郡山市矢田町","","矢田坐久志玉比古神社","","34.65186862000000","135.74803795000000","102-shrine"
"102","2793","吉野水分神社","幣殿","国宝・重要文化財（建造物）","重要文化財","近世以前／神社","","桃山","19010327","","奈良県","奈良県吉野郡吉野町大字吉野山","","吉野水分神社","","34.35375619000000","135.87325688000000","102-shrine"
"102","2791","吉野水分神社","本殿","国宝・重要文化財（建造物）","重要文化財","近世以前／神社","","桃山","19010327","","奈良県","奈良県吉野郡吉野町大字吉野山","","吉野水分神社","","34.35379776000000","135.87303556000000","102-shrine"
"102","2792","吉野水分神社","拝殿","国宝・重要文化財（建造物）","重要文化財","近世以前／神社","","桃山","19010327","","奈良県","奈良県吉野郡吉野町大字吉野山","","吉野水分神社","","34.35394259000000","135.87316333000000","102-shrine"
"102","2795","吉野水分神社","回廊 （南）","国宝・重要文化財（建造物）","重要文化財","近世以前／神社","","桃山","19010327","","奈良県","奈良県吉野郡吉野町大字吉野山","","吉野水分神社","","34.35397620000000","135.87294878000000","102-shrine"
"102","2794","吉野水分神社","楼門","国宝・重要文化財（建造物）","重要文化財","近世以前／神社","","桃山","19010327","","奈良県","奈良県吉野郡吉野町大字吉野山","","吉野水分神社","","34.35400808000000","135.87298886000000","102-shrine"
"102","2796","吉野水分神社","回廊 （北）","国宝・重要文化財（建造物）","重要文化財","近世以前／神社","","桃山","19010327","","奈良県","奈良県吉野郡吉野町大字吉野山","","吉野水分神社","","34.35404078000000","135.87303386000000","102-shrine"
"102","2602","和爾下神社本殿","","国宝・重要文化財（建造物）","重要文化財","近世以前／神社","","桃山","19380826","","奈良県","奈良県天理市櫟本町","","和爾下神社","","34.62009834000000","135.83528430000000","102-shrine"
"102","2897","上杉謙信霊屋","","国宝・重要文化財（建造物）","重要文化財","近世以前／神社","","江戸前期","19650529","","和歌山県","和歌山県伊都郡高野町大字高野山","","清浄心院","財団法人高野山文化財保存会","34.21711865000000","135.59858373000000","102-shrine"
"102","2822","加太春日神社本殿","","国宝・重要文化財（建造物）","重要文化財","近世以前／神社","","桃山","19311214","","和歌山県","和歌山県和歌山市加太","","加太春日神社","","34.27527077000000","135.07461553000000","102-shrine"
"102","2924","熊野那智大社","御県彦社","国宝・重要文化財（建造物）","重要文化財","近世以前／神社","","江戸末期","19951226","","和歌山県","和歌山県東牟婁郡那智勝浦町","","熊野那智大社","","33.66855141000000","135.88997617000000","102-shrine"
"102","2923","熊野那智大社","第六殿（八社殿）","国宝・重要文化財（建造物）","重要文化財","近世以前／神社","","江戸末期","19951226","","和歌山県","和歌山県東牟婁郡那智勝浦町","","熊野那智大社","","33.66858188000000","135.88983524000000","102-shrine"
"102","2922","熊野那智大社","第五殿（若宮）","国宝・重要文化財（建造物）","重要文化財","近世以前／神社","","江戸末期","19951226","","和歌山県","和歌山県東牟婁郡那智勝浦町","","熊野那智大社","","33.66866840000000","135.88968887000000","102-shrine"
"102","2921","熊野那智大社","第四殿（西御前）","国宝・重要文化財（建造物）","重要文化財","近世以前／神社","","江戸末期","19951226","","和歌山県","和歌山県東牟婁郡那智勝浦町","","熊野那智大社","","33.66874839000000","135.88970519000000","102-shrine"
"102","2920","熊野那智大社","第三殿（中御前）","国宝・重要文化財（建造物）","重要文化財","近世以前／神社","","江戸末期","19951226","","和歌山県","和歌山県東牟婁郡那智勝浦町","","熊野那智大社","","33.66882674000000","135.88972152000000","102-shrine"
"102","2919","熊野那智大社","第二殿（証誠殿）","国宝・重要文化財（建造物）","重要文化財","近世以前／神社","","江戸末期","19951226","","和歌山県","和歌山県東牟婁郡那智勝浦町","","熊野那智大社","","33.66890510000000","135.88971336000000","102-shrine"
"102","2918","熊野那智大社","第一殿（滝宮）","国宝・重要文化財（建造物）","重要文化財","近世以前／神社","","江戸末期","19951226","","和歌山県","和歌山県東牟婁郡那智勝浦町","","熊野那智大社","","33.66896386000000","135.88973784000000","102-shrine"
"102","2925","熊野那智大社","鈴門及び瑞垣","国宝・重要文化財（建造物）","重要文化財","近世以前／神社","","江戸末期","19951226","","和歌山県","和歌山県東牟婁郡那智勝浦町","","熊野那智大社","","33.66897692000000","135.88987877000000","102-shrine"
"102","2926","熊野本宮大社","第一殿・第二殿（西御前・中御前）","国宝・重要文化財（建造物）","重要文化財","近世以前／神社","","江戸後期","19951226","","和歌山県","和歌山県田辺市本宮町","","熊野本宮大社","","33.84056107000000","135.77344586000000","102-shrine"
"102","2927","熊野本宮大社","第三殿（証誠殿）","国宝・重要文化財（建造物）","重要文化財","近世以前／神社","","江戸後期","19951226","","和歌山県","和歌山県田辺市本宮町","","熊野本宮大社","","33.84062635000000","135.77361628000000","102-shrine"
"102","2928","熊野本宮大社","第四殿（若一王子）","国宝・重要文化財（建造物）","重要文化財","近世以前／神社","","江戸後期","19951226","","和歌山県","和歌山県田辺市本宮町","","熊野本宮大社","","33.84066187000000","135.77374805000000","102-shrine"
"102","2893","金剛三昧院四所明神社本殿","","国宝・重要文化財（建造物）","重要文化財","近世以前／神社","","室町後期","19650529","","和歌山県","和歌山県伊都郡高野町大字高野山","","金剛三昧院","財団法人高野山文化財保存会","34.20978201000000","135.58659141000000","102-shrine"
"102","2887","金剛峯寺山王院本殿","高野明神社","国宝・重要文化財（建造物）","重要文化財","近世以前／神社","","室町後期","19650529","","和歌山県","和歌山県伊都郡高野町大字高野山","","金剛峯寺","財団法人高野山文化財保存会","34.21309158000000","135.57840602000000","102-shrine"
"102","2888","金剛峯寺山王院本殿","総社","国宝・重要文化財（建造物）","重要文化財","近世以前／神社","","室町後期","19650529","","和歌山県","和歌山県伊都郡高野町大字高野山","","金剛峯寺","財団法人高野山文化財保存会","34.21315601000000","135.57870733000000","102-shrine"
"102","2886","金剛峯寺山王院本殿","丹生明神社","国宝・重要文化財（建造物）","重要文化財","近世以前／神社","","室町後期","19650529","","和歌山県","和歌山県伊都郡高野町大字高野山","","金剛峯寺","財団法人高野山文化財保存会","34.21319012000000","135.57841834000000","102-shrine"
"102","2884","金剛峯寺徳川家霊台","家康霊屋","国宝・重要文化財（建造物）","重要文化財","近世以前／神社","","江戸前期","19260419","","和歌山県","和歌山県伊都郡高野町大字高野山","","金剛峯寺","財団法人高野山文化財保存会","34.21743709000000","135.58310398000000","102-shrine"
"102","2885","金剛峯寺徳川家霊台","秀忠霊屋","国宝・重要文化財（建造物）","重要文化財","近世以前／神社","","江戸前期","19260419","","和歌山県","和歌山県伊都郡高野町大字高野山","","金剛峯寺","財団法人高野山文化財保存会","34.21750442000000","135.58293374000000","102-shrine"
"102","2898","佐竹義重霊屋","","国宝・重要文化財（建造物）","重要文化財","近世以前／神社","","桃山","19650529","","和歌山県","和歌山県伊都郡高野町大字高野山","","清浄心院","財団法人高野山文化財保存会","34.21503326000000","135.59724079000000","102-shrine"
"102","2841","三郷八幡神社本殿","","国宝・重要文化財（建造物）","重要文化財","近世以前／神社","","室町後期","19440905","","和歌山県","和歌山県海南市下津町黒田","","三郷八幡神社","","34.12117431000000","135.16087682000000","102-shrine"
"102","2852","十三神社","摂社八幡神社本殿","国宝・重要文化財（建造物）","重要文化財","近世以前／神社","","室町後期","19690312","","和歌山県","和歌山県海草郡紀美野町野中","","十三神社","","34.14720144000000","135.35114692000000","102-shrine"
"102","2850","十三神社","本殿","国宝・重要文化財（建造物）","重要文化財","近世以前／神社","","桃山","19690312","","和歌山県","和歌山県海草郡紀美野町野中","","十三神社","","34.14724309000000","135.35117860000000","102-shrine"
"102","2851","十三神社","摂社丹生神社本殿","国宝・重要文化財（建造物）","重要文化財","近世以前／神社","","室町後期","19690312","","和歌山県","和歌山県海草郡紀美野町野中","","十三神社","","34.14728528000000","135.35120204000000","102-shrine"
"102","2909","白岩丹生神社本殿","","国宝・重要文化財（建造物）","重要文化財","近世以前／神社","","室町後期","19550622","","和歌山県","和歌山県有田郡有田川町小川白岩谷","","白岩丹生神社","","34.07113452000000","135.25938167000000","102-shrine"
"102","2839","長保寺鎮守堂","","国宝・重要文化財（建造物）","重要文化財","近世以前／神社","","鎌倉後期","19140417","","和歌山県","和歌山県海南市下津町上","","長保寺","","34.10922399000000","135.16597443000000","102-shrine"
"102","2820","天満神社","末社多賀神社本殿","国宝・重要文化財（建造物）","重要文化財","近世以前／神社","","桃山","19740521","","和歌山県","和歌山県和歌山市和歌浦","","天満神社","","34.19169633000000","135.16462387000000","102-shrine"
"102","2821","天満神社","末社天照皇太神宮豊受大神宮本殿","国宝・重要文化財（建造物）","重要文化財","近世以前／神社","","桃山","19740521","","和歌山県","和歌山県和歌山市和歌浦","","天満神社","","34.19174722000000","135.16444984000000","102-shrine"
"102","2818","天満神社本殿","","国宝・重要文化財（建造物）","重要文化財","近世以前／神社","","桃山","19160524","","和歌山県","和歌山県和歌山市和歌浦","","天満神社","","34.19162885000000","135.16424676000000","102-shrine"
"102","2819","天満神社楼門","","国宝・重要文化財（建造物）","重要文化財","近世以前／神社","","桃山","19350513","","和歌山県","和歌山県和歌山市和歌浦","","天満神社","","34.19140846000000","135.16434401000000","102-shrine"
"102","00004975","鬪雞神社","本殿","国宝・重要文化財（建造物）","重要文化財","近世以前／神社","","江戸中期","20170223","","和歌山県","和歌山県田辺市東陽","","宗教法人鬪鷄神社","","33.72799694000000","135.37771667000000","102-shrine"
"102","00004976","鬪雞神社","西殿","国宝・重要文化財（建造物）","重要文化財","近世以前／神社","","江戸中期","20170223","","和歌山県","和歌山県田辺市東陽","","宗教法人鬪鷄神社","","33.72799694000000","135.37771667000000","102-shrine"
"102","00004977","鬪雞神社","上殿","国宝・重要文化財（建造物）","重要文化財","近世以前／神社","","江戸前期","20170223","","和歌山県","和歌山県田辺市東陽","","宗教法人鬪鷄神社","","33.72799694000000","135.37771667000000","102-shrine"
"102","00004978","鬪雞神社","中殿","国宝・重要文化財（建造物）","重要文化財","近世以前／神社","","江戸中期","20170223","","和歌山県","和歌山県田辺市東陽","","宗教法人鬪鷄神社","","33.72799694000000","135.37771667000000","102-shrine"
"102","00004979","鬪雞神社","下殿","国宝・重要文化財（建造物）","重要文化財","近世以前／神社","","江戸中期","20170223","","和歌山県","和歌山県田辺市東陽","","宗教法人鬪鷄神社","","33.72799694000000","135.37771667000000","102-shrine"
"102","00004980","鬪雞神社","八百萬殿","国宝・重要文化財（建造物）","重要文化財","近世以前／神社","","江戸中期","20170223","","和歌山県","和歌山県田辺市東陽","","宗教法人鬪鷄神社","","33.72799694000000","135.37771667000000","102-shrine"
"102","2817","東照宮","東西廻廊（西）","国宝・重要文化財（建造物）","重要文化財","近世以前／神社","","江戸前期","19650529","","和歌山県","和歌山県和歌山市和歌浦","","東照宮","","34.19227780000000","135.16574321000000","102-shrine"
"102","2815","東照宮","楼門","国宝・重要文化財（建造物）","重要文化財","近世以前／神社","","江戸前期","19650529","","和歌山県","和歌山県和歌山市和歌浦","","東照宮","","34.19229903000000","135.16583261000000","102-shrine"
"102","2816","東照宮","東西廻廊（東）","国宝・重要文化財（建造物）","重要文化財","近世以前／神社","","江戸前期","19650529","","和歌山県","和歌山県和歌山市和歌浦","","東照宮","","34.19232610000000","135.16592418000000","102-shrine"
"102","2812","東照宮","唐門","国宝・重要文化財（建造物）","重要文化財","近世以前／神社","","江戸前期","19160524","","和歌山県","和歌山県和歌山市和歌浦","","東照宮","","34.19252709000000","135.16575033000000","102-shrine"
"102","2814","東照宮","東西瑞垣（西）","国宝・重要文化財（建造物）","重要文化財","近世以前／神社","","江戸前期","19160524","","和歌山県","和歌山県和歌山市和歌浦","","東照宮","","34.19256047000000","135.16558731000000","102-shrine"
"102","2813","東照宮","東西瑞垣（東）","国宝・重要文化財（建造物）","重要文化財","近世以前／神社","","江戸前期","19160524","","和歌山県","和歌山県和歌山市和歌浦","","東照宮","","34.19263798000000","135.16584934000000","102-shrine"
"102","2811","東照宮","本殿、石の間、拝殿","国宝・重要文化財（建造物）","重要文化財","近世以前／神社","","江戸前期","19160524","","和歌山県","和歌山県和歌山市和歌浦","","東照宮","","34.19272749000000","135.16567238000000","102-shrine"
"102","2854","鞆淵八幡神社本殿","","国宝・重要文化財（建造物）","重要文化財","近世以前／神社","","室町中期","19360420","","和歌山県","和歌山県紀の川市粉河町中鞆淵","","鞆淵八幡神社","","34.22033047000000","135.46024972000000","102-shrine"
"102","2880","丹生官省符神社本殿","（３）","国宝・重要文化財（建造物）","重要文化財","近世以前／神社","","室町後期","19650529","","和歌山県","和歌山県伊都郡九度山町字慈尊院","","丹生官省符神社","","34.29417621000000","135.54944143000000","102-shrine"
"102","2878","丹生官省符神社本殿","（１）","国宝・重要文化財（建造物）","重要文化財","近世以前／神社","","室町後期","19650529","","和歌山県","和歌山県伊都郡九度山町字慈尊院","","丹生官省符神社","","34.29418015000000","135.54932604000000","102-shrine"
"102","2879","丹生官省符神社本殿","（２）","国宝・重要文化財（建造物）","重要文化財","近世以前／神社","","室町後期","19650529","","和歌山県","和歌山県伊都郡九度山町字慈尊院","","丹生官省符神社","","34.29418146000000","135.54938242000000","102-shrine"
"102","2870","丹生都比売神社本殿","（１）","国宝・重要文化財（建造物）","重要文化財","近世以前／神社","","江戸中期","19650529","","和歌山県","和歌山県伊都郡かつらぎ町大字上天野","","丹生都比売神社","","34.26267441000000","135.52187248000000","102-shrine"
"102","2871","丹生都比売神社本殿","（２）","国宝・重要文化財（建造物）","重要文化財","近世以前／神社","","室町後期","19650529","","和歌山県","和歌山県伊都郡かつらぎ町大字上天野","","丹生都比売神社","","34.26271501000000","135.52196008000000","102-shrine"
"102","2872","丹生都比売神社本殿","（３）","国宝・重要文化財（建造物）","重要文化財","近世以前／神社","","明治","19650529","","和歌山県","和歌山県伊都郡かつらぎ町大字上天野","","丹生都比売神社","","34.26276220000000","135.52205077000000","102-shrine"
"102","2873","丹生都比売神社本殿","（４）","国宝・重要文化財（建造物）","重要文化財","近世以前／神社","","室町後期","19650529","","和歌山県","和歌山県伊都郡かつらぎ町大字上天野","","丹生都比売神社","","34.26279646000000","135.52213363000000","102-shrine"
"102","2869","丹生都比売神社楼門","","国宝・重要文化財（建造物）","重要文化財","近世以前／神社","","室町中期","19080423","","和歌山県","和歌山県伊都郡かつらぎ町大字上天野","","丹生都比売神社","","34.26286465000000","135.52187883000000","102-shrine"
"102","2849","野上八幡宮摂社高良玉垂神社本殿","","国宝・重要文化財（建造物）","重要文化財","近世以前／神社","","桃山","19440905","","和歌山県","和歌山県海草郡紀美野町小畑","","野上八幡宮","","34.16532585000000","135.29466419000000","102-shrine"
"102","2847","野上八幡宮摂社武内神社本殿","","国宝・重要文化財（建造物）","重要文化財","近世以前／神社","","室町後期","19440905","","和歌山県","和歌山県海草郡紀美野町小畑","","野上八幡宮","","34.16578316000000","135.29459331000000","102-shrine"
"102","2848","野上八幡宮摂社平野今木神社本殿","","国宝・重要文化財（建造物）","重要文化財","近世以前／神社","","室町後期","19440905","","和歌山県","和歌山県海草郡紀美野町小畑","","野上八幡宮","","34.16594037000000","135.29479148000000","102-shrine"
"102","2846","野上八幡宮拝殿","","国宝・重要文化財（建造物）","重要文化財","近世以前／神社","","桃山","19440905","","和歌山県","和歌山県海草郡紀美野町小畑","","野上八幡宮","","34.16569652000000","135.29468159000000","102-shrine"
"102","2845","野上八幡宮本殿","","国宝・重要文化財（建造物）","重要文化財","近世以前／神社","","室町後期","19440905","","和歌山県","和歌山県海草郡紀美野町小畑","","野上八幡宮","","34.16580348000000","135.29465883000000","102-shrine"
"102","2901","広八幡神社摂社高良社本殿","","国宝・重要文化財（建造物）","重要文化財","近世以前／神社","","室町後期","19290406","","和歌山県","和歌山県有田郡広川町大字上中野","","廣八幡宮","","34.01777877000000","135.17530896000000","102-shrine"
"102","2902","広八幡神社摂社天神社本殿","","国宝・重要文化財（建造物）","重要文化財","近世以前／神社","","江戸前期","19470226","","和歌山県","和歌山県有田郡広川町大字上中野","","廣八幡宮","","34.01783489000000","135.17532407000000","102-shrine"
"102","2900","広八幡神社摂社若宮社本殿","","国宝・重要文化財（建造物）","重要文化財","近世以前／神社","","室町後期","19290406","","和歌山県","和歌山県有田郡広川町大字上中野","","廣八幡宮","","34.01764170000000","135.17525824000000","102-shrine"
"102","2903","広八幡神社拝殿","","国宝・重要文化財（建造物）","重要文化財","近世以前／神社","","江戸中期","19470226","","和歌山県","和歌山県有田郡広川町大字上中野","","廣八幡宮","","34.01773668000000","135.17515247000000","102-shrine"
"102","2899","広八幡神社本殿","","国宝・重要文化財（建造物）","重要文化財","近世以前／神社","","室町中期","19290406","","和歌山県","和歌山県有田郡広川町大字上中野","","廣八幡宮","","34.01770862000000","135.17530357000000","102-shrine"
"102","2904","広八幡神社楼門","","国宝・重要文化財（建造物）","重要文化財","近世以前／神社","","室町後期","19470226","","和歌山県","和歌山県有田郡広川町大字上中野","","廣八幡宮","","34.01778308000000","135.17490317000000","102-shrine"
"102","2874","宝来山神社本殿","（第一殿）","国宝・重要文化財（建造物）","重要文化財","近世以前／神社","","桃山","19430609","","和歌山県","和歌山県伊都郡かつらぎ町大字萩原","","宝来山神社","","34.29183019000000","135.46883069000000","102-shrine"
"102","2876","宝来山神社本殿","（第三殿）","国宝・重要文化財（建造物）","重要文化財","近世以前／神社","","桃山","19430609","","和歌山県","和歌山県伊都郡かつらぎ町大字萩原","","宝来山神社","","34.29183019000000","135.46887108000000","102-shrine"
"102","2875","宝来山神社本殿","（第二殿）","国宝・重要文化財（建造物）","重要文化財","近世以前／神社","","桃山","19430609","","和歌山県","和歌山県伊都郡かつらぎ町大字萩原","","宝来山神社","","34.29183138000000","135.46878792000000","102-shrine"
"102","2877","宝来山神社本殿","（第四殿）","国宝・重要文化財（建造物）","重要文化財","近世以前／神社","","桃山","19430609","","和歌山県","和歌山県伊都郡かつらぎ町大字萩原","","宝来山神社","","34.29183257000000","135.46874278000000","102-shrine"
"102","2896","松平秀康及び同母霊屋","秀康母霊屋","国宝・重要文化財（建造物）","重要文化財","近世以前／神社","","桃山","19650529","","和歌山県","和歌山県伊都郡高野町大字高野山","","蓮花院","財団法人高野山文化財保存会","34.22045676000000","135.60556660000000","102-shrine"
"102","2895","松平秀康及び同母霊屋","秀康霊屋","国宝・重要文化財（建造物）","重要文化財","近世以前／神社","","桃山","19650529","","和歌山県","和歌山県伊都郡高野町大字高野山","","蓮花院","財団法人高野山文化財保存会","34.22055160000000","135.60557563000000","102-shrine"
"102","2862","三船神社","本殿","国宝・重要文化財（建造物）","重要文化財","近世以前／神社","","桃山","19690312","","和歌山県","和歌山県紀の川市桃山町神田","","三船神社","","34.23086120000000","135.35414342000000","102-shrine"
"102","2863","三船神社","摂社丹生明神社本殿","国宝・重要文化財（建造物）","重要文化財","近世以前／神社","","桃山","19690312","","和歌山県","和歌山県紀の川市桃山町神田","","三船神社","","34.23096695000000","135.35414902000000","102-shrine"
"102","2864","三船神社","摂社高野明神社本殿","国宝・重要文化財（建造物）","重要文化財","近世以前／神社","","桃山","19690312","","和歌山県","和歌山県紀の川市桃山町神田","","三船神社","","34.23103208000000","135.35414902000000","102-shrine"
"102","1985","愛宕神社本殿","","国宝・重要文化財（建造物）","重要文化財","近世以前／神社","","鎌倉後期","19770128","","京都府","京都府亀岡市千歳町国分","","愛宕神社","","35.04093223000000","135.58701004000000","102-shrine"
"102","1988","荒見神社本殿","","国宝・重要文化財（建造物）","重要文化財","近世以前／神社","","桃山","19060414","","京都府","京都府城陽市富野荒見田","","荒見神社","","34.84096835000000","135.78407307000000","102-shrine"
"102","1940","石田神社境内社恵比須神社本殿","","国宝・重要文化財（建造物）","重要文化財","近世以前／神社","","鎌倉後期","19870603","","京都府","京都府綾部市安国寺町宮ノ腰","","石田神社","","35.34027524000000","135.31131258000000","102-shrine"
"102","1979","出雲大神宮本殿","","国宝・重要文化財（建造物）","重要文化財","近世以前／神社","","室町前期","19060414","","京都府","京都府亀岡市千歳町","","出雲大神宮","","35.05943914000000","135.57841672000000","102-shrine"
"102","00005578","齋神社本殿","","国宝・重要文化財（建造物）","重要文化財","近世以前／神社","","室町中期","20240815","","京都府","京都府綾部市下原町布毛100番1","","宗教法人齋神社","","35.29003333000000","135.30981944000000","102-shrine"
"102","00004322","石清水八幡宮","西総門","国宝・重要文化財（建造物）","重要文化財","近世以前／神社","","江戸前期","20081202","","京都府","京都府八幡市八幡、同橋本狩尾","","石清水八幡宮","","34.87964763000000","135.69972500000000","102-shrine"
"102","00004321","石清水八幡宮","東総門","国宝・重要文化財（建造物）","重要文化財","近世以前／神社","","江戸前期","20081202","","京都府","京都府八幡市八幡、同橋本狩尾","","石清水八幡宮","","34.87975876000000","135.70048189000000","102-shrine"
"102","00004319","石清水八幡宮","摂社水若宮社本殿","国宝・重要文化財（建造物）","重要文化財","近世以前／神社","","江戸前期","20081202","","京都府","京都府八幡市八幡、同橋本狩尾","","石清水八幡宮","","34.87990199000000","135.70044485000000","102-shrine"
"102","00004320","石清水八幡宮","摂社住吉社本殿","国宝・重要文化財（建造物）","重要文化財","近世以前／神社","","江戸前期","20081202","","京都府","京都府八幡市八幡、同橋本狩尾","","石清水八幡宮","","34.87994891000000","135.69983489000000","102-shrine"
"102","00004323","石清水八幡宮","北総門","国宝・重要文化財（建造物）","重要文化財","近世以前／神社","","江戸前期","20081202","","京都府","京都府八幡市八幡、同橋本狩尾","","石清水八幡宮","","34.87999172000000","135.70001818000000","102-shrine"
"102","00004318","石清水八幡宮","摂社若宮殿社本殿","国宝・重要文化財（建造物）","重要文化財","近世以前／神社","","江戸前期","20081202","","京都府","京都府八幡市八幡、同橋本狩尾","","石清水八幡宮","","34.88000389000000","135.70037836000000","102-shrine"
"102","00004289","石清水八幡宮","摂社若宮社本殿","国宝・重要文化財（建造物）","重要文化財","近世以前／神社","","江戸前期","20081202","","京都府","京都府八幡市八幡、同橋本狩尾","","石清水八幡宮","","34.88002379000000","135.70025198000000","102-shrine"
"102","00004324","石清水八幡宮","摂社狩尾社本殿","国宝・重要文化財（建造物）","重要文化財","近世以前／神社","","桃山","20081202","","京都府","京都府八幡市八幡、同橋本狩尾","","石清水八幡宮","","34.88181810000000","135.68959621000000","102-shrine"
"102","1992","石清水八幡宮本社","楼門","国宝・重要文化財（建造物）","国宝","近世以前／神社","","江戸前期","18971228","20160209","京都府","京都府八幡市八幡高坊","","石清水八幡宮","","34.87949144000000","135.70004943000000","102-shrine"
"102","1996","石清水八幡宮本社","廻廊　（楼門西門間）","国宝・重要文化財（建造物）","国宝","近世以前／神社","","江戸前期","18971228","20160209","京都府","京都府八幡市八幡高坊","","石清水八幡宮","","34.87949475000000","135.69987761000000","102-shrine"
"102","1995","石清水八幡宮本社","廻廊　（楼門東門間）","国宝・重要文化財（建造物）","国宝","近世以前／神社","","江戸前期","18971228","20160209","京都府","京都府八幡市八幡高坊","","石清水八幡宮","","34.87949971000000","135.70024107000000","102-shrine"
"102","1991","石清水八幡宮本社","幣殿及び舞殿","国宝・重要文化財（建造物）","国宝","近世以前／神社","","江戸前期","18971228","20160209","京都府","京都府八幡市八幡高坊","","石清水八幡宮","","34.87959222000000","135.70004778000000","102-shrine"
"102","1994","石清水八幡宮本社","西門","国宝・重要文化財（建造物）","国宝","近世以前／神社","","江戸前期","18971228","20160209","京都府","京都府八幡市八幡高坊","","石清水八幡宮","","34.87965500000000","135.69984622000000","102-shrine"
"102","1993","石清水八幡宮本社","東門","国宝・重要文化財（建造物）","国宝","近世以前／神社","","江戸前期","18971228","20160209","京都府","京都府八幡市八幡高坊","","石清水八幡宮","","34.87968144000000","135.70024273000000","102-shrine"
"102","1990","石清水八幡宮本社","本殿","国宝・重要文化財（建造物）","国宝","近世以前／神社","","江戸前期","18971228","20160209","京都府","京都府八幡市八幡高坊","","石清水八幡宮","","34.87974606000000","135.70003918000000","102-shrine"
"102","1997","石清水八幡宮本社","廻廊　（背面）","国宝・重要文化財（建造物）","国宝","近世以前／神社","","江戸前期","18971228","20160209","京都府","京都府八幡市八幡高坊","","石清水八幡宮","","34.87984830000000","135.70002795000000","102-shrine"
"102","00004829","石清水八幡宮本社","瑞籬","国宝・重要文化財（建造物）","国宝","近世以前／神社","","江戸前期","19670615","20160209","京都府","京都府八幡市八幡高坊","","宗教法人石清水八幡宮","","34.88004194000000","135.70066389000000","102-shrine"
"102","00004828","石清水八幡宮本社","摂社武内社本殿","国宝・重要文化財（建造物）","国宝","近世以前／神社","","江戸前期","19670615","20160209","京都府","京都府八幡市八幡高坊","","石清水八幡宮","","34.88004194000000","135.70066389000000","102-shrine"
"102","1948","宇治上神社摂社春日神社本殿","","国宝・重要文化財（建造物）","重要文化財","近世以前／神社","","鎌倉後期","19120208","","京都府","京都府宇治市宇治山田","","宇治上神社","","34.89200261000000","135.81155872000000","102-shrine"
"102","1947","宇治上神社拝殿","","国宝・重要文化財（建造物）","国宝","近世以前／神社","","鎌倉前期","19020731","19521122","京都府","京都府宇治市宇治山田","","宇治上神社","","34.89197576000000","135.81130699000000","102-shrine"
"102","1946","宇治上神社本殿","","国宝・重要文化財（建造物）","国宝","近世以前／神社","","平安後期","19020417","19520329","京都府","京都府宇治市宇治山田","","宇治上神社","","34.89207517000000","135.81142019000000","102-shrine"
"102","1949","宇治神社本殿","","国宝・重要文化財（建造物）","重要文化財","近世以前／神社","","鎌倉後期","19020731","","京都府","京都府宇治市宇治山田","","宇治神社","","34.89107760000000","135.81072842000000","102-shrine"
"102","1981","梅田神社本殿","","国宝・重要文化財（建造物）","重要文化財","近世以前／神社","","室町前期","19410703","","京都府","京都府亀岡市旭町","","梅田神社","","35.08495662000000","135.55673610000000","102-shrine"
"102","2056","大山祗神社本殿","","国宝・重要文化財（建造物）","重要文化財","近世以前／神社","","室町中期","19580514","","京都府","京都府南丹市園部町大河内","","大山祇神社","","35.05464583000000","135.40639989000000","102-shrine"
"102","2048","春日神社本殿","","国宝・重要文化財（建造物）","重要文化財","近世以前／神社","","室町前期","19370729","","京都府","京都府相楽郡精華町大字菱田","","春日神社","","34.78165833000000","135.79368611000000","102-shrine"
"102","2055","春日神社本殿","","国宝・重要文化財（建造物）","重要文化財","近世以前／神社","","室町前期","19210430","","京都府","京都府南丹市園部町高屋","","春日神社","","35.12424444000000","135.50010000000000","102-shrine"
"102","1646","賀茂御祖神社","東本殿","国宝・重要文化財（建造物）","国宝","近世以前／神社","","江戸末期","19010802","19530331","京都府","京都府京都市左京区下鴨泉川町","","賀茂御祖神社","","35.03916087000000","135.77308677000000","102-shrine"
"102","1647","賀茂御祖神社","西本殿","国宝・重要文化財（建造物）","国宝","近世以前／神社","","江戸末期","19010802","19530331","京都府","京都府京都市左京区下鴨泉川町","","賀茂御祖神社","","35.03917025000000","135.77294615000000","102-shrine"
"102","1669","賀茂御祖神社","楼門東西廻廊（東）","国宝・重要文化財（建造物）","重要文化財","近世以前／神社","","江戸前期","19010802","","京都府","京都府京都市左京区下鴨泉川町","","賀茂御祖神社","","35.03850768000000","135.77318255000000","102-shrine"
"102","1668","賀茂御祖神社","楼門","国宝・重要文化財（建造物）","重要文化財","近世以前／神社","","江戸前期","19010802","","京都府","京都府京都市左京区下鴨泉川町","","賀茂御祖神社","","35.03852434000000","135.77296839000000","102-shrine"
"102","1670","賀茂御祖神社","楼門東西廻廊（西）","国宝・重要文化財（建造物）","重要文化財","近世以前／神社","","江戸前期","19010802","","京都府","京都府京都市左京区下鴨泉川町","","賀茂御祖神社","","35.03853862000000","135.77273045000000","102-shrine"
"102","1664","賀茂御祖神社","橋殿","国宝・重要文化財（建造物）","重要文化財","近世以前／神社","","江戸前期","19010802","","京都府","京都府京都市左京区下鴨泉川町","","賀茂御祖神社","","35.03863618000000","135.77325155000000","102-shrine"
"102","1671","賀茂御祖神社","摂社出雲井於神社本殿","国宝・重要文化財（建造物）","重要文化財","近世以前／神社","","江戸前期","19670615","","京都府","京都府京都市左京区下鴨泉川町","","賀茂御祖神社","","35.03866711000000","135.77244015000000","102-shrine"
"102","1665","賀茂御祖神社","細殿","国宝・重要文化財（建造物）","重要文化財","近世以前／神社","","江戸前期","19010802","","京都府","京都府京都市左京区下鴨泉川町","","賀茂御祖神社","","35.03870042000000","135.77342049000000","102-shrine"
"102","1662","賀茂御祖神社","舞殿","国宝・重要文化財（建造物）","重要文化財","近世以前／神社","","江戸前期","19010802","","京都府","京都府京都市左京区下鴨泉川町","","賀茂御祖神社","","35.03872590000000","135.77297615000000","102-shrine"
"102","1663","賀茂御祖神社","神服殿","国宝・重要文化財（建造物）","重要文化財","近世以前／神社","","江戸前期","19030415","","京都府","京都府京都市左京区下鴨泉川町","","賀茂御祖神社","","35.03873903000000","135.77271929000000","102-shrine"
"102","1666","賀茂御祖神社","供御所","国宝・重要文化財（建造物）","重要文化財","近世以前／神社","","江戸前期","19030415","","京都府","京都府京都市左京区下鴨泉川町","","賀茂御祖神社","","35.03879560000000","135.77242112000000","102-shrine"
"102","1658","賀茂御祖神社","中門東西回廊（東廻廊）","国宝・重要文化財（建造物）","重要文化財","近世以前／神社","","江戸前期","19010802","","京都府","京都府京都市左京区下鴨泉川町","","賀茂御祖神社","","35.03888527000000","135.77321613000000","102-shrine"
"102","1656","賀茂御祖神社","東西楽屋（東）","国宝・重要文化財（建造物）","重要文化財","近世以前／神社","","江戸前期","19010802","","京都府","京都府京都市左京区下鴨泉川町","","賀茂御祖神社","","35.03889839000000","135.77306989000000","102-shrine"
"102","1659","賀茂御祖神社","中門東西回廊（西廻廊）","国宝・重要文化財（建造物）","重要文化財","近世以前／神社","","江戸前期","19010802","","京都府","京都府京都市左京区下鴨泉川町","","賀茂御祖神社","","35.03890027000000","135.77285428000000","102-shrine"
"102","1657","賀茂御祖神社","東西楽屋（西）","国宝・重要文化財（建造物）","重要文化財","近世以前／神社","","江戸前期","19010802","","京都府","京都府京都市左京区下鴨泉川町","","賀茂御祖神社","","35.03890589000000","135.77291615000000","102-shrine"
"102","1655","賀茂御祖神社","四脚中門","国宝・重要文化財（建造物）","重要文化財","近世以前／神社","","江戸前期","19010802","","京都府","京都府京都市左京区下鴨泉川町","","賀茂御祖神社","","35.03890589000000","135.77299677000000","102-shrine"
"102","1677","賀茂御祖神社","摂社三井神社東西廊下（東廊下）","国宝・重要文化財（建造物）","重要文化財","近世以前／神社","","江戸前期","19670615","","京都府","京都府京都市左京区下鴨泉川町","","賀茂御祖神社","","35.03891219000000","135.77265431000000","102-shrine"
"102","1678","賀茂御祖神社","摂社三井神社東西廊下（西廊下）","国宝・重要文化財（建造物）","重要文化財","近世以前／神社","","江戸前期","19670615","","京都府","京都府京都市左京区下鴨泉川町","","賀茂御祖神社","","35.03892409000000","135.77246395000000","102-shrine"
"102","1660","賀茂御祖神社","預り屋","国宝・重要文化財（建造物）","重要文化財","近世以前／神社","","江戸前期","19010802","","京都府","京都府京都市左京区下鴨泉川町","","賀茂御祖神社","","35.03893026000000","135.77274554000000","102-shrine"
"102","1676","賀茂御祖神社","摂社三井神社棟門","国宝・重要文化財（建造物）","重要文化財","近世以前／神社","","江戸前期","19670615","","京都府","京都府京都市左京区下鴨泉川町","","賀茂御祖神社","","35.03893361000000","135.77258530000000","102-shrine"
"102","1661","賀茂御祖神社","西唐門","国宝・重要文化財（建造物）","重要文化財","近世以前／神社","","江戸前期","19010802","","京都府","京都府京都市左京区下鴨泉川町","","賀茂御祖神社","","35.03899026000000","135.77269492000000","102-shrine"
"102","1675","賀茂御祖神社","摂社三井神社拝殿","国宝・重要文化財（建造物）","重要文化財","近世以前／神社","","江戸前期","19670615","","京都府","京都府京都市左京区下鴨泉川町","","賀茂御祖神社","","35.03900975000000","135.77258768000000","102-shrine"
"102","1650","賀茂御祖神社","東西廊（東廊）","国宝・重要文化財（建造物）","重要文化財","近世以前／神社","","江戸前期","19010802","","京都府","京都府京都市左京区下鴨泉川町","","賀茂御祖神社","","35.03901088000000","135.77313551000000","102-shrine"
"102","1651","賀茂御祖神社","東西廊（西廊）","国宝・重要文化財（建造物）","重要文化財","近世以前／神社","","江戸前期","19010802","","京都府","京都府京都市左京区下鴨泉川町","","賀茂御祖神社","","35.03903151000000","135.77283554000000","102-shrine"
"102","1652","賀茂御祖神社","東西御料屋（東）","国宝・重要文化財（建造物）","重要文化財","近世以前／神社","","江戸前期","19010802","","京都府","京都府京都市左京区下鴨泉川町","","賀茂御祖神社","","35.03903713000000","135.77320676000000","102-shrine"
"102","1649","賀茂御祖神社","幣殿","国宝・重要文化財（建造物）","重要文化財","近世以前／神社","","江戸前期","19010802","","京都府","京都府京都市左京区下鴨泉川町","","賀茂御祖神社","","35.03903901000000","135.77300240000000","102-shrine"
"102","1653","賀茂御祖神社","東西御料屋（西）","国宝・重要文化財（建造物）","重要文化財","近世以前／神社","","江戸前期","19010802","","京都府","京都府京都市左京区下鴨泉川町","","賀茂御祖神社","","35.03906151000000","135.77273242000000","102-shrine"
"102","1648","賀茂御祖神社","祝詞舎","国宝・重要文化財（建造物）","重要文化財","近世以前／神社","","江戸前期","19010802","","京都府","京都府京都市左京区下鴨泉川町","","賀茂御祖神社","","35.03909900000000","135.77300990000000","102-shrine"
"102","1667","賀茂御祖神社","大炊所","国宝・重要文化財（建造物）","重要文化財","近世以前／神社","","江戸前期","19030415","","京都府","京都府京都市左京区下鴨泉川町","","賀茂御祖神社","","35.03911445000000","135.77223790000000","102-shrine"
"102","1674","賀茂御祖神社","摂社三井神社本殿（３）","国宝・重要文化財（建造物）","重要文化財","近世以前／神社","","江戸前期","19670615","","京都府","京都府京都市左京区下鴨泉川町","","賀茂御祖神社","","35.03911683000000","135.77265669000000","102-shrine"
"102","1673","賀茂御祖神社","摂社三井神社本殿（２）","国宝・重要文化財（建造物）","重要文化財","近世以前／神社","","江戸前期","19670615","","京都府","京都府京都市左京区下鴨泉川町","","賀茂御祖神社","","35.03912159000000","135.77259958000000","102-shrine"
"102","1672","賀茂御祖神社","摂社三井神社本殿（１）","国宝・重要文化財（建造物）","重要文化財","近世以前／神社","","江戸前期","19670615","","京都府","京都府京都市左京区下鴨泉川町","","賀茂御祖神社","","35.03912396000000","135.77254247000000","102-shrine"
"102","1654","賀茂御祖神社","叉蔵","国宝・重要文化財（建造物）","重要文化財","近世以前／神社","","江戸前期","19670615","","京都府","京都府京都市左京区下鴨泉川町","","賀茂御祖神社","","35.03922274000000","135.77278491000000","102-shrine"
"102","1551","賀茂別雷神社","権殿","国宝・重要文化財（建造物）","国宝","近世以前／神社","","江戸末期","19010802","19530331","京都府","京都府京都市北区上賀茂本山町","","賀茂別雷神社","","35.06049313000000","135.75264141000000","102-shrine"
"102","1550","賀茂別雷神社","本殿","国宝・重要文化財（建造物）","国宝","近世以前／神社","","江戸末期","19010802","19530331","京都府","京都府京都市北区上賀茂本山町","","賀茂別雷神社","","35.06051835000000","135.75272852000000","102-shrine"
"102","1585","賀茂別雷神社","北神饌所（庁屋）","国宝・重要文化財（建造物）","重要文化財","近世以前／神社","","江戸前期","19030415","","京都府","京都府京都市北区上賀茂本山町","","賀茂別雷神社","","35.05902601000000","135.75340248000000","102-shrine"
"102","1584","賀茂別雷神社","外幣殿","国宝・重要文化財（建造物）","重要文化財","近世以前／神社","","江戸前期","19030415","","京都府","京都府京都市北区上賀茂本山町","","賀茂別雷神社","","35.05912000000000","135.75271706000000","102-shrine"
"102","1583","賀茂別雷神社","楽屋","国宝・重要文化財（建造物）","重要文化財","近世以前／神社","","江戸前期","19030415","","京都府","京都府京都市北区上賀茂本山町","","賀茂別雷神社","","35.05956930000000","135.75261849000000","102-shrine"
"102","1582","賀茂別雷神社","土屋（到着殿）","国宝・重要文化財（建造物）","重要文化財","近世以前／神社","","江戸前期","19030415","","京都府","京都府京都市北区上賀茂本山町","","賀茂別雷神社","","35.05972519000000","135.75284085000000","102-shrine"
"102","1581","賀茂別雷神社","舞殿（橋殿）","国宝・重要文化財（建造物）","重要文化財","近世以前／神社","","江戸末期","19030415","","京都府","京都府京都市北区上賀茂本山町","","賀茂別雷神社","","35.05985356000000","135.75279959000000","102-shrine"
"102","1580","賀茂別雷神社","拝殿（細殿）","国宝・重要文化財（建造物）","重要文化財","近世以前／神社","","江戸前期","19030415","","京都府","京都府京都市北区上賀茂本山町","","賀茂別雷神社","","35.05986502000000","135.75262766000000","102-shrine"
"102","1578","賀茂別雷神社","摂社片岡神社本殿及び拝殿（拝殿）","国宝・重要文化財（建造物）","重要文化財","近世以前／神社","","江戸前期","19670615","","京都府","京都府京都市北区上賀茂本山町","","賀茂別雷神社","","35.06006904000000","135.75299444000000","102-shrine"
"102","1574","賀茂別雷神社","廻廊（西）","国宝・重要文化財（建造物）","重要文化財","近世以前／神社","","江戸前期","19010802","","京都府","京都府京都市北区上賀茂本山町","","賀茂別雷神社","","35.06009655000000","135.75270101000000","102-shrine"
"102","1577","賀茂別雷神社","摂社片岡神社本殿及び拝殿（本殿）","国宝・重要文化財（建造物）","重要文化財","近世以前／神社","","江戸前期","19670615","","京都府","京都府京都市北区上賀茂本山町","","賀茂別雷神社","","35.06009655000000","135.75308613000000","102-shrine"
"102","1572","賀茂別雷神社","楼門","国宝・重要文化財（建造物）","重要文化財","近世以前／神社","","江戸前期","19010802","","京都府","京都府京都市北区上賀茂本山町","","賀茂別雷神社","","35.06014927000000","135.75280646000000","102-shrine"
"102","1571","賀茂別雷神社","高倉殿","国宝・重要文化財（建造物）","重要文化財","近世以前／神社","","江戸前期","19010802","","京都府","京都府京都市北区上賀茂本山町","","賀茂別雷神社","","35.06016303000000","135.75261849000000","102-shrine"
"102","1573","賀茂別雷神社","廻廊（東）","国宝・重要文化財（建造物）","重要文化財","近世以前／神社","","江戸前期","19010802","","京都府","京都府京都市北区上賀茂本山町","","賀茂別雷神社","","35.06017449000000","135.75293713000000","102-shrine"
"102","1568","賀茂別雷神社","幣殿","国宝・重要文化財（建造物）","重要文化財","近世以前／神社","","江戸前期","19010802","","京都府","京都府京都市北区上賀茂本山町","","賀茂別雷神社","","35.06026389000000","135.75289128000000","102-shrine"
"102","1570","賀茂別雷神社","幣殿忌子殿取合廊","国宝・重要文化財（建造物）","重要文化財","近世以前／神社","","江戸前期","19010802","","京都府","京都府京都市北区上賀茂本山町","","賀茂別雷神社","","35.06026618000000","135.75295776000000","102-shrine"
"102","1566","賀茂別雷神社","直会所","国宝・重要文化財（建造物）","重要文化財","近世以前／神社","","江戸前期","19010802","","京都府","京都府京都市北区上賀茂本山町","","賀茂別雷神社","","35.06027765000000","135.75259786000000","102-shrine"
"102","1569","賀茂別雷神社","忌子殿","国宝・重要文化財（建造物）","重要文化財","近世以前／神社","","江戸前期","19010802","","京都府","京都府京都市北区上賀茂本山町","","賀茂別雷神社","","35.06030516000000","135.75301965000000","102-shrine"
"102","1561","賀茂別雷神社","四脚中門","国宝・重要文化財（建造物）","重要文化財","近世以前／神社","","江戸前期","19010802","","京都府","京都府京都市北区上賀茂本山町","","賀茂別雷神社","","35.06032579000000","135.75274915000000","102-shrine"
"102","1562","賀茂別雷神社","御籍屋","国宝・重要文化財（建造物）","重要文化財","近世以前／神社","","江戸前期","19010802","","京都府","京都府京都市北区上賀茂本山町","","賀茂別雷神社","","35.06036476000000","135.75287523000000","102-shrine"
"102","1556","賀茂別雷神社","渡廊","国宝・重要文化財（建造物）","重要文化財","近世以前／神社","","江戸前期","19010802","","京都府","京都府京都市北区上賀茂本山町","","賀茂別雷神社","","35.06037622000000","135.75268268000000","102-shrine"
"102","1567","賀茂別雷神社","楽所及び西御供所","国宝・重要文化財（建造物）","重要文化財","近世以前／神社","","江戸前期","19010802","","京都府","京都府京都市北区上賀茂本山町","","賀茂別雷神社","","35.06037851000000","135.75251992000000","102-shrine"
"102","1563","賀茂別雷神社","神宝庫","国宝・重要文化財（建造物）","重要文化財","近世以前／神社","","江戸前期","19010802","","京都府","京都府京都市北区上賀茂本山町","","賀茂別雷神社","","35.06040831000000","135.75301507000000","102-shrine"
"102","1555","賀茂別雷神社","透廊","国宝・重要文化財（建造物）","重要文化財","近世以前／神社","","江戸前期","19010802","","京都府","京都府京都市北区上賀茂本山町","","賀茂別雷神社","","35.06042207000000","135.75275832000000","102-shrine"
"102","1554","賀茂別雷神社","西渡廊","国宝・重要文化財（建造物）","重要文化財","近世以前／神社","","江戸前期","19010802","","京都府","京都府京都市北区上賀茂本山町","","賀茂別雷神社","","35.06042894000000","135.75255889000000","102-shrine"
"102","1557","賀茂別雷神社","祝詞舎","国宝・重要文化財（建造物）","重要文化財","近世以前／神社","","江戸前期","19010802","","京都府","京都府京都市北区上賀茂本山町","","賀茂別雷神社","","35.06043811000000","135.75283626000000","102-shrine"
"102","1552","賀茂別雷神社","本殿権殿取合廊","国宝・重要文化財（建造物）","重要文化財","近世以前／神社","","江戸末期","19010802","","京都府","京都府京都市北区上賀茂本山町","","賀茂別雷神社","","35.06044270000000","135.75269643000000","102-shrine"
"102","1558","賀茂別雷神社","塀中門","国宝・重要文化財（建造物）","重要文化財","近世以前／神社","","江戸前期","19010802","","京都府","京都府京都市北区上賀茂本山町","","賀茂別雷神社","","35.06046562000000","135.75281793000000","102-shrine"
"102","1564","賀茂別雷神社","唐門","国宝・重要文化財（建造物）","重要文化財","近世以前／神社","","江戸前期","19010802","","京都府","京都府京都市北区上賀茂本山町","","賀茂別雷神社","","35.06047479000000","135.75300361000000","102-shrine"
"102","1553","賀茂別雷神社","本殿東渡廊取合廊","国宝・重要文化財（建造物）","重要文化財","近世以前／神社","","江戸末期","19010802","","京都府","京都府京都市北区上賀茂本山町","","賀茂別雷神社","","35.06049542000000","135.75281334000000","102-shrine"
"102","1560","賀茂別雷神社","東渡廊","国宝・重要文化財（建造物）","重要文化財","近世以前／神社","","江戸前期","19010802","","京都府","京都府京都市北区上賀茂本山町","","賀茂別雷神社","","35.06052064000000","135.75291420000000","102-shrine"
"102","1576","賀茂別雷神社","摂社新宮神社本殿及び拝殿（拝殿）","国宝・重要文化財（建造物）","重要文化財","近世以前／神社","","江戸前期","19670615","","京都府","京都府京都市北区上賀茂本山町","","賀茂別雷神社","","35.06055273000000","135.75311364000000","102-shrine"
"102","1559","賀茂別雷神社","摂社若宮神社本殿","国宝・重要文化財（建造物）","重要文化財","近世以前／神社","","江戸前期","19670615","","京都府","京都府京都市北区上賀茂本山町","","賀茂別雷神社","","35.06055961000000","135.75284543000000","102-shrine"
"102","1565","賀茂別雷神社","東御供所","国宝・重要文化財（建造物）","重要文化財","近世以前／神社","","江戸前期","19010802","","京都府","京都府京都市北区上賀茂本山町","","賀茂別雷神社","","35.06056190000000","135.75296922000000","102-shrine"
"102","1575","賀茂別雷神社","摂社新宮神社本殿及び拝殿（本殿）","国宝・重要文化財（建造物）","重要文化財","近世以前／神社","","江戸前期","19670615","","京都府","京都府京都市北区上賀茂本山町","","賀茂別雷神社","","35.06061692000000","135.75312052000000","102-shrine"
"102","1579","賀茂別雷神社","片岡橋","国宝・重要文化財（建造物）","重要文化財","近世以前／その他","","昭和","19670615","","京都府","京都府京都市北区上賀茂本山町","","賀茂別雷神社","","35.06009655000000","135.75292567000000","102-shrine"
"102","1613","北野天満宮","本殿、石の間、拝殿及び楽の間","国宝・重要文化財（建造物）","国宝","近世以前／神社","","桃山","18971228","19590627","京都府","京都府京都市上京区馬喰町","","北野天満宮","","35.03124846000000","135.73509705000000","102-shrine"
"102","1614","北野天満宮","中門","国宝・重要文化財（建造物）","重要文化財","近世以前／神社","","桃山","18981228","","京都府","京都府京都市上京区馬喰町","","北野天満宮","","35.03091294000000","135.73509459000000","102-shrine"
"102","1615","北野天満宮","廻廊（左）","国宝・重要文化財（建造物）","重要文化財","近世以前／神社","","桃山","18981228","","京都府","京都府京都市上京区馬喰町","","北野天満宮","","35.03103849000000","135.73525953000000","102-shrine"
"102","1616","北野天満宮","廻廊（右）","国宝・重要文化財（建造物）","重要文化財","近世以前／神社","","桃山","18981228","","京都府","京都府京都市上京区馬喰町","","北野天満宮","","35.03104834000000","135.73494442000000","102-shrine"
"102","1620","北野天満宮","東門","国宝・重要文化財（建造物）","重要文化財","近世以前／神社","","桃山","19040218","","京都府","京都府京都市上京区馬喰町","","北野天満宮","","35.03133145000000","135.73580607000000","102-shrine"
"102","1619","北野天満宮","透塀（右）","国宝・重要文化財（建造物）","重要文化財","近世以前／神社","","桃山","18981228","","京都府","京都府京都市上京区馬喰町","","北野天満宮","","35.03137972000000","135.73490000000000","102-shrine"
"102","1618","北野天満宮","透塀（左）","国宝・重要文化財（建造物）","重要文化財","近世以前／神社","","桃山","18981228","","京都府","京都府京都市上京区馬喰町","","北野天満宮","","35.03137972000000","135.73519972000000","102-shrine"
"102","1617","北野天満宮","後門","国宝・重要文化財（建造物）","重要文化財","近世以前／神社","","桃山","18981228","","京都府","京都府京都市上京区馬喰町","","北野天満宮","","35.03144962000000","135.73509213000000","102-shrine"
"102","1740","清水寺","鎮守堂（春日社）","国宝・重要文化財（建造物）","重要文化財","近世以前／神社","","江戸前期","19660611","","京都府","京都府京都市東山区清水一丁目","","清水寺","","34.99543337000000","135.78418836000000","102-shrine"
"102","1744","清水寺","子安塔","国宝・重要文化財（建造物）","重要文化財","近世以前／寺院","","江戸前期","19660611","","京都府","京都府京都市東山区清水一丁目","","清水寺","","34.99292383000000","135.78495708000000","102-shrine"
"102","1743","清水寺","奥院","国宝・重要文化財（建造物）","重要文化財","近世以前／寺院","","江戸前期","19660611","","京都府","京都府京都市東山区清水一丁目","","清水寺","","34.99458705000000","135.78555208000000","102-shrine"
"102","1742","清水寺","阿弥陀堂","国宝・重要文化財（建造物）","重要文化財","近世以前／寺院","","江戸前期","19660611","","京都府","京都府京都市東山区清水一丁目","","清水寺","","34.99475727000000","135.78559659000000","102-shrine"
"102","1738","清水寺","轟門","国宝・重要文化財（建造物）","重要文化財","近世以前／寺院","","江戸前期","19660611","","京都府","京都府京都市東山区清水一丁目","","清水寺","","34.99478311000000","135.78446248000000","102-shrine"
"102","1737","清水寺","朝倉堂","国宝・重要文化財（建造物）","重要文化財","近世以前／寺院","","江戸前期","19660611","","京都府","京都府京都市東山区清水一丁目","","清水寺","","34.99490757000000","135.78458469000000","102-shrine"
"102","1741","清水寺","釈迦堂","国宝・重要文化財（建造物）","重要文化財","近世以前／寺院","","江戸前期","19660611","","京都府","京都府京都市東山区清水一丁目","","清水寺","","34.99492607000000","135.78563832000000","102-shrine"
"102","1736","清水寺","田村堂","国宝・重要文化財（建造物）","重要文化財","近世以前／寺院","","江戸前期","19660611","","京都府","京都府京都市東山区清水一丁目","","清水寺","","34.99495833000000","135.78432902000000","102-shrine"
"102","1735","清水寺","経堂","国宝・重要文化財（建造物）","重要文化財","近世以前／寺院","","江戸前期","19660611","","京都府","京都府京都市東山区清水一丁目","","清水寺","","34.99504044000000","135.78407233000000","102-shrine"
"102","1734","清水寺","三重塔","国宝・重要文化財（建造物）","重要文化財","近世以前／寺院","","江戸前期","19660611","","京都府","京都府京都市東山区清水一丁目","","清水寺","","34.99505928000000","135.78384236000000","102-shrine"
"102","1733","清水寺","西門","国宝・重要文化財（建造物）","重要文化財","近世以前／寺院","","江戸前期","19080423","","京都府","京都府京都市東山区清水一丁目","","清水寺","","34.99512169000000","135.78363112000000","102-shrine"
"102","1739","清水寺","本坊北総門","国宝・重要文化財（建造物）","重要文化財","近世以前／寺院","","江戸前期","19660611","","京都府","京都府京都市東山区清水一丁目","","清水寺","","34.99520503000000","135.78432555000000","102-shrine"
"102","1732","清水寺","鐘楼","国宝・重要文化財（建造物）","重要文化財","近世以前／寺院","","桃山","19080423","","京都府","京都府京都市東山区清水一丁目","","清水寺","","34.99534511000000","135.78361555000000","102-shrine"
"102","1730","清水寺","仁王門","国宝・重要文化財（建造物）","重要文化財","近世以前／寺院","","室町後期","19660611","","京都府","京都府京都市東山区清水一丁目","","清水寺","","34.99543375000000","135.78333826000000","102-shrine"
"102","1731","清水寺","馬駐","国宝・重要文化財（建造物）","重要文化財","近世以前／寺院","","室町後期","19520329","","京都府","京都府京都市東山区清水一丁目","","清水寺","","34.99563644000000","135.78319524000000","102-shrine"
"102","1986","久世神社本殿","","国宝・重要文化財（建造物）","重要文化財","近世以前／神社","","室町前期","19060414","","京都府","京都府城陽市久世芝ヶ原","","久世神社","","34.85971380000000","135.78015863000000","102-shrine"
"102","2059","九手神社本殿","","国宝・重要文化財（建造物）","重要文化財","近世以前／神社","","室町後期","19210430","","京都府","京都府船井郡京丹波町豊田","","九手神社","","35.17802496000000","135.39737993000000","102-shrine"
"102","1785","高台寺霊屋","","国宝・重要文化財（建造物）","重要文化財","近世以前／神社","","桃山","19000407","","京都府","京都府京都市東山区下河原通八坂鳥居前下る下河原町","","高台寺","","35.00092971000000","135.78215396000000","102-shrine"
"102","1923","御香宮神社表門","","国宝・重要文化財（建造物）","重要文化財","近世以前／神社","","江戸前期","19060414","","京都府","京都府京都市伏見区御香宮門前町","","御香宮神社","","34.93406244000000","135.76746087000000","102-shrine"
"102","1924","御香宮神社本殿","","国宝・重要文化財（建造物）","重要文化財","近世以前／神社","","桃山","19850518","","京都府","京都府京都市伏見区御香宮門前町","","御香宮神社","","34.93475380000000","135.76749482000000","102-shrine"
"102","1950","許波多神社本殿","","国宝・重要文化財（建造物）","重要文化財","近世以前／神社","","室町後期","19060414","","京都府","京都府宇治市五ヶ庄古川","","許波多神社","","34.91708588000000","135.79400065000000","102-shrine"
"102","2038","御靈神社本殿","","国宝・重要文化財（建造物）","重要文化財","近世以前／神社","","室町前期","19210430","","京都府","京都府木津川市加茂町大字兎並","","御靈神社","","34.74120962000000","135.82633279000000","102-shrine"
"102","2016","佐牙神社本殿","（１）","国宝・重要文化財（建造物）","重要文化財","近世以前／神社","","桃山","19230328","","京都府","京都府京田辺市宮津","","佐牙神社","","34.82130989000000","135.76065491000000","102-shrine"
"102","2017","佐牙神社本殿","（２）","国宝・重要文化財（建造物）","重要文化財","近世以前／神社","","桃山","19230328","","京都府","京都府京田辺市宮津","","佐牙神社","","34.82130989000000","135.76065491000000","102-shrine"
"102","2028","相樂神社本殿","","国宝・重要文化財（建造物）","重要文化財","近世以前／神社","","室町前期","19110417","","京都府","京都府木津川市木津町大字相楽","","相樂神社","","34.73663221000000","135.80008490000000","102-shrine"
"102","2023","雙栗神社本殿","","国宝・重要文化財（建造物）","重要文化財","近世以前／神社","","室町後期","19070828","","京都府","京都府久世郡久御山町大字佐山","","雙栗神社","","34.87626604000000","135.75756262000000","102-shrine"
"102","1810","地主神社","拝殿","国宝・重要文化財（建造物）","重要文化財","近世以前／神社","","江戸前期","19660611","","京都府","京都府京都市東山区清水一丁目","","地主神社","","34.99506990000000","135.78499527000000","102-shrine"
"102","1811","地主神社","総門","国宝・重要文化財（建造物）","重要文化財","近世以前／神社","","江戸前期","19660611","","京都府","京都府京都市東山区清水一丁目","","地主神社","","34.99509805000000","135.78482034000000","102-shrine"
"102","1809","地主神社","本殿","国宝・重要文化財（建造物）","重要文化財","近世以前／神社","","江戸前期","19660611","","京都府","京都府京都市東山区清水一丁目","","地主神社","","34.99521467000000","135.78496913000000","102-shrine"
"102","1935","島田神社本殿","","国宝・重要文化財（建造物）","重要文化財","近世以前／神社","","室町後期","19870603","","京都府","京都府福知山市字畑中","","島田神社","","35.28159729000000","135.04682841000000","102-shrine"
"102","1975","十八神社本殿","","国宝・重要文化財（建造物）","重要文化財","近世以前／神社","","室町後期","19230328","","京都府","京都府宇治市菟道奥ノ池","","十八神社","","34.90073055000000","135.81909485000000","102-shrine"
"102","1901","醍醐寺清滝宮拝殿","","国宝・重要文化財（建造物）","国宝","近世以前／神社","","室町中期","19010327","19540320","京都府","京都府京都市伏見区醍醐醍醐山","","醍醐寺","","34.94546350000000","135.83795153000000","102-shrine"
"102","1904","醍醐寺清滝宮本殿","","国宝・重要文化財（建造物）","重要文化財","近世以前／神社","","室町後期","19540917","","京都府","京都府京都市伏見区醍醐伽藍町","","醍醐寺","","34.95072655000000","135.82091091000000","102-shrine"
"102","2021","自玉手祭来酒解神社神輿庫","","国宝・重要文化財（建造物）","重要文化財","近世以前／神社","","鎌倉後期","19210430","","京都府","京都府乙訓郡大山崎町字大山崎","","自玉手祭来酒解神社","","34.90157157000000","135.67891257000000","102-shrine"
"102","2046","天満宮本殿","","国宝・重要文化財（建造物）","重要文化財","近世以前／神社","","室町前期","19410703","","京都府","京都府相楽郡和束町大字園","","天満宮","","34.80623773000000","135.91305910000000","102-shrine"
"102","1643","東照宮","本殿・石の間・拝殿","国宝・重要文化財（建造物）","重要文化財","近世以前／神社","","江戸前期","19560628","","京都府","京都府京都市左京区南禅寺福地町","","金地院","","35.00977872000000","135.79018593000000","102-shrine"
"102","1863","仁和寺","九所明神本殿　（左殿）","国宝・重要文化財（建造物）","重要文化財","近世以前／神社","","江戸前期","19730602","","京都府","京都府京都市右京区御室大内","","仁和寺","","35.03065720000000","135.71492522000000","102-shrine"
"102","1864","仁和寺","九所明神本殿　（右殿）","国宝・重要文化財（建造物）","重要文化財","近世以前／神社","","江戸前期","19730602","","京都府","京都府京都市右京区御室大内","","仁和寺","","35.03066106000000","135.71476408000000","102-shrine"
"102","1862","仁和寺","九所明神本殿 （中殿）","国宝・重要文化財（建造物）","重要文化財","近世以前／神社","","江戸前期","19730602","","京都府","京都府京都市右京区御室大内","","仁和寺","","35.03066230000000","135.71484459000000","102-shrine"
"102","1857","仁和寺","二王門","国宝・重要文化財（建造物）","重要文化財","近世以前／寺院","","江戸前期","19310119","","京都府","京都府京都市右京区御室大内","","仁和寺","","35.02821869000000","135.71378344000000","102-shrine"
"102","1865","仁和寺","本坊表門","国宝・重要文化財（建造物）","重要文化財","近世以前／寺院","","桃山","19730602","","京都府","京都府京都市右京区御室大内","","仁和寺","","35.02840580000000","135.71357044000000","102-shrine"
"102","1854","仁和寺","五重塔","国宝・重要文化財（建造物）","重要文化財","近世以前／寺院","","江戸前期","19000407","","京都府","京都府京都市右京区御室大内","","仁和寺","","35.03023544000000","135.71439991000000","102-shrine"
"102","1855","仁和寺","観音堂","国宝・重要文化財（建造物）","重要文化財","近世以前／寺院","","江戸前期","19730602","","京都府","京都府京都市右京区御室大内","","仁和寺","","35.03029919000000","135.71329062000000","102-shrine"
"102","1856","仁和寺","中門","国宝・重要文化財（建造物）","重要文化財","近世以前／寺院","","江戸前期","19730602","","京都府","京都府京都市右京区御室大内","","仁和寺","","35.03075642000000","135.71381268000000","102-shrine"
"102","1861","仁和寺","御影堂中門","国宝・重要文化財（建造物）","重要文化財","近世以前／寺院","","江戸前期","19730602","","京都府","京都府京都市右京区御室大内","","仁和寺","","35.03088506000000","135.71286541000000","102-shrine"
"102","1858","仁和寺","鐘楼","国宝・重要文化財（建造物）","重要文化財","近世以前／寺院","","江戸前期","19730602","","京都府","京都府京都市右京区御室大内","","仁和寺","","35.03094882000000","135.71323101000000","102-shrine"
"102","1859","仁和寺","経蔵","国宝・重要文化財（建造物）","重要文化財","近世以前／寺院","","江戸前期","19730602","","京都府","京都府京都市右京区御室大内","","仁和寺","","35.03097862000000","135.71448512000000","102-shrine"
"102","1860","仁和寺","御影堂","国宝・重要文化財（建造物）","重要文化財","近世以前／寺院","","江戸前期","19080801","","京都府","京都府京都市右京区御室大内","","仁和寺","","35.03120660000000","135.71286207000000","102-shrine"
"102","1867","仁和寺","飛濤亭","国宝・重要文化財（建造物）","重要文化財","近世以前／住宅","","江戸末期","19370729","","京都府","京都府京都市右京区御室大内","","仁和寺","","35.02934472000000","135.71351447000000","102-shrine"
"102","1866","仁和寺","遼廓亭","国宝・重要文化財（建造物）","重要文化財","近世以前／住宅","","江戸中期","19370729","","京都府","京都府京都市右京区御室大内","","仁和寺","","35.02949369000000","135.71275182000000","102-shrine"
"102","1951","白山神社拝殿","","国宝・重要文化財（建造物）","重要文化財","近世以前／神社","","鎌倉後期","19100829","","京都府","京都府宇治市白川娑婆山","","白山神社","","34.87714578000000","135.81287259000000","102-shrine"
"102","2040","白山神社本殿","","国宝・重要文化財（建造物）","重要文化財","近世以前／神社","","室町中期","19530331","","京都府","京都府木津川市加茂町大字岩船","","白山神社","","34.72054563000000","135.88547529000000","102-shrine"
"102","2015","白山神社本殿","","国宝・重要文化財（建造物）","重要文化財","近世以前／神社","","室町後期","19230328","","京都府","京都府京田辺市宮津","","白山神社","","34.82130989000000","135.76065491000000","102-shrine"
"102","1597","平野神社本殿","（第三・四殿）","国宝・重要文化財（建造物）","重要文化財","近世以前／神社","","江戸前期","19220413","","京都府","京都府京都市北区平野宮本町","","平野神社","","35.03257125000000","135.73198575000000","102-shrine"
"102","1596","平野神社本殿","（第一・二殿）","国宝・重要文化財（建造物）","重要文化財","近世以前／神社","","江戸前期","19220413","","京都府","京都府京都市北区平野宮本町","","平野神社","","35.03267045000000","135.73198929000000","102-shrine"
"102","1899","福王子神社","鳥居","国宝・重要文化財（建造物）","重要文化財","近世以前／神社","","江戸前期","19730602","","京都府","京都府京都市右京区宇多野福王子町","","福王子神社","","35.02885182000000","135.70907704000000","102-shrine"
"102","1898","福王子神社","拝殿","国宝・重要文化財（建造物）","重要文化財","近世以前／神社","","江戸前期","19730602","","京都府","京都府京都市右京区宇多野福王子町","","福王子神社","","35.02895388000000","135.70910180000000","102-shrine"
"102","1897","福王子神社","本殿","国宝・重要文化財（建造物）","重要文化財","近世以前／神社","","江戸前期","19730602","","京都府","京都府京都市右京区宇多野福王子町","","福王子神社","","35.02907430000000","135.70912591000000","102-shrine"
"102","1921","藤森神社境内社大将軍社社殿","","国宝・重要文化財（建造物）","重要文化財","近世以前／神社","","室町後期","19060414","","京都府","京都府京都市伏見区深草鳥居崎町","","藤森神社","","34.95151438000000","135.77147143000000","102-shrine"
"102","1922","藤森神社境内社八幡宮本殿","","国宝・重要文化財（建造物）","重要文化財","近世以前／神社","","室町後期","19060414","","京都府","京都府京都市伏見区深草鳥居崎町","","藤森神社","","34.95152531000000","135.77160263000000","102-shrine"
"102","00004718","伏見稲荷大社","南北廻廊（南廻廊）","国宝・重要文化財（建造物）","重要文化財","近世以前／神社","","江戸中期","20140127","","京都府","京都府京都市伏見区深草薮ノ内町","","伏見稲荷大社","","34.96702449000000","135.77266268000000","102-shrine"
"102","00004717","伏見稲荷大社","楼門","国宝・重要文化財（建造物）","重要文化財","近世以前／神社","","桃山","20140127","","京都府","京都府京都市伏見区深草薮ノ内町","","伏見稲荷大社","","34.96712918000000","135.77265078000000","102-shrine"
"102","00004716","伏見稲荷大社","外拝殿","国宝・重要文化財（建造物）","重要文化財","近世以前／神社","","江戸末期","20140127","","京都府","京都府京都市伏見区深草薮ノ内町","","伏見稲荷大社","","34.96714346000000","135.77287445000000","102-shrine"
"102","1925","伏見稲荷大社","本殿","国宝・重要文化財（建造物）","重要文化財","近世以前／神社","","室町後期","19090405","","京都府","京都府京都市伏見区深草薮ノ内町","","伏見稲荷大社","","34.96718359000000","135.77336096000000","102-shrine"
"102","00004724","伏見稲荷大社","南北廻廊（北廻廊）","国宝・重要文化財（建造物）","重要文化財","近世以前／神社","","江戸中期","20140117","","京都府","京都府京都市伏見区深草薮ノ内町","","伏見稲荷大社","","34.96722853000000","135.77263889000000","102-shrine"
"102","00004719","伏見稲荷大社","奥宮","国宝・重要文化財（建造物）","重要文化財","近世以前／神社","","桃山","20140127","","京都府","京都府京都市伏見区深草薮ノ内町","","伏見稲荷大社","","34.96729099000000","135.77404991000000","102-shrine"
"102","00004715","伏見稲荷大社","権殿","国宝・重要文化財（建造物）","重要文化財","近世以前／神社","","江戸前期","20140127","","京都府","京都府京都市伏見区深草薮ノ内町","","伏見稲荷大社","","34.96733382000000","135.77348835000000","102-shrine"
"102","00004720","伏見稲荷大社","白狐社","国宝・重要文化財（建造物）","重要文化財","近世以前／神社","","平安前期","20140127","","京都府","京都府京都市伏見区深草薮ノ内町","","伏見稲荷大社","","34.96738379000000","135.77405466000000","102-shrine"
"102","1746","豊国神社唐門","","国宝・重要文化財（建造物）","国宝","近世以前／神社","","桃山","18971228","19530331","京都府","京都府京都市東山区大和大路通正面東入","","豊国神社","","34.99160790000000","135.77205112000000","102-shrine"
"102","2024","松尾神社本殿","","国宝・重要文化財（建造物）","重要文化財","近世以前／神社","","室町後期","19130414","","京都府","京都府木津川市山城町椿井","","松尾神社","","34.75972910000000","135.82049160000000","102-shrine"
"102","1931","松尾大社本殿","","国宝・重要文化財（建造物）","重要文化財","近世以前／神社","","室町後期","19070828","","京都府","京都府京都市西京区嵐山宮町","","松尾大社","","34.99983262000000","135.68522722000000","102-shrine"
"102","1987","水度神社本殿","","国宝・重要文化財（建造物）","重要文化財","近世以前／神社","","室町中期","19060414","","京都府","京都府城陽市寺田水度坂","","水度神社","","34.85482819000000","135.78959740000000","102-shrine"
"102","1989","向日神社本殿","","国宝・重要文化財（建造物）","重要文化財","近世以前／神社","","室町中期","19020731","","京都府","京都府向日市向日町北山","","向日神社","","34.94414801000000","135.69704617000000","102-shrine"
"102","00005333","八坂神社","大政所社本殿","国宝・重要文化財（建造物）","重要文化財","近世以前／神社","","明治","20201223","","京都府","京都府京都市下京区烏丸通仏光寺下る大政所町","","宗教法人八坂神社","","35.00106389000000","135.75987778000000","102-shrine"
"102","00005349","八坂神社","石鳥居","国宝・重要文化財（建造物）","重要文化財","近世以前／神社","","江戸前期","19110417","","京都府","京都府京都市東山区祇園町北側","","宗教法人八坂神社","","35.00275278000000","135.77847222000000","102-shrine"
"102","00005341","八坂神社","神輿庫","国宝・重要文化財（建造物）","重要文化財","近世以前／神社","","昭和","20201223","","京都府","京都府京都市東山区祇園町北側","","宗教法人八坂神社","","35.00308889000000","135.77825833000000","102-shrine"
"102","00005347","八坂神社","南楼門","国宝・重要文化財（建造物）","重要文化財","近世以前／神社","","明治","20201223","","京都府","京都府京都市東山区祇園町北側","","宗教法人八坂神社","","35.00309444000000","135.77850278000000","102-shrine"
"102","00005344","八坂神社","南手水舎","国宝・重要文化財（建造物）","重要文化財","近世以前／神社","","明治","20201223","","京都府","京都府京都市東山区祇園町北側","","宗教法人八坂神社","","35.00319722000000","135.77841389000000","102-shrine"
"102","00005326","八坂神社","玉光稲荷社本殿","国宝・重要文化財（建造物）","重要文化財","近世以前／神社","","","20201223","","京都府","京都府京都市東山区祇園町北側","","宗教法人八坂神社","","35.00326389000000","135.77905556000000","102-shrine"
"102","00005350","八坂神社","蛭子社本殿","国宝・重要文化財（建造物）","重要文化財","近世以前／神社","","江戸前期","19110417","","京都府","京都府京都市東山区祇園町北側","","宗教法人八坂神社","","35.00332778000000","135.77794722000000","102-shrine"
"102","00005337","八坂神社","舞殿","国宝・重要文化財（建造物）","重要文化財","近世以前／神社","","明治","20201223","","京都府","京都府京都市東山区祇園町北側","","宗教法人八坂神社","","35.00338333000000","135.77853889000000","102-shrine"
"102","00005325","八坂神社","大国主社本殿","国宝・重要文化財（建造物）","重要文化財","近世以前／神社","","明治","20201223","","京都府","京都府京都市東山区祇園町北側","","宗教法人八坂神社","","35.00353611000000","135.77814167000000","102-shrine"
"102","00005323","八坂神社","悪王子社本殿","国宝・重要文化財（建造物）","重要文化財","近世以前／神社","","明治","20201223","","京都府","京都府京都市東山区祇園町北側","","宗教法人八坂神社","","35.00353611000000","135.77902222000000","102-shrine"
"102","00005331","八坂神社","冠者殿社本殿","国宝・重要文化財（建造物）","重要文化財","近世以前／神社","","明治","20201223","","京都府","京都府京都市下京区寺町通四条下る貞安前之町","","宗教法人八坂神社","","35.00355556000000","135.76708889000000","102-shrine"
"102","00005332","八坂神社","四条旅所本殿(西殿)","国宝・重要文化財（建造物）","重要文化財","近世以前／神社","","明治","20201223","","京都府","京都府京都市下京区寺町通四条下る貞安前之町","","宗教法人八坂神社","","35.00355556000000","135.76711944000000","102-shrine"
"102","00005335","八坂神社","四条旅所本殿(東殿)","国宝・重要文化財（建造物）","重要文化財","近世以前／神社","","江戸末期","20201223","","京都府","京都府京都市下京区寺町通四条下る貞安前之町","","宗教法人八坂神社","","35.00356667000000","135.76737222000000","102-shrine"
"102","00005328","八坂神社","太田社本殿","国宝・重要文化財（建造物）","重要文化財","近世以前／神社","","大正","20201223","","京都府","京都府京都市東山区祇園町北側","","宗教法人八坂神社","","35.00357500000000","135.77795833000000","102-shrine"
"102","00005346","八坂神社","西楼門翼廊(南翼廊)","国宝・重要文化財（建造物）","重要文化財","近世以前／神社","","大正","20201223","","京都府","京都府京都市東山区祇園町北側","","宗教法人八坂神社","","35.00362778000000","135.77750000000000","102-shrine"
"102","00005334","八坂神社","大年社本殿","国宝・重要文化財（建造物）","重要文化財","近世以前／神社","","江戸前期","20201223","","京都府","京都府京都市東山区祇園町北側","","宗教法人八坂神社","","35.00365000000000","135.77823889000000","102-shrine"
"102","00005339","八坂神社","透塀","国宝・重要文化財（建造物）","重要文化財","近世以前／神社","","明治","20201223","","京都府","京都府京都市東山区祇園町北側","","宗教法人八坂神社","","35.00367500000000","135.77887500000000","102-shrine"
"102","00005338","八坂神社","神饌所","国宝・重要文化財（建造物）","重要文化財","近世以前／神社","","明治","20201223","","京都府","京都府京都市東山区祇園町北側","","宗教法人八坂神社","","35.00368333000000","135.77878889000000","102-shrine"
"102","00005322","八坂神社","疫神社本殿","国宝・重要文化財（建造物）","重要文化財","近世以前／神社","","","20201223","","京都府","京都府京都市東山区祇園町北側","","宗教法人八坂神社","","35.00370000000000","135.77793611000000","102-shrine"
"102","00005348","八坂神社","西楼門","国宝・重要文化財（建造物）","重要文化財","近世以前／神社","","室町後期","19110417","","京都府","京都府京都市東山区祇園町北側","","宗教法人八坂神社","","35.00372222000000","135.77752222000000","102-shrine"
"102","00005329","八坂神社","十社本殿","国宝・重要文化財（建造物）","重要文化財","近世以前／神社","","明治","20201223","","京都府","京都府京都市東山区祇園町北側","","宗教法人八坂神社","","35.00372500000000","135.77821389000000","102-shrine"
"102","00005343","八坂神社","西手水舎","国宝・重要文化財（建造物）","重要文化財","近世以前／神社","","昭和","20201223","","京都府","京都府京都市東山区祇園町北側","","宗教法人八坂神社","","35.00381111000000","135.77765556000000","102-shrine"
"102","00005345","八坂神社","西楼門翼廊(北翼廊)","国宝・重要文化財（建造物）","重要文化財","近世以前／神社","","大正","20201223","","京都府","京都府京都市東山区祇園町北側","","宗教法人八坂神社","","35.00381667000000","135.77752778000000","102-shrine"
"102","00005340","八坂神社","神馬舎","国宝・重要文化財（建造物）","重要文化財","近世以前／神社","","昭和","20201223","","京都府","京都府京都市東山区祇園町北側","","宗教法人八坂神社","","35.00387778000000","135.77838333000000","102-shrine"
"102","00005342","八坂神社","絵馬堂","国宝・重要文化財（建造物）","重要文化財","近世以前／神社","","江戸中期","20201223","","京都府","京都府京都市東山区祇園町北側","","宗教法人八坂神社","","35.00402222000000","135.77790000000000","102-shrine"
"102","00005330","八坂神社","五社本殿","国宝・重要文化財（建造物）","重要文化財","近世以前／神社","","昭和","20201223","","京都府","京都府京都市東山区祇園町北側","","宗教法人八坂神社","","35.00402222000000","135.77873333000000","102-shrine"
"102","00005324","八坂神社","美御前社本殿","国宝・重要文化財（建造物）","重要文化財","近世以前／神社","","","20201223","","京都府","京都府京都市東山区祇園町北側","","宗教法人八坂神社","","35.00403694000000","135.77377083000000","102-shrine"
"102","00005327","八坂神社","日吉社本殿","国宝・重要文化財（建造物）","重要文化財","近世以前／神社","","","20201223","","京都府","京都府京都市東山区祇園町北側","","宗教法人八坂神社","","35.00405833000000","135.77896389000000","102-shrine"
"102","00005336","八坂神社","又旅社本殿","国宝・重要文化財（建造物）","重要文化財","近世以前／神社","","江戸中期","20201223","","京都府","京都府京都市中京区三条通猪熊西入御供町","","宗教法人八坂神社","","35.00863889000000","135.74956944000000","102-shrine"
"102","1791","八坂神社本殿","","国宝・重要文化財（建造物）","国宝","近世以前／神社","","江戸前期","19110417","20201223","京都府","京都府京都市東山区祇園町北側","","宗教法人八坂神社","","35.00366615000000","135.77854333000000","102-shrine"
"102","1683","由岐神社拝殿","","国宝・重要文化財（建造物）","重要文化財","近世以前／神社","","桃山","19070828","","京都府","京都府京都市左京区鞍馬本町","","由岐神社","","35.11593935000000","135.77171446000000","102-shrine"
"102","1679","吉田神社斎場所太元宮","","国宝・重要文化財（建造物）","重要文化財","近世以前／神社","","桃山","19020731","","京都府","京都府京都市左京区吉田神楽岡町","","吉田神社","","35.02383859000000","135.78486718000000","102-shrine"
"102","1928","与杼神社拝殿","","国宝・重要文化財（建造物）","重要文化財","近世以前／神社","","桃山","19710622","","京都府","京都府京都市伏見区淀本町","","与杼神社","","34.90535670000000","135.71784443000000","102-shrine"
"102","00004845","龍光院黒田家霊屋","","国宝・重要文化財（建造物）","重要文化財","近世以前／神社","","桃山","20160209","","京都府","京都府京都市北区紫野大徳寺町","","龍光院","","35.04166800000000","135.74315500000000","102-shrine"
"102","2931","樗谿神社","拝殿及び幣殿","国宝・重要文化財（建造物）","重要文化財","近世以前／神社","","江戸前期","19520719","","鳥取県","鳥取県鳥取市上町","","鳥取東照宮","","35.50098810000000","134.24604287000000","102-shrine"
"102","2930","樗谿神社","唐門","国宝・重要文化財（建造物）","重要文化財","近世以前／神社","","江戸前期","19520719","","鳥取県","鳥取県鳥取市上町","","鳥取東照宮","","35.50110617000000","134.24607452000000","102-shrine"
"102","2929","樗谿神社","本殿","国宝・重要文化財（建造物）","重要文化財","近世以前／神社","","江戸前期","19520719","","鳥取県","鳥取県鳥取市上町","","鳥取東照宮","","35.50117151000000","134.24609146000000","102-shrine"
"102","2949","大神山神社奥宮","本殿・幣殿・拝殿","国宝・重要文化財（建造物）","重要文化財","近世以前／神社","","江戸後期","19881219","","鳥取県","鳥取県西伯郡大山町大字大山","","大神山神社","","35.38864953000000","133.53876017000000","102-shrine"
"102","2950","大神山神社奥宮","末社下山神社本殿・幣殿・拝殿","国宝・重要文化財（建造物）","重要文化財","近世以前／神社","","江戸後期","19881219","","鳥取県","鳥取県西伯郡大山町大字大山","","大神山神社","","35.38906112000000","133.53889088000000","102-shrine"
"102","2940","三仏寺奥院(投入堂)","","国宝・重要文化財（建造物）","国宝","近世以前／神社","","平安後期","19040218","19520329","鳥取県","鳥取県東伯郡三朝町大字三徳","","三仏寺","","35.39652590000000","133.95942470000000","102-shrine"
"102","2941","三仏寺納経堂","","国宝・重要文化財（建造物）","重要文化財","近世以前／神社","","鎌倉後期","19040218","","鳥取県","鳥取県東伯郡三朝町大字三徳","","三仏寺","","35.39655193000000","133.95934993000000","102-shrine"
"102","00003868","出雲大社","会所","国宝・重要文化財（建造物）","重要文化財","近世以前／神社","","江戸中期","20040706","","島根県","島根県出雲市大社町大字杵築東","","出雲大社","","35.40050996000000","132.68635719000000","102-shrine"
"102","00003869","出雲大社","銅鳥居","国宝・重要文化財（建造物）","重要文化財","近世以前／神社","","江戸中期","20040706","","島根県","島根県出雲市大社町大字杵築東","","出雲大社","","35.40086500000000","132.68564599000000","102-shrine"
"102","00003866","出雲大社","末社十九社本殿（西）","国宝・重要文化財（建造物）","重要文化財","近世以前／神社","","江戸中期","20040706","","島根県","島根県出雲市大社町大字杵築東","","出雲大社","","35.40150023000000","132.68609127000000","102-shrine"
"102","00003911","出雲大社","末社十九社本殿（東）","国宝・重要文化財（建造物）","重要文化財","近世以前／神社","","江戸中期","20040706","","島根県","島根県出雲市大社町大字杵築東","","出雲大社","","35.40150389000000","132.68488819000000","102-shrine"
"102","00003861","出雲大社","西廻廊","国宝・重要文化財（建造物）","重要文化財","近世以前／神社","","江戸中期","20040706","","島根県","島根県出雲市大社町大字杵築東","","出雲大社","","35.40156365000000","132.68526175000000","102-shrine"
"102","00003860","出雲大社","観祭楼及び廻廊","国宝・重要文化財（建造物）","重要文化財","近世以前／神社","","江戸中期","20040706","","島根県","島根県出雲市大社町大字杵築東","","出雲大社","","35.40160552000000","132.68580240000000","102-shrine"
"102","00003859","出雲大社","八足門","国宝・重要文化財（建造物）","重要文化財","近世以前／神社","","江戸中期","20040706","","島根県","島根県出雲市大社町大字杵築東","","出雲大社","","35.40161544000000","132.68550587000000","102-shrine"
"102","00003909","出雲大社","摂社門神社本殿（東）","国宝・重要文化財（建造物）","重要文化財","近世以前／神社","","江戸中期","20040706","","島根県","島根県出雲市大社町大字杵築東","","出雲大社","","35.40166320000000","132.68517354000000","102-shrine"
"102","00003865","出雲大社","末社釜社本殿","国宝・重要文化財（建造物）","重要文化財","近世以前／神社","","江戸中期","20040706","","島根県","島根県出雲市大社町大字杵築東","","出雲大社","","35.40169752000000","132.68606524000000","102-shrine"
"102","00003858","出雲大社","摂社門神社本殿（西）","国宝・重要文化財（建造物）","重要文化財","近世以前／神社","","江戸中期","20040706","","島根県","島根県出雲市大社町大字杵築東","","出雲大社","","35.40170037000000","132.68588145000000","102-shrine"
"102","00003864","出雲大社","摂社氏社本殿（南）","国宝・重要文化財（建造物）","重要文化財","近世以前／神社","","江戸中期","20040706","","島根県","島根県出雲市大社町大字杵築東","","出雲大社","","35.40171866000000","132.68486861000000","102-shrine"
"102","00003908","出雲大社","神饌所（西）","国宝・重要文化財（建造物）","重要文化財","近世以前／神社","","江戸中期","20040706","","島根県","島根県出雲市大社町大字杵築東","","出雲大社","","35.40178574000000","132.68532814000000","102-shrine"
"102","00003852","出雲大社","楼門","国宝・重要文化財（建造物）","重要文化財","近世以前／神社","","江戸中期","20040706","","島根県","島根県出雲市大社町大字杵築東","","出雲大社","","35.40178690000000","132.68547735000000","102-shrine"
"102","00003982","出雲大社","摂社氏社本殿（北）","国宝・重要文化財（建造物）","重要文化財","近世以前／神社","","江戸中期","20040706","","島根県","島根県出雲市大社町大字杵築東","","出雲大社","","35.40180806000000","132.68486622000000","102-shrine"
"102","00003853","出雲大社","神饌所（東）","国宝・重要文化財（建造物）","重要文化財","近世以前／神社","","江戸中期","20040706","","島根県","島根県出雲市大社町大字杵築東","","出雲大社","","35.40181420000000","132.68563483000000","102-shrine"
"102","00003867","出雲大社","宝庫","国宝・重要文化財（建造物）","重要文化財","近世以前／神社","","江戸中期","20040706","","島根県","島根県出雲市大社町大字杵築東","","出雲大社","","35.40194650000000","132.68493936000000","102-shrine"
"102","00003856","出雲大社","摂社神魂御子神社本殿","国宝・重要文化財（建造物）","重要文化財","近世以前／神社","","江戸中期","20040706","","島根県","島根県出雲市大社町大字杵築東","","出雲大社","","35.40197108000000","132.68515832000000","102-shrine"
"102","00003855","出雲大社","摂社大神大后神社本殿","国宝・重要文化財（建造物）","重要文化財","近世以前／神社","","江戸中期","20040706","","島根県","島根県出雲市大社町大字杵築東","","出雲大社","","35.40201956000000","132.68574308000000","102-shrine"
"102","00003857","出雲大社","摂社神魂伊能知比売神社本殿","国宝・重要文化財（建造物）","重要文化財","近世以前／神社","","江戸中期","20040706","","島根県","島根県出雲市大社町大字杵築東","","出雲神社","","35.40202769000000","132.68584847000000","102-shrine"
"102","00003854","出雲大社","玉垣","国宝・重要文化財（建造物）","重要文化財","近世以前／神社","","江戸中期","20040706","","島根県","島根県出雲市大社町大字杵築東","","出雲大社","","35.40214272000000","132.68544694000000","102-shrine"
"102","00003862","出雲大社","瑞垣","国宝・重要文化財（建造物）","重要文化財","近世以前／神社","","江戸中期","20040706","","島根県","島根県出雲市大社町大字杵築東","","出雲大社","","35.40223742000000","132.68550627000000","102-shrine"
"102","00003863","出雲大社","摂社素鵞社本殿","国宝・重要文化財（建造物）","重要文化財","近世以前／神社","","江戸中期","20040706","","島根県","島根県出雲市大社町大字杵築東","","出雲大社","","35.40268374000000","132.68554512000000","102-shrine"
"102","2971","出雲大社本殿","","国宝・重要文化財（建造物）","国宝","近世以前／神社","","江戸中期","19000407","19520329","島根県","島根県出雲市大社町大字杵築東","","出雲大社","","35.40203892000000","132.68546850000000","102-shrine"
"102","2951","神魂神社本殿","","国宝・重要文化財（建造物）","国宝","近世以前／神社","","桃山","19000407","19520329","島根県","島根県松江市大庭町","","神魂神社","","35.42550324000000","133.08424995000000","102-shrine"
"102","2952","神魂神社末社貴布祢稲荷両神社本殿","","国宝・重要文化財（建造物）","重要文化財","近世以前／神社","","桃山","19520329","","島根県","島根県松江市大庭町","","神魂神社","","35.42541412000000","133.08419659000000","102-shrine"
"102","2967","佐太神社","南殿","国宝・重要文化財（建造物）","重要文化財","近世以前／神社","","江戸後期","19820216","","島根県","島根県松江市鹿島町大字佐陀宮内","","佐太神社","","35.50877912000000","133.00645151000000","102-shrine"
"102","2965","佐太神社","正中殿","国宝・重要文化財（建造物）","重要文化財","近世以前／神社","","江戸後期","19820216","","島根県","島根県松江市鹿島町大字佐陀宮内、出雲市杵築東99番地4","","佐太神社","","35.50889295000000","133.00638322000000","102-shrine"
"102","2966","佐太神社","北殿","国宝・重要文化財（建造物）","重要文化財","近世以前／神社","","江戸後期","19820216","","島根県","島根県松江市鹿島町大字佐陀宮内","","佐太神社","","35.50899255000000","133.00634053000000","102-shrine"
"102","2956","染羽天石勝神社本殿","","国宝・重要文化財（建造物）","重要文化財","近世以前／神社","","桃山","19290406","","島根県","島根県益田市染羽町","","染羽天石勝神社","","34.68030416000000","131.86091980000000","102-shrine"
"102","2992","焼火神社本殿・通殿・拝殿","","国宝・重要文化財（建造物）","重要文化財","近世以前／神社","","江戸中期","19920810","","島根県","島根県隠岐郡西ノ島町大字美田","","焼火神社","","36.07320912000000","133.02774613000000","102-shrine"
"102","2988","玉若酢命神社","随神門","国宝・重要文化財（建造物）","重要文化財","近世以前／神社","","江戸末期","19920121","","島根県","島根県隠岐郡隠岐の島町下西","","玉若酢命神社
億岐正彦","","36.20709260000000","133.31308730000000","102-shrine"
"102","2987","玉若酢命神社","本殿","国宝・重要文化財（建造物）","重要文化財","近世以前／神社","","江戸後期","19920121","","島根県","島根県隠岐郡隠岐の島町下西","","玉若酢命神社
億岐正彦","","36.20713126000000","133.31238566000000","102-shrine"
"102","2989","玉若酢命神社","社家億岐家住宅","国宝・重要文化財（建造物）","重要文化財","近世以前／民家","","江戸後期","19920121","","島根県","島根県隠岐郡隠岐の島町下西","","","","36.20655527000000","133.31370274000000","102-shrine"
"102","00004549","八幡宮","楼門","国宝・重要文化財（建造物）","重要文化財","近世以前／神社","","鎌倉後期","20111129","","島根県","島根県鹿足郡津和野町鷲原","","宗教法人八幡宮","","34.45425605000000","131.75669605000000","102-shrine"
"102","00004548","八幡宮","拝殿","国宝・重要文化財（建造物）","重要文化財","近世以前／神社","","江戸中期","20111129","","島根県","島根県鹿足郡津和野町鷲原","","宗教法人八幡宮","","34.45432975000000","131.75669835000000","102-shrine"
"102","00004547","八幡宮","本殿","国宝・重要文化財（建造物）","重要文化財","近世以前／神社","","室町後期","20111129","","島根県","島根県鹿足郡津和野町鷲原","","宗教法人八幡宮","","34.45444796000000","131.75671063000000","102-shrine"
"102","2984","日御碕神社","神の宮(上の宮)鳥居","国宝・重要文化財（建造物）","重要文化財","近世以前／神社","","江戸前期","19530331","","島根県","島根県出雲市大社町大字日御碕","","日御碕神社","","35.42929592000000","132.63051545000000","102-shrine"
"102","2985","日御碕神社","神の宮(上の宮)鳥居","国宝・重要文化財（建造物）","重要文化財","近世以前／神社","","江戸前期","19530331","","島根県","島根県出雲市大社町大字日御碕","","日御碕神社","","35.42929592000000","132.63051545000000","102-shrine"
"102","2976","日御碕神社","日沈宮(下の宮)廻廊","国宝・重要文化財（建造物）","重要文化財","近世以前／神社","","江戸前期","19530331","","島根県","島根県出雲市大社町大字日御碕","","日御碕神社","","35.42935666000000","132.62953992000000","102-shrine"
"102","2975","日御碕神社","日沈宮(下の宮)禊所","国宝・重要文化財（建造物）","重要文化財","近世以前／神社","","江戸前期","19530331","","島根県","島根県出雲市大社町大字日御碕","","日御碕神社","","35.42943650000000","132.62922013000000","102-shrine"
"102","2978","日御碕神社","日沈宮(下の宮)門客人社　（１）","国宝・重要文化財（建造物）","重要文化財","近世以前／神社","","江戸前期","19530331","","島根県","島根県出雲市大社町大字日御碕","","日御碕神社","","35.42944875000000","132.62965483000000","102-shrine"
"102","2977","日御碕神社","日沈宮(下の宮)楼門","国宝・重要文化財（建造物）","重要文化財","近世以前／神社","","江戸前期","19530331","","島根県","島根県出雲市大社町大字日御碕","","日御碕神社","","35.42945484000000","132.62976551000000","102-shrine"
"102","2979","日御碕神社","日沈宮(下の宮)門客人社　（２）","国宝・重要文化財（建造物）","重要文化財","近世以前／神社","","江戸前期","19530331","","島根県","島根県出雲市大社町大字日御碕","","日御碕神社","","35.42955409000000","132.62970574000000","102-shrine"
"102","2973","日御碕神社","日沈宮(下の宮)幣殿、拝殿","国宝・重要文化財（建造物）","重要文化財","近世以前／神社","","江戸前期","19530331","","島根県","島根県出雲市大社町大字日御碕","","日御碕神社","","35.42961417000000","132.62931666000000","102-shrine"
"102","2972","日御碕神社","日沈宮(下の宮)本殿","国宝・重要文化財（建造物）","重要文化財","近世以前／神社","","江戸前期","19530331","","島根県","島根県出雲市大社町大字日御碕","","日御碕神社","","35.42967702000000","132.62909669000000","102-shrine"
"102","2981","日御碕神社","神の宮(上の宮)幣殿、拝殿","国宝・重要文化財（建造物）","重要文化財","近世以前／神社","","江戸前期","19530331","","島根県","島根県出雲市大社町大字日御碕","","日御碕神社","","35.42967958000000","132.62971944000000","102-shrine"
"102","2974","日御碕神社","日沈宮(下の宮)玉垣","国宝・重要文化財（建造物）","重要文化財","近世以前／神社","","江戸前期","19530331","","島根県","島根県出雲市大社町大字日御碕","","日御碕神社","","35.42970844000000","132.62902038000000","102-shrine"
"102","2980","日御碕神社","神の宮(上の宮)本殿","国宝・重要文化財（建造物）","重要文化財","近世以前／神社","","江戸前期","19530331","","島根県","島根県出雲市大社町大字日御碕","","日御碕神社","","35.42972949000000","132.62983901000000","102-shrine"
"102","2982","日御碕神社","神の宮(上の宮)玉垣","国宝・重要文化財（建造物）","重要文化財","近世以前／神社","","江戸前期","19530331","","島根県","島根県出雲市大社町大字日御碕","","日御碕神社","","35.42974089000000","132.62988931000000","102-shrine"
"102","2983","日御碕神社","神の宮(上の宮)宝庫","国宝・重要文化財（建造物）","重要文化財","近世以前／神社","","江戸前期","19530331","","島根県","島根県出雲市大社町大字日御碕","","日御碕神社","","35.42987952000000","132.62943319000000","102-shrine"
"102","2991","水若酢神社本殿","","国宝・重要文化財（建造物）","重要文化財","近世以前／神社","","江戸後期","19920121","","島根県","島根県隠岐郡隠岐の島町郡","","水若酢神社","","36.28023941000000","133.24904909000000","102-shrine"
"102","2968","美保神社本殿","","国宝・重要文化財（建造物）","重要文化財","近世以前／神社","","江戸後期","19820216","","島根県","島根県松江市美保関町大字美保関","","美保神社","","35.56234695000000","133.30608114000000","102-shrine"
"102","2996","吉備津神社御釜殿","","国宝・重要文化財（建造物）","重要文化財","近世以前／神社","","桃山","19800126","","岡山県","岡山県岡山市吉備津","","吉備津神社","","34.66967360000000","133.84962602000000","102-shrine"
"102","2995","吉備津神社北随神門","","国宝・重要文化財（建造物）","重要文化財","近世以前／神社","","室町後期","19130414","","岡山県","岡山県岡山市吉備津","","吉備津神社","","34.67113062000000","133.85065689000000","102-shrine"
"102","2993","吉備津神社本殿及び拝殿","","国宝・重要文化財（建造物）","国宝","近世以前／神社","","室町中期","19020417","19520329","岡山県","岡山県岡山市吉備津","","吉備津神社","","34.67066230000000","133.85061406000000","102-shrine"
"102","2994","吉備津神社南随神門","","国宝・重要文化財（建造物）","重要文化財","近世以前／神社","","室町前期","19110417","","岡山県","岡山県岡山市吉備津","","吉備津神社","","34.67054959000000","133.85042612000000","102-shrine"
"102","3005","熊野神社本殿","","国宝・重要文化財（建造物）","重要文化財","近世以前／神社","","室町後期","19210430","","岡山県","岡山県倉敷市林","","熊野神社","","34.54024846000000","133.81964258000000","102-shrine"
"102","3046","旧閑谷学校聖廟","外門","国宝・重要文化財（建造物）","重要文化財","近世以前／神社","","江戸中期","19380704","","岡山県","岡山県備前市閑谷","","","岡山県","34.79656359000000","134.22004905000000","102-shrine"
"102","3049","旧閑谷学校聖廟","厨屋","国宝・重要文化財（建造物）","重要文化財","近世以前／神社","","江戸中期","19380704","","岡山県","岡山県備前市閑谷","","","岡山県","34.79661548000000","134.21995572000000","102-shrine"
"102","3045","旧閑谷学校聖廟","中庭","国宝・重要文化財（建造物）","重要文化財","近世以前／神社","","江戸中期","19380704","","岡山県","岡山県備前市閑谷","","","岡山県","34.79665151000000","134.22007915000000","102-shrine"
"102","3048","旧閑谷学校聖廟","文庫","国宝・重要文化財（建造物）","重要文化財","近世以前／神社","","江戸中期","19380704","","岡山県","岡山県備前市閑谷","","","岡山県","34.79667787000000","134.21995489000000","102-shrine"
"102","3043","旧閑谷学校聖廟","東階・西階（東階）","国宝・重要文化財（建造物）","重要文化財","近世以前／神社","","江戸中期","19380704","","岡山県","岡山県備前市閑谷","","","岡山県","34.79668824000000","134.22013212000000","102-shrine"
"102","3044","旧閑谷学校聖廟","東階・西階（西階）","国宝・重要文化財（建造物）","重要文化財","近世以前／神社","","江戸中期","19380704","","岡山県","岡山県備前市閑谷","","","岡山県","34.79668995000000","134.22004128000000","102-shrine"
"102","3042","旧閑谷学校聖廟","大成殿","国宝・重要文化財（建造物）","重要文化財","近世以前／神社","","江戸中期","19380704","","岡山県","岡山県備前市閑谷","","","岡山県","34.79674026000000","134.22008318000000","102-shrine"
"102","3047","旧閑谷学校聖廟","練塀","国宝・重要文化財（建造物）","重要文化財","近世以前／神社","","江戸中期","19380704","","岡山県","岡山県備前市閑谷","","","岡山県","34.79677984000000","134.22009061000000","102-shrine"
"102","3052","旧閑谷学校聖廟","校門（鶴鳴門）","国宝・重要文化財（建造物）","重要文化財","近世以前／その他","","江戸中期","19380704","","岡山県","岡山県備前市閑谷","","","岡山県","34.79614310000000","134.22003079000000","102-shrine"
"102","3051","旧閑谷学校聖廟","石階","国宝・重要文化財（建造物）","重要文化財","近世以前／その他","","江戸中期","19380704","","岡山県","岡山県備前市閑谷","","","岡山県","34.79648422000000","134.22004592000000","102-shrine"
"102","3050","旧閑谷学校聖廟","繋牲石","国宝・重要文化財（建造物）","重要文化財","近世以前／その他","","江戸中期","19380704","","岡山県","岡山県備前市閑谷","","","岡山県","34.79673541000000","134.21995276000000","102-shrine"
"102","3037","閑谷神社(旧閑谷学校芳烈祠)","中門（外門）","国宝・重要文化財（建造物）","重要文化財","近世以前／神社","","江戸中期","19380704","","岡山県","岡山県備前市閑谷","","閑谷神社","岡山県","34.79652746000000","134.22033125000000","102-shrine"
"102","3038","閑谷神社(旧閑谷学校芳烈祠)","神庫（庫）","国宝・重要文化財（建造物）","重要文化財","近世以前／神社","","江戸中期","19380704","","岡山県","岡山県備前市閑谷","","閑谷神社","岡山県","34.79658665000000","134.22027312000000","102-shrine"
"102","3036","閑谷神社(旧閑谷学校芳烈祠)","拝殿（中庭）","国宝・重要文化財（建造物）","重要文化財","近世以前／神社","","江戸中期","19380704","","岡山県","岡山県備前市閑谷","","閑谷神社","岡山県","34.79660403000000","134.22033645000000","102-shrine"
"102","3035","閑谷神社(旧閑谷学校芳烈祠)","幣殿（階）","国宝・重要文化財（建造物）","重要文化財","近世以前／神社","","江戸中期","19380704","","岡山県","岡山県備前市閑谷","","閑谷神社","岡山県","34.79664750000000","134.22034515000000","102-shrine"
"102","3034","閑谷神社(旧閑谷学校芳烈祠)","本殿(芳烈祠)","国宝・重要文化財（建造物）","重要文化財","近世以前／神社","","江戸中期","19380704","","岡山県","岡山県備前市閑谷","","閑谷神社","岡山県","34.79670338000000","134.22034515000000","102-shrine"
"102","3040","閑谷神社(旧閑谷学校芳烈祠)","練塀","国宝・重要文化財（建造物）","重要文化財","近世以前／神社","","江戸中期","19380704","","岡山県","岡山県備前市閑谷","","閑谷神社","岡山県","34.79677734000000","134.22033452000000","102-shrine"
"102","3039","閑谷神社(旧閑谷学校芳烈祠)","石階","国宝・重要文化財（建造物）","重要文化財","近世以前／その他","","江戸中期","19380704","","岡山県","岡山県備前市閑谷","","閑谷神社","岡山県","34.79645005000000","134.22033397000000","102-shrine"
"102","3041","閑谷神社(旧閑谷学校芳烈祠)","繋牲石","国宝・重要文化財（建造物）","重要文化財","近世以前／その他","","江戸中期","19380704","","岡山県","岡山県備前市閑谷","","閑谷神社","岡山県","34.79670089000000","134.22026940000000","102-shrine"
"102","3023","総社本殿","","国宝・重要文化財（建造物）","重要文化財","近世以前／神社","","江戸前期","19140417","","岡山県","岡山県津山市総社","","総社","","35.07407672000000","133.99427462000000","102-shrine"
"102","3025","鶴山八幡宮本殿","","国宝・重要文化財（建造物）","重要文化財","近世以前／神社","","江戸中期","19800531","","岡山県","岡山県津山市山北","","鶴山八幡宮","","35.06924980000000","133.99837503000000","102-shrine"
"102","3024","中山神社本殿","","国宝・重要文化財（建造物）","重要文化財","近世以前／神社","","室町後期","19140417","","岡山県","岡山県津山市一宮","","中山神社","","35.10028877000000","133.99446070000000","102-shrine"
"102","3000","八幡神社鳥居","","国宝・重要文化財（建造物）","重要文化財","近世以前／神社","","室町前期","19560628","","岡山県","岡山県岡山市下足守","","葦守八幡宮","","34.72006814000000","133.80754474000000","102-shrine"
"102","3008","本荘八幡宮鳥居","","国宝・重要文化財（建造物）","重要文化財","近世以前／神社","","室町中期","19560628","","岡山県","岡山県倉敷市児島通生","","本荘八幡宮","","34.46350359000000","133.77062613000000","102-shrine"
"102","3062","本蓮寺番神堂","東祠","国宝・重要文化財（建造物）","重要文化財","近世以前／神社","","室町後期","19580514","","岡山県","岡山県瀬戸内市牛窓町牛窓","","本蓮寺","","34.61640733000000","134.16482246000000","102-shrine"
"102","3063","本蓮寺番神堂","中祠","国宝・重要文化財（建造物）","重要文化財","近世以前／神社","","室町後期","19580514","","岡山県","岡山県瀬戸内市牛窓町牛窓","","本蓮寺","","34.61642358000000","134.16480375000000","102-shrine"
"102","3064","本蓮寺番神堂","西祠","国宝・重要文化財（建造物）","重要文化財","近世以前／神社","","室町後期","19580514","","岡山県","岡山県瀬戸内市牛窓町牛窓","","本蓮寺","","34.61643754000000","134.16478599000000","102-shrine"
"102","3091","妙本寺番神堂","","国宝・重要文化財（建造物）","重要文化財","近世以前／神社","","江戸前期","19270425","","岡山県","岡山県上房郡吉備中央町北","","妙本寺","","34.80976043000000","133.70436306000000","102-shrine"
"102","3090","吉川八幡宮本殿","","国宝・重要文化財（建造物）","重要文化財","近世以前／神社","","室町後期","19250424","","岡山県","岡山県加賀郡吉備中央町吉川","","吉川八幡宮","","34.81978646000000","133.75174463000000","102-shrine"
"102","3169","厳島神社","廻廊　（西廻廊）","国宝・重要文化財（建造物）","国宝","近世以前／神社","","桃山","18990405","19520329","広島県","広島県廿日市市宮島町","","厳島神社","","34.29561368000000","132.31956273000000","102-shrine"
"102","3164","厳島神社","本社本殿、幣殿、拝殿","国宝・重要文化財（建造物）","国宝","近世以前／神社","","室町後期","18990405","19520329","広島県","広島県廿日市市宮島町","","厳島神社","","34.29589023000000","132.31998288000000","102-shrine"
"102","3165","厳島神社","本社祓殿","国宝・重要文化財（建造物）","国宝","近世以前／神社","","鎌倉前期","18990405","19520329","広島県","広島県廿日市市宮島町","","厳島神社","","34.29613487000000","132.31967974000000","102-shrine"
"102","3168","厳島神社","廻廊　（東廻廊）","国宝・重要文化財（建造物）","国宝","近世以前／神社","","桃山","18990405","19520329","広島県","広島県廿日市市宮島町","","厳島神社","","34.29615615000000","132.32016902000000","102-shrine"
"102","3167","厳島神社","摂社客神社祓殿","国宝・重要文化財（建造物）","国宝","近世以前／神社","","鎌倉前期","18990405","19520329","広島県","広島県廿日市市宮島町","","厳島神社","","34.29644334000000","132.31994565000000","102-shrine"
"102","3166","厳島神社","摂社客神社本殿、幣殿、拝殿","国宝・重要文化財（建造物）","国宝","近世以前／神社","","鎌倉前期","18990405","19520329","広島県","広島県廿日市市宮島町","","厳島神社","","34.29662416000000","132.32018498000000","102-shrine"
"102","3170","厳島神社","朝坐屋","国宝・重要文化財（建造物）","重要文化財","近世以前／神社","","桃山","18990405","","広島県","広島県廿日市市宮島町","","厳島神社","","34.29620401000000","132.32038707000000","102-shrine"
"102","3174","厳島神社","反橋","国宝・重要文化財（建造物）","重要文化財","近世以前／その他","","室町後期","18990405","","広島県","広島県廿日市市宮島町","","厳島神社","","34.29535308000000","132.31958401000000","102-shrine"
"102","3173","厳島神社","長橋","国宝・重要文化財（建造物）","重要文化財","近世以前／その他","","桃山","18990405","","広島県","広島県廿日市市宮島町","","厳島神社","","34.29558709000000","132.31995097000000","102-shrine"
"102","3171","厳島神社","能舞台","国宝・重要文化財（建造物）","重要文化財","近世以前／その他","","江戸中期","18990405","","広島県","広島県廿日市市宮島町","","厳島神社","","34.29574132000000","132.31938723000000","102-shrine"
"102","3172","厳島神社","揚水橋","国宝・重要文化財（建造物）","重要文化財","近世以前／その他","","桃山","18990405","","広島県","広島県廿日市市宮島町","","厳島神社","","34.29606042000000","132.32019029000000","102-shrine"
"102","3182","厳島神社摂社大元神社本殿","","国宝・重要文化財（建造物）","重要文化財","近世以前／神社","","室町後期","19490218","","広島県","広島県廿日市市宮島町","","厳島神社","","34.29470126000000","132.31396650000000","102-shrine"
"102","3176","厳島神社摂社大国神社本殿","","国宝・重要文化財（建造物）","重要文化財","近世以前／神社","","室町後期","18990405","","広島県","広島県廿日市市宮島町","","厳島神社","","34.29567590000000","132.31981361000000","102-shrine"
"102","3177","厳島神社摂社天神社本殿","","国宝・重要文化財（建造物）","重要文化財","近世以前／神社","","室町後期","18990405","","広島県","広島県廿日市市宮島町","","厳島神社","","34.29551020000000","132.31972156000000","102-shrine"
"102","3180","厳島神社末社荒胡子神社本殿","","国宝・重要文化財（建造物）","重要文化財","近世以前／神社","","室町中期","19040218","","広島県","広島県廿日市市宮島町","","厳島神社","","34.29704853000000","132.32065217000000","102-shrine"
"102","3163","桂濱神社本殿","","国宝・重要文化財（建造物）","重要文化財","近世以前／神社","","室町後期","19820611","","広島県","広島県呉市倉橋町字前宮の浦","","桂濱神社","","34.10148619000000","132.51324740000000","102-shrine"
"102","3193","吉備津神社本殿","","国宝・重要文化財（建造物）","重要文化財","近世以前／神社","","江戸前期","19650529","","広島県","広島県福山市新市町宮内","","吉備津神社","","34.56929399000000","133.27104451000000","102-shrine"
"102","3186","竜山八幡神社本殿","","国宝・重要文化財（建造物）","重要文化財","近世以前／神社","","室町後期","19620621","","広島県","広島県山県郡北広島町新庄","","竜山八幡神社","","34.76590283000000","132.49061038000000","102-shrine"
"102","3205","今八幡宮拝殿","","国宝・重要文化財（建造物）","重要文化財","近世以前／神社","","室町後期","19070527","","山口県","山口県山口市八幡馬場","","今八幡宮","","34.18721914000000","131.48151512000000","102-shrine"
"102","3204","今八幡宮本殿","","国宝・重要文化財（建造物）","重要文化財","近世以前／神社","","室町後期","19070527","","山口県","山口県山口市八幡馬場","","今八幡宮","","34.18731191000000","131.48142415000000","102-shrine"
"102","3206","今八幡宮楼門","","国宝・重要文化財（建造物）","重要文化財","近世以前／神社","","室町後期","19070527","","山口県","山口県山口市八幡馬場","","今八幡宮","","34.18715714000000","131.48158071000000","102-shrine"
"102","3238","石城神社本殿","","国宝・重要文化財（建造物）","重要文化財","近世以前／神社","","室町後期","19070527","","山口県","山口県光市大字塩田","","石城神社","","33.98743688000000","132.03567167000000","102-shrine"
"102","00003899","吉香神社","鳥居","国宝・重要文化財（建造物）","重要文化財","近世以前／神社","","江戸中期","20041210","","山口県","山口県岩国市横山","","吉香神社","","34.17139087000000","132.17598627000000","102-shrine"
"102","00003898","吉香神社","神門","国宝・重要文化財（建造物）","重要文化財","近世以前／神社","","江戸中期","20041210","","山口県","山口県岩国市横山","","吉香神社","","34.17187472000000","132.17651525000000","102-shrine"
"102","00003897","吉香神社","拝殿及び幣殿","国宝・重要文化財（建造物）","重要文化財","近世以前／神社","","江戸中期","20041210","","山口県","山口県岩国市横山","","吉香神社","","34.17202239000000","132.17666377000000","102-shrine"
"102","00003896","吉香神社","本殿","国宝・重要文化財（建造物）","重要文化財","近世以前／神社","","江戸中期","20041210","","山口県","山口県岩国市横山","","吉香神社","","34.17212571000000","132.17678518000000","102-shrine"
"102","3242","正八幡宮","楼門及び庁屋","国宝・重要文化財（建造物）","重要文化財","近世以前／神社","","江戸中期","19890902","","山口県","山口県山口市秋穂町西","","正八幡宮","","34.03521879000000","131.43245645000000","102-shrine"
"102","3241","正八幡宮","拝殿","国宝・重要文化財（建造物）","重要文化財","近世以前／神社","","江戸中期","19890902","","山口県","山口県山口市秋穂町西","","正八幡宮","","34.03523600000000","131.43254823000000","102-shrine"
"102","3240","正八幡宮","本殿","国宝・重要文化財（建造物）","重要文化財","近世以前／神社","","江戸中期","19890902","","山口県","山口県山口市秋穂町西","","正八幡宮","","34.03524747000000","131.43268399000000","102-shrine"
"102","3200","住吉神社拝殿","","国宝・重要文化財（建造物）","重要文化財","近世以前／神社","","室町後期","19540917","","山口県","山口県下関市楠乃","","住吉神社","","33.99956779000000","130.95655526000000","102-shrine"
"102","3199","住吉神社本殿","","国宝・重要文化財（建造物）","国宝","近世以前／神社","","室町前期","19030415","19531114","山口県","山口県下関市楠乃","","住吉神社","","33.99966573000000","130.95654437000000","102-shrine"
"102","3207","平清水八幡宮本殿","","国宝・重要文化財（建造物）","重要文化財","近世以前／神社","","室町中期","19070527","","山口県","山口県山口市平井","","平清水八幡宮","","34.14288728000000","131.47109558000000","102-shrine"
"102","3209","古熊神社拝殿","","国宝・重要文化財（建造物）","重要文化財","近世以前／神社","","江戸中期","19490218","","山口県","山口県山口市古熊一丁目","","古熊神社","","34.17869263000000","131.48866248000000","102-shrine"
"102","3208","古熊神社本殿","","国宝・重要文化財（建造物）","重要文化財","近世以前／神社","","江戸前期","19170813","","山口県","山口県山口市古熊一丁目","","古熊神社","","34.17869263000000","131.48873103000000","102-shrine"
"102","3212","八坂神社本殿","","国宝・重要文化財（建造物）","重要文化財","近世以前／神社","","室町後期","19170813","","山口県","山口県山口市上堅小路","","八坂神社","","34.18594920000000","131.47833622000000","102-shrine"
"102","3248","一宮神社本殿","","国宝・重要文化財（建造物）","重要文化財","近世以前／神社","","江戸前期","19930420","","徳島県","徳島県徳島市一宮町西丁","","一宮神社","","34.03787400000000","134.46255414000000","102-shrine"
"102","3695","宇志比古神社本殿","","国宝・重要文化財（建造物）","重要文化財","近世以前／神社","","桃山","20001204","","徳島県","徳島県鳴門市大麻町大谷字山田","","宇志比古神社","","34.16210283000000","134.53690184000000","102-shrine"
"102","3287","神谷神社本殿","","国宝・重要文化財（建造物）","国宝","近世以前／神社","","鎌倉前期","19040829","19550202","香川県","香川県坂出市神谷町","","神谷神社","","34.32483935000000","133.91676072000000","102-shrine"
"102","3346","伊佐爾波神社","楼門","国宝・重要文化財（建造物）","重要文化財","近世以前／神社","","江戸中期","19670615","","愛媛県","愛媛県松山市桜谷町","","伊佐爾波神社","","33.85072971000000","132.78878592000000","102-shrine"
"102","3345","伊佐爾波神社","申殿及び廊下","国宝・重要文化財（建造物）","重要文化財","近世以前／神社","","江戸中期","19670615","","愛媛県","愛媛県松山市桜谷町","","伊佐爾波神社","","33.85073636000000","132.78888568000000","102-shrine"
"102","3344","伊佐爾波神社","本殿","国宝・重要文化財（建造物）","重要文化財","近世以前／神社","","江戸中期","19560628","","愛媛県","愛媛県松山市桜谷町","","伊佐爾波神社","","33.85075853000000","132.78901648000000","102-shrine"
"102","3347","伊佐爾波神社","廻廊","国宝・重要文化財（建造物）","重要文化財","近世以前／神社","","江戸中期","19670615","","愛媛県","愛媛県松山市桜谷町","","伊佐爾波神社","","33.85076518000000","132.78916057000000","102-shrine"
"102","3315","石手寺訶梨帝母天堂","","国宝・重要文化財（建造物）","重要文化財","近世以前／神社","","鎌倉後期","19530331","","愛媛県","愛媛県松山市石手二丁目","","石手寺","","33.84764670000000","132.79629785000000","102-shrine"
"102","3388","大山祇神社本殿(宝殿)","","国宝・重要文化財（建造物）","重要文化財","近世以前／神社","","室町中期","19040829","","愛媛県","愛媛県今治市大三島町宮浦","","大山祇神社","","34.24783381000000","133.00598880000000","102-shrine"
"102","3392","大山祇神社拝殿","","国宝・重要文化財（建造物）","重要文化財","近世以前／神社","","江戸前期","19530331","","愛媛県","愛媛県今治市大三島町宮浦","","大山祇神社","","34.24789431000000","133.00580492000000","102-shrine"
"102","3394","三島神社本殿","","国宝・重要文化財（建造物）","重要文化財","近世以前／神社","","室町前期","19920810","","愛媛県","愛媛県東温市北方","","三島神社","","33.79415548000000","132.91493580000000","102-shrine"
"102","3434","朝倉神社本殿","","国宝・重要文化財（建造物）","重要文化財","近世以前／神社","","江戸前期","19490218","","高知県","高知県高知市朝倉","","朝倉神社","","33.55351696000000","133.48164575000000","102-shrine"
"102","3441","鳴無神社","本殿","国宝・重要文化財（建造物）","重要文化財","近世以前／神社","","江戸中期","19530331","","高知県","高知県須崎市浦ノ内奥浦東分","","鳴無神社","","33.41416069000000","133.36898923000000","102-shrine"
"102","3442","鳴無神社","幣殿、拝殿","国宝・重要文化財（建造物）","重要文化財","近世以前／神社","","江戸中期","19530331","","高知県","高知県須崎市浦ノ内奥浦東分","","鳴無神社","","33.41422636000000","133.36886727000000","102-shrine"
"102","3415","土佐神社本殿、幣殿及び拝殿","幣殿及び拝殿","国宝・重要文化財（建造物）","重要文化財","近世以前／神社","","室町後期","19040829","","高知県","高知県高知市一宮","","土佐神社","","33.59261089000000","133.57700971000000","102-shrine"
"102","3414","土佐神社本殿、幣殿及び拝殿","本殿","国宝・重要文化財（建造物）","重要文化財","近世以前／神社","","室町後期","19040829","","高知県","高知県高知市一宮","","土佐神社","","33.59280794000000","133.57700750000000","102-shrine"
"102","3417","土佐神社楼門","","国宝・重要文化財（建造物）","重要文化財","近世以前／神社","","江戸前期","19820216","","高知県","高知県高知市一宮","","土佐神社","","33.58952509000000","133.57708007000000","102-shrine"
"102","3443","不破八幡宮本殿","","国宝・重要文化財（建造物）","重要文化財","近世以前／神社","","室町後期","19630701","","高知県","高知県四万十市不破","","不破八幡宮","","32.98078540000000","132.93736734000000","102-shrine"
"102","00005174","有馬家霊屋","梅林院霊屋","国宝・重要文化財（建造物）","重要文化財","近世以前／神社","","江戸前期","20181225","","福岡県","福岡県久留米市京町","","宗教法人梅林寺","","33.32242194000000","130.49873083000000","102-shrine"
"102","00005175","有馬家霊屋","春林院霊屋","国宝・重要文化財（建造物）","重要文化財","近世以前／神社","","江戸前期","20181225","","福岡県","福岡県久留米市京町","","宗教法人梅林寺","","33.32242194000000","130.49873083000000","102-shrine"
"102","00005176","有馬家霊屋","春林院位牌廟","国宝・重要文化財（建造物）","重要文化財","近世以前／神社","","江戸前期","20181225","","福岡県","福岡県久留米市京町","","宗教法人梅林寺","","33.32242194000000","130.49873083000000","102-shrine"
"102","00005177","有馬家霊屋","長壽院位牌廟","国宝・重要文化財（建造物）","重要文化財","近世以前／神社","","江戸前期","20181225","","福岡県","福岡県久留米市京町","","宗教法人梅林寺","","33.32242194000000","130.49873083000000","102-shrine"
"102","00005178","有馬家霊屋","瓊林院位牌廟","国宝・重要文化財（建造物）","重要文化財","近世以前／神社","","江戸前期","20181225","","福岡県","福岡県久留米市京町","","宗教法人梅林寺","","33.32242194000000","130.49873083000000","102-shrine"
"102","3490","岩屋神社","本殿","国宝・重要文化財（建造物）","重要文化財","近世以前／神社","","江戸中期","19881219","","福岡県","福岡県朝倉郡東峰村大字宝珠山","","岩屋神社","","33.43283161000000","130.87463126000000","102-shrine"
"102","3491","岩屋神社","境内社熊野神社本殿","国宝・重要文化財（建造物）","重要文化財","近世以前／神社","","江戸中期","19881219","","福岡県","福岡県朝倉郡東峰村大字宝珠山","","岩屋神社","","33.43322473000000","130.87436347000000","102-shrine"
"102","3463","香椎宮本殿","","国宝・重要文化財（建造物）","重要文化財","近世以前／神社","","江戸後期","19220413","","福岡県","福岡県福岡市東区香椎","","香椎宮","","33.65465116000000","130.44343603000000","102-shrine"
"102","3470","高良大社","本殿・幣殿・拝殿","国宝・重要文化財（建造物）","重要文化財","近世以前／神社","","江戸中期","19720515","","福岡県","福岡県久留米市御井町","","高良大社","","33.30163037000000","130.56587176000000","102-shrine"
"102","3471","高良大社","大鳥居","国宝・重要文化財（建造物）","重要文化財","近世以前／神社","","江戸前期","19720515","","福岡県","福岡県久留米市御井町","","高良大社","","33.30605522000000","130.55440960000000","102-shrine"
"102","00005499","櫻井神社","楼門","国宝・重要文化財（建造物）","重要文化財","近世以前／神社","","江戸前期","20230925","","福岡県","福岡県糸島市志摩櫻井","","宗教法人櫻井神社","","33.62813889000000","130.19193333000000","102-shrine"
"102","00005498","櫻井神社","拝殿","国宝・重要文化財（建造物）","重要文化財","近世以前／神社","","江戸前期","20230925","","福岡県","福岡県糸島市志摩櫻井","","宗教法人櫻井神社","","33.62823333000000","130.19198611000000","102-shrine"
"102","00005497","櫻井神社","本殿","国宝・重要文化財（建造物）","重要文化財","近世以前／神社","","江戸前期","20230925","","福岡県","福岡県糸島市志摩櫻井","","宗教法人櫻井神社","","33.62833889000000","130.19205278000000","102-shrine"
"102","3464","住吉神社本殿","","国宝・重要文化財（建造物）","重要文化財","近世以前／神社","","江戸前期","19220413","","福岡県","福岡県福岡市博多区住吉三丁目","","住吉神社","","33.58593625000000","130.41380895000000","102-shrine"
"102","00005500","髙祖神社本殿","","国宝・重要文化財（建造物）","重要文化財","近世以前／神社","","室町後期","20230925","","福岡県","福岡県糸島市高祖","","宗教法人髙祖神社","","33.54477778000000","130.26051111000000","102-shrine"
"102","3483","太宰府天満宮本殿","","国宝・重要文化財（建造物）","重要文化財","近世以前／神社","","桃山","19070527","","福岡県","福岡県太宰府市宰府","","太宰府天満宮","","33.52147705000000","130.53483115000000","102-shrine"
"102","3484","太宰府天満宮末社志賀社本殿","","国宝・重要文化財（建造物）","重要文化財","近世以前／神社","","室町中期","19070527","","福岡県","福岡県太宰府市宰府","","太宰府天満宮","","33.51997653000000","130.53477244000000","102-shrine"
"102","3462","筥崎宮鳥居","","国宝・重要文化財（建造物）","重要文化財","近世以前／神社","","桃山","19550622","","福岡県","福岡県福岡市東区箱崎一丁目","","筥崎宮","","33.61494415000000","130.42247022000000","102-shrine"
"102","3461","筥崎宮拝殿","","国宝・重要文化財（建造物）","重要文化財","近世以前／神社","","室町後期","19070527","","福岡県","福岡県福岡市東区箱崎一丁目","","筥崎宮","","33.61462785000000","130.42333264000000","102-shrine"
"102","3460","筥崎宮本殿","","国宝・重要文化財（建造物）","重要文化財","近世以前／神社","","室町後期","19070527","","福岡県","福岡県福岡市東区箱崎一丁目","","筥崎宮","","33.61455864000000","130.42348704000000","102-shrine"
"102","3459","筥崎宮楼門","","国宝・重要文化財（建造物）","重要文化財","近世以前／神社","","桃山","19020417","","福岡県","福岡県福岡市東区箱崎一丁目","","筥崎宮","","33.61467220000000","130.42322042000000","102-shrine"
"102","3497","英彦山神社銅鳥居","","国宝・重要文化財（建造物）","重要文化財","近世以前／神社","","江戸前期","19391025","","福岡県","福岡県田川郡添田町大字英彦山","","英彦山神宮","","33.48562500000000","130.90239999000000","102-shrine"
"102","3480","風浪神社本殿","","国宝・重要文化財（建造物）","重要文化財","近世以前／神社","","室町後期","19070527","","福岡県","福岡県大川市大字酒見字宮内","","風浪神社","","33.21120221000000","130.38681212000000","102-shrine"
"102","3488","宗像神社辺津宮拝殿","","国宝・重要文化財（建造物）","重要文化財","近世以前／神社","","桃山","19070527","","福岡県","福岡県宗像市田島","","宗像大社","","33.81844862000000","130.51162215000000","102-shrine"
"102","3487","宗像神社辺津宮本殿","","国宝・重要文化財（建造物）","重要文化財","近世以前／神社","","桃山","19070527","","福岡県","福岡県宗像市田島","","宗像大社","","33.81844862000000","130.51162215000000","102-shrine"
"102","3509","多久聖廟","","国宝・重要文化財（建造物）","重要文化財","近世以前／神社","","江戸中期","19330123","","佐賀県","佐賀県多久市多久町","","多久市","","33.26000147000000","130.09779370000000","102-shrine"
"102","3511","田嶋神社本殿","","国宝・重要文化財（建造物）","重要文化財","近世以前／神社","","室町前期","19870603","","佐賀県","佐賀県伊万里市波多津町畑津","","田嶋神社","","33.36510887000000","129.87511267000000","102-shrine"
"102","3504","与賀神社三の鳥居及び石橋","三の鳥居","国宝・重要文化財（建造物）","重要文化財","近世以前／神社","","桃山","19700617","","佐賀県","佐賀県佐賀市与賀町","","与賀神社","","33.24876430000000","130.29437213000000","102-shrine"
"102","3505","与賀神社三の鳥居及び石橋","石橋","国宝・重要文化財（建造物）","重要文化財","近世以前／その他","","桃山","19700617","","佐賀県","佐賀県佐賀市与賀町","","与賀神社","","33.24877005000000","130.29442395000000","102-shrine"
"102","3503","与賀神社楼門","","国宝・重要文化財（建造物）","重要文化財","近世以前／神社","","桃山","19130414","","佐賀県","佐賀県佐賀市与賀町","","与賀神社","","33.24877197000000","130.29449879000000","102-shrine"
"102","3569","青井阿蘇神社","楼門","国宝・重要文化財（建造物）","国宝","近世以前／神社","","桃山","19330123","20080609","熊本県","熊本県人吉市上青井町","","青井阿蘇神社","","32.21313050000000","130.75300499000000","102-shrine"
"102","3568","青井阿蘇神社","拝殿","国宝・重要文化財（建造物）","国宝","近世以前／神社","","桃山","19330123","20080609","熊本県","熊本県人吉市上青井町","","青井阿蘇神社","","32.21336344000000","130.75291658000000","102-shrine"
"102","3567","青井阿蘇神社","幣殿","国宝・重要文化財（建造物）","国宝","近世以前／神社","","桃山","19330123","20080609","熊本県","熊本県人吉市上青井町","","青井阿蘇神社","","32.21345625000000","130.75287973000000","102-shrine"
"102","3566","青井阿蘇神社","廊","国宝・重要文化財（建造物）","国宝","近世以前／神社","","桃山","19330123","20080609","熊本県","熊本県人吉市上青井町","","青井阿蘇神社","","32.21353405000000","130.75285106000000","102-shrine"
"102","3565","青井阿蘇神社","本殿","国宝・重要文化財（建造物）","国宝","近世以前／神社","","桃山","19330123","20080609","熊本県","熊本県人吉市上青井町","","青井阿蘇神社","","32.21357500000000","130.75283741000000","102-shrine"
"102","00004213","阿蘇神社","還御門","国宝・重要文化財（建造物）","重要文化財","近世以前／神社","","江戸末期","20070618","","熊本県","熊本県阿蘇市一の宮町宮地","","阿蘇神社","","32.94770532000000","131.11646133000000","102-shrine"
"102","00004208","阿蘇神社","一の神殿","国宝・重要文化財（建造物）","重要文化財","近世以前／神社","","江戸末期","20070618","","熊本県","熊本県阿蘇市一の宮町宮地","","阿蘇神社","","32.94787713000000","131.11583629000000","102-shrine"
"102","00004211","阿蘇神社","楼門","国宝・重要文化財（建造物）","重要文化財","近世以前／神社","","江戸末期","20070618","","熊本県","熊本県阿蘇市一の宮町宮地","","阿蘇神社","","32.94794526000000","131.11644652000000","102-shrine"
"102","00004210","阿蘇神社","三の神殿","国宝・重要文化財（建造物）","重要文化財","近世以前／神社","","江戸末期","20070618","","熊本県","熊本県阿蘇市一の宮町宮地","","阿蘇神社","","32.94804598000000","131.11567633000000","102-shrine"
"102","00004209","阿蘇神社","二の神殿","国宝・重要文化財（建造物）","重要文化財","近世以前／神社","","江戸末期","20070618","","熊本県","熊本県阿蘇市一の宮町宮地","","阿蘇神社","","32.94817336000000","131.11587184000000","102-shrine"
"102","00004212","阿蘇神社","神幸門","国宝・重要文化財（建造物）","重要文化財","近世以前／神社","","江戸末期","20070618","","熊本県","熊本県阿蘇市一の宮町宮地","","阿蘇神社","","32.94820002000000","131.11651465000000","102-shrine"
"102","3772","岩屋熊野座神社","鳥居","国宝・重要文化財（建造物）","重要文化財","近世以前／神社","","江戸中期","20021226","","熊本県","熊本県人吉市東間上町","","岩屋熊野座神社","","32.19204542000000","130.76991476000000","102-shrine"
"102","3768","岩屋熊野座神社","左殿","国宝・重要文化財（建造物）","重要文化財","近世以前／神社","","桃山","20021226","","熊本県","熊本県人吉市東間上町","","岩屋熊野座神社","","32.19233834000000","130.77274850000000","102-shrine"
"102","3770","岩屋熊野座神社","拝殿","国宝・重要文化財（建造物）","重要文化財","近世以前／神社","","江戸後期","20021226","","熊本県","熊本県人吉市東間上町","","岩屋熊野座神社","","32.19234420000000","130.77263878000000","102-shrine"
"102","3771","岩屋熊野座神社","覆屋","国宝・重要文化財（建造物）","重要文化財","近世以前／神社","","江戸後期","20021226","","熊本県","熊本県人吉市東間上町","","岩屋熊野座神社","","32.19236194000000","130.77272557000000","102-shrine"
"102","3767","岩屋熊野座神社","中央殿","国宝・重要文化財（建造物）","重要文化財","近世以前／神社","","桃山","20021226","","熊本県","熊本県人吉市東間上町","","岩屋熊野座神社","","32.19236545000000","130.77274069000000","102-shrine"
"102","3769","岩屋熊野座神社","右殿","国宝・重要文化財（建造物）","重要文化財","近世以前／神社","","江戸中期","20021226","","熊本県","熊本県人吉市東間上町","","岩屋熊野座神社","","32.19239117000000","130.77272973000000","102-shrine"
"102","3571","老神神社","拝殿及び神供所","国宝・重要文化財（建造物）","重要文化財","近世以前／神社","","江戸中期","19900911","","熊本県","熊本県人吉市老神町","","老神神社","","32.21052351000000","130.75868442000000","102-shrine"
"102","3570","老神神社","本殿","国宝・重要文化財（建造物）","重要文化財","近世以前／神社","","江戸前期","19900911","","熊本県","熊本県人吉市老神町","","老神神社","","32.21054318000000","130.75855344000000","102-shrine"
"102","3587","十島菅原神社","拝殿","国宝・重要文化財（建造物）","重要文化財","近世以前／神社","","江戸中期","19940712","","熊本県","熊本県球磨郡相良村柳瀬","","十島菅原神社","","32.21037012000000","130.78492428000000","102-shrine"
"102","3586","十島菅原神社","本殿","国宝・重要文化財（建造物）","重要文化財","近世以前／神社","","桃山","19940712","","熊本県","熊本県球磨郡相良村柳瀬","","十島菅原神社","","32.21050862000000","130.78486859000000","102-shrine"
"102","3589","山田大王神社","拝殿及び神供所","国宝・重要文化財（建造物）","重要文化財","近世以前／神社","","江戸後期","19900911","","熊本県","熊本県球磨郡山江村大字山田","","山田大王神社","","32.24872703000000","130.76536010000000","102-shrine"
"102","3588","山田大王神社","本殿","国宝・重要文化財（建造物）","重要文化財","近世以前／神社","","室町後期","19900911","","熊本県","熊本県球磨郡山江村大字山田","","山田大王神社","","32.24873428000000","130.76523566000000","102-shrine"
"102","3575","六殿神社楼門","","国宝・重要文化財（建造物）","重要文化財","近世以前／神社","","室町後期","19070527","","熊本県","熊本県熊本市南区富合町木原","","六殿神社","","32.70052984000000","130.70839307000000","102-shrine"
"102","3600","宇佐神宮本殿","（第二殿）","国宝・重要文化財（建造物）","国宝","近世以前／神社","","江戸末期","19070527","19521122","大分県","大分県宇佐市大字南宇佐","","宇佐神宮","","33.52347852000000","131.37715972000000","102-shrine"
"102","3601","宇佐神宮本殿","（第三殿）","国宝・重要文化財（建造物）","国宝","近世以前／神社","","江戸末期","19070527","19521122","大分県","大分県宇佐市大字南宇佐","","宇佐神宮","","33.52349243000000","131.37730800000000","102-shrine"
"102","3599","宇佐神宮本殿","（第一殿）","国宝・重要文化財（建造物）","国宝","近世以前／神社","","江戸末期","19070527","19521122","大分県","大分県宇佐市大字南宇佐","","宇佐神宮","","33.52345557000000","131.37700998000000","102-shrine"
"102","3617","大野老松天満社旧本殿","","国宝・重要文化財（建造物）","重要文化財","近世以前／神社","","室町後期","19780531","","大分県","大分県日田市前津江町大野","","大野老松天満社","","33.20627433000000","130.91419246000000","102-shrine"
"102","3590","薦神社神門","","国宝・重要文化財（建造物）","重要文化財","近世以前／神社","","江戸前期","19881219","","大分県","大分県中津市大字大貞","","薦神社","","33.56711996000000","131.21828165000000","102-shrine"
"102","00004540","柞原八幡宮","南大門","国宝・重要文化財（建造物）","重要文化財","近世以前／神社","","明治","20110620","","大分県","大分県大分市大字八幡","","","","33.23719109000000","131.55113662000000","102-shrine"
"102","00004534","柞原八幡宮","楼門","国宝・重要文化財（建造物）","重要文化財","近世以前／神社","","江戸後期","20110620","","大分県","大分県大分市大字八幡","","","","33.23815486000000","131.55103004000000","102-shrine"
"102","00004537","柞原八幡宮","東回廊","国宝・重要文化財（建造物）","重要文化財","近世以前／神社","","江戸後期","20110620","","大分県","大分県大分市大字八幡","","","","33.23818053000000","131.55116988000000","102-shrine"
"102","00004538","柞原八幡宮","西回廊","国宝・重要文化財（建造物）","重要文化財","近世以前／神社","","江戸後期","20110620","","大分県","大分県大分市大字八幡","","","","33.23818661000000","131.55091988000000","102-shrine"
"102","00004533","柞原八幡宮","拝殿","国宝・重要文化財（建造物）","重要文化財","近世以前／神社","","江戸後期","20110620","","大分県","大分県大分市大字八幡","","","","33.23824403000000","131.55103274000000","102-shrine"
"102","00004539","柞原八幡宮","西門","国宝・重要文化財（建造物）","重要文化財","近世以前／神社","","江戸後期","20110620","","大分県","大分県大分市大字八幡","","","","33.23829945000000","131.55078597000000","102-shrine"
"102","00004532","柞原八幡宮","申殿","国宝・重要文化財（建造物）","重要文化財","近世以前／神社","","江戸後期","20110620","","大分県","大分県大分市大字八幡","","","","33.23831159000000","131.55103544000000","102-shrine"
"102","00004531","柞原八幡宮","本殿","国宝・重要文化財（建造物）","重要文化財","近世以前／神社","","江戸後期","20110620","","大分県","大分県大分市大字八幡","","","","33.23843048000000","131.55103544000000","102-shrine"
"102","00004535","柞原八幡宮","東宝殿","国宝・重要文化財（建造物）","重要文化財","近世以前／神社","","江戸後期","20110620","","大分県","大分県大分市大字八幡","","","","33.23845750000000","131.55117596000000","102-shrine"
"102","00004536","柞原八幡宮","西宝殿","国宝・重要文化財（建造物）","重要文化財","近世以前／神社","","江戸後期","20110620","","大分県","大分県大分市大字八幡","","","","33.23846831000000","131.55090034000000","102-shrine"
"102","3625","巨田神社本殿","","国宝・重要文化財（建造物）","重要文化財","近世以前／神社","","室町中期","19780531","","宮崎県","宮崎県宮崎市佐土原町巨田","","巨田神社","","32.05781143000000","131.40371098000000","102-shrine"
"102","3624","興玉神社内神殿","","国宝・重要文化財（建造物）","重要文化財","近世以前／神社","","室町中期","19830602","","宮崎県","宮崎県都城市安久町","","興玉神社","","31.68882383000000","131.09280932000000","102-shrine"
"102","00003883","高千穂神社本殿","","国宝・重要文化財（建造物）","重要文化財","近世以前／神社","","江戸後期","20040706","","宮崎県","宮崎県西臼杵郡高千穂町大字三田井","","高千穂神社","","32.70648799000000","131.30191029000000","102-shrine"
"102","3696","神門神社本殿","","国宝・重要文化財（建造物）","重要文化財","近世以前／神社","","江戸中期","20001204","","宮崎県","宮崎県東臼杵郡美郷町南郷神門","","神門神社","","32.38664374000000","131.33073758000000","102-shrine"
"102","00005392","鹿児島神宮","勅使殿","国宝・重要文化財（建造物）","重要文化財","近世以前／神社","","江戸後期","20220209","","鹿児島県","鹿児島県霧島市隼人町内2496番地","","宗教法人鹿児島神宮","","31.75353611000000","130.73787222000000","102-shrine"
"102","00005391","鹿児島神宮","本殿及び拝殿","国宝・重要文化財（建造物）","重要文化財","近世以前／神社","","江戸後期","20220209","","鹿児島県","鹿児島県霧島市隼人町内2496番地","","宗教法人鹿児島神宮","","31.75373056000000","130.73791111000000","102-shrine"
"102","00005393","鹿児島神宮","摂社四所神社本殿","国宝・重要文化財（建造物）","重要文化財","近世以前／神社","","江戸後期","20220209","","鹿児島県","鹿児島県霧島市隼人町内2496番地","","宗教法人鹿児島神宮","","31.75374444000000","130.73808889000000","102-shrine"
"102","3636","霧島神宮","勅使殿","国宝・重要文化財（建造物）","重要文化財","近世以前／神社","","江戸中期","19890519","","鹿児島県","鹿児島県霧島市霧島田口","","霧島神宮","","31.85872550000000","130.87141455000000","102-shrine"
"102","3635","霧島神宮","登廊下","国宝・重要文化財（建造物）","重要文化財","近世以前／神社","","江戸中期","19890519","","鹿児島県","鹿児島県霧島市霧島田口","","霧島神宮","","31.85878689000000","130.87150760000000","102-shrine"
"102","3634","霧島神宮　本殿・幣殿・拝殿","","国宝・重要文化財（建造物）","国宝","近世以前／神社","","江戸中期","19890519","20220209","鹿児島県","鹿児島県霧島市霧島田口2608番地5
","","宗教法人霧島神宮
","","31.85892971000000","130.87172195000000","102-shrine"
"102","3633","箱崎神社本殿","","国宝・重要文化財（建造物）","重要文化財","近世以前／神社","","室町後期","19890519","","鹿児島県","鹿児島県伊佐市菱刈市山","","箱崎神社","","32.04929232000000","130.63951629000000","102-shrine"
"102","3629","八幡神社本殿","","国宝・重要文化財（建造物）","重要文化財","近世以前／神社","","室町後期","19490530","","鹿児島県","鹿児島県伊佐市大口大田","","八幡神社","","32.08303457000000","130.59813897000000","102-shrine"
"102","3657","権現堂","神殿","国宝・重要文化財（建造物）","重要文化財","近世以前／神社","","江戸後期","19810605","","沖縄県","沖縄県石垣市字石垣285番地","","石垣市","","24.34354062000000","124.15595924000000","102-shrine"
"102","3658","権現堂","拝殿","国宝・重要文化財（建造物）","重要文化財","近世以前／神社","","江戸後期","19810605","","沖縄県","沖縄県石垣市字石垣285番地","","石垣市","","24.34354062000000","124.15595924000000","102-shrine"
"102","40","正行寺本堂","","国宝・重要文化財（建造物）","重要文化財","近世以前／寺院","","江戸後期","19920121","","北海道","北海道厚岸郡厚岸町梅香町","","正行寺","","43.03596184000000","144.84669424000000","102-temple"
"102","37","上國寺本堂","","国宝・重要文化財（建造物）","重要文化財","近世以前／寺院","","江戸後期","19930420","","北海道","北海道檜山郡上ノ国町字勝山","","上国寺","","41.80337205000000","140.10331830000000","102-temple"
"102","31","法源寺山門","","国宝・重要文化財（建造物）","重要文化財","近世以前／寺院","","江戸中期","19930420","","北海道","北海道松前郡松前町字松城","","法源寺","","41.43151527000000","140.10755473000000","102-temple"
"102","28","龍雲院","惣門","国宝・重要文化財（建造物）","重要文化財","近世以前／寺院","","江戸末期","19920121","","北海道","北海道松前郡松前町字松城","","龍雲院","","41.43099663000000","140.10703993000000","102-temple"
"102","30","龍雲院","土蔵","国宝・重要文化財（建造物）","重要文化財","近世以前／寺院","","江戸末期","19920121","","北海道","北海道松前郡松前町字松城","","龍雲院","","41.43102632000000","140.10734729000000","102-temple"
"102","29","龍雲院","鐘楼","国宝・重要文化財（建造物）","重要文化財","近世以前／寺院","","江戸末期","19920121","","北海道","北海道松前郡松前町字松城","","龍雲院","","41.43111888000000","140.10691069000000","102-temple"
"102","27","龍雲院","庫裏","国宝・重要文化財（建造物）","重要文化財","近世以前／寺院","","江戸末期","19920121","","北海道","北海道松前郡松前町字松城","","龍雲院","","41.43130226000000","140.10726347000000","102-temple"
"102","26","龍雲院","本堂","国宝・重要文化財（建造物）","重要文化財","近世以前／寺院","","江戸末期","19920121","","北海道","北海道松前郡松前町字松城","","龍雲院","","41.43131623000000","140.10701897000000","102-temple"
"102","80","岩木山神社拝殿","","国宝・重要文化財（建造物）","重要文化財","近世以前／寺院","","桃山","19080423","","青森県","青森県弘前市百沢","","岩木山神社","","40.62153196000000","140.34108105000000","102-temple"
"102","79","円覚寺薬師堂内厨子","","国宝・重要文化財（建造物）","重要文化財","近世以前／寺院","","室町後期","19530829","","青森県","青森県西津軽郡深浦町大字深浦","円覚寺","円覚寺","","40.64233309000000","139.92287183000000","102-temple"
"102","65","革秀寺本堂","","国宝・重要文化財（建造物）","重要文化財","近世以前／寺院","","桃山","19930817","","青森県","青森県弘前市大字藤代一丁目","","革秀寺","","40.61271881000000","140.45011663000000","102-temple"
"102","41","最勝院五重塔","","国宝・重要文化財（建造物）","重要文化財","近世以前／寺院","","江戸中期","19080423","","青森県","青森県弘前市大字銅屋町","","最勝院","","40.59704513000000","140.46896440000000","102-temple"
"102","62","誓願寺山門","","国宝・重要文化財（建造物）","重要文化財","近世以前／寺院","","江戸中期","19380826","","青森県","青森県弘前市大字新町","","誓願寺","","40.60998751000000","140.45747951000000","102-temple"
"102","70","清水寺観音堂","","国宝・重要文化財（建造物）","重要文化財","近世以前／寺院","","桃山","19800126","","青森県","青森県八戸市大字是川","","清水寺","","40.47160083000000","141.49014948000000","102-temple"
"102","49","長勝寺","本堂","国宝・重要文化財（建造物）","重要文化財","近世以前／寺院","","桃山","19930817","","青森県","青森県弘前市大字西茂森一丁目","","長勝寺","","40.59874366000000","140.45065986000000","102-temple"
"102","50","長勝寺","庫裏","国宝・重要文化財（建造物）","重要文化財","近世以前／寺院","","江戸前期","19930817","","青森県","青森県弘前市大字西茂森一丁目","","長勝寺","","40.59893851000000","140.45100134000000","102-temple"
"102","42","長勝寺三門","","国宝・重要文化財（建造物）","重要文化財","近世以前／寺院","","江戸前期","19360918","","青森県","青森県弘前市大字西茂森一丁目","","長勝寺","","40.59873909000000","140.45144916000000","102-temple"
"102","43","長勝寺御影堂","","国宝・重要文化財（建造物）","重要文化財","近世以前／寺院","","江戸前期","19860122","","青森県","青森県弘前市大字西茂森一丁目","","長勝寺","","40.59870771000000","140.45033131000000","102-temple"
"102","110","金色堂覆堂","","国宝・重要文化財（建造物）","重要文化財","近世以前／寺院","","室町中期","19170405","","岩手県","岩手県西磐井郡平泉町平泉","","金色院","宗教法人中尊寺","39.00206866000000","141.09920031000000","102-temple"
"102","99","正法寺","惣門","国宝・重要文化財（建造物）","重要文化財","近世以前／寺院","","江戸中期","19900911","","岩手県","岩手県奥州市水沢区黒石町","","正法寺","","39.06746346000000","141.22412021000000","102-temple"
"102","98","正法寺","庫裏","国宝・重要文化財（建造物）","重要文化財","近世以前／寺院","","江戸後期","19900911","","岩手県","岩手県奥州市水沢区黒石町","","正法寺","","39.06754208000000","141.22488965000000","102-temple"
"102","97","正法寺","本堂","国宝・重要文化財（建造物）","重要文化財","近世以前／寺院","","江戸後期","19900911","","岩手県","岩手県奥州市水沢区黒石町","","正法寺","","39.06812004000000","141.22491826000000","102-temple"
"102","111","中尊寺経蔵","","国宝・重要文化財（建造物）","重要文化財","近世以前／寺院","","平安後期","19080423","","岩手県","岩手県西磐井郡平泉町平泉","","大長寿院","宗教法人中尊寺","39.00154415000000","141.09951737000000","102-temple"
"102","109","中尊寺金色堂","","国宝・重要文化財（建造物）","国宝","近世以前／寺院","","平安後期","18971228","19510609","岩手県","岩手県西磐井郡平泉町平泉","","金色院","宗教法人中尊寺","39.00127743000000","141.09985301000000","102-temple"
"102","115","天台寺","仁王門","国宝・重要文化財（建造物）","重要文化財","近世以前／寺院","","江戸前期","19900911","","岩手県","岩手県二戸市浄法寺町御山","","天台寺","","40.19772688000000","141.18638164000000","102-temple"
"102","114","天台寺","本堂","国宝・重要文化財（建造物）","重要文化財","近世以前／寺院","","江戸前期","19900911","","岩手県","岩手県二戸市浄法寺町御山","","天台寺","","40.19832723000000","141.18656037000000","102-temple"
"102","108","毘沙門堂","","国宝・重要文化財（建造物）","重要文化財","近世以前／寺院","","室町後期","19900911","","岩手県","岩手県花巻市東和町北成島","","毘沙門堂","","39.36605541000000","141.19818162000000","102-temple"
"102","126","高蔵寺阿弥陀堂","","国宝・重要文化財（建造物）","重要文化財","近世以前／寺院","","平安後期","19080423","","宮城県","宮城県角田市高倉","","高蔵寺","","37.99992304000000","140.71827563000000","102-temple"
"102","133","瑞巖寺御成門","","国宝・重要文化財（建造物）","重要文化財","近世以前／寺院","","桃山","19000407","","宮城県","宮城県宮城郡松島町松島","","瑞巖寺","","38.37176809000000","141.05980943000000","102-temple"
"102","136","瑞巖寺庫裏及び廊下","庫裏","国宝・重要文化財（建造物）","国宝","近世以前／寺院","","桃山","19030415","19590627","宮城県","宮城県宮城郡松島町松島","","瑞巖寺","","38.37223258000000","141.06018359000000","102-temple"
"102","137","瑞巖寺庫裏及び廊下","廊下","国宝・重要文化財（建造物）","国宝","近世以前／寺院","","桃山","19030415","19590627","宮城県","宮城県宮城郡松島町松島","","瑞巖寺","","38.37228128000000","141.05989735000000","102-temple"
"102","135","瑞巖寺五大堂","","国宝・重要文化財（建造物）","重要文化財","近世以前／寺院","","桃山","19010327","","宮城県","宮城県宮城郡松島町松島","","瑞巖寺","","38.36971887000000","141.06417316000000","102-temple"
"102","134","瑞巖寺中門","","国宝・重要文化財（建造物）","重要文化財","近世以前／寺院","","桃山","19000407","","宮城県","宮城県宮城郡松島町松島","","瑞巖寺","","38.37192678000000","141.05991502000000","102-temple"
"102","132","瑞巖寺本堂（元方丈）","","国宝・重要文化財（建造物）","国宝","近世以前／寺院","","桃山","19000407","19530331","宮城県","宮城県宮城郡松島町松島","","瑞巖寺","","38.37213496000000","141.05957674000000","102-temple"
"102","123","陸奥国分寺薬師堂","","国宝・重要文化財（建造物）","重要文化財","近世以前／寺院","","桃山","19030415","","宮城県","宮城県仙台市若林区木ノ下","","陸奥国分寺","","38.25130000000000","140.90278373000000","102-temple"
"102","154","天徳寺","総門","国宝・重要文化財（建造物）","重要文化財","近世以前／寺院","","桃山","19900319","","秋田県","秋田県秋田市泉三嶽根","","天徳寺","","39.73769451000000","140.11891084000000","102-temple"
"102","153","天徳寺","山門","国宝・重要文化財（建造物）","重要文化財","近世以前／寺院","","江戸中期","19900319","","秋田県","秋田県秋田市泉三嶽根","","天徳寺","","39.73828390000000","140.11952489000000","102-temple"
"102","152","天徳寺","書院","国宝・重要文化財（建造物）","重要文化財","近世以前／寺院","","江戸後期","19900319","","秋田県","秋田県秋田市泉三嶽根","","天徳寺","","39.73865008000000","140.12032131000000","102-temple"
"102","151","天徳寺","本堂","国宝・重要文化財（建造物）","重要文化財","近世以前／寺院","","江戸中期","19900319","","秋田県","秋田県秋田市泉三嶽根","","天徳寺","","39.73866812000000","140.12001659000000","102-temple"
"102","204","阿弥陀堂（白水阿弥陀堂）","","国宝・重要文化財（建造物）","国宝","近世以前／寺院","","平安後期","19020731","19520329","福島県","福島県いわき市内郷白水町広畑","","願成寺","","37.03651945000000","140.83728373000000","102-temple"
"102","219","恵隆寺観音堂","","国宝・重要文化財（建造物）","重要文化財","近世以前／寺院","","鎌倉後期","19040218","","福島県","福島県河沼郡会津坂下町大字塔寺字松原","","恵隆寺","","37.57481474000000","139.79936202000000","102-temple"
"102","214","円満寺観音堂","","国宝・重要文化財（建造物）","重要文化財","近世以前／寺院","","室町後期","19660805","","福島県","福島県耶麻郡西会津町下谷字宮ノ後","","円満寺","","37.54446414000000","139.66770217000000","102-temple"
"102","223","延命寺地蔵堂","","国宝・重要文化財（建造物）","重要文化財","近世以前／寺院","","室町中期","19030415","","福島県","福島県会津若松市河東町大字倉橋字藤倉","","延命寺","","37.53400134000000","139.93187734000000","102-temple"
"102","222","奥之院弁天堂","","国宝・重要文化財（建造物）","重要文化財","近世以前／寺院","","室町後期","19170405","","福島県","福島県河沼郡柳津町大字柳津字門前町","","奥之院","","37.53197409000000","139.72701922000000","102-temple"
"102","211","観音堂","","国宝・重要文化財（建造物）","重要文化財","近世以前／寺院","","室町前期","19600609","","福島県","福島県南会津郡下郷町大字観音前","","旭田寺","","37.25565193000000","139.87209790000000","102-temple"
"102","202","旧正宗寺三匝堂","","国宝・重要文化財（建造物）","重要文化財","近世以前／寺院","","江戸後期","19950627","","福島県","福島県会津若松市一箕町大字八幡字弁天下1404番2","","","","37.50447729000000","139.95390230000000","102-temple"
"102","228","弘安寺旧観音堂厨子","","国宝・重要文化財（建造物）","重要文化財","近世以前／寺院","","鎌倉後期","19600609","","福島県","福島県大沼郡会津美里町大字米田字堂ノ後","","弘安寺","","37.50223670000000","139.82265691000000","102-temple"
"102","221","勝常寺薬師堂","","国宝・重要文化財（建造物）","重要文化財","近世以前／寺院","","室町前期","19030415","","福島県","福島県河沼郡湯川村大字勝常字代舞","","勝常寺","","37.56350274000000","139.87002336000000","102-temple"
"102","227","常福院薬師堂","","国宝・重要文化財（建造物）","重要文化財","近世以前／寺院","","室町中期","19040218","","福島県","福島県大沼郡会津美里町大字新屋敷字山王塚","","常福院","","37.52199471000000","139.83426804000000","102-temple"
"102","208","勝福寺観音堂","","国宝・重要文化財（建造物）","重要文化財","近世以前／寺院","","室町後期","19820611","","福島県","福島県喜多方市関柴町","","勝福寺","","37.64823733000000","139.89685973000000","102-temple"
"102","212","成法寺観音堂","","国宝・重要文化財（建造物）","重要文化財","近世以前／寺院","","室町後期","19630701","","福島県","福島県南会津郡只見町大字梁取字仏地","","成法寺","","37.29495831000000","139.47565799000000","102-temple"
"102","00003846","専称寺","本堂","国宝・重要文化財（建造物）","重要文化財","近世以前／寺院","","江戸中期","20040706","","福島県","福島県いわき市平山崎字梅福山","","専称寺","","37.05708017000000","140.92653659000000","102-temple"
"102","00003847","専称寺","庫裏","国宝・重要文化財（建造物）","重要文化財","近世以前／寺院","","江戸中期","20040706","","福島県","福島県いわき市平山崎字梅福山","","専称寺","","37.05730953000000","140.92660158000000","102-temple"
"102","00003848","専称寺","総門","国宝・重要文化財（建造物）","重要文化財","近世以前／寺院","","江戸中期","20040706","","福島県","福島県いわき市平山崎字梅福山","","専称寺","","37.05770601000000","140.92793501000000","102-temple"
"102","231","堂山王子神社本殿","","国宝・重要文化財（建造物）","重要文化財","近世以前／寺院","","室町後期","19170405","","福島県","福島県田村市船引町大字門沢字堂山","","堂山王子神社","","37.38028535000000","140.58336182000000","102-temple"
"102","224","八葉寺阿弥陀堂","","国宝・重要文化財（建造物）","重要文化財","近世以前／寺院","","桃山","19040218","","福島県","福島県会津若松市河東町大字広野字権現塚","","八葉寺","","37.56265649000000","139.93311666000000","102-temple"
"102","226","福生寺観音堂","","国宝・重要文化財（建造物）","重要文化財","近世以前／寺院","","室町後期","19790203","","福島県","福島県大沼郡会津美里町大字冨川","","福生寺","","37.44112602000000","139.84525950000000","102-temple"
"102","225","法用寺本堂内厨子及び仏壇","","国宝・重要文化財（建造物）","重要文化財","近世以前／寺院","","鎌倉後期","19600609","","福島県","福島県大沼郡会津美里町大字雀林字3番山下","","法用寺","","37.48823361000000","139.81418050000000","102-temple"
"102","197","観音寺観音堂","","国宝・重要文化財（建造物）","重要文化財","近世以前／寺院","","室町後期","19530331","","山形県","山形県西置賜郡白鷹町大字深山","","観音寺","","38.21767808000000","140.07002656000000","102-temple"
"102","00005874","幸徳院観音堂","","国宝・重要文化財（建造物）","重要文化財","近世以前／寺院","","江戸末期","20260115","","山形県","山形県米沢市笹野本町","","幸徳院","","37.87981944000000","140.09591667000000","102-temple"
"102","183","旧松應寺観音堂","","国宝・重要文化財（建造物）","重要文化財","近世以前／寺院","","室町後期","19861220","","山形県","山形県山形市蔵王半郷字松尾山","","","","38.18406004000000","140.32402131000000","102-temple"
"102","199","羽黒山五重塔","","国宝・重要文化財（建造物）","国宝","近世以前／寺院","","室町前期","19080423","19660611","山形県","山形県鶴岡市羽黒町大字手向","","月山神社
出羽神社
湯殿山神社","","38.70478301000000","139.96762620000000","102-temple"
"102","198","羽黒山正善院黄金堂","","国宝・重要文化財（建造物）","重要文化財","近世以前／寺院","","桃山","19080423","","山形県","山形県鶴岡市羽黒町大字手向","","羽黒山正善院","","38.71552557000000","139.95805073000000","102-temple"
"102","192","本山慈恩寺本堂","","国宝・重要文化財（建造物）","重要文化財","近世以前／寺院","","江戸前期","19080423","","山形県","山形県寒河江市大字慈恩寺","","本山慈恩寺","","38.41024585000000","140.25081582000000","102-temple"
"102","177","立石寺三重小塔","","国宝・重要文化財（建造物）","重要文化財","近世以前／寺院","","室町後期","19520719","","山形県","山形県山形市大字山寺","","立石寺","","38.31499283000000","140.43413135000000","102-temple"
"102","176","立石寺中堂","","国宝・重要文化財（建造物）","重要文化財","近世以前／寺院","","室町中期","19080423","","山形県","山形県山形市大字山寺","","立石寺","","38.31259495000000","140.43739009000000","102-temple"
"102","194","若松寺観音堂","","国宝・重要文化財（建造物）","重要文化財","近世以前／寺院","","室町後期","19630701","","山形県","山形県天童市大字山元","","若松寺","","38.36317337000000","140.41936142000000","102-temple"
"102","392","円通寺表門","","国宝・重要文化財（建造物）","重要文化財","近世以前／寺院","","室町後期","19160524","","栃木県","栃木県芳賀郡益子町大字大沢","","円通寺","","36.48680636000000","140.12379284000000","102-temple"
"102","389","西明寺三重塔","","国宝・重要文化財（建造物）","重要文化財","近世以前／寺院","","室町後期","19080801","","栃木県","栃木県芳賀郡益子町大字益子","","西明寺","","36.45250106000000","140.11716170000000","102-temple"
"102","391","西明寺本堂内厨子","","国宝・重要文化財（建造物）","重要文化財","近世以前／寺院","","室町中期","19620621","","栃木県","栃木県芳賀郡益子町大字益子","","西明寺","","36.45280842000000","140.11737965000000","102-temple"
"102","390","西明寺楼門","","国宝・重要文化財（建造物）","重要文化財","近世以前／寺院","","室町後期","19080801","","栃木県","栃木県芳賀郡益子町大字益子","","西明寺","","36.45247871000000","140.11702758000000","102-temple"
"102","395","地蔵院本堂","","国宝・重要文化財（建造物）","重要文化財","近世以前／寺院","","室町後期","19160524","","栃木県","栃木県芳賀郡益子町大字上大羽","","地蔵院","","36.45073730000000","140.13892258000000","102-temple"
"102","388","専修寺","総門","国宝・重要文化財（建造物）","重要文化財","近世以前／寺院","","江戸前期","19810605","","栃木県","栃木県真岡市高田","","専修寺","","36.39346682000000","140.02379223000000","102-temple"
"102","387","専修寺","楼門","国宝・重要文化財（建造物）","重要文化財","近世以前／寺院","","江戸中期","19810605","","栃木県","栃木県真岡市高田","","専修寺","","36.39352794000000","140.02321320000000","102-temple"
"102","386","専修寺","如来堂","国宝・重要文化財（建造物）","重要文化財","近世以前／寺院","","江戸中期","19810605","","栃木県","栃木県真岡市高田","","専修寺","","36.39362744000000","140.02272438000000","102-temple"
"102","385","専修寺","御影堂","国宝・重要文化財（建造物）","重要文化財","近世以前／寺院","","江戸中期","19810605","","栃木県","栃木県真岡市高田","","専修寺","","36.39422073000000","140.02324593000000","102-temple"
"102","00004991","大雄寺","本堂","国宝・重要文化財（建造物）","重要文化財","近世以前／寺院","","江戸中期","20170731","","栃木県","栃木県大田原市黒羽田町字黒羽山","","大雄寺","","36.87076944000000","140.01560250000000","102-temple"
"102","00004992","大雄寺","庫裏","国宝・重要文化財（建造物）","重要文化財","近世以前／寺院","","江戸末期","20170731","","栃木県","栃木県大田原市黒羽田町字黒羽山","","大雄寺","","36.87076944000000","140.01560250000000","102-temple"
"102","00004993","大雄寺","禅堂","国宝・重要文化財（建造物）","重要文化財","近世以前／寺院","","江戸中期","20170731","","栃木県","栃木県大田原市黒羽田町字黒羽山","","大雄寺","","36.87076944000000","140.01560250000000","102-temple"
"102","00004994","大雄寺","鐘楼","国宝・重要文化財（建造物）","重要文化財","近世以前／寺院","","江戸中期","20170731","","栃木県","栃木県大田原市黒羽田町字黒羽山","","大雄寺","","36.87076944000000","140.01560250000000","102-temple"
"102","00004995","大雄寺","経蔵","国宝・重要文化財（建造物）","重要文化財","近世以前／寺院","","江戸中期","20170731","","栃木県","栃木県大田原市黒羽田町字黒羽山","","大雄寺","","36.87076944000000","140.01560250000000","102-temple"
"102","00004996","大雄寺","総門","国宝・重要文化財（建造物）","重要文化財","近世以前／寺院","","江戸末期","20170731","","栃木県","栃木県大田原市黒羽田町字黒羽山","","大雄寺","","36.87076944000000","140.01560250000000","102-temple"
"102","00004997","大雄寺","北東廻廊","国宝・重要文化財（建造物）","重要文化財","近世以前／寺院","","江戸末期","20170731","","栃木県","栃木県大田原市黒羽田町字黒羽山","","大雄寺","","36.87076944000000","140.01560250000000","102-temple"
"102","00004998","大雄寺","南東廻廊","国宝・重要文化財（建造物）","重要文化財","近世以前／寺院","","江戸末期","20170731","","栃木県","栃木県大田原市黒羽田町字黒羽山","","大雄寺","","36.87076944000000","140.01560250000000","102-temple"
"102","00004999","大雄寺","南西廻廊","国宝・重要文化財（建造物）","重要文化財","近世以前／寺院","","江戸末期","20170731","","栃木県","栃木県大田原市黒羽田町字黒羽山","","大雄寺","","36.87076944000000","140.01560250000000","102-temple"
"102","308","東照宮","御旅所神饌所","国宝・重要文化財（建造物）","重要文化財","近世以前／神社","","江戸中期","19440905","","栃木県","栃木県日光市山内","","東照宮","","36.75354846000000","139.60300526000000","102-temple"
"102","307","東照宮","御旅所拝殿","国宝・重要文化財（建造物）","重要文化財","近世以前／神社","","江戸中期","19440905","","栃木県","栃木県日光市山内","","東照宮","","36.75360059000000","139.60325776000000","102-temple"
"102","306","東照宮","御旅所本殿","国宝・重要文化財（建造物）","重要文化財","近世以前／神社","","江戸中期","19440905","","栃木県","栃木県日光市山内","","東照宮","","36.75365435000000","139.60341577000000","102-temple"
"102","291","東照宮","石鳥居","国宝・重要文化財（建造物）","重要文化財","近世以前／神社","","江戸前期","19080801","","栃木県","栃木県日光市山内","","東照宮","","36.75643516000000","139.59959403000000","102-temple"
"102","304","東照宮","仮殿鳥居","国宝・重要文化財（建造物）","重要文化財","近世以前／神社","","江戸前期","19440905","","栃木県","栃木県日光市山内","","東照宮","","36.75647046000000","139.60026906000000","102-temple"
"102","301","東照宮","仮殿唐門","国宝・重要文化財（建造物）","重要文化財","近世以前／神社","","江戸前期","19440905","","栃木県","栃木県日光市山内","","東照宮","","36.75667261000000","139.60023874000000","102-temple"
"102","302","東照宮","仮殿掖門及び透塀　（掖門）","国宝・重要文化財（建造物）","重要文化財","近世以前／神社","","江戸前期","19440905","","栃木県","栃木県日光市山内","","東照宮","","36.75678716000000","139.60009919000000","102-temple"
"102","300","東照宮","仮殿本殿、仮殿相の間、仮殿拝殿","国宝・重要文化財（建造物）","重要文化財","近世以前／神社","","江戸前期","19440905","","栃木県","栃木県日光市山内","","東照宮","","36.75679854000000","139.60020237000000","102-temple"
"102","303","東照宮","仮殿掖門及び透塀　（透塀）","国宝・重要文化財（建造物）","重要文化財","近世以前／神社","","江戸前期","19440905","","栃木県","栃木県日光市山内","","東照宮","","36.75682086000000","139.60031182000000","102-temple"
"102","289","東照宮","表門","国宝・重要文化財（建造物）","重要文化財","近世以前／神社","","江戸前期","19080801","","栃木県","栃木県日光市山内","","東照宮","","36.75697635000000","139.59940928000000","102-temple"
"102","288","東照宮","神厩","国宝・重要文化財（建造物）","重要文化財","近世以前／神社","","江戸前期","19080801","","栃木県","栃木県日光市山内","","東照宮","","36.75705496000000","139.59903304000000","102-temple"
"102","286","東照宮","下神庫","国宝・重要文化財（建造物）","重要文化財","近世以前／神社","","江戸前期","19080801","","栃木県","栃木県日光市山内","","東照宮","","36.75718878000000","139.59946671000000","102-temple"
"102","287","東照宮","水屋","国宝・重要文化財（建造物）","重要文化財","近世以前／神社","","江戸前期","19080801","","栃木県","栃木県日光市山内","","東照宮","","36.75724701000000","139.59866467000000","102-temple"
"102","284","東照宮","上神庫","国宝・重要文化財（建造物）","重要文化財","近世以前／神社","","江戸前期","19080801","","栃木県","栃木県日光市山内","","東照宮","","36.75738441000000","139.59903825000000","102-temple"
"102","285","東照宮","中神庫","国宝・重要文化財（建造物）","重要文化財","近世以前／神社","","江戸前期","19080801","","栃木県","栃木県日光市山内","","東照宮","","36.75740462000000","139.59933061000000","102-temple"
"102","275","東照宮","神楽殿","国宝・重要文化財（建造物）","重要文化財","近世以前／神社","","江戸前期","19080801","","栃木県","栃木県日光市山内","","東照宮","","36.75776813000000","139.59901507000000","102-temple"
"102","276","東照宮","神輿舎","国宝・重要文化財（建造物）","重要文化財","近世以前／神社","","江戸前期","19080801","","栃木県","栃木県日光市山内","","東照宮","","36.75780407000000","139.59848946000000","102-temple"
"102","292","東照宮","坂下門","国宝・重要文化財（建造物）","重要文化財","近世以前／神社","","江戸前期","19080801","","栃木県","栃木県日光市山内","","東照宮","","36.75787296000000","139.59921564000000","102-temple"
"102","274","東照宮","上社務所","国宝・重要文化財（建造物）","重要文化財","近世以前／神社","","江戸前期","19080801","","栃木県","栃木県日光市山内","","東照宮","","36.75790268000000","139.59909355000000","102-temple"
"102","298","東照宮","奥社鳥居","国宝・重要文化財（建造物）","重要文化財","近世以前／神社","","江戸中期","19440905","","栃木県","栃木県日光市山内","","東照宮","","36.75874063000000","139.59856463000000","102-temple"
"102","297","東照宮","奥社銅神庫","国宝・重要文化財（建造物）","重要文化財","近世以前／神社","","江戸前期","19440905","","栃木県","栃木県日光市山内","","東照宮","","36.75878984000000","139.59857673000000","102-temple"
"102","296","東照宮","奥社拝殿","国宝・重要文化財（建造物）","重要文化財","近世以前／神社","","江戸前期","19080801","","栃木県","栃木県日光市山内","","東照宮","","36.75891770000000","139.59848050000000","102-temple"
"102","295","東照宮","奥社石玉垣","国宝・重要文化財（建造物）","重要文化財","近世以前／神社","","江戸前期","19440905","","栃木県","栃木県日光市山内","","東照宮","","36.75903130000000","139.59859077000000","102-temple"
"102","299","東照宮","奥社石柵","国宝・重要文化財（建造物）","重要文化財","近世以前／神社","","江戸前期","19440905","","栃木県","栃木県日光市山内","","東照宮","","36.75916381000000","139.59849401000000","102-temple"
"102","290","東照宮","五重塔","国宝・重要文化財（建造物）","重要文化財","近世以前／寺院","","江戸後期","19080801","","栃木県","栃木県日光市山内","","東照宮","","36.75651327000000","139.59916805000000","102-temple"
"102","305","東照宮","仮殿鐘楼","国宝・重要文化財（建造物）","重要文化財","近世以前／寺院","","江戸前期","19440905","","栃木県","栃木県日光市山内","","東照宮","","36.75655806000000","139.60005005000000","102-temple"
"102","283","東照宮","経蔵","国宝・重要文化財（建造物）","重要文化財","近世以前／寺院","","江戸前期","19080801","","栃木県","栃木県日光市山内","","","財団法人日光社寺文化財保存会","36.75737954000000","139.59852091000000","102-temple"
"102","281","東照宮","鼓楼","国宝・重要文化財（建造物）","重要文化財","近世以前／寺院","","江戸前期","19080801","","栃木県","栃木県日光市山内","","東照宮","","36.75755250000000","139.59854786000000","102-temple"
"102","280","東照宮","鐘楼","国宝・重要文化財（建造物）","重要文化財","近世以前／寺院","","江戸前期","19080801","","栃木県","栃木県日光市山内","","東照宮","","36.75757047000000","139.59894769000000","102-temple"
"102","282","東照宮","本地堂","国宝・重要文化財（建造物）","重要文化財","近世以前／寺院","","江戸前期","19080801","","栃木県","栃木県日光市山内","","","財団法人日光社寺文化財保存会","36.75760191000000","139.59819296000000","102-temple"
"102","294","東照宮","奥社唐門","国宝・重要文化財（建造物）","重要文化財","近世以前／その他","","江戸前期","19080801","","栃木県","栃木県日光市山内","","東照宮","","36.75899464000000","139.59849075000000","102-temple"
"102","293","東照宮","奥社宝塔","国宝・重要文化財（建造物）","重要文化財","近世以前／その他","","江戸中期","19080801","","栃木県","栃木県日光市山内","","東照宮","","36.75906271000000","139.59849105000000","102-temple"
"102","268","鑁阿寺経堂","","国宝・重要文化財（建造物）","重要文化財","近世以前／寺院","","江戸前期","19841228","","栃木県","栃木県足利市家富町","","鑁阿寺","","36.33759621000000","139.45168648000000","102-temple"
"102","267","鑁阿寺鐘楼","","国宝・重要文化財（建造物）","重要文化財","近世以前／寺院","","鎌倉後期","19080801","","栃木県","栃木県足利市家富町","","鑁阿寺","","36.33704093000000","139.45253969000000","102-temple"
"102","266","鑁阿寺本堂","","国宝・重要文化財（建造物）","国宝","近世以前／寺院","","鎌倉後期","19080801","20130807","栃木県","栃木県足利市家富町","","鑁阿寺","","36.33754921000000","139.45226988000000","102-temple"
"102","378","二荒山神社","別宮本宮神社鳥居","国宝・重要文化財（建造物）","重要文化財","近世以前／神社","","江戸後期","19730602","","栃木県","栃木県日光市山内","","二荒山神社","","36.75412186000000","139.60455885000000","102-temple"
"102","377","二荒山神社","別宮本宮神社拝殿","国宝・重要文化財（建造物）","重要文化財","近世以前／神社","","江戸中期","19730602","","栃木県","栃木県日光市山内","","二荒山神社","","36.75446126000000","139.60449054000000","102-temple"
"102","375","二荒山神社","末社朋友神社本殿","国宝・重要文化財（建造物）","重要文化財","近世以前／神社","","江戸後期","19730602","","栃木県","栃木県日光市山内","","二荒山神社","","36.75877005000000","139.59599212000000","102-temple"
"102","376","二荒山神社","末社日枝神社本殿","国宝・重要文化財（建造物）","重要文化財","近世以前／寺院","","江戸前期","19730602","","栃木県","栃木県日光市山内","","二荒山神社","","36.75835959000000","139.59600126000000","102-temple"
"102","373","二荒山神社","神輿舎","国宝・重要文化財（建造物）","重要文化財","近世以前／寺院","","江戸前期","19730602","","栃木県","栃木県日光市山内","","二荒山神社","","36.75849284000000","139.59595194000000","102-temple"
"102","374","二荒山神社","大国殿","国宝・重要文化財（建造物）","重要文化財","近世以前／寺院","","江戸中期","19730602","","栃木県","栃木県日光市山内","","二荒山神社","","36.75858868000000","139.59607470000000","102-temple"
"102","344","輪王寺","児玉堂","国宝・重要文化財（建造物）","重要文化財","近世以前／神社","","江戸前期","19440905","","栃木県","栃木県日光市山内","","輪王寺","","36.75640122000000","139.60336755000000","102-temple"
"102","340","輪王寺","慈眼堂拝殿","国宝・重要文化財（建造物）","重要文化財","近世以前／神社","","江戸前期","19440905","","栃木県","栃木県日光市山内","","輪王寺","","36.75710105000000","139.59525360000000","102-temple"
"102","334","輪王寺","本坊表門","国宝・重要文化財（建造物）","重要文化財","近世以前／寺院","","江戸中期","19440905","","栃木県","栃木県日光市山内","","輪王寺","","36.75456226000000","139.60008506000000","102-temple"
"102","346","輪王寺","観音堂","国宝・重要文化財（建造物）","重要文化財","近世以前／寺院","","江戸中期","19730602","","栃木県","栃木県日光市山内","","輪王寺","","36.75489099000000","139.60426685000000","102-temple"
"102","347","輪王寺","三重塔","国宝・重要文化財（建造物）","重要文化財","近世以前／寺院","","江戸中期","19730602","","栃木県","栃木県日光市山内","","輪王寺","","36.75493131000000","139.60446844000000","102-temple"
"102","332","輪王寺","本堂（三仏堂）","国宝・重要文化財（建造物）","重要文化財","近世以前／寺院","","江戸前期","19170405","","栃木県","栃木県日光市山内","","輪王寺","","36.75513754000000","139.60043468000000","102-temple"
"102","345","輪王寺","護法天堂","国宝・重要文化財（建造物）","重要文化財","近世以前／寺院","","江戸前期","19730602","","栃木県","栃木県日光市山内","","輪王寺","","36.75556362000000","139.60048514000000","102-temple"
"102","343","輪王寺","慈眼堂阿弥陀堂","国宝・重要文化財（建造物）","重要文化財","近世以前／寺院","","江戸前期","19440905","","栃木県","栃木県日光市山内","","輪王寺","","36.75682541000000","139.59515143000000","102-temple"
"102","342","輪王寺","慈眼堂鐘楼","国宝・重要文化財（建造物）","重要文化財","近世以前／寺院","","江戸前期","19440905","","栃木県","栃木県日光市山内","","輪王寺","","36.75682862000000","139.59535180000000","102-temple"
"102","341","輪王寺","慈眼堂経蔵","国宝・重要文化財（建造物）","重要文化財","近世以前／寺院","","江戸前期","19440905","","栃木県","栃木県日光市山内","","輪王寺","","36.75693874000000","139.59536015000000","102-temple"
"102","336","輪王寺","常行堂","国宝・重要文化財（建造物）","重要文化財","近世以前／寺院","","江戸前期","19440905","","栃木県","栃木県日光市山内","","輪王寺","","36.75760561000000","139.59634509000000","102-temple"
"102","338","輪王寺","常行堂法華堂渡廊","国宝・重要文化財（建造物）","重要文化財","近世以前／寺院","","江戸前期","19440905","","栃木県","栃木県日光市山内","","輪王寺","","36.75771373000000","139.59612370000000","102-temple"
"102","337","輪王寺","法華堂","国宝・重要文化財（建造物）","重要文化財","近世以前／寺院","","江戸前期","19440905","","栃木県","栃木県日光市山内","","輪王寺","","36.75782700000000","139.59602073000000","102-temple"
"102","348","輪王寺","大猷院霊廟別当所竜光院","国宝・重要文化財（建造物）","重要文化財","近世以前／寺院","","江戸中期","19730602","","栃木県","栃木県日光市山内","","輪王寺","","36.75913683000000","139.59466080000000","102-temple"
"102","335","輪王寺","開山堂","国宝・重要文化財（建造物）","重要文化財","近世以前／寺院","","江戸中期","19440905","","栃木県","栃木県日光市山内","","輪王寺","","36.75969609000000","139.59922952000000","102-temple"
"102","333","輪王寺","相輪橖","国宝・重要文化財（建造物）","重要文化財","近世以前／その他","","江戸前期","19170813","","栃木県","栃木県日光市山内","","輪王寺","","36.75522977000000","139.60000010000000","102-temple"
"102","339","輪王寺","慈眼堂廟塔","国宝・重要文化財（建造物）","重要文化財","近世以前／その他","","江戸前期","19440905","","栃木県","栃木県日光市山内","","輪王寺","","36.75725459000000","139.59524875000000","102-temple"
"102","315","輪王寺大猷院霊廟","御供所","国宝・重要文化財（建造物）","重要文化財","近世以前／神社","","江戸前期","19440905","","栃木県","栃木県日光市山内","","輪王寺","","36.75743227000000","139.59403548000000","102-temple"
"102","316","輪王寺大猷院霊廟","御供所渡廊","国宝・重要文化財（建造物）","重要文化財","近世以前／神社","","江戸前期","19440905","","栃木県","栃木県日光市山内","","輪王寺","","36.75753827000000","139.59415255000000","102-temple"
"102","313","輪王寺大猷院霊廟","瑞垣","国宝・重要文化財（建造物）","重要文化財","近世以前／神社","","江戸前期","19080801","","栃木県","栃木県日光市山内","","輪王寺","","36.75761291000000","139.59391519000000","102-temple"
"102","314","輪王寺大猷院霊廟","掖門","国宝・重要文化財（建造物）","重要文化財","近世以前／神社","","江戸前期","19440905","","栃木県","栃木県日光市山内","","輪王寺","","36.75769819000000","139.59385963000000","102-temple"
"102","327","輪王寺大猷院霊廟","皇嘉門","国宝・重要文化財（建造物）","重要文化財","近世以前／神社","","江戸前期","19080801","","栃木県","栃木県日光市山内","","輪王寺","","36.75778615000000","139.59373671000000","102-temple"
"102","312","輪王寺大猷院霊廟","唐門","国宝・重要文化財（建造物）","重要文化財","近世以前／神社","","江戸前期","19080801","","栃木県","栃木県日光市山内","","輪王寺","","36.75789113000000","139.59434129000000","102-temple"
"102","328","輪王寺大猷院霊廟","銅包宝蔵","国宝・重要文化財（建造物）","重要文化財","近世以前／神社","","江戸前期","19440905","","栃木県","栃木県日光市山内","","輪王寺","","36.75790484000000","139.59341553000000","102-temple"
"102","318","輪王寺大猷院霊廟","夜叉門左右廻廊（左廻廊）","国宝・重要文化財（建造物）","重要文化財","近世以前／神社","","江戸前期","19080801","","栃木県","栃木県日光市山内","","輪王寺","","36.75795474000000","139.59459151000000","102-temple"
"102","317","輪王寺大猷院霊廟","夜叉門","国宝・重要文化財（建造物）","重要文化財","近世以前／神社","","江戸前期","19080801","","栃木県","栃木県日光市山内","","輪王寺","","36.75802684000000","139.59447276000000","102-temple"
"102","325","輪王寺大猷院霊廟","宝庫","国宝・重要文化財（建造物）","重要文化財","近世以前／神社","","江戸前期","19080801","","栃木県","栃木県日光市山内","","輪王寺","","36.75809774000000","139.59554330000000","102-temple"
"102","331","輪王寺大猷院霊廟","奥院拝殿","国宝・重要文化財（建造物）","重要文化財","近世以前／神社","","江戸前期","19080801","","栃木県","栃木県日光市山内","","輪王寺","","36.75811082000000","139.59378689000000","102-temple"
"102","319","輪王寺大猷院霊廟","夜叉門左右廻廊（右廻廊）","国宝・重要文化財（建造物）","重要文化財","近世以前／神社","","江戸前期","19080801","","栃木県","栃木県日光市山内","","輪王寺","","36.75812226000000","139.59436462000000","102-temple"
"102","326","輪王寺大猷院霊廟","仁王門","国宝・重要文化財（建造物）","重要文化財","近世以前／神社","","江戸前期","19080801","","栃木県","栃木県日光市山内","","輪王寺","","36.75827102000000","139.59561618000000","102-temple"
"102","322","輪王寺大猷院霊廟","二天門","国宝・重要文化財（建造物）","重要文化財","近世以前／神社","","江戸前期","19080801","","栃木県","栃木県日光市山内","","輪王寺","","36.75828765000000","139.59513858000000","102-temple"
"102","323","輪王寺大猷院霊廟","西浄","国宝・重要文化財（建造物）","重要文化財","近世以前／神社","","江戸前期","19440905","","栃木県","栃木県日光市山内","","輪王寺","","36.75837671000000","139.59459575000000","102-temple"
"102","324","輪王寺大猷院霊廟","水屋","国宝・重要文化財（建造物）","重要文化財","近世以前／神社","","江戸前期","19080801","","栃木県","栃木県日光市山内","","輪王寺","","36.75850606000000","139.59538668000000","102-temple"
"102","321","輪王寺大猷院霊廟","鼓楼","国宝・重要文化財（建造物）","重要文化財","近世以前／寺院","","江戸前期","19080801","","栃木県","栃木県日光市山内","","輪王寺","","36.75801623000000","139.59472934000000","102-temple"
"102","320","輪王寺大猷院霊廟","鐘楼","国宝・重要文化財（建造物）","重要文化財","近世以前／寺院","","江戸前期","19080801","","栃木県","栃木県日光市山内","","輪王寺","","36.75820495000000","139.59449397000000","102-temple"
"102","330","輪王寺大猷院霊廟","奥院鋳抜門","国宝・重要文化財（建造物）","重要文化財","近世以前／その他","","江戸前期","19080801","","栃木県","栃木県日光市山内","","輪王寺","","36.75816726000000","139.59370568000000","102-temple"
"102","329","輪王寺大猷院霊廟","奥院宝塔","国宝・重要文化財（建造物）","重要文化財","近世以前／その他","","江戸中期","19080801","","栃木県","栃木県日光市山内","","輪王寺","","36.75824015000000","139.59364183000000","102-temple"
"102","00005150","曹源寺栄螺堂","","国宝・重要文化財（建造物）","重要文化財","近世以前／寺院","","江戸後期","20181225","","群馬県","群馬県太田市東今泉町","","宗教法人曹源寺","","36.32226000000000","139.38565194000000","102-temple"
"102","422","薬師堂","","国宝・重要文化財（建造物）","重要文化財","近世以前／寺院","","桃山","19120208","","群馬県","群馬県吾妻郡中之条町大字四万","","宗本寺","","36.61412397000000","138.79898212000000","102-temple"
"102","461","金鑽神社多宝塔","","国宝・重要文化財（建造物）","重要文化財","近世以前／寺院","","室町後期","19120208","","埼玉県","埼玉県児玉郡神川町大字二ノ宮","","金鑽神社","","36.18151327000000","139.07340866000000","102-temple"
"102","434","喜多院","慈眼堂","国宝・重要文化財（建造物）","重要文化財","近世以前／寺院","","江戸前期","19461129","","埼玉県","埼玉県川越市小仙波町一丁目","","喜多院","","35.91724385000000","139.48952176000000","102-temple"
"102","435","喜多院","鐘楼門","国宝・重要文化財（建造物）","重要文化財","近世以前／寺院","","江戸中期","19461129","","埼玉県","埼玉県川越市小仙波町一丁目","","喜多院","","35.91782887000000","139.49008678000000","102-temple"
"102","436","喜多院","山門","国宝・重要文化財（建造物）","重要文化財","近世以前／寺院","","江戸前期","19461129","","埼玉県","埼玉県川越市小仙波町一丁目","","喜多院","","35.91804388000000","139.48946175000000","102-temple"
"102","433","喜多院","庫裏","国宝・重要文化財（建造物）","重要文化財","近世以前／寺院","","江戸前期","19461129","","埼玉県","埼玉県川越市小仙波町一丁目","","喜多院","","35.91836389000000","139.48885673000000","102-temple"
"102","432","喜多院","書院","国宝・重要文化財（建造物）","重要文化財","近世以前／住宅","","江戸前期","19461129","","埼玉県","埼玉県川越市小仙波町一丁目","","喜多院","","35.91800888000000","139.48851672000000","102-temple"
"102","431","喜多院","客殿","国宝・重要文化財（建造物）","重要文化財","近世以前／住宅","","江戸前期","19461129","","埼玉県","埼玉県川越市小仙波町一丁目","","喜多院","","35.91838389000000","139.48857172000000","102-temple"
"102","454","高倉寺観音堂","","国宝・重要文化財（建造物）","重要文化財","近世以前／寺院","","室町前期","19490530","","埼玉県","埼玉県入間市高倉","","高倉寺","","35.83918989000000","139.37848358000000","102-temple"
"102","459","広徳寺大御堂","","国宝・重要文化財（建造物）","重要文化財","近世以前／寺院","","室町後期","19380704","","埼玉県","埼玉県比企郡川島町大字表","","広徳寺","","35.97739857000000","139.50422858000000","102-temple"
"102","458","慈光寺開山塔","","国宝・重要文化財（建造物）","重要文化財","近世以前／寺院","","室町後期","19530829","","埼玉県","埼玉県比企郡ときがわ町大字西平","","慈光寺","","36.01136230000000","139.23326041000000","102-temple"
"102","451","福徳寺阿弥陀堂","","国宝・重要文化財（建造物）","重要文化財","近世以前／寺院","","鎌倉後期","19490218","","埼玉県","埼玉県飯能市大字虎秀","","福徳寺","","35.89780777000000","139.26044638000000","102-temple"
"102","259","小山寺三重塔","","国宝・重要文化財（建造物）","重要文化財","近世以前／寺院","","室町中期","19060414","","茨城県","茨城県桜川市富谷","","小山寺","","36.38337936000000","140.09977110000000","102-temple"
"102","261","西蓮寺仁王門","","国宝・重要文化財（建造物）","重要文化財","近世以前／寺院","","室町後期","19170405","","茨城県","茨城県行方市西蓮寺","","西蓮寺","","36.07131001000000","140.43761122000000","102-temple"
"102","243","佐竹寺本堂","","国宝・重要文化財（建造物）","重要文化財","近世以前／寺院","","室町後期","19060414","","茨城県","茨城県常陸太田市大字天神林","","佐竹寺","","36.52602649000000","140.50466785000000","102-temple"
"102","265","善光寺楼門","","国宝・重要文化財（建造物）","重要文化財","近世以前／寺院","","室町後期","19831226","","茨城県","茨城県石岡市太田","","善光寺","","36.30467388000000","140.19874622000000","102-temple"
"102","237","佛性寺本堂","","国宝・重要文化財（建造物）","重要文化財","近世以前／寺院","","桃山","19880113","","茨城県","茨城県水戸市栗崎","","佛性寺","","36.34551899000000","140.51628853000000","102-temple"
"102","236","薬王院本堂","","国宝・重要文化財（建造物）","重要文化財","近世以前／寺院","","室町後期","19660611","","茨城県","茨城県水戸市元吉田町","","薬王院","","36.35603047000000","140.47766483000000","102-temple"
"102","00004146","来迎院多宝塔","","国宝・重要文化財（建造物）","重要文化財","近世以前／寺院","","室町後期","20061219","","茨城県","茨城県龍ケ崎市馴馬町","","来迎院","","35.91766410000000","140.17156243000000","102-temple"
"102","247","竜禅寺三仏堂","","国宝・重要文化財（建造物）","重要文化財","近世以前／寺院","","室町後期","19760520","","茨城県","茨城県取手市大字米ノ井","","竜禅寺","","35.92253801000000","140.02347846000000","102-temple"
"102","245","楞厳寺山門","","国宝・重要文化財（建造物）","重要文化財","近世以前／寺院","","室町中期","19170405","","茨城県","茨城県笠間市大字片庭","","楞厳寺","","36.40379456000000","140.20829918000000","102-temple"
"102","496","石堂寺","多宝塔","国宝・重要文化財（建造物）","重要文化財","近世以前／寺院","","室町後期","19920810","","千葉県","千葉県南房総市石堂","","石堂寺","","35.05198780000000","139.95803885000000","102-temple"
"102","495","石堂寺","本堂","国宝・重要文化財（建造物）","重要文化財","近世以前／寺院","","室町後期","19160524","","千葉県","千葉県南房総市石堂","","石堂寺","","35.05205687000000","139.95785403000000","102-temple"
"102","497","石堂寺薬師堂","","国宝・重要文化財（建造物）","重要文化財","近世以前／寺院","","桃山","19680425","","千葉県","千葉県南房総市石堂","","石堂寺","","35.05211082000000","139.95838652000000","102-temple"
"102","489","栄福寺薬師堂","","国宝・重要文化財（建造物）","重要文化財","近世以前／寺院","","室町後期","19540917","","千葉県","千葉県印西市角田","","栄福寺","","35.78815068000000","140.19348011000000","102-temple"
"102","00005875","大山寺","不動堂","国宝・重要文化財（建造物）","重要文化財","近世以前／寺院","","江戸後期","20260115","","千葉県","千葉県鴨川市平塚1718番地1","","大山寺","","35.13737778000000","139.96649167000000","102-temple"
"102","00005876","大山寺","宮殿","国宝・重要文化財（建造物）","重要文化財","近世以前／寺院","","江戸中期","20260115","","千葉県","千葉県鴨川市平塚1718番地1","","大山寺","","35.13737778000000","139.96649167000000","102-temple"
"102","492","笠森寺観音堂","","国宝・重要文化財（建造物）","重要文化財","近世以前／寺院","","桃山","19080801","","千葉県","千葉県長生郡長南町笠森","","笠森寺","","35.39962177000000","140.19897063000000","102-temple"
"102","482","西願寺阿弥陀堂","","国宝・重要文化財（建造物）","重要文化財","近世以前／寺院","","室町後期","19160524","","千葉県","千葉県市原市平蔵","","西願寺","","35.34159816000000","140.20392184000000","102-temple"
"102","476","新勝寺","仁王門","国宝・重要文化財（建造物）","重要文化財","近世以前／寺院","","江戸末期","19800531","","千葉県","千葉県成田市成田","","新勝寺","","35.78509738000000","140.31816149000000","102-temple"
"102","475","新勝寺","三重塔","国宝・重要文化財（建造物）","重要文化財","近世以前／寺院","","江戸中期","19800531","","千葉県","千葉県成田市成田","","新勝寺","","35.78559334000000","140.31854103000000","102-temple"
"102","474","新勝寺","釈迦堂","国宝・重要文化財（建造物）","重要文化財","近世以前／寺院","","江戸末期","19800531","","千葉県","千葉県成田市成田","","新勝寺","","35.78641300000000","140.31717403000000","102-temple"
"102","477","新勝寺","額堂","国宝・重要文化財（建造物）","重要文化財","近世以前／寺院","","江戸末期","19800531","","千葉県","千葉県成田市成田","","新勝寺","","35.78691648000000","140.31825818000000","102-temple"
"102","473","新勝寺","光明堂","国宝・重要文化財（建造物）","重要文化財","近世以前／寺院","","江戸中期","19800531","","千葉県","千葉県成田市成田","","新勝寺","","35.78706409000000","140.31855303000000","102-temple"
"102","485","神野寺表門","","国宝・重要文化財（建造物）","重要文化財","近世以前／寺院","","室町後期","19160524","","千葉県","千葉県君津市鹿野山","","神野寺","","35.25429680000000","139.96335513000000","102-temple"
"102","487","泉福寺薬師堂","","国宝・重要文化財（建造物）","重要文化財","近世以前／寺院","","室町後期","19770627","","千葉県","千葉県印西市岩戸","","泉福寺","","35.76546408000000","140.17046030000000","102-temple"
"102","494","大聖寺不動堂","","国宝・重要文化財（建造物）","重要文化財","近世以前／寺院","","室町後期","19160524","","千葉県","千葉県いすみ市井大原","","大聖寺","","35.24841555000000","140.40025414000000","102-temple"
"102","481","飯高寺","総門","国宝・重要文化財（建造物）","重要文化財","近世以前／寺院","","江戸中期","19800531","","千葉県","千葉県匝瑳市飯高","","飯高寺","","35.74244365000000","140.52851855000000","102-temple"
"102","480","飯高寺","鼓楼","国宝・重要文化財（建造物）","重要文化財","近世以前／寺院","","江戸中期","19800531","","千葉県","千葉県匝瑳市飯高","","飯高寺","","35.74406363000000","140.52927011000000","102-temple"
"102","479","飯高寺","鐘楼","国宝・重要文化財（建造物）","重要文化財","近世以前／寺院","","江戸前期","19800531","","千葉県","千葉県匝瑳市飯高","","飯高寺","","35.74431417000000","140.52903550000000","102-temple"
"102","478","飯高寺","講堂","国宝・重要文化財（建造物）","重要文化財","近世以前／寺院","","江戸前期","19800531","","千葉県","千葉県匝瑳市飯高","","飯高寺","","35.74441570000000","140.52929417000000","102-temple"
"102","486","宝珠院観音堂","","国宝・重要文化財（建造物）","重要文化財","近世以前／寺院","","室町後期","19340130","","千葉県","千葉県印西市小倉三門口","","宝珠院","","35.81573058000000","140.11516215000000","102-temple"
"102","483","鳳来寺観音堂","","国宝・重要文化財（建造物）","重要文化財","近世以前／寺院","","室町後期","19311214","","千葉県","千葉県市原市吉沢","","鳳来寺","","35.33721296000000","140.18962337000000","102-temple"
"102","464","法華経寺五重塔","","国宝・重要文化財（建造物）","重要文化財","近世以前／寺院","","江戸前期","19160524","","千葉県","千葉県市川市中山町","","法華教寺","","35.72001319000000","139.94880355000000","102-temple"
"102","466","法華経寺四足門","","国宝・重要文化財（建造物）","重要文化財","近世以前／寺院","","室町後期","19160524","","千葉県","千葉県市川市中山町","","法華教寺","","35.72047474000000","139.94794333000000","102-temple"
"102","467","法華経寺祖師堂","","国宝・重要文化財（建造物）","重要文化財","近世以前／寺院","","江戸中期","19850518","","千葉県","千葉県市川市中山町","","法華教寺","","35.72031169000000","139.94820058000000","102-temple"
"102","465","法華経寺法華堂","","国宝・重要文化財（建造物）","重要文化財","近世以前／寺院","","室町後期","19160524","","千葉県","千葉県市川市中山町","","法華教寺","","35.72057739000000","139.94786241000000","102-temple"
"102","490","竜正院仁王門","","国宝・重要文化財（建造物）","重要文化財","近世以前／寺院","","室町後期","19160524","","千葉県","千葉県成田市下総町滑川","","竜正院","","35.86667230000000","140.34164811000000","102-temple"
"102","00004464","池上本門寺宝塔","","国宝・重要文化財（建造物）","重要文化財","近世以前／寺院","","江戸後期","20101224","","東京都","東京都大田区池上一丁目","","池上本門寺","","35.58006717000000","139.70419986000000","102-temple"
"102","556","円融寺本堂","","国宝・重要文化財（建造物）","重要文化財","近世以前／寺院","","室町中期","19110417","","東京都","東京都目黒区碑文谷一丁目","","円融寺","","35.61960146000000","139.68969887000000","102-temple"
"102","546","寛永寺旧本坊表門（黒門）","","国宝・重要文化財（建造物）","重要文化財","近世以前／寺院","","江戸前期","19461129","","東京都","東京都台東区上野公園","","宗教法人　輪王寺","","35.71679587000000","139.77736253000000","102-temple"
"102","545","寛永寺清水堂","","国宝・重要文化財（建造物）","重要文化財","近世以前／寺院","","江戸前期","19461129","","東京都","東京都台東区上野公園","","寛永寺","","35.71258744000000","139.77356987000000","102-temple"
"102","532","旧寛永寺五重塔","","国宝・重要文化財（建造物）","重要文化財","近世以前／寺院","","江戸前期","19110417","","東京都","東京都台東区上野公園","","東京都","","35.71544950000000","139.77136136000000","102-temple"
"102","566","観音寺阿弥陀堂","","国宝・重要文化財（建造物）","重要文化財","近世以前／寺院","","室町後期","19461129","","東京都","東京都青梅市塩船","","観音寺","","35.80365822000000","139.28174482000000","102-temple"
"102","567","観音寺仁王門","","国宝・重要文化財（建造物）","重要文化財","近世以前／寺院","","室町後期","19461129","","東京都","東京都青梅市塩船","","観音寺","","35.80325894000000","139.28204388000000","102-temple"
"102","565","観音寺本堂","","国宝・重要文化財（建造物）","重要文化財","近世以前／寺院","","室町後期","19461129","","東京都","東京都青梅市塩船","","観音寺","","35.80422190000000","139.28125159000000","102-temple"
"102","518","護国寺本堂","","国宝・重要文化財（建造物）","重要文化財","近世以前／寺院","","江戸中期","19310119","","東京都","東京都文京区大塚五丁目","","護国寺","","35.72182412000000","139.72559266000000","102-temple"
"102","571","金剛寺仁王門","","国宝・重要文化財（建造物）","重要文化財","近世以前／寺院","","室町後期","19461129","","東京都","東京都日野市高幡","","金剛寺","","35.66204055000000","139.41103132000000","102-temple"
"102","570","金剛寺不動堂","","国宝・重要文化財（建造物）","重要文化財","近世以前／寺院","","室町前期","19461129","","東京都","東京都日野市高幡","","金剛寺","","35.66207027000000","139.41064547000000","102-temple"
"102","551","旧十輪院宝蔵","","国宝・重要文化財（建造物）","重要文化財","近世以前／寺院","","鎌倉前期","19530829","","東京都","東京都台東区上野公園13番9号東京国立博物館構内","","独立行政法人国立博物館","","35.71888074000000","139.77464047000000","102-temple"
"102","572","正福寺地蔵堂","","国宝・重要文化財（建造物）","国宝","近世以前／寺院","","室町中期","19280404","19520329","東京都","東京都東村山市野口町四丁目","","正福寺","","35.76409603000000","139.45917189000000","102-temple"
"102","512","瑞聖寺大雄宝殿","","国宝・重要文化財（建造物）","重要文化財","近世以前／寺院","","江戸後期","19920810","","東京都","東京都港区白金台三丁目","","瑞聖寺","","35.63729375000000","139.72693305000000","102-temple"
"102","00004802","浅草寺伝法院","玄関","国宝・重要文化財（建造物）","重要文化財","近世以前／寺院","","江戸後期","20150708","","東京都","東京都台東区浅草二丁目四九番地","","浅草寺","","35.71307800000000","139.79545400000000","102-temple"
"102","00004806","浅草寺伝法院","台所","国宝・重要文化財（建造物）","重要文化財","近世以前／寺院","","明治","20150708","","東京都","東京都台東区浅草二丁目四九番地","","浅草寺","","35.71319300000000","139.79526400000000","102-temple"
"102","00004805","浅草寺伝法院","新書院","国宝・重要文化財（建造物）","重要文化財","近世以前／寺院","","大正","20150708","","東京都","東京都台東区浅草二丁目四九番地","","浅草寺","","35.71323000000000","139.79509900000000","102-temple"
"102","00004801","浅草寺伝法院","客殿","国宝・重要文化財（建造物）","重要文化財","近世以前／寺院","","江戸後期","20150708","","東京都","東京都台東区浅草二丁目四九番地","","浅草寺","","35.71326000000000","139.79547300000000","102-temple"
"102","00004804","浅草寺伝法院","小書院","国宝・重要文化財（建造物）","重要文化財","近世以前／寺院","","明治","20150708","","東京都","東京都台東区浅草二丁目四九番地","","浅草寺","","35.71334800000000","139.79522200000000","102-temple"
"102","00004803","浅草寺伝法院","大書院","国宝・重要文化財（建造物）","重要文化財","近世以前／寺院","","明治","20150708","","東京都","東京都台東区浅草二丁目四九番地","","浅草寺","","35.71342900000000","139.79506000000000","102-temple"
"102","547","浅草寺二天門","","国宝・重要文化財（建造物）","重要文化財","近世以前／寺院","","江戸前期","19461129","","東京都","東京都台東区浅草二丁目","","浅草寺","","35.71439810000000","139.79760552000000","102-temple"
"102","511","増上寺三解脱門","","国宝・重要文化財（建造物）","重要文化財","近世以前／寺院","","江戸前期","19150326","","東京都","東京都港区芝公園四丁目7番35号","","増上寺","","35.65724511000000","139.75002732000000","102-temple"
"102","557","本門寺五重塔","","国宝・重要文化財（建造物）","重要文化財","近世以前／寺院","","桃山","19110417","","東京都","東京都大田区池上一丁目","","池上本門寺","","35.57812994000000","139.70632763000000","102-temple"
"102","00004636","英勝寺","鐘楼","国宝・重要文化財（建造物）","重要文化財","近世以前／寺院","","江戸前期","20130807","","神奈川県","神奈川県鎌倉市扇ガ谷一丁目","","英勝寺","","35.32478735000000","139.55012290000000","102-temple"
"102","00004635","英勝寺","山門","国宝・重要文化財（建造物）","重要文化財","近世以前／寺院","","江戸前期","20130807","","神奈川県","神奈川県鎌倉市扇ガ谷一丁目","","英勝寺","","35.32481828000000","139.54987781000000","102-temple"
"102","00004637","英勝寺","祠堂","国宝・重要文化財（建造物）","重要文化財","近世以前／寺院","","江戸前期","20130807","","神奈川県","神奈川県鎌倉市扇ガ谷一丁目","","英勝寺","","35.32487539000000","139.54969935000000","102-temple"
"102","00004638","英勝寺","祠堂門","国宝・重要文化財（建造物）","重要文化財","近世以前／寺院","","江戸前期","20130807","","神奈川県","神奈川県鎌倉市扇ガ谷一丁目","","英勝寺","","35.32492536000000","139.54977787000000","102-temple"
"102","00004634","英勝寺","仏殿","国宝・重要文化財（建造物）","重要文化財","近世以前／寺院","","江戸前期","20130807","","神奈川県","神奈川県鎌倉市扇ガ谷一丁目","","英勝寺","","35.32500626000000","139.54988495000000","102-temple"
"102","603","円覚寺舎利殿","","国宝・重要文化財（建造物）","国宝","近世以前／寺院","","室町中期","18990405","19510609","神奈川県","神奈川県鎌倉市山ノ内","","円覚寺","","35.33930548000000","139.54895116000000","102-temple"
"102","612","建長寺唐門","","国宝・重要文化財（建造物）","重要文化財","近世以前／寺院","","江戸前期","19220413","","神奈川県","神奈川県鎌倉市山ノ内","","建長寺","","35.33182273000000","139.55500856000000","102-temple"
"102","00003913","建長寺山門","","国宝・重要文化財（建造物）","重要文化財","近世以前／寺院","","江戸後期","20050722","","神奈川県","神奈川県鎌倉市山ノ内","","建長寺","","35.33090301000000","139.55418507000000","102-temple"
"102","611","建長寺昭堂","","国宝・重要文化財（建造物）","重要文化財","近世以前／寺院","","室町後期","19220413","","神奈川県","神奈川県鎌倉市山ノ内","","建長寺","","35.33059173000000","139.55560487000000","102-temple"
"102","00003914","建長寺法堂","","国宝・重要文化財（建造物）","重要文化財","近世以前／寺院","","江戸後期","20050722","","神奈川県","神奈川県鎌倉市山ノ内","","建長寺","","35.33139483000000","139.55490667000000","102-temple"
"102","610","建長寺仏殿","","国宝・重要文化財（建造物）","重要文化財","近世以前／寺院","","江戸前期","19220413","","神奈川県","神奈川県鎌倉市山ノ内","","建長寺","","35.33126179000000","139.55466882000000","102-temple"
"102","2079","光明寺本堂","","国宝・重要文化財（建造物）","重要文化財","近世以前／寺院","","江戸中期","19991201","","神奈川県","神奈川県鎌倉市材木座六丁目854番","","光明寺","","35.30327750000000","139.55472570000000","102-temple"
"102","602","光明寺本堂内厨子","","国宝・重要文化財（建造物）","重要文化財","近世以前／寺院","","室町後期","19700617","","神奈川県","神奈川県平塚市南金目","","光明寺","","35.35876775000000","139.28877418000000","102-temple"
"102","586","天授院","","国宝・重要文化財（建造物）","重要文化財","近世以前／寺院","","江戸前期","19600609","","神奈川県","神奈川県横浜市中区本牧三之谷58番1号","","公益財団法人三溪園保勝会","","35.41758294000000","139.65726438000000","102-temple"
"102","581","旧天瑞寺寿塔覆堂","","国宝・重要文化財（建造物）","重要文化財","近世以前／寺院","","桃山","19311214","","神奈川県","神奈川県横浜市中区本牧三之谷58番1号","","公益財団法人三溪園保勝会","","35.41677491000000","139.65790784000000","102-temple"
"102","583","旧東慶寺仏殿","","国宝・重要文化財（建造物）","重要文化財","近世以前／寺院","","江戸前期","19311214","","神奈川県","神奈川県横浜市中区本牧三之谷58番1号","","公益財団法人三溪園保勝会","","35.41512877000000","139.65942705000000","102-temple"
"102","584","旧燈明寺三重塔","","国宝・重要文化財（建造物）","重要文化財","近世以前／寺院","","室町前期","19311214","","神奈川県","神奈川県横浜市中区本牧三之谷58番1号","","公益財団法人三溪園保勝会","","35.41636298000000","139.65922888000000","102-temple"
"102","575","旧燈明寺本堂","","国宝・重要文化財（建造物）","重要文化財","近世以前／寺院","","室町前期","19210430","","神奈川県","神奈川県横浜市中区本牧三之谷58番1号","","公益財団法人三溪園保勝会","","35.41623356000000","139.66039370000000","102-temple"
"102","625","宝城坊旧本堂内厨子","","国宝・重要文化財（建造物）","重要文化財","近世以前／寺院","","室町前期","19680425","","神奈川県","神奈川県伊勢原市日向","宝城坊","宝城坊","","35.43971260000000","139.27519783000000","102-temple"
"102","626","宝城坊本堂","","国宝・重要文化財（建造物）","重要文化財","近世以前／寺院","","江戸前期","19951226","","神奈川県","神奈川県伊勢原市日向","","宝城坊","","35.43956998000000","139.27518769000000","102-temple"
"102","639","魚沼神社阿弥陀堂","","国宝・重要文化財（建造物）","重要文化財","近世以前／寺院","","室町後期","19060414","","新潟県","新潟県小千谷市土川二丁目","","魚沼神社","","37.30481101000000","138.78798013000000","102-temple"
"102","644","乙宝寺三重塔","","国宝・重要文化財（建造物）","重要文化財","近世以前／寺院","","江戸前期","19230328","","新潟県","新潟県胎内市乙","","乙宝寺","","38.11998653000000","139.40369265000000","102-temple"
"102","659","護徳寺観音堂","","国宝・重要文化財（建造物）","重要文化財","近世以前／寺院","","室町後期","19630701","","新潟県","新潟県東蒲原郡阿賀町大字日出谷甲","","護徳寺","","37.71777593000000","139.52575127000000","102-temple"
"102","645","種月寺本堂","","国宝・重要文化財（建造物）","重要文化財","近世以前／寺院","","江戸中期","19890902","","新潟県","新潟県新潟市西蒲区石瀬","","種月寺","","37.72729079000000","138.83476747000000","102-temple"
"102","643","浄興寺本堂","","国宝・重要文化財（建造物）","重要文化財","近世以前／寺院","","江戸中期","19890902","","新潟県","新潟県上越市寺町二丁目","","浄興寺","","37.11234018000000","138.23732287000000","102-temple"
"102","641","浄念寺本堂","","国宝・重要文化財（建造物）","重要文化財","近世以前／寺院","","江戸後期","19910531","","新潟県","新潟県村上市寺町","","浄念寺","","38.22490932000000","139.47640711000000","102-temple"
"102","634","大泉寺観音堂","","国宝・重要文化財（建造物）","重要文化財","近世以前／寺院","","桃山","19060414","","新潟県","新潟県柏崎市大字大清水","","大泉寺","","37.30104733000000","138.42358911000000","102-temple"
"102","662","平等寺薬師堂","","国宝・重要文化財（建造物）","重要文化財","近世以前／寺院","","室町後期","19230328","","新潟県","新潟県東蒲原郡阿賀町岩谷","","平等寺","","37.72067937000000","139.36017724000000","102-temple"
"102","697","妙宣寺五重塔","","国宝・重要文化財（建造物）","重要文化財","近世以前／寺院","","江戸後期","19861220","","新潟県","新潟県佐渡市阿仏坊","","妙宣寺","","37.97142015000000","138.37297857000000","102-temple"
"102","699","蓮華峰寺弘法堂","","国宝・重要文化財（建造物）","重要文化財","近世以前／寺院","","桃山","19060414","","新潟県","新潟県佐渡市小比叡","","蓮華峰寺","","37.83679117000000","138.28687653000000","102-temple"
"102","700","蓮華峰寺骨堂","","国宝・重要文化財（建造物）","重要文化財","近世以前／寺院","","室町前期","19890902","","新潟県","新潟県佐渡市小比叡","","蓮華峰寺","","37.83638275000000","138.28779061000000","102-temple"
"102","698","蓮華峰寺金堂","","国宝・重要文化財（建造物）","重要文化財","近世以前／寺院","","室町中期","19060414","","新潟県","新潟県佐渡市小比叡","","蓮華峰寺","","37.83604934000000","138.28785174000000","102-temple"
"102","722","勝興寺","本堂","国宝・重要文化財（建造物）","国宝","近世以前／寺院","","江戸後期","19880113","20221212","富山県","富山県高岡市伏木古国府","","宗教法人勝興寺","","36.79234024000000","137.05308136000000","102-temple"
"102","730","勝興寺","大広間及び式台","国宝・重要文化財（建造物）","国宝","近世以前／寺院","","江戸中期","19951226","20221212","富山県","富山県高岡市伏木古国府","","宗教法人勝興寺","","36.79308436000000","137.05321959000000","102-temple"
"102","724","勝興寺","経堂","国宝・重要文化財（建造物）","重要文化財","近世以前／寺院","","江戸後期","19951226","","富山県","富山県高岡市伏木古国府","","勝興寺","","36.79206083000000","137.05354018000000","102-temple"
"102","723","勝興寺","唐門","国宝・重要文化財（建造物）","重要文化財","近世以前／寺院","","江戸後期","19880113","","富山県","富山県高岡市伏木古国府","","勝興寺","","36.79243730000000","137.05396959000000","102-temple"
"102","725","勝興寺","御霊屋","国宝・重要文化財（建造物）","重要文化財","近世以前／寺院","","江戸後期","19951226","","富山県","富山県高岡市伏木古国府","","勝興寺","","36.79266083000000","137.05273136000000","102-temple"
"102","733","勝興寺","御内仏","国宝・重要文化財（建造物）","重要文化財","近世以前／寺院","","江戸中期","19951226","","富山県","富山県高岡市伏木古国府","","勝興寺","","36.79276671000000","137.05273724000000","102-temple"
"102","726","勝興寺","鼓堂","国宝・重要文化財（建造物）","重要文化財","近世以前／寺院","","江戸中期","19951226","","富山県","富山県高岡市伏木古国府","","勝興寺","","36.79276671000000","137.05404606000000","102-temple"
"102","728","勝興寺","総門","国宝・重要文化財（建造物）","重要文化財","近世以前／寺院","","江戸末期","19951226","","富山県","富山県高岡市伏木古国府","","勝興寺","","36.79280495000000","137.05440782000000","102-temple"
"102","727","勝興寺","宝蔵","国宝・重要文化財（建造物）","重要文化財","近世以前／寺院","","江戸末期","19951226","","富山県","富山県高岡市伏木古国府","","勝興寺","","36.79280789000000","137.05363724000000","102-temple"
"102","732","勝興寺","書院及び奥書院","国宝・重要文化財（建造物）","重要文化財","近世以前／寺院","","江戸中期","19951226","","富山県","富山県高岡市伏木古国府","","勝興寺","","36.79295201000000","137.05278136000000","102-temple"
"102","729","勝興寺","式台門","国宝・重要文化財（建造物）","重要文化財","近世以前／寺院","","江戸後期","19951226","","富山県","富山県高岡市伏木古国府","","勝興寺","","36.79311671000000","137.05364312000000","102-temple"
"102","731","勝興寺","台所","国宝・重要文化財（建造物）","重要文化財","近世以前／寺院","","江戸末期","19951226","","富山県","富山県高岡市伏木古国府","","勝興寺","","36.79326671000000","137.05318724000000","102-temple"
"102","712","瑞龍寺","山門","国宝・重要文化財（建造物）","国宝","近世以前／寺院","","江戸後期","19820611","19971203","富山県","富山県高岡市関本町","","瑞龍寺","","36.73555094000000","137.01152326000000","102-temple"
"102","710","瑞龍寺","仏殿","国宝・重要文化財（建造物）","国宝","近世以前／寺院","","江戸前期","19090405","19971203","富山県","富山県高岡市関本町","","瑞龍寺","","36.73560000000000","137.01086848000000","102-temple"
"102","711","瑞龍寺","法堂","国宝・重要文化財（建造物）","国宝","近世以前／寺院","","江戸前期","19280404","19971203","富山県","富山県高岡市関本町","","瑞龍寺","","36.73567464000000","137.01039500000000","102-temple"
"102","714","瑞龍寺","禅堂","国宝・重要文化財（建造物）","重要文化財","近世以前／寺院","","江戸末期","19820611","","富山県","富山県高岡市関本町","","瑞龍寺","","36.73526941000000","137.01116921000000","102-temple"
"102","718","瑞龍寺","南東回廊","国宝・重要文化財（建造物）","重要文化財","近世以前／寺院","","江戸中期","19820611","","富山県","富山県高岡市関本町","","瑞龍寺","","36.73533126000000","137.01139955000000","102-temple"
"102","719","瑞龍寺","南西回廊","国宝・重要文化財（建造物）","重要文化財","近世以前／寺院","","江戸中期","19820611","","富山県","富山県高岡市関本町","","瑞龍寺","","36.73537392000000","137.01061681000000","102-temple"
"102","713","瑞龍寺","総門","国宝・重要文化財（建造物）","重要文化財","近世以前／寺院","","江戸前期","19280404","","富山県","富山県高岡市関本町","","瑞龍寺","","36.73551042000000","137.01213964000000","102-temple"
"102","716","瑞龍寺","高廊下","国宝・重要文化財（建造物）","重要文化財","近世以前／寺院","","江戸前期","19820611","","富山県","富山県高岡市関本町","","瑞龍寺","","36.73581541000000","137.01051870000000","102-temple"
"102","717","瑞龍寺","北回廊","国宝・重要文化財（建造物）","重要文化財","近世以前／寺院","","江戸中期","19820611","","富山県","富山県高岡市関本町","","瑞龍寺","","36.73585593000000","137.01100925000000","102-temple"
"102","715","瑞龍寺","大茶堂","国宝・重要文化財（建造物）","重要文化財","近世以前／寺院","","江戸末期","19971203","","富山県","富山県高岡市関本町","","瑞龍寺","","36.73593271000000","137.01053790000000","102-temple"
"102","00005615","總持寺祖院","伝燈院御霊屋","国宝・重要文化財（建造物）","重要文化財","近世以前／神社","","江戸後期","20241209","","石川県","石川県輪島市門前町門前","","宗教法人大本山總持寺祖院","","37.28680278000000","136.77074167000000","102-temple"
"102","00005618","總持寺祖院","白山社本殿","国宝・重要文化財（建造物）","重要文化財","近世以前／神社","","江戸前期","20241209","","石川県","石川県輪島市門前町門前","","宗教法人大本山總持寺祖院","","37.28734722000000","136.76983333000000","102-temple"
"102","00005612","總持寺祖院","放光堂","国宝・重要文化財（建造物）","重要文化財","近世以前／寺院","","江戸後期","20241209","","石川県","石川県輪島市門前町門前","","宗教法人大本山總持寺祖院","","37.28666111000000","136.77064167000000","102-temple"
"102","00005621","總持寺祖院","三樹松関","国宝・重要文化財（建造物）","重要文化財","近世以前／寺院","","江戸後期","20241209","","石川県","石川県輪島市門前町門前","","宗教法人大本山總持寺祖院","","37.28683333000000","136.76859722000000","102-temple"
"102","00005617","總持寺祖院","慈雲閣観音堂","国宝・重要文化財（建造物）","重要文化財","近世以前／寺院","","江戸後期","20241209","","石川県","石川県輪島市門前町門前","","宗教法人大本山總持寺祖院","","37.28691944000000","136.77088889000000","102-temple"
"102","00005620","總持寺祖院","経蔵","国宝・重要文化財（建造物）","重要文化財","近世以前／寺院","","江戸中期","20241209","","石川県","石川県輪島市門前町門前","","宗教法人大本山總持寺祖院","","37.28702778000000","136.76942500000000","102-temple"
"102","00005622","總持寺祖院","裏門","国宝・重要文化財（建造物）","重要文化財","近世以前／寺院","","江戸後期","20241209","","石川県","石川県輪島市門前町門前","","宗教法人大本山總持寺祖院","","37.28722222000000","136.76954444000000","102-temple"
"102","00005619","總持寺祖院","白山蔵","国宝・重要文化財（建造物）","重要文化財","近世以前／その他","","江戸後期","20241209","","石川県","石川県輪島市門前町門前","","宗教法人大本山總持寺祖院","","37.28694722000000","136.76968889000000","102-temple"
"102","00005608","總持寺祖院","仏殿","国宝・重要文化財（建造物）","重要文化財","近代／宗教","","大正","20241209","","石川県","石川県輪島市門前町門前","","宗教法人大本山總持寺祖院","","37.28606667000000","136.77002500000000","102-temple"
"102","00005613","總持寺祖院","慧心廊","国宝・重要文化財（建造物）","重要文化財","近代／宗教","","大正","20241209","","石川県","石川県輪島市門前町門前","","宗教法人大本山總持寺祖院","","37.28610278000000","136.77035000000000","102-temple"
"102","00005607","總持寺祖院","大祖堂","国宝・重要文化財（建造物）","重要文化財","近代／宗教","","大正","20241209","","石川県","石川県輪島市門前町門前","","宗教法人大本山總持寺祖院","","37.28637500000000","136.77047778000000","102-temple"
"102","00005609","總持寺祖院","山門","国宝・重要文化財（建造物）","重要文化財","近代／宗教","","昭和","20241209","","石川県","石川県輪島市門前町門前","","宗教法人大本山總持寺祖院","","37.28671389000000","136.76981111000000","102-temple"
"102","00005616","總持寺祖院","伝燈院唐門","国宝・重要文化財（建造物）","重要文化財","近代／宗教","","大正","20241209","","石川県","石川県輪島市門前町門前","","宗教法人大本山總持寺祖院","","37.28680278000000","136.77057500000000","102-temple"
"102","00005614","總持寺祖院","玄風廊","国宝・重要文化財（建造物）","重要文化財","近代／宗教","","大正","20241209","","石川県","石川県輪島市門前町門前","","宗教法人大本山總持寺祖院","","37.28688056000000","136.77048889000000","102-temple"
"102","00005611","總持寺祖院","鐘鼓楼及び回廊（回廊）","国宝・重要文化財（建造物）","重要文化財","近代／宗教","","大正","20241209","","石川県","石川県輪島市門前町門前","","宗教法人大本山總持寺祖院","","37.28696111000000","136.76985556000000","102-temple"
"102","00005610","總持寺祖院","鐘鼓楼及び回廊（鐘鼓楼）","国宝・重要文化財（建造物）","重要文化財","近代／宗教","","大正","20241209","","石川県","石川県輪島市門前町門前","","宗教法人大本山總持寺祖院","","37.28696944000000","136.76985278000000","102-temple"
"102","770","大乗寺仏殿","","国宝・重要文化財（建造物）","重要文化財","近世以前／寺院","","江戸中期","19830602","","石川県","石川県金沢市長坂町","","大乗寺","","36.53276212000000","136.65879617000000","102-temple"
"102","778","那谷寺護摩堂","","国宝・重要文化財（建造物）","重要文化財","近世以前／寺院","","江戸前期","19411106","","石川県","石川県小松市那谷町","","那谷寺","","36.31178435000000","136.41974825000000","102-temple"
"102","777","那谷寺三重塔","","国宝・重要文化財（建造物）","重要文化財","近世以前／寺院","","江戸前期","19411106","","石川県","石川県小松市那谷町","","那谷寺","","36.31100065000000","136.42097420000000","102-temple"
"102","780","那谷寺書院及び庫裏","","国宝・重要文化財（建造物）","重要文化財","近世以前／寺院","","江戸前期","19531114","","石川県","石川県小松市那谷町","","那谷寺","","36.31327541000000","136.42060603000000","102-temple"
"102","779","那谷寺鐘楼","","国宝・重要文化財（建造物）","重要文化財","近世以前／寺院","","江戸前期","19411106","","石川県","石川県小松市那谷町","","那谷寺","","36.31225541000000","136.41970935000000","102-temple"
"102","774","那谷寺本堂","本殿","国宝・重要文化財（建造物）","重要文化財","近世以前／寺院","","桃山","19411106","","石川県","石川県小松市那谷町","","那谷寺","","36.31154444000000","136.42140489000000","102-temple"
"102","775","那谷寺本堂","唐門","国宝・重要文化財（建造物）","重要文化財","近世以前／寺院","","桃山","19411106","","石川県","石川県小松市那谷町","","那谷寺","","36.31156102000000","136.42138534000000","102-temple"
"102","776","那谷寺本堂","拝殿","国宝・重要文化財（建造物）","重要文化財","近世以前／寺院","","桃山","19411106","","石川県","石川県小松市那谷町","","那谷寺","","36.31158278000000","136.42135617000000","102-temple"
"102","804","妙成寺経堂","","国宝・重要文化財（建造物）","重要文化財","近世以前／寺院","","江戸中期","19170813","","石川県","石川県羽咋市滝谷町","","妙成寺","","36.95359318000000","136.77584229000000","102-temple"
"102","805","妙成寺庫裏","","国宝・重要文化財（建造物）","重要文化財","近世以前／寺院","","江戸前期","19650529","","石川県","石川県羽咋市滝谷町","","妙成寺","","36.95412978000000","136.77702170000000","102-temple"
"102","798","妙成寺五重塔","","国宝・重要文化財（建造物）","重要文化財","近世以前／寺院","","江戸前期","19060414","","石川県","石川県羽咋市滝谷町","","妙成寺","","36.95383074000000","136.77565504000000","102-temple"
"102","803","妙成寺三光堂","","国宝・重要文化財（建造物）","重要文化財","近世以前／寺院","","江戸前期","19170813","","石川県","石川県羽咋市滝谷町","","妙成寺","","36.95441765000000","136.77574448000000","102-temple"
"102","801","妙成寺鐘楼","","国宝・重要文化財（建造物）","重要文化財","近世以前／寺院","","江戸前期","19170813","","石川県","石川県羽咋市滝谷町","","妙成寺","","36.95400961000000","136.77625034000000","102-temple"
"102","797","妙成寺祖師堂","","国宝・重要文化財（建造物）","重要文化財","近世以前／寺院","","桃山","19060414","","石川県","石川県羽咋市滝谷町","","妙成寺","","36.95442883000000","136.77625034000000","102-temple"
"102","799","妙成寺二王門","","国宝・重要文化財（建造物）","重要文化財","近世以前／寺院","","江戸前期","19170813","","石川県","石川県羽咋市滝谷町","","妙成寺","","36.95385589000000","136.77628387000000","102-temple"
"102","796","妙成寺本堂","","国宝・重要文化財（建造物）","重要文化財","近世以前／寺院","","桃山","19060414","","石川県","石川県羽咋市滝谷町","","妙成寺","","36.95443721000000","136.77599042000000","102-temple"
"102","00005070","永平寺","仏殿","国宝・重要文化財（建造物）","重要文化財","近世以前／寺院","","明治","20190930","","福井県","福井県吉田郡永平寺町志比","","宗教法人
大本山永平寺","","36.09617750000000","136.32872472000000","102-temple"
"102","00005071","永平寺","法堂","国宝・重要文化財（建造物）","重要文化財","近世以前／寺院","","江戸末期","20190930","","福井県","福井県吉田郡永平寺町志比","","宗教法人
大本山永平寺","","36.09617750000000","136.32872472000000","102-temple"
"102","00005072","永平寺","山門","国宝・重要文化財（建造物）","重要文化財","近世以前／寺院","","江戸中期","20190930","","福井県","福井県吉田郡永平寺町志比","","宗教法人
大本山永平寺","","36.09617750000000","136.32872472000000","102-temple"
"102","00005073","永平寺","中雀門","国宝・重要文化財（建造物）","重要文化財","近世以前／寺院","","江戸後期","20190930","","福井県","福井県吉田郡永平寺町志比","","宗教法人
大本山永平寺","","36.09617750000000","136.32872472000000","102-temple"
"102","00005074","永平寺","僧堂","国宝・重要文化財（建造物）","重要文化財","近世以前／寺院","","明治","20190930","","福井県","福井県吉田郡永平寺町志比","","宗教法人
大本山永平寺","","36.09617750000000","136.32872472000000","102-temple"
"102","00005075","永平寺","大庫院","国宝・重要文化財（建造物）","重要文化財","近世以前／寺院","","昭和","20190930","","福井県","福井県吉田郡永平寺町志比","","宗教法人
大本山永平寺","","36.09617750000000","136.32872472000000","102-temple"
"102","00005076","永平寺","大光明蔵","国宝・重要文化財（建造物）","重要文化財","近世以前／寺院","","昭和","20190930","","福井県","福井県吉田郡永平寺町志比","","宗教法人
大本山永平寺","","36.09617750000000","136.32872472000000","102-temple"
"102","00005077","永平寺","監院寮","国宝・重要文化財（建造物）","重要文化財","近世以前／寺院","","昭和","20190930","","福井県","福井県吉田郡永平寺町志比","","宗教法人
大本山永平寺","","36.09617750000000","136.32872472000000","102-temple"
"102","00005078","永平寺","廻廊","国宝・重要文化財（建造物）","重要文化財","近世以前／寺院","","昭和","20190930","","福井県","福井県吉田郡永平寺町志比","","宗教法人
大本山永平寺","","36.09617750000000","136.32872472000000","102-temple"
"102","00005079","永平寺","承陽殿本殿及び拝殿","国宝・重要文化財（建造物）","重要文化財","近世以前／寺院","","明治","20190930","","福井県","福井県吉田郡永平寺町志比","","宗教法人
大本山永平寺","","36.09617750000000","136.32872472000000","102-temple"
"102","00005080","永平寺","承陽門","国宝・重要文化財（建造物）","重要文化財","近世以前／寺院","","明治","20190930","","福井県","福井県吉田郡永平寺町志比","","宗教法人
大本山永平寺","","36.09617750000000","136.32872472000000","102-temple"
"102","00005081","永平寺","経蔵","国宝・重要文化財（建造物）","重要文化財","近世以前／寺院","","江戸末期","20190930","","福井県","福井県吉田郡永平寺町志比","","宗教法人
大本山永平寺","","36.09617750000000","136.32872472000000","102-temple"
"102","00005082","永平寺","松平家廟所門","国宝・重要文化財（建造物）","重要文化財","近世以前／寺院","","江戸前期","20190930","","福井県","福井県吉田郡永平寺町志比","","宗教法人
大本山永平寺","","36.09617750000000","136.32872472000000","102-temple"
"102","00005083","永平寺","舎利殿及び祠堂殿","国宝・重要文化財（建造物）","重要文化財","近世以前／寺院","","江戸末期","20190930","","福井県","福井県吉田郡永平寺町志比","","宗教法人
大本山永平寺","","36.09617750000000","136.32872472000000","102-temple"
"102","00005084","永平寺","勅使門","国宝・重要文化財（建造物）","重要文化財","近世以前／寺院","","江戸末期","20190930","","福井県","福井県吉田郡永平寺町志比","","宗教法人
大本山永平寺","","36.09617750000000","136.32872472000000","102-temple"
"102","00004274","西福寺","書院及び庫裏","国宝・重要文化財（建造物）","重要文化財","近世以前／寺院","","江戸中期","20080609","","福井県","福井県敦賀市原","","西福寺","","35.65670640000000","136.03154590000000","102-temple"
"102","00004273","西福寺","阿弥陀堂","国宝・重要文化財（建造物）","重要文化財","近世以前／寺院","","桃山","20080609","","福井県","福井県敦賀市原","","西福寺","","35.65676442000000","136.03183185000000","102-temple"
"102","00004272","西福寺","御影堂","国宝・重要文化財（建造物）","重要文化財","近世以前／寺院","","江戸後期","20080609","","福井県","福井県敦賀市原","","西福寺","","35.65697210000000","136.03215971000000","102-temple"
"102","824","神宮寺仁王門","","国宝・重要文化財（建造物）","重要文化財","近世以前／寺院","","鎌倉後期","19240415","","福井県","福井県小浜市神宮寺","","神宮寺","","35.45995031000000","135.78326508000000","102-temple"
"102","823","神宮寺本堂","","国宝・重要文化財（建造物）","重要文化財","近世以前／寺院","","室町後期","19240415","","福井県","福井県小浜市神宮寺","","神宮寺","","35.45969167000000","135.78301433000000","102-temple"
"102","00004270","大安寺","開基堂","国宝・重要文化財（建造物）","重要文化財","近世以前／寺院","","江戸中期","20080609","","福井県","福井県福井市田ノ谷町","","大安寺","","36.10182428000000","136.16757233000000","102-temple"
"102","00004269","大安寺","開山堂","国宝・重要文化財（建造物）","重要文化財","近世以前／寺院","","江戸中期","20080609","","福井県","福井県福井市田ノ谷町","","大安寺","","36.10197842000000","136.16747642000000","102-temple"
"102","00004267","大安寺","本堂","国宝・重要文化財（建造物）","重要文化財","近世以前／寺院","","江戸前期","20080609","","福井県","福井県福井市田ノ谷町","","大安寺","","36.10202980000000","136.16782580000000","102-temple"
"102","00004268","大安寺","庫裏","国宝・重要文化財（建造物）","重要文化財","近世以前／寺院","","江戸前期","20080609","","福井県","福井県福井市田ノ谷町","","大安寺","","36.10230040000000","136.16775387000000","102-temple"
"102","00004271","大安寺","鐘楼","国宝・重要文化財（建造物）","重要文化財","近世以前／寺院","","江戸中期","20080609","","福井県","福井県福井市田ノ谷町","","大安寺","","36.10241941000000","136.16803595000000","102-temple"
"102","830","瀧谷寺","鎮守堂","国宝・重要文化財（建造物）","重要文化財","近世以前／神社","","室町後期","19620621","","福井県","福井県坂井市三国町滝谷","","滝谷寺","","36.22166193000000","136.14683937000000","102-temple"
"102","00005028","瀧谷寺","本堂","国宝・重要文化財（建造物）","重要文化財","近世以前／寺院","","江戸中期","20170731","","福井県","福井県坂井市三国町滝谷","","瀧谷寺","","36.21910778000000","136.14902694000000","102-temple"
"102","00005029","瀧谷寺","観音堂","国宝・重要文化財（建造物）","重要文化財","近世以前／寺院","","江戸中期","20170731","","福井県","福井県坂井市三国町滝谷","","瀧谷寺","","36.21910778000000","136.14902694000000","102-temple"
"102","00005030","瀧谷寺","方丈及び庫裏","国宝・重要文化財（建造物）","重要文化財","近世以前／寺院","","江戸中期","20170731","","福井県","福井県坂井市三国町滝谷","","瀧谷寺","","36.21910778000000","136.14902694000000","102-temple"
"102","00005031","瀧谷寺","開山堂","国宝・重要文化財（建造物）","重要文化財","近世以前／寺院","","室町後期","20170731","","福井県","福井県坂井市三国町滝谷","","瀧谷寺","","36.21910778000000","136.14902694000000","102-temple"
"102","00005032","瀧谷寺","山門","国宝・重要文化財（建造物）","重要文化財","近世以前／寺院","","江戸中期","20170731","","福井県","福井県坂井市三国町滝谷","","瀧谷寺","","36.21910778000000","136.14902694000000","102-temple"
"102","838","中山寺本堂","","国宝・重要文化財（建造物）","重要文化財","近世以前／寺院","","室町前期","19620621","","福井県","福井県大飯郡高浜町中山","","中山寺","","35.49619304000000","135.50069771000000","102-temple"
"102","825","羽賀寺本堂","","国宝・重要文化財（建造物）","重要文化財","近世以前／寺院","","室町中期","19620621","","福井県","福井県小浜市羽賀","","羽賀寺","","35.51887922000000","135.76444152000000","102-temple"
"102","826","飯盛寺本堂","","国宝・重要文化財（建造物）","重要文化財","近世以前／寺院","","室町後期","19830107","","福井県","福井県小浜市飯盛","","飯盛寺","","35.46422322000000","135.67070613000000","102-temple"
"102","821","明通寺三重塔","","国宝・重要文化財（建造物）","国宝","近世以前／寺院","","鎌倉前期","19170813","19531114","福井県","福井県小浜市門前","","明通寺","","35.45333038000000","135.80417826000000","102-temple"
"102","820","明通寺本堂","","国宝・重要文化財（建造物）","国宝","近世以前／寺院","","鎌倉前期","19010327","19531114","福井県","福井県小浜市門前","","明通寺","","35.45350795000000","135.80451063000000","102-temple"
"102","822","妙楽寺本堂","","国宝・重要文化財（建造物）","重要文化財","近世以前／寺院","","室町前期","19010327","","福井県","福井県小浜市野代","","妙楽寺","","35.47308642000000","135.75441756000000","102-temple"
"102","856","雲峰寺庫裏","","国宝・重要文化財（建造物）","重要文化財","近世以前／寺院","","江戸前期","19490218","","山梨県","山梨県甲州市塩山上萩原","","雲峰寺","","35.73935869000000","138.80458300000000","102-temple"
"102","857","雲峰寺仁王門","","国宝・重要文化財（建造物）","重要文化財","近世以前／寺院","","室町後期","19490218","","山梨県","山梨県甲州市塩山上萩原","","雲峰寺","","35.73891344000000","138.80437063000000","102-temple"
"102","854","雲峰寺本堂","","国宝・重要文化財（建造物）","重要文化財","近世以前／寺院","","室町後期","19490218","","山梨県","山梨県甲州市塩山上萩原","","雲峰寺","","35.73924960000000","138.80437412000000","102-temple"
"102","850","恵林寺四脚門","","国宝・重要文化財（建造物）","重要文化財","近世以前／寺院","","桃山","19070828","","山梨県","山梨県甲州市塩山小屋敷","","恵林寺","","35.72816736000000","138.71394259000000","102-temple"
"102","841","塩沢寺地蔵堂","","国宝・重要文化財（建造物）","重要文化財","近世以前／寺院","","江戸前期","19490218","","山梨県","山梨県甲府市湯村","","塩沢寺","","35.68470634000000","138.54746330000000","102-temple"
"102","906","観音堂","","国宝・重要文化財（建造物）","重要文化財","近世以前／寺院","","鎌倉後期","19461129","","山梨県","山梨県北都留郡小菅村長作","","長作観世音礼拝所","","35.72382760000000","138.98799397000000","102-temple"
"102","864","向岳寺中門","","国宝・重要文化財（建造物）","重要文化財","近世以前／寺院","","室町後期","19710622","","山梨県","山梨県甲州市塩山上於曽","","向岳寺","","35.71009703000000","138.72242432000000","102-temple"
"102","897","光照寺薬師堂","","国宝・重要文化財（建造物）","重要文化財","近世以前／寺院","","室町後期","19710622","","山梨県","山梨県甲斐市岩森","","光照寺","","35.69007802000000","138.48588979000000","102-temple"
"102","890","最恩寺仏殿","","国宝・重要文化財（建造物）","重要文化財","近世以前／寺院","","室町中期","19530331","","山梨県","山梨県南巨摩郡南部町福士","","最恩寺","","35.23424080000000","138.47184876000000","102-temple"
"102","885","慈眼寺","鐘楼門","国宝・重要文化財（建造物）","重要文化財","近世以前／寺院","","江戸前期","19860122","","山梨県","山梨県笛吹市一宮町末木","","慈眼寺","","35.64309799000000","138.69274897000000","102-temple"
"102","884","慈眼寺","本堂","国宝・重要文化財（建造物）","重要文化財","近世以前／寺院","","江戸前期","19860122","","山梨県","山梨県笛吹市一宮町末木","","慈眼寺","","35.64313927000000","138.69217309000000","102-temple"
"102","886","慈眼寺","庫裏","国宝・重要文化財（建造物）","重要文化財","近世以前／寺院","","江戸前期","19860122","","山梨県","山梨県笛吹市一宮町末木","","慈眼寺","","35.64331616000000","138.69221436000000","102-temple"
"102","00003915","清白寺庫裏","","国宝・重要文化財（建造物）","重要文化財","近世以前／寺院","","江戸中期","20050722","","山梨県","山梨県山梨市三ヶ所","","清白寺","","35.69396797000000","138.70836096000000","102-temple"
"102","865","清白寺仏殿","","国宝・重要文化財（建造物）","国宝","近世以前／寺院","","室町中期","19070828","19550622","山梨県","山梨県山梨市三ケ所","","清白寺","","35.69403284000000","138.70861948000000","102-temple"
"102","843","善光寺山門","","国宝・重要文化財（建造物）","重要文化財","近世以前／寺院","","江戸後期","19550622","","山梨県","山梨県甲府市善光寺町","","善光寺","","35.66458580000000","138.59247580000000","102-temple"
"102","842","善光寺本堂","","国宝・重要文化財（建造物）","重要文化財","近世以前／寺院","","江戸後期","19550622","","山梨県","山梨県甲府市善光寺町","","善光寺","","35.66588059000000","138.59286906000000","102-temple"
"102","882","大善寺本堂","","国宝・重要文化財（建造物）","国宝","近世以前／寺院","","鎌倉後期","19070828","19550622","山梨県","山梨県甲州市勝沼町","","大善寺","","35.65710784000000","138.74300053000000","102-temple"
"102","891","長谷寺本堂","","国宝・重要文化財（建造物）","重要文化財","近世以前／寺院","","室町後期","19070828","","山梨県","山梨県南アルプス市榎原","","長谷寺","","35.65661577000000","138.48064529000000","102-temple"
"102","839","東光寺仏殿","","国宝・重要文化財（建造物）","重要文化財","近世以前／寺院","","室町後期","19270425","","山梨県","山梨県甲府市東光寺町","","東光寺","","35.66818519000000","138.58831486000000","102-temple"
"102","889","本遠寺","鐘楼堂","国宝・重要文化財（建造物）","重要文化財","近世以前／寺院","","江戸前期","19860122","","山梨県","山梨県南巨摩郡身延町大野","","本遠寺","","35.36200113000000","138.44639495000000","102-temple"
"102","888","本遠寺","本堂","国宝・重要文化財（建造物）","重要文化財","近世以前／寺院","","江戸前期","19860122","","山梨県","山梨県南巨摩郡身延町大野","","本遠寺","","35.36214337000000","138.44568043000000","102-temple"
"102","933","安楽寺八角三重塔","","国宝・重要文化財（建造物）","国宝","近世以前／寺院","","鎌倉後期","18981228","19520329","長野県","長野県上田市大字別所","","安楽寺","","36.35240094000000","138.15229368000000","102-temple"
"102","990","遠照寺釈迦堂","","国宝・重要文化財（建造物）","重要文化財","近世以前／寺院","","室町後期","19300523","","長野県","長野県伊那市高遠町山室","","遠照寺","","35.84572756000000","138.10109878000000","102-temple"
"102","942","開善寺山門","","国宝・重要文化財（建造物）","重要文化財","近世以前／寺院","","室町前期","19520329","","長野県","長野県飯田市大字上川路","","開善寺","","35.46154649000000","137.81468239000000","102-temple"
"102","955","光前寺弁天堂","","国宝・重要文化財（建造物）","重要文化財","近世以前／寺院","","桃山","19710622","","長野県","長野県駒ヶ根市赤穂","","光前寺","","35.73512486000000","137.89592133000000","102-temple"
"102","934","国分寺三重塔","","国宝・重要文化財（建造物）","重要文化財","近世以前／寺院","","室町中期","19070828","","長野県","長野県上田市大字国分","","国分寺","","36.38268515000000","138.27135662000000","102-temple"
"102","962","小菅神社奥社本殿","","国宝・重要文化財（建造物）","重要文化財","近世以前／寺院","","室町後期","19640526","","長野県","長野県飯山市大字瑞穂","","小菅神社","","36.89723685000000","138.43445685000000","102-temple"
"102","949","釈尊寺観音堂宮殿","","国宝・重要文化財（建造物）","重要文化財","近世以前／寺院","","鎌倉前期","19360918","","長野県","長野県小諸市大久保","","釈尊寺","","36.33037768000000","138.38575304000000","102-temple"
"102","1026","浄光寺薬師堂","","国宝・重要文化財（建造物）","重要文化財","近世以前／寺院","","室町中期","19070828","","長野県","長野県上高井郡小布施町大字雁田","","浄光寺","","36.69319941000000","138.33327816000000","102-temple"
"102","1008","定勝寺庫裏","","国宝・重要文化財（建造物）","重要文化財","近世以前／寺院","","江戸前期","19520329","","長野県","長野県木曽郡大桑村大字須原","","定勝寺","","35.69478532000000","137.68867799000000","102-temple"
"102","1009","定勝寺山門","","国宝・重要文化財（建造物）","重要文化財","近世以前／寺院","","江戸中期","19520329","","長野県","長野県木曽郡大桑村大字須原","","定勝寺","","35.69493331000000","137.68822184000000","102-temple"
"102","1007","定勝寺本堂","","国宝・重要文化財（建造物）","重要文化財","近世以前／寺院","","江戸前期","19520329","","長野県","長野県木曽郡大桑村大字須原","","定勝寺","","35.69496170000000","137.68853608000000","102-temple"
"102","959","盛蓮寺観音堂","","国宝・重要文化財（建造物）","重要文化財","近世以前／寺院","","室町後期","19490530","","長野県","長野県大町市社","","盛蓮寺","","36.45886666000000","137.87187422000000","102-temple"
"102","970","新海三社神社三重塔","","国宝・重要文化財（建造物）","重要文化財","近世以前／寺院","","室町後期","19070828","","長野県","長野県佐久市田口","","新海三社神社","","36.19609585000000","138.51260821000000","102-temple"
"102","909","善光寺経蔵","","国宝・重要文化財（建造物）","重要文化財","近世以前／寺院","","江戸後期","19650529","","長野県","長野県長野市大字長野元善町","","善光寺","","36.66124917000000","138.18708565000000","102-temple"
"102","908","善光寺三門","","国宝・重要文化財（建造物）","重要文化財","近世以前／寺院","","江戸中期","19650529","","長野県","長野県長野市大字長野元善町","","善光寺","","36.66074976000000","138.18765191000000","102-temple"
"102","907","善光寺本堂","","国宝・重要文化財（建造物）","国宝","近世以前／寺院","","江戸中期","19080423","19530331","長野県","長野県長野市大字長野元善町","","善光寺","","36.66155967000000","138.18767618000000","102-temple"
"102","935","前山寺三重塔","","国宝・重要文化財（建造物）","重要文化財","近世以前／寺院","","室町後期","19220413","","長野県","長野県上田市大字前山","","前山寺","","36.34075037000000","138.19740046000000","102-temple"
"102","980","大法寺観音堂厨子及び須弥壇","","国宝・重要文化財（建造物）","重要文化財","近世以前／寺院","","室町前期","19520719","","長野県","長野県小県郡青木村大字当郷","","大法寺","","36.38192423000000","138.14856670000000","102-temple"
"102","979","大法寺三重塔","","国宝・重要文化財（建造物）","国宝","近世以前／寺院","","室町前期","18990405","19530331","長野県","長野県小県郡青木村大字当郷","","大法寺","","36.38221701000000","138.14842442000000","102-temple"
"102","1015","田村堂","","国宝・重要文化財（建造物）","重要文化財","近世以前／寺院","","室町後期","19530829","","長野県","長野県松本市波田上波田","","松本市","","36.19190705000000","137.84015925000000","102-temple"
"102","1024","智識寺大御堂","","国宝・重要文化財（建造物）","重要文化財","近世以前／寺院","","室町後期","19070828","","長野県","長野県千曲市大字上山田","","智識寺","","36.46620276000000","138.14012577000000","102-temple"
"102","936","中禅寺薬師堂","","国宝・重要文化財（建造物）","重要文化財","近世以前／寺院","","鎌倉前期","19360918","","長野県","長野県上田市大字前山","","中禅寺","","36.33611958000000","138.18555756000000","102-temple"
"102","999","福徳寺本堂","","国宝・重要文化財（建造物）","重要文化財","近世以前／寺院","","室町前期","19120208","","長野県","長野県下伊那郡大鹿村大字大河原字上蔵2004番地","","大鹿村","","35.55064644000000","138.05388109000000","102-temple"
"102","977","法住寺虚空蔵堂","","国宝・重要文化財（建造物）","重要文化財","近世以前／寺院","","室町後期","19220413","","長野県","長野県上田市東内","","法住寺","","36.30372090000000","138.19528136000000","102-temple"
"102","1016","松尾寺本堂","","国宝・重要文化財（建造物）","重要文化財","近世以前／寺院","","室町後期","19590627","","長野県","長野県安曇野市穂高有明","","松尾寺","","36.37190271000000","137.82835375000000","102-temple"
"102","1107","安国寺経蔵","","国宝・重要文化財（建造物）","国宝","近世以前／寺院","","室町中期","19090405","19630701","岐阜県","岐阜県高山市国府町西門前","","安国寺","","36.22496297000000","137.24489168000000","102-temple"
"102","1043","永保寺開山堂","","国宝・重要文化財（建造物）","国宝","近世以前／寺院","","室町前期","19010327","19520329","岐阜県","岐阜県多治見市虎渓山町","","永保寺","","35.34614385000000","137.12922297000000","102-temple"
"102","1044","永保寺観音堂","","国宝・重要文化財（建造物）","国宝","近世以前／寺院","","室町前期","19010327","19520329","岐阜県","岐阜県多治見市虎渓山町","","永保寺","","35.34641407000000","137.13013923000000","102-temple"
"102","1091","円鏡寺楼門","","国宝・重要文化財（建造物）","重要文化財","近世以前／寺院","","鎌倉後期","19090405","","岐阜県","岐阜県本巣郡北方町北方","","円鏡寺","","35.43626060000000","136.68846230000000","102-temple"
"102","1096","願興寺本堂","","国宝・重要文化財（建造物）","重要文化財","近世以前／寺院","","桃山","19860524","","岐阜県","岐阜県可児郡御嵩町御嵩","","願興寺","","35.43141964000000","137.14399767000000","102-temple"
"102","1029","国分寺本堂","","国宝・重要文化財（建造物）","重要文化財","近世以前／寺院","","室町中期","19090405","","岐阜県","岐阜県高山市総和町","","国分寺","","36.14350346000000","137.25387520000000","102-temple"
"102","1030","照蓮寺本堂","","国宝・重要文化財（建造物）","重要文化財","近世以前／寺院","","室町後期","19560628","","岐阜県","岐阜県高山市堀端町","","照蓮寺","","36.13930109000000","137.26237738000000","102-temple"
"102","1087","真禅院","本地堂","国宝・重要文化財（建造物）","重要文化財","近世以前／寺院","","江戸前期","19770627","","岐阜県","岐阜県不破郡垂井町宮代","","真禅院","","35.36184641000000","136.51605349000000","102-temple"
"102","1088","真禅院","三重塔","国宝・重要文化財（建造物）","重要文化財","近世以前／寺院","","江戸前期","19770627","","岐阜県","岐阜県不破郡垂井町宮代","","真禅院","","35.36244606000000","136.51632240000000","102-temple"
"102","1048","新長谷寺阿弥陀堂","","国宝・重要文化財（建造物）","重要文化財","近世以前／寺院","","室町後期","19531114","","岐阜県","岐阜県関市長谷寺町","","新長谷寺","","35.48491021000000","136.92311143000000","102-temple"
"102","1046","新長谷寺三重塔","","国宝・重要文化財（建造物）","重要文化財","近世以前／寺院","","室町中期","19090405","","岐阜県","岐阜県関市長谷寺町","","新長谷寺","","35.48485226000000","136.92350489000000","102-temple"
"102","1047","新長谷寺釈迦堂","","国宝・重要文化財（建造物）","重要文化財","近世以前／寺院","","室町後期","19531114","","岐阜県","岐阜県関市長谷寺町","","新長谷寺","","35.48479144000000","136.92309361000000","102-temple"
"102","1049","新長谷寺大師堂","","国宝・重要文化財（建造物）","重要文化財","近世以前／寺院","","室町後期","19531114","","岐阜県","岐阜県関市長谷寺町","","新長谷寺","","35.48504217000000","136.92312683000000","102-temple"
"102","1045","新長谷寺本堂","","国宝・重要文化財（建造物）","重要文化財","近世以前／寺院","","室町中期","19090405","","岐阜県","岐阜県関市長谷寺町","","新長谷寺","","35.48504381000000","136.92331306000000","102-temple"
"102","1051","新長谷寺薬師堂","","国宝・重要文化財（建造物）","重要文化財","近世以前／寺院","","室町後期","19531114","","岐阜県","岐阜県関市長谷寺町","","新長谷寺","","35.48501314000000","136.92356867000000","102-temple"
"102","1053","長蔵寺舎利塔及び須弥壇","","国宝・重要文化財（建造物）","重要文化財","近世以前／寺院","","室町後期","19790203","","岐阜県","岐阜県美濃市上野","","長蔵寺","","35.58842380000000","136.86771089000000","102-temple"
"102","1093","日竜峯寺多宝塔","","国宝・重要文化財（建造物）","重要文化財","近世以前／寺院","","鎌倉後期","19010327","","岐阜県","岐阜県関市下之保","","日竜峯寺","","35.55727019000000","136.99202278000000","102-temple"
"102","1089","日吉神社三重塔","","国宝・重要文化財（建造物）","重要文化財","近世以前／寺院","","室町後期","19140417","","岐阜県","岐阜県安八郡神戸町大字神戸","","日吉神社","","35.42474966000000","136.60470601000000","102-temple"
"102","1094","明鏡寺観音堂","","国宝・重要文化財（建造物）","重要文化財","近世以前／寺院","","室町後期","19770627","","岐阜県","岐阜県加茂郡八百津町伊岐津志","","明鏡寺","","35.46477443000000","137.12594218000000","102-temple"
"102","1110","薬師堂","","国宝・重要文化財（建造物）","重要文化財","近世以前／寺院","","室町前期","19711228","","岐阜県","岐阜県飛騨市神岡町小萱","","瑞岸寺","","36.29994233000000","137.30712907000000","102-temple"
"102","1054","鹿苑寺地蔵堂","","国宝・重要文化財（建造物）","重要文化財","近世以前／寺院","","室町後期","19790203","","岐阜県","岐阜県美濃市立花","","鹿苑寺","","35.57907006000000","136.94251787000000","102-temple"
"102","1175","応声教院山門","","国宝・重要文化財（建造物）","重要文化財","近世以前／寺院","","江戸前期","19540917","","静岡県","静岡県菊川市中内田","","応声教院","","34.73695310000000","138.07054444000000","102-temple"
"102","1123","久能山東照宮","楼門","国宝・重要文化財（建造物）","重要文化財","近世以前／神社","","江戸前期","19550622","","静岡県","静岡県静岡市駿河区根古屋","","久能山東照宮","","34.96423496000000","138.46717655000000","102-temple"
"102","1122","久能山東照宮","神厩","国宝・重要文化財（建造物）","重要文化財","近世以前／神社","","江戸前期","19550622","","静岡県","静岡県静岡市駿河区根古屋","","久能山東照宮","","34.96444155000000","138.46715210000000","102-temple"
"102","1121","久能山東照宮","鼓楼","国宝・重要文化財（建造物）","重要文化財","近世以前／神社","","江戸前期","19550622","","静岡県","静岡県静岡市駿河区根古屋","","久能山東照宮","","34.96445388000000","138.46745411000000","102-temple"
"102","1119","久能山東照宮","神庫","国宝・重要文化財（建造物）","重要文化財","近世以前／神社","","江戸前期","19550622","","静岡県","静岡県静岡市駿河区根古屋","","久能山東照宮","","34.96453697000000","138.46781030000000","102-temple"
"102","1120","久能山東照宮","神楽殿","国宝・重要文化財（建造物）","重要文化財","近世以前／神社","","江戸前期","19550622","","静岡県","静岡県静岡市駿河区根古屋","","久能山東照宮","","34.96455409000000","138.46752795000000","102-temple"
"102","00004487","久能山東照宮","神饌所","国宝・重要文化財（建造物）","重要文化財","近世以前／神社","","江戸前期","20101224","","静岡県","静岡県静岡市駿河区根古屋","","久能山東照宮","","34.96467415000000","138.46732046000000","102-temple"
"102","1112","久能山東照宮","唐門","国宝・重要文化財（建造物）","重要文化財","近世以前／神社","","江戸前期","19120208","","静岡県","静岡県静岡市駿河区根古屋","","久能山東照宮","","34.96472753000000","138.46752839000000","102-temple"
"102","1113","久能山東照宮","東門","国宝・重要文化財（建造物）","重要文化財","近世以前／神社","","江戸前期","19120208","","静岡県","静岡県静岡市駿河区根古屋","","久能山東照宮","","34.96472825000000","138.46769047000000","102-temple"
"102","1116","久能山東照宮","渡廊","国宝・重要文化財（建造物）","重要文化財","近世以前／神社","","江戸前期","19120208","","静岡県","静岡県静岡市駿河区根古屋","","久能山東照宮","","34.96486645000000","138.46745711000000","102-temple"
"102","1115","久能山東照宮","玉垣","国宝・重要文化財（建造物）","重要文化財","近世以前／神社","","江戸前期","19120208","","静岡県","静岡県静岡市駿河区根古屋","","久能山東照宮","","34.96492762000000","138.46775581000000","102-temple"
"102","1114","久能山東照宮","廟門","国宝・重要文化財（建造物）","重要文化財","近世以前／神社","","江戸前期","19120208","","静岡県","静岡県静岡市駿河区根古屋","","久能山東照宮","","34.96499166000000","138.46759117000000","102-temple"
"102","1118","久能山東照宮","末社日枝神社本殿（旧本地堂）","国宝・重要文化財（建造物）","重要文化財","近世以前／寺院","","江戸前期","19550622","","静岡県","静岡県静岡市駿河区根古屋","","久能山東照宮","","34.96476272000000","138.46779813000000","102-temple"
"102","1117","久能山東照宮","廟所宝塔","国宝・重要文化財（建造物）","重要文化財","近世以前／その他","","江戸前期","19550622","","静岡県","静岡県静岡市駿河区根古屋","","久能山東照宮","","34.96524747000000","138.46815491000000","102-temple"
"102","1158","尊永寺仁王門","","国宝・重要文化財（建造物）","重要文化財","近世以前／寺院","","室町後期","19540917","","静岡県","静岡県袋井市豊沢","","尊永寺","","34.73459843000000","137.97311075000000","102-temple"
"102","1151","大石寺五重塔","","国宝・重要文化財（建造物）","重要文化財","近世以前／寺院","","江戸中期","19660611","","静岡県","静岡県富士宮市上条","","大石寺","","35.28179377000000","138.59062769000000","102-temple"
"102","1152","智満寺本堂","","国宝・重要文化財（建造物）","重要文化財","近世以前／寺院","","桃山","19660611","","静岡県","静岡県島田市千葉","","智満寺","","34.89124810000000","138.16198274000000","102-temple"
"102","1178","寶林寺","仏殿","国宝・重要文化財（建造物）","重要文化財","近世以前／寺院","","江戸中期","19810605","","静岡県","静岡県浜松市北区細江町中川","","寶林寺","","34.81700431000000","137.69176923000000","102-temple"
"102","1179","寶林寺","方丈","国宝・重要文化財（建造物）","重要文化財","近世以前／寺院","","江戸中期","19810605","","静岡県","静岡県浜松市北区細江町中川","","寶林寺","","34.81736098000000","137.69196859000000","102-temple"
"102","1160","本興寺本堂","","国宝・重要文化財（建造物）","重要文化財","近世以前／寺院","","室町後期","19070527","","静岡県","静岡県湖西市鷲津","","本興寺","","34.71715921000000","137.53819397000000","102-temple"
"102","1156","油山寺三重塔","","国宝・重要文化財（建造物）","重要文化財","近世以前／寺院","","桃山","19540917","","静岡県","静岡県袋井市村松","","油山寺","","34.78739537000000","137.93572173000000","102-temple"
"102","1157","油山寺本堂内厨子","","国宝・重要文化財（建造物）","重要文化財","近世以前／寺院","","桃山","19540917","","静岡県","静岡県袋井市村松","","油山寺","","34.78777799000000","137.93564452000000","102-temple"
"102","1148","臨済寺本堂","","国宝・重要文化財（建造物）","重要文化財","近世以前／寺院","","江戸前期","19830107","","静岡県","静岡県静岡市葵区大岩","","臨済寺","","34.99299507000000","138.37583063000000","102-temple"
"102","1149","霊山寺仁王門","","国宝・重要文化財（建造物）","重要文化財","近世以前／寺院","","室町後期","19310119","","静岡県","静岡県静岡市清水区大内","","霊山寺","","35.02839062000000","138.43634286000000","102-temple"
"102","1191","観音寺多宝塔","","国宝・重要文化財（建造物）","重要文化財","近世以前／寺院","","室町後期","19210430","","愛知県","愛知県名古屋市中川区荒子町","","観音寺","","35.13643557000000","136.85840663000000","102-temple"
"102","1266","観福寺本堂内宮殿","","国宝・重要文化財（建造物）","重要文化財","近世以前／寺院","","鎌倉前期","19840521","","愛知県","愛知県東海市大田町天神下ノ上","","観福寺","","35.01286871000000","136.89797743000000","102-temple"
"102","00005645","建中寺本堂","","国宝・重要文化財（建造物）","重要文化財","近世以前／寺院","","江戸後期","20250827","","愛知県","愛知県名古屋市東区筒井一丁目","","宗教法人建中寺","","35.17920278000000","136.92694167000000","102-temple"
"102","1190","興正寺五重塔","","国宝・重要文化財（建造物）","重要文化財","近世以前／寺院","","江戸後期","19820216","","愛知県","愛知県名古屋市昭和区八事本町","","興正寺","","35.14051264000000","136.96354649000000","102-temple"
"102","1268","高田寺本堂","","国宝・重要文化財（建造物）","重要文化財","近世以前／寺院","","室町中期","19200415","","愛知県","愛知県北名古屋市高田寺","","高田寺","","35.24165043000000","136.89179735000000","102-temple"
"102","1277","金蓮寺弥陀堂","","国宝・重要文化財（建造物）","国宝","近世以前／寺院","","鎌倉後期","19200415","19550622","愛知県","愛知県西尾市吉良町饗庭七度ケ入1","","金蓮寺","","34.80901664000000","137.07266468000000","102-temple"
"102","1230","財賀寺","仁王門","国宝・重要文化財（建造物）","重要文化財","近世以前／寺院","","室町後期","19900319","","愛知県","愛知県豊川市財賀町","","財賀寺","","34.87082935000000","137.35731699000000","102-temple"
"102","1231","財賀寺","本堂内厨子","国宝・重要文化財（建造物）","重要文化財","近世以前／寺院","","室町後期","19900319","","愛知県","愛知県豊川市財賀町","","財賀寺","","34.87475418000000","137.35683240000000","102-temple"
"102","1227","三明寺三重塔","","国宝・重要文化財（建造物）","重要文化財","近世以前／寺院","","室町後期","19070527","","愛知県","愛知県豊川市豊川町","","三明寺","","34.82021453000000","137.39956595000000","102-temple"
"102","1228","三明寺本堂内宮殿","","国宝・重要文化財（建造物）","重要文化財","近世以前／寺院","","室町後期","19530331","","愛知県","愛知県豊川市豊川町","","三明寺","","34.82058609000000","137.39940110000000","102-temple"
"102","1270","甚目寺","三重塔","国宝・重要文化財（建造物）","重要文化財","近世以前／寺院","","江戸前期","19531114","","愛知県","愛知県あま市甚目寺","","甚目寺","","35.19443773000000","136.82273642000000","102-temple"
"102","1271","甚目寺","東門","国宝・重要文化財（建造物）","重要文化財","近世以前／寺院","","江戸前期","19531114","","愛知県","愛知県あま市甚目寺","","甚目寺","","35.19473058000000","136.82347079000000","102-temple"
"102","1269","甚目寺南大門","","国宝・重要文化財（建造物）","重要文化財","近世以前／寺院","","鎌倉後期","19000407","","愛知県","愛知県あま市甚目寺","","甚目寺","","35.19404127000000","136.82307432000000","102-temple"
"102","1258","性海寺多宝塔","","国宝・重要文化財（建造物）","重要文化財","近世以前／寺院","","室町中期","19030415","","愛知県","愛知県稲沢市大塚南一丁目","","性海寺","","35.23967561000000","136.79332646000000","102-temple"
"102","1259","性海寺本堂及び宝塔","本堂","国宝・重要文化財（建造物）","重要文化財","近世以前／寺院","","江戸前期","19690620","","愛知県","愛知県稲沢市大塚南一丁目","","性海寺","","35.23989194000000","136.79309096000000","102-temple"
"102","1260","性海寺本堂及び宝塔","宝塔","国宝・重要文化財（建造物）","重要文化財","近世以前／寺院","","鎌倉後期","19690620","","愛知県","愛知県稲沢市大塚南一丁目","","性海寺","","35.23989194000000","136.79309096000000","102-temple"
"102","1217","定光寺本堂","","国宝・重要文化財（建造物）","重要文化財","近世以前／寺院","","室町後期","19260419","","愛知県","愛知県瀬戸市定光寺町","","定光寺","","35.28038165000000","137.09096979000000","102-temple"
"102","1199","信光明寺観音堂","","国宝・重要文化財（建造物）","重要文化財","近世以前／寺院","","室町後期","19040218","","愛知県","愛知県岡崎市岩津町","","信光明寺","","35.00306899000000","137.17474435000000","102-temple"
"102","1198","大樹寺多宝塔","","国宝・重要文化財（建造物）","重要文化財","近世以前／寺院","","室町後期","19040218","","愛知県","愛知県岡崎市鴨田町","","大樹寺","","34.98389456000000","137.16423889000000","102-temple"
"102","1195","滝山寺三門","","国宝・重要文化財（建造物）","重要文化財","近世以前／寺院","","室町前期","19010327","","愛知県","愛知県岡崎市滝町","","滝山寺","","34.98415652000000","137.19949481000000","102-temple"
"102","1196","滝山寺本堂","","国宝・重要文化財（建造物）","重要文化財","近世以前／寺院","","室町前期","19040218","","愛知県","愛知県岡崎市滝町","","滝山寺","","34.98818144000000","137.20561807000000","102-temple"
"102","1261","長光寺地蔵堂","","国宝・重要文化財（建造物）","重要文化財","近世以前／寺院","","室町後期","19060414","","愛知県","愛知県稲沢市六角堂東町","","長光寺","","35.23317814000000","136.83133275000000","102-temple"
"102","1267","知立神社多宝塔","","国宝・重要文化財（建造物）","重要文化財","近世以前／寺院","","室町後期","19070527","","愛知県","愛知県知立市西町","","知立神社","","35.01270268000000","137.04139443000000","102-temple"
"102","1280","天恩寺山門","","国宝・重要文化財（建造物）","重要文化財","近世以前／寺院","","室町後期","19070527","","愛知県","愛知県岡崎市片寄町","","天恩寺","","34.92413643000000","137.31383990000000","102-temple"
"102","1279","天恩寺仏殿","","国宝・重要文化財（建造物）","重要文化財","近世以前／寺院","","室町前期","19070527","","愛知県","愛知県岡崎市片寄町","","天恩寺","","34.92420302000000","137.31373321000000","102-temple"
"102","1194","東観音寺多宝塔","","国宝・重要文化財（建造物）","重要文化財","近世以前／寺院","","室町後期","19070527","","愛知県","愛知県豊橋市小松原町","","東観音寺","","34.68301504000000","137.43930786000000","102-temple"
"102","1291","鳳来寺仁王門","","国宝・重要文化財（建造物）","重要文化財","近世以前／寺院","","江戸前期","19531114","","愛知県","愛知県新城市門谷","","鳳来寺","","34.97390178000000","137.58152638000000","102-temple"
"102","1254","曼陀羅寺正堂","","国宝・重要文化財（建造物）","重要文化財","近世以前／寺院","","江戸前期","19570618","","愛知県","愛知県江南市大字前飛保","","曼陀羅寺","","35.34921798000000","136.85652312000000","102-temple"
"102","1256","万徳寺多宝塔","","国宝・重要文化財（建造物）","重要文化財","近世以前／寺院","","室町後期","19010327","","愛知県","愛知県稲沢市長野","","萬徳寺","","35.25597766000000","136.81628600000000","102-temple"
"102","1226","密蔵院多宝塔","","国宝・重要文化財（建造物）","重要文化財","近世以前／寺院","","室町中期","19200415","","愛知県","愛知県春日井市熊野町","","密蔵院","","35.24320183000000","137.00322533000000","102-temple"
"102","1197","妙源寺柳堂","","国宝・重要文化財（建造物）","重要文化財","近世以前／寺院","","鎌倉後期","19030415","","愛知県","愛知県岡崎市大和町","","妙源寺","","34.94824080000000","137.12422043000000","102-temple"
"102","1216","妙興寺勅使門","","国宝・重要文化財（建造物）","重要文化財","近世以前／寺院","","室町前期","19200415","","愛知県","愛知県一宮市大和町","","妙興報恩禅寺","","35.28500363000000","136.80042863000000","102-temple"
"102","1193","竜泉寺仁王門","","国宝・重要文化財（建造物）","重要文化財","近世以前／寺院","","桃山","19280404","","愛知県","愛知県名古屋市守山区吉根","","竜泉寺","","35.22291293000000","136.98461647000000","102-temple"
"102","1312","観菩提寺本堂","","国宝・重要文化財（建造物）","重要文化財","近世以前／寺院","","室町前期","19070527","","三重県","三重県伊賀市島ヶ原","","観菩提寺","","34.78070805000000","136.05215300000000","102-temple"
"102","1313","観菩提寺楼門","","国宝・重要文化財（建造物）","重要文化財","近世以前／寺院","","室町前期","19070527","","三重県","三重県伊賀市島ヶ原","","観菩提寺","","34.78053454000000","136.05217288000000","102-temple"
"102","1306","庫蔵寺本堂","","国宝・重要文化財（建造物）","重要文化財","近世以前／寺院","","室町後期","19200415","","三重県","三重県鳥羽市河内町丸山","","庫蔵寺","","34.44844580000000","136.81950033000000","102-temple"
"102","1295","金剛證寺本堂","","国宝・重要文化財（建造物）","重要文化財","近世以前／寺院","","桃山","19200415","","三重県","三重県伊勢市朝熊町","","金剛証寺","","34.45742400000000","136.78545413000000","102-temple"
"102","1310","地蔵院","鐘楼","国宝・重要文化財（建造物）","重要文化財","近世以前／寺院","","江戸前期","19880511","","三重県","三重県亀山市関町新所","","地蔵院","","34.85282378000000","136.38943174000000","102-temple"
"102","1309","地蔵院","愛染堂","国宝・重要文化財（建造物）","重要文化財","近世以前／寺院","","江戸前期","19200415","","三重県","三重県亀山市関町新所","","地蔵院","","34.85299369000000","136.38911955000000","102-temple"
"102","1308","地蔵院","本堂","国宝・重要文化財（建造物）","重要文化財","近世以前／寺院","","江戸中期","19880511","","三重県","三重県亀山市関町新所","","地蔵院","","34.85306125000000","136.38930584000000","102-temple"
"102","00004662","専修寺","太鼓門","国宝・重要文化財（建造物）","重要文化財","近世以前／寺院","","江戸末期","20130807","","三重県","三重県津市一身田町","","専修寺","","34.76113983000000","136.50537103000000","102-temple"
"102","00004655","専修寺","山門","国宝・重要文化財（建造物）","重要文化財","近世以前／寺院","","江戸中期","20130807","","三重県","三重県津市一身田町","","専修寺","","34.76139681000000","136.50319620000000","102-temple"
"102","00004661","専修寺","茶所","国宝・重要文化財（建造物）","重要文化財","近世以前／寺院","","江戸後期","20130807","","三重県","三重県津市一身田町","","専修寺","","34.76142536000000","136.50371017000000","102-temple"
"102","00004660","専修寺","鐘楼","国宝・重要文化財（建造物）","重要文化財","近世以前／寺院","","江戸後期","20130807","","三重県","三重県津市一身田町","","専修寺","","34.76150627000000","136.50399095000000","102-temple"
"102","00004656","専修寺","唐門","国宝・重要文化財（建造物）","重要文化財","近世以前／寺院","","江戸末期","20130807","","三重県","三重県津市一身田町","","専修寺","","34.76166807000000","136.50246809000000","102-temple"
"102","00004663","専修寺","大玄関","国宝・重要文化財（建造物）","重要文化財","近世以前／寺院","","江戸後期","20130807","","三重県","三重県津市一身田町","","専修寺","","34.76226293000000","136.50445732000000","102-temple"
"102","00004657","専修寺","通天橋","国宝・重要文化財（建造物）","重要文化財","近世以前／寺院","","江戸後期","20130807","","三重県","三重県津市一身田町","","専修寺","","34.76230101000000","136.50311530000000","102-temple"
"102","00004664","専修寺","対面所","国宝・重要文化財（建造物）","重要文化財","近世以前／寺院","","江戸後期","20130807","","三重県","三重県津市一身田町","","専修寺","","34.76231052000000","136.50486183000000","102-temple"
"102","00004665","専修寺","賜春館","国宝・重要文化財（建造物）","重要文化財","近世以前／寺院","","明治","20130807","","三重県","三重県津市一身田町","","専修寺","","34.76249612000000","136.50459533000000","102-temple"
"102","00004659","専修寺","御廟唐門及び透塀","国宝・重要文化財（建造物）","重要文化財","近世以前／寺院","","江戸末期","20130807","","三重県","三重県津市一身田町","","専修寺","","34.76255323000000","136.50221111000000","102-temple"
"102","00004658","専修寺","御廟拝堂","国宝・重要文化財（建造物）","重要文化財","近世以前／寺院","","江戸末期","20130807","","三重県","三重県津市一身田町","","専修寺","","34.76276738000000","136.50232056000000","102-temple"
"102","1293","専修寺如来堂","","国宝・重要文化財（建造物）","国宝","近世以前／寺院","","江戸中期","19610607","20171128","三重県","三重県津市一身田町","","宗教法人専修寺","","34.76245239000000","136.50292563000000","102-temple"
"102","1292","専修寺御影堂","","国宝・重要文化財（建造物）","国宝","近世以前／寺院","","江戸中期","19610607","20171128","三重県","三重県津市一身田町","","宗教法人専修寺","","34.76221162000000","136.50355418000000","102-temple"
"102","1296","来迎寺本堂","","国宝・重要文化財（建造物）","重要文化財","近世以前／寺院","","江戸中期","19880511","","三重県","三重県松阪市白粉町","","来迎寺","","34.57115651000000","136.53230232000000","102-temple"
"102","00004311","石山寺","蓮如堂","国宝・重要文化財（建造物）","重要文化財","近世以前／寺院","","桃山","20081202","","滋賀県","滋賀県大津市石山寺","","石山寺","","34.96042492000000","135.90592651000000","102-temple"
"102","00004312","石山寺","三十八所権現社本殿","国宝・重要文化財（建造物）","重要文化財","近世以前／寺院","","桃山","20081202","","滋賀県","滋賀県大津市石山寺","","石山寺","","34.96061619000000","135.90586912000000","102-temple"
"102","00004293","石山寺","御影堂","国宝・重要文化財（建造物）","重要文化財","近世以前／寺院","","室町中期","20081202","","滋賀県","滋賀県大津市石山寺","","石山寺","","34.96062576000000","135.90625644000000","102-temple"
"102","00004313","石山寺","経蔵","国宝・重要文化財（建造物）","重要文化財","近世以前／寺院","","桃山","20081202","","滋賀県","滋賀県大津市石山寺","","石山寺","","34.96077399000000","135.90578784000000","102-temple"
"102","1318","石山寺鐘楼","","国宝・重要文化財（建造物）","重要文化財","近世以前／寺院","","鎌倉後期","19070828","","滋賀県","滋賀県大津市石山寺","","石山寺","","34.96082775000000","135.90620303000000","102-temple"
"102","1316","石山寺多宝塔","","国宝・重要文化財（建造物）","国宝","近世以前／寺院","","鎌倉前期","18990405","19510609","滋賀県","滋賀県大津市石山寺","","石山寺","","34.96096835000000","135.90593592000000","102-temple"
"102","1317","石山寺東大門","","国宝・重要文化財（建造物）","重要文化財","近世以前／寺院","","桃山","19070828","","滋賀県","滋賀県大津市石山寺","","石山寺","","34.96069762000000","135.90773505000000","102-temple"
"102","1315","石山寺本堂","","国宝・重要文化財（建造物）","国宝","近世以前／寺院","","平安後期","18981228","19521122","滋賀県","滋賀県大津市石山寺","","石山寺","","34.96045194000000","135.90561513000000","102-temple"
"102","1452","圓光寺本堂","","国宝・重要文化財（建造物）","重要文化財","近世以前／寺院","","鎌倉前期","19530331","","滋賀県","滋賀県野洲市久野部","","圓光寺","","35.07354564000000","136.02582896000000","102-temple"
"102","00004897","延暦寺","阿弥陀堂鐘楼","国宝・重要文化財（建造物）","重要文化財","近世以前／寺院","","江戸前期","20160725","","滋賀県","滋賀県大津市坂本本町、同坂本四丁目","","延暦寺","","35.06885100000000","135.83865500000000","102-temple"
"102","00004902","延暦寺","慈眼堂","国宝・重要文化財（建造物）","重要文化財","近世以前／寺院","","江戸前期","20160725","","滋賀県","滋賀県大津市坂本本町、同坂本四丁目","","延暦寺","","35.06901500000000","135.86653600000000","102-temple"
"102","00004893","延暦寺","山王社","国宝・重要文化財（建造物）","重要文化財","近世以前／寺院","","江戸前期","20160725","","滋賀県","滋賀県大津市坂本本町、同坂本四丁目","","延暦寺","","35.07010700000000","135.84245100000000","102-temple"
"102","00004892","延暦寺","文殊楼","国宝・重要文化財（建造物）","重要文化財","近世以前／寺院","","江戸中期","20160725","","滋賀県","滋賀県大津市坂本本町、同坂本四丁目","","延暦寺","","35.07041500000000","135.84203100000000","102-temple"
"102","00004896","延暦寺","浄土院拝殿","国宝・重要文化財（建造物）","重要文化財","近世以前／寺院","","江戸中期","20160725","","滋賀県","滋賀県大津市坂本本町、同坂本四丁目","","延暦寺","","35.07147100000000","135.83630900000000","102-temple"
"102","00004895","延暦寺","浄土院唐門","国宝・重要文化財（建造物）","重要文化財","近世以前／寺院","","江戸中期","20160725","","滋賀県","滋賀県大津市坂本本町、同坂本四丁目","","延暦寺","","35.07162300000000","135.83634300000000","102-temple"
"102","00004894","延暦寺","浄土院伝教大師御廟","国宝・重要文化財（建造物）","重要文化財","近世以前／寺院","","江戸中期","20160725","","滋賀県","滋賀県大津市坂本本町、同坂本四丁目","","延暦寺","","35.07171200000000","135.83636500000000","102-temple"
"102","00004898","延暦寺","西塔鐘楼","国宝・重要文化財（建造物）","重要文化財","近世以前／寺院","","江戸中期","20160725","","滋賀県","滋賀県大津市坂本本町、同坂本四丁目","","延暦寺","","35.07411300000000","135.83357900000000","102-temple"
"102","00004901","延暦寺","横川鐘楼","国宝・重要文化財（建造物）","重要文化財","近世以前／寺院","","江戸中期","20160725","","滋賀県","滋賀県大津市坂本本町、同坂本四丁目","","延暦寺","","35.09607600000000","135.85168700000000","102-temple"
"102","00004899","延暦寺","四季講堂","国宝・重要文化財（建造物）","重要文化財","近世以前／寺院","","江戸中期","20160725","","滋賀県","滋賀県大津市坂本本町、同坂本四丁目","","延暦寺","","35.09726100000000","135.85180700000000","102-temple"
"102","00004900","延暦寺","元三大師御廟拝殿","国宝・重要文化財（建造物）","重要文化財","近世以前／寺院","","江戸中期","20160725","","滋賀県","滋賀県大津市坂本本町、同坂本四丁目","","延暦寺","","35.09933400000000","135.85204300000000","102-temple"
"102","1323","延暦寺戒壇院","","国宝・重要文化財（建造物）","重要文化財","近世以前／寺院","","江戸中期","19010802","","滋賀県","滋賀県大津市坂本本町","","延暦寺","","35.06963635000000","135.83958353000000","102-temple"
"102","1320","延暦寺根本中堂","","国宝・重要文化財（建造物）","国宝","近世以前／寺院","","江戸前期","18990405","19530331","滋賀県","滋賀県大津市坂本本町","","延暦寺","","35.07049521000000","135.84094964000000","102-temple"
"102","1321","延暦寺根本中堂廻廊","","国宝・重要文化財（建造物）","重要文化財","近世以前／寺院","","江戸前期","18990405","","滋賀県","滋賀県大津市坂本本町","","延暦寺","","35.07048657000000","135.84133584000000","102-temple"
"102","1326","延暦寺常行堂及び法華堂","常行堂","国宝・重要文化財（建造物）","重要文化財","近世以前／寺院","","桃山","19550622","","滋賀県","滋賀県大津市坂本本町","","延暦寺","","35.07331102000000","135.83358876000000","102-temple"
"102","1327","延暦寺常行堂及び法華堂","法華堂","国宝・重要文化財（建造物）","重要文化財","近世以前／寺院","","桃山","19550622","","滋賀県","滋賀県大津市坂本本町","","延暦寺","","35.07331390000000","135.83386544000000","102-temple"
"102","1328","延暦寺大講堂（旧東照宮本地堂）","","国宝・重要文化財（建造物）","重要文化財","近世以前／寺院","","江戸前期","19870603","","滋賀県","滋賀県大津市坂本本町","","延暦寺","","35.06984238000000","135.84045593000000","102-temple"
"102","1322","延暦寺転法輪堂","","国宝・重要文化財（建造物）","重要文化財","近世以前／寺院","","室町前期","19000407","","滋賀県","滋賀県大津市坂本本町","","延暦寺","","35.07430643000000","135.83396244000000","102-temple"
"102","1324","延暦寺瑠璃堂","","国宝・重要文化財（建造物）","重要文化財","近世以前／寺院","","室町後期","19120208","","滋賀県","滋賀県大津市坂本本町","","延暦寺","","35.07786888000000","135.83511031000000","102-temple"
"102","1379","大津別院本堂","","国宝・重要文化財（建造物）","重要文化財","近世以前／寺院","","江戸前期","19610607","","滋賀県","滋賀県大津市中央二丁目","","大津別院","","35.00692050000000","135.86660882000000","102-temple"
"102","00005573","園城寺","絵馬堂","国宝・重要文化財（建造物）","重要文化財","近世以前／寺院","","江戸後期","20240815","","滋賀県","滋賀県大津市園城寺町","","宗教法人園城寺","","35.01022500000000","135.85535000000000","102-temple"
"102","00005569","園城寺","観音堂","国宝・重要文化財（建造物）","重要文化財","近世以前／寺院","","江戸中期","20240815","","滋賀県","滋賀県大津市園城寺町","","宗教法人園城寺","","35.01035000000000","135.85495833000000","102-temple"
"102","00005572","園城寺","観月舞台","国宝・重要文化財（建造物）","重要文化財","近世以前／寺院","","江戸末期","20240815","","滋賀県","滋賀県大津市園城寺町","","宗教法人園城寺","","35.01050833000000","135.85529444000000","102-temple"
"102","00005570","園城寺","札所鐘楼","国宝・重要文化財（建造物）","重要文化財","近世以前／寺院","","江戸後期","20240815","","滋賀県","滋賀県大津市園城寺町","","宗教法人園城寺","","35.01052222000000","135.85500833000000","102-temple"
"102","00005571","園城寺","百体堂","国宝・重要文化財（建造物）","重要文化財","近世以前／寺院","","江戸中期","20240815","","滋賀県","滋賀県大津市園城寺町","","宗教法人園城寺","","35.01053889000000","135.85517500000000","102-temple"
"102","1334","園城寺閼伽井屋","","国宝・重要文化財（建造物）","重要文化財","近世以前／寺院","","桃山","19060414","","滋賀県","滋賀県大津市園城寺町","","園城寺","","35.01349222000000","135.85260908000000","102-temple"
"102","1335","園城寺一切経蔵（経堂）","","国宝・重要文化財（建造物）","重要文化財","近世以前／寺院","","室町中期","19060414","","滋賀県","滋賀県大津市園城寺町","","園城寺","","35.01294635000000","135.85220149000000","102-temple"
"102","1333","園城寺金堂","","国宝・重要文化財（建造物）","国宝","近世以前／寺院","","桃山","19060414","19530331","滋賀県","滋賀県大津市園城寺町","","園城寺","","35.01328062000000","135.85287110000000","102-temple"
"102","1337","園城寺食堂（釈迦堂）","","国宝・重要文化財（建造物）","重要文化財","近世以前／寺院","","室町中期","19120208","","滋賀県","滋賀県大津市園城寺町","","園城寺","","35.01371785000000","135.85410842000000","102-temple"
"102","1343","園城寺鐘楼","","国宝・重要文化財（建造物）","重要文化財","近世以前／寺院","","桃山","19670615","","滋賀県","滋賀県大津市園城寺町","","園城寺","","35.01312302000000","135.85311215000000","102-temple"
"102","1329","園城寺大門（仁王門）","","国宝・重要文化財（建造物）","重要文化財","近世以前／寺院","","室町中期","19000407","","滋賀県","滋賀県大津市園城寺町","","園城寺","","35.01346311000000","135.85432677000000","102-temple"
"102","1340","園城寺唐院","唐門","国宝・重要文化財（建造物）","重要文化財","近世以前／寺院","","桃山","19670615","","滋賀県","滋賀県大津市園城寺町","","園城寺","","35.01234009000000","135.85209156000000","102-temple"
"102","1341","園城寺唐院","灌頂堂","国宝・重要文化財（建造物）","重要文化財","近世以前／寺院","","江戸前期","19670615","","滋賀県","滋賀県大津市園城寺町","","園城寺","","35.01237813000000","135.85226576000000","102-temple"
"102","1342","園城寺唐院","四脚門","国宝・重要文化財（建造物）","重要文化財","近世以前／寺院","","桃山","19670615","","滋賀県","滋賀県大津市園城寺町","","園城寺","","35.01239014000000","135.85246195000000","102-temple"
"102","1339","園城寺唐院","大師堂","国宝・重要文化財（建造物）","重要文化財","近世以前／寺院","","桃山","19670615","","滋賀県","滋賀県大津市園城寺町","","園城寺","","35.01240040000000","135.85202102000000","102-temple"
"102","1336","園城寺塔婆（三重塔）","","国宝・重要文化財（建造物）","重要文化財","近世以前／寺院","","室町前期","19060414","","滋賀県","滋賀県大津市園城寺町","","園城寺","","35.01256606000000","135.85221532000000","102-temple"
"102","1338","園城寺毘沙門堂","","国宝・重要文化財（建造物）","重要文化財","近世以前／寺院","","江戸前期","19520329","","滋賀県","滋賀県大津市園城寺町","","園城寺","","35.01082626000000","135.85443394000000","102-temple"
"102","1517","観音寺","惣門","国宝・重要文化財（建造物）","重要文化財","近世以前／寺院","","江戸中期","19930420","","滋賀県","滋賀県米原市朝日","","観音寺","","35.38749565000000","136.33914889000000","102-temple"
"102","1516","観音寺","鐘楼","国宝・重要文化財（建造物）","重要文化財","近世以前／寺院","","江戸中期","19930420","","滋賀県","滋賀県米原市朝日","","観音寺","","35.38921481000000","136.33805177000000","102-temple"
"102","1515","観音寺","本堂","国宝・重要文化財（建造物）","重要文化財","近世以前／寺院","","江戸中期","19930420","","滋賀県","滋賀県米原市朝日","","観音寺","","35.38933701000000","136.33785138000000","102-temple"
"102","1416","観音寺阿弥陀堂","","国宝・重要文化財（建造物）","重要文化財","近世以前／寺院","","室町前期","19010327","","滋賀県","滋賀県草津市芦浦町","","観音寺","","35.05976533000000","135.95479895000000","102-temple"
"102","1501","弘誓寺本堂","","国宝・重要文化財（建造物）","重要文化財","近世以前／寺院","","江戸後期","19870603","","滋賀県","滋賀県東近江市五個荘町金堂町","","弘誓寺","","35.15368680000000","136.17878200000000","102-temple"
"102","1475","桑実寺本堂","","国宝・重要文化財（建造物）","重要文化財","近世以前／寺院","","室町前期","19040218","","滋賀県","滋賀県近江八幡市安土町大字桑実寺","","桑実寺","","35.14810157000000","136.15410489000000","102-temple"
"102","2068","五村別院","本堂","国宝・重要文化財（建造物）","重要文化財","近世以前／寺院","","江戸中期","19981225","","滋賀県","滋賀県長浜市五村","","真宗大谷派本願寺別院","","35.41881342000000","136.26117994000000","102-temple"
"102","2069","五村別院","表門","国宝・重要文化財（建造物）","重要文化財","近世以前／寺院","","江戸中期","19981225","","滋賀県","滋賀県長浜市五村","","真宗大谷派本願寺別院","","35.41899699000000","136.26176417000000","102-temple"
"102","1507","金剛輪寺三重塔","","国宝・重要文化財（建造物）","重要文化財","近世以前／寺院","","室町前期","19720515","","滋賀県","滋賀県愛知郡愛荘町大字松尾寺","","金剛輪寺","","35.16179675000000","136.28303682000000","102-temple"
"102","1506","金剛輪寺二天門","","国宝・重要文化財（建造物）","重要文化財","近世以前／寺院","","室町後期","19610323","","滋賀県","滋賀県愛知郡愛荘町大字松尾寺","","金剛輪寺","","35.16129638000000","136.28273183000000","102-temple"
"102","1505","金剛輪寺本堂","","国宝・重要文化財（建造物）","国宝","近世以前／寺院","","室町前期","18981228","19521122","滋賀県","滋賀県愛知郡愛荘町大字松尾寺","","金剛輪寺","","35.16127461000000","136.28293881000000","102-temple"
"102","1369","西教寺本堂","","国宝・重要文化財（建造物）","重要文化財","近世以前／寺院","","江戸中期","19860524","","滋賀県","滋賀県大津市坂本本町","","西教寺","","35.08115435000000","135.86636280000000","102-temple"
"102","1525","西徳寺本堂","","国宝・重要文化財（建造物）","重要文化財","近世以前／寺院","","江戸中期","19860524","","滋賀県","滋賀県長浜市木之本町赤尾","","西徳寺","","35.48738253000000","136.20176975000000","102-temple"
"102","1511","西明寺三重塔","","国宝・重要文化財（建造物）","国宝","近世以前／寺院","","鎌倉後期","19000407","19521122","滋賀県","滋賀県犬上郡甲良町大字池寺","","西明寺","","35.18313719000000","136.28522035000000","102-temple"
"102","1512","西明寺二天門","","国宝・重要文化財（建造物）","重要文化財","近世以前／寺院","","室町中期","19110417","","滋賀県","滋賀県犬上郡甲良町大字池寺","","西明寺","","35.18339973000000","136.28510979000000","102-temple"
"102","1510","西明寺本堂","","国宝・重要文化財（建造物）","国宝","近世以前／寺院","","鎌倉前期","18971228","19521122","滋賀県","滋賀県犬上郡甲良町大字池寺","","西明寺","","35.18338747000000","136.28538153000000","102-temple"
"102","1477","浄厳院","楼門","国宝・重要文化財（建造物）","重要文化財","近世以前／寺院","","室町後期","19980501","","滋賀県","滋賀県近江八幡市安土町大字慈恩寺","","浄厳院","","35.13747668000000","136.12900106000000","102-temple"
"102","1476","浄厳院","本堂","国宝・重要文化財（建造物）","重要文化財","近世以前／寺院","","室町後期","19030415","","滋賀県","滋賀県近江八幡市安土町大字慈恩寺","","浄厳院","","35.13787040000000","136.12870237000000","102-temple"
"102","00004765","聖衆来迎寺","表門","国宝・重要文化財（建造物）","重要文化財","近世以前／寺院","","桃山","20140918","","滋賀県","滋賀県大津市比叡辻二丁目","","聖衆来迎寺","","35.07208037000000","135.88625349000000","102-temple"
"102","00004764","聖衆来迎寺","開山堂","国宝・重要文化財（建造物）","重要文化財","近世以前／寺院","","江戸前期","20140918","","滋賀県","滋賀県大津市比叡辻二丁目","","聖衆来迎寺","","35.07222314000000","135.88572049000000","102-temple"
"102","00004763","聖衆来迎寺","本堂","国宝・重要文化財（建造物）","重要文化財","近世以前／寺院","","江戸中期","20140918","","滋賀県","滋賀県大津市比叡辻二丁目","","聖衆来迎寺","","35.07226597000000","135.88607741000000","102-temple"
"102","1373","聖衆来迎寺","客殿","国宝・重要文化財（建造物）","重要文化財","近世以前／住宅","","江戸前期","19220413","","滋賀県","滋賀県大津市比叡辻二丁目","","聖衆来迎寺","","35.07241058000000","135.88582930000000","102-temple"
"102","1487","正明寺本堂","","国宝・重要文化財（建造物）","重要文化財","近世以前／寺院","","江戸前期","19300523","","滋賀県","滋賀県蒲生郡日野町大字松尾","","正明寺","","35.02576822000000","136.24502008000000","102-temple"
"102","1458","常楽寺三重塔","","国宝・重要文化財（建造物）","国宝","近世以前／寺院","","室町中期","19010327","19530331","滋賀県","滋賀県湖南市西寺","","常楽寺","","34.98996267000000","136.04829643000000","102-temple"
"102","1457","常楽寺本堂","","国宝・重要文化財（建造物）","国宝","近世以前／寺院","","室町前期","18981228","19530331","滋賀県","滋賀県湖南市西寺","","常楽寺","","34.99007980000000","136.04866987000000","102-temple"
"102","1419","石津寺本堂","","国宝・重要文化財（建造物）","重要文化財","近世以前／寺院","","室町前期","19070828","","滋賀県","滋賀県草津市矢橋町","","（宗教法人）総持寺","","35.00590671000000","135.92424444000000","102-temple"
"102","1461","善水寺本堂","","国宝・重要文化財（建造物）","国宝","近世以前／寺院","","室町前期","18990405","19540320","滋賀県","滋賀県湖南市岩根","","善水寺","","35.67523611000000","139.73363889000000","102-temple"
"102","1472","捴見寺三重塔","","国宝・重要文化財（建造物）","重要文化財","近世以前／寺院","","室町後期","19010327","","滋賀県","滋賀県近江八幡市安土町大字下豊浦","","捴見寺","","35.15417172000000","136.13714086000000","102-temple"
"102","1473","捴見寺二王門","","国宝・重要文化財（建造物）","重要文化財","近世以前／寺院","","室町後期","19030415","","滋賀県","滋賀県近江八幡市安土町大字下豊浦","","捴見寺","","35.15410296000000","136.13648085000000","102-temple"
"102","1401","大通寺本堂","","国宝・重要文化財（建造物）","重要文化財","近世以前／寺院","","江戸前期","19150326","","滋賀県","滋賀県長浜市元浜町","","真宗大谷派本願寺別院大通寺","","35.38341849000000","136.26959053000000","102-temple"
"102","1400","長寿院弁才天堂","","国宝・重要文化財（建造物）","重要文化財","近世以前／寺院","","江戸中期","19730602","","滋賀県","滋賀県彦根市古沢町","","長寿院","","35.28567265000000","136.26526011000000","102-temple"
"102","1455","長寿寺本堂","","国宝・重要文化財（建造物）","国宝","近世以前／寺院","","鎌倉前期","18981228","19530331","滋賀県","滋賀県湖南市東寺","","長寿寺","","34.98531416000000","136.05992673000000","102-temple"
"102","00005359","長命寺","三仏堂","国宝・重要文化財（建造物）","重要文化財","近世以前／寺院","","桃山","20210802","","滋賀県","滋賀県近江八幡市長命寺町","","宗教法人長命寺","","35.16280000000000","136.06375278000000","102-temple"
"102","00005360","長命寺","護法権現社拝殿","国宝・重要文化財（建造物）","重要文化財","近世以前／寺院","","室町後期","20210802","","滋賀県","滋賀県近江八幡市長命寺町","","宗教法人長命寺","","35.16280833000000","136.06356111000000","102-temple"
"102","1407","長命寺護摩堂","","国宝・重要文化財（建造物）","重要文化財","近世以前／寺院","","桃山","19670615","","滋賀県","滋賀県近江八幡市長命寺町","","長命寺","","35.16264948000000","136.06423733000000","102-temple"
"102","1405","長命寺三重塔","","国宝・重要文化財（建造物）","重要文化財","近世以前／寺院","","桃山","19230328","","滋賀県","滋賀県近江八幡市長命寺町","","長命寺","","35.16250689000000","136.06436691000000","102-temple"
"102","1406","長命寺鐘楼","","国宝・重要文化財（建造物）","重要文化財","近世以前／寺院","","桃山","19670615","","滋賀県","滋賀県近江八幡市長命寺町","","長命寺","","35.16290010000000","136.06335353000000","102-temple"
"102","1404","長命寺本堂","","国宝・重要文化財（建造物）","重要文化財","近世以前／寺院","","室町後期","19040218","","滋賀県","滋賀県近江八幡市長命寺町","","長命寺","","35.16265335000000","136.06401194000000","102-temple"
"102","00003893","百済寺本堂","","国宝・重要文化財（建造物）","重要文化財","近世以前／寺院","","江戸前期","20041210","","滋賀県","滋賀県東近江市百済寺町","","百済寺","","35.12682369000000","136.29143360000000","102-temple"
"102","1377","不動寺本堂","","国宝・重要文化財（建造物）","重要文化財","近世以前／寺院","","室町前期","19240415","","滋賀県","滋賀県大津市田上森町","","宗教法人不動寺","","34.91658411000000","135.98361881000000","102-temple"
"102","1521","宝厳寺","唐門","国宝・重要文化財（建造物）","国宝","近世以前／寺院","","桃山","19010327","19530331","滋賀県","滋賀県長浜市早崎町","","宝厳寺","","35.42063573000000","136.14355697000000","102-temple"
"102","1520","宝厳寺","観音堂","国宝・重要文化財（建造物）","重要文化財","近世以前／寺院","","桃山","19010327","","滋賀県","滋賀県長浜市早崎町","","宝厳寺","","35.42061641000000","136.14367956000000","102-temple"
"102","1522","宝厳寺","渡廊（低屋根）","国宝・重要文化財（建造物）","重要文化財","近世以前／寺院","","桃山","19010327","","滋賀県","滋賀県長浜市早崎町","","宝厳寺","","35.42064998000000","136.14389148000000","102-temple"
"102","1523","宝厳寺","渡廊（高屋根）","国宝・重要文化財（建造物）","重要文化財","近世以前／寺院","","桃山","19010327","","滋賀県","滋賀県長浜市早崎町","","宝厳寺","","35.42065928000000","136.14400928000000","102-temple"
"102","1384","明王院","庵室","国宝・重要文化財（建造物）","重要文化財","近世以前／寺院","","江戸末期","19931209","","滋賀県","滋賀県大津市葛川坊村町","","明王院","","35.24770944000000","135.86872659000000","102-temple"
"102","1383","明王院","護摩堂","国宝・重要文化財（建造物）","重要文化財","近世以前／寺院","","江戸後期","19931209","","滋賀県","滋賀県大津市葛川坊村町","","明王院","","35.24776818000000","135.86885581000000","102-temple"
"102","1385","明王院","政所表門","国宝・重要文化財（建造物）","重要文化財","近世以前／寺院","","桃山","19931209","","滋賀県","滋賀県大津市葛川坊村町","","明王院","","35.24782524000000","135.86860072000000","102-temple"
"102","1382","明王院","本堂","国宝・重要文化財（建造物）","重要文化財","近世以前／寺院","","江戸中期","19931209","","滋賀県","滋賀県大津市葛川坊村町","","明王院","","35.24789572000000","135.86907398000000","102-temple"
"102","2200","岩湧寺多宝塔","","国宝・重要文化財（建造物）","重要文化財","近世以前／寺院","","室町後期","19800126","","大阪府","大阪府河内長野市加賀田","","岩湧寺","","34.38095853000000","135.55764155000000","102-temple"
"102","2231","叡福寺","多宝塔","国宝・重要文化財（建造物）","重要文化財","近世以前／寺院","","江戸前期","19770128","","大阪府","大阪府南河内郡太子町大字太子","","叡福寺","","34.51840235000000","135.63882735000000","102-temple"
"102","2230","叡福寺","聖霊殿","国宝・重要文化財（建造物）","重要文化財","近世以前／寺院","","桃山","19770128","","大阪府","大阪府南河内郡太子町大字太子","","叡福寺","","34.51897322000000","135.63897296000000","102-temple"
"102","2135","海会寺本堂、庫裏及び門廊","門廊","国宝・重要文化財（建造物）","重要文化財","近世以前／寺院","","江戸前期","19550622","","大阪府","大阪府堺市堺区南旅篭町東三丁","","海会寺","","34.56867667000000","135.46932239000000","102-temple"
"102","2134","海会寺本堂、庫裏及び門廊","本堂及び庫裏","国宝・重要文化財（建造物）","重要文化財","近世以前／寺院","","江戸前期","19550622","","大阪府","大阪府堺市堺区南旅篭町東三丁","","海会寺","","34.56874800000000","135.46943214000000","102-temple"
"102","2185","観心寺金堂","","国宝・重要文化財（建造物）","国宝","近世以前／寺院","","室町前期","18971228","19520329","大阪府","大阪府河内長野市寺元","","観心寺","","34.43737160000000","135.59856457000000","102-temple"
"102","2188","観心寺建掛塔","","国宝・重要文化財（建造物）","重要文化財","近世以前／寺院","","室町後期","19720515","","大阪府","大阪府河内長野市寺元","","観心寺","","34.43706088000000","135.59895075000000","102-temple"
"102","2167","願泉寺","表門","国宝・重要文化財（建造物）","重要文化財","近世以前／寺院","","江戸中期","19930817","","大阪府","大阪府貝塚市中","","願泉寺","","34.44838481000000","135.35778100000000","102-temple"
"102","2166","願泉寺","太鼓堂","国宝・重要文化財（建造物）","重要文化財","近世以前／寺院","","江戸中期","19930817","","大阪府","大阪府貝塚市中","","願泉寺","","34.44854065000000","135.35791431000000","102-temple"
"102","2165","願泉寺","本堂","国宝・重要文化財（建造物）","重要文化財","近世以前／寺院","","江戸中期","19930817","","大阪府","大阪府貝塚市中","","願泉寺","","34.44857738000000","135.35756939000000","102-temple"
"102","2154","久安寺楼門","","国宝・重要文化財（建造物）","重要文化財","近世以前／寺院","","室町中期","19030415","","大阪府","大阪府池田市伏尾町","","久安寺","","34.85952437000000","135.44523585000000","102-temple"
"102","2164","孝恩寺観音堂","","国宝・重要文化財（建造物）","国宝","近世以前／寺院","","鎌倉後期","19030415","19531114","大阪府","大阪府貝塚市木積","","孝恩寺","","34.39707216000000","135.39457259000000","102-temple"
"102","00005189","金剛寺","五仏堂","国宝・重要文化財（建造物）","重要文化財","近世以前／寺院","","桃山","20191227","","大阪府","大阪府河内長野市天野町","","天野山金剛寺","","34.43342778000000","135.53897278000000","102-temple"
"102","00005190","金剛寺","薬師堂","国宝・重要文化財（建造物）","重要文化財","近世以前／寺院","","桃山","20191227","","大阪府","大阪府河内長野市天野町","","天野山金剛寺","","34.43342778000000","135.53897278000000","102-temple"
"102","00005191","金剛寺","閼伽井屋","国宝・重要文化財（建造物）","重要文化財","近世以前／寺院","","桃山","20191227","","大阪府","大阪府河内長野市天野町","","天野山金剛寺","","34.43342778000000","135.53897278000000","102-temple"
"102","00005192","金剛寺","護摩堂","国宝・重要文化財（建造物）","重要文化財","近世以前／寺院","","桃山","20191227","","大阪府","大阪府河内長野市天野町","","天野山金剛寺","","34.43342778000000","135.53897278000000","102-temple"
"102","00005193","金剛寺","法具蔵","国宝・重要文化財（建造物）","重要文化財","近世以前／寺院","","桃山","20191227","","大阪府","大阪府河内長野市天野町","","天野山金剛寺","","34.43342778000000","135.53897278000000","102-temple"
"102","00005194","金剛寺","求聞持堂","国宝・重要文化財（建造物）","重要文化財","近世以前／寺院","","江戸中期","20191227","","大阪府","大阪府河内長野市天野町","","天野山金剛寺","","34.43342778000000","135.53897278000000","102-temple"
"102","00005195","金剛寺","開山堂","国宝・重要文化財（建造物）","重要文化財","近世以前／寺院","","江戸中期","20191227","","大阪府","大阪府河内長野市天野町","","天野山金剛寺","","34.43342778000000","135.53897278000000","102-temple"
"102","00005196","金剛寺","宝蔵","国宝・重要文化財（建造物）","重要文化財","近世以前／寺院","","江戸中期","20191227","","大阪府","大阪府河内長野市天野町","","天野山金剛寺","","34.43342778000000","135.53897278000000","102-temple"
"102","00005197","金剛寺","経蔵","国宝・重要文化財（建造物）","重要文化財","近世以前／寺院","","江戸中期","20191227","","大阪府","大阪府河内長野市天野町","","天野山金剛寺","","34.43342778000000","135.53897278000000","102-temple"
"102","00005198","金剛寺","弁財天社本殿","国宝・重要文化財（建造物）","重要文化財","近世以前／寺院","","江戸中期","20191227","","大阪府","大阪府河内長野市天野町","","天野山金剛寺","","34.43342778000000","135.53897278000000","102-temple"
"102","00005199","金剛寺","八大龍王善女龍王社本殿","国宝・重要文化財（建造物）","重要文化財","近世以前／寺院","","江戸中期","20191227","","大阪府","大阪府河内長野市天野町","","天野山金剛寺","","34.43342778000000","135.53897278000000","102-temple"
"102","00005200","金剛寺","天照皇大神社本殿","国宝・重要文化財（建造物）","重要文化財","近世以前／寺院","","江戸中期","20191227","","大阪府","大阪府河内長野市天野町","","天野山金剛寺","","34.43342778000000","135.53897278000000","102-temple"
"102","00005201","金剛寺","鎮守水分明神社本殿","国宝・重要文化財（建造物）","重要文化財","近世以前／寺院","","桃山","20191227","","大阪府","大阪府河内長野市天野町","","天野山金剛寺","","34.43342778000000","135.53897278000000","102-temple"
"102","00005202","金剛寺","鎮守丹生高野明神社本殿","国宝・重要文化財（建造物）","重要文化財","近世以前／寺院","","桃山","20191227","","大阪府","大阪府河内長野市天野町","","天野山金剛寺","","34.43342778000000","135.53897278000000","102-temple"
"102","00005203","金剛寺","鎮守社拝殿","国宝・重要文化財（建造物）","重要文化財","近世以前／寺院","","江戸中期","20191227","","大阪府","大阪府河内長野市天野町","","天野山金剛寺","","34.43342778000000","135.53897278000000","102-temple"
"102","00005204","金剛寺","鎮守社鐘楼","国宝・重要文化財（建造物）","重要文化財","近世以前／寺院","","江戸中期","20191227","","大阪府","大阪府河内長野市天野町","","天野山金剛寺","","34.43342778000000","135.53897278000000","102-temple"
"102","00005205","金剛寺","旧理趣院表門","国宝・重要文化財（建造物）","重要文化財","近世以前／寺院","","江戸中期","20191227","","大阪府","大阪府河内長野市天野町","","天野山金剛寺","","34.43342778000000","135.53897278000000","102-temple"
"102","00005206","金剛寺","旧真福院表門","国宝・重要文化財（建造物）","重要文化財","近世以前／寺院","","江戸中期","20191227","","大阪府","大阪府河内長野市天野町","","天野山金剛寺","","34.43342778000000","135.53897278000000","102-temple"
"102","00005207","金剛寺","南門","国宝・重要文化財（建造物）","重要文化財","近世以前／寺院","","江戸中期","20191227","","大阪府","大阪府河内長野市天野町","","天野山金剛寺","","34.43342778000000","135.53897278000000","102-temple"
"102","00005208","金剛寺","総門","国宝・重要文化財（建造物）","重要文化財","近世以前／寺院","","江戸中期","20191227","","大阪府","大阪府河内長野市天野町","","天野山金剛寺","","34.43342778000000","135.53897278000000","102-temple"
"102","00005209","金剛寺","築地塀","国宝・重要文化財（建造物）","重要文化財","近世以前／寺院","","江戸中期","20191227","","大阪府","大阪府河内長野市天野町","","天野山金剛寺","","34.43342778000000","135.53897278000000","102-temple"
"102","00005210","金剛寺","築地塀","国宝・重要文化財（建造物）","重要文化財","近世以前／寺院","","江戸中期","20191227","","大阪府","大阪府河内長野市天野町","","天野山金剛寺","","34.43342778000000","135.53897278000000","102-temple"
"102","2189","金剛寺金堂","","国宝・重要文化財（建造物）","重要文化財","近世以前／寺院","","鎌倉後期","19000407","","大阪府","大阪府河内長野市天野町","","金剛寺","","34.42860894000000","135.52933653000000","102-temple"
"102","2194","金剛寺食堂","","国宝・重要文化財（建造物）","重要文化財","近世以前／寺院","","室町前期","19411106","","大阪府","大阪府河内長野市天野町","","金剛寺","","34.42866896000000","135.52969668000000","102-temple"
"102","2192","金剛寺鐘楼","","国宝・重要文化財（建造物）","重要文化財","近世以前／寺院","","室町前期","19070527","","大阪府","大阪府河内長野市天野町","","金剛寺","","34.42878901000000","135.52946658000000","102-temple"
"102","2190","金剛寺多宝塔","","国宝・重要文化財（建造物）","重要文化財","近世以前／寺院","","平安後期","19070527","","大阪府","大阪府河内長野市天野町","","金剛寺","","34.42828547000000","135.52938988000000","102-temple"
"102","2191","金剛寺御影堂","","国宝・重要文化財（建造物）","重要文化財","近世以前／寺院","","桃山","19070527","","大阪府","大阪府河内長野市天野町","","金剛寺","","34.42850890000000","135.52906975000000","102-temple"
"102","2193","金剛寺楼門","","国宝・重要文化財（建造物）","重要文化財","近世以前／寺院","","鎌倉後期","19070527","","大阪府","大阪府河内長野市天野町","","金剛寺","","34.42857559000000","135.52994344000000","102-temple"
"102","2172","慈眼院金堂","","国宝・重要文化財（建造物）","重要文化財","近世以前／寺院","","鎌倉前期","19030415","","大阪府","大阪府泉佐野市日根野","","慈眼院","","34.37413581000000","135.34373218000000","102-temple"
"102","2173","慈眼院多宝塔","","国宝・重要文化財（建造物）","国宝","近世以前／寺院","","鎌倉前期","19030415","19531114","大阪府","大阪府泉佐野市日根野","","慈眼院","","34.37396413000000","135.34386990000000","102-temple"
"102","2087","四天王寺","六時堂","国宝・重要文化財（建造物）","重要文化財","近世以前／寺院","","江戸前期","19540917","","大阪府","大阪府大阪市天王寺区四天王寺一丁目","","四天王寺","","34.65486898000000","135.51639072000000","102-temple"
"102","2084","四天王寺","本坊西通用門","国宝・重要文化財（建造物）","重要文化財","近世以前／寺院","","江戸前期","19540917","","大阪府","大阪府大阪市天王寺区四天王寺一丁目","","四天王寺","","34.65513096000000","135.51694736000000","102-temple"
"102","2088","四天王寺","元三大師堂","国宝・重要文化財（建造物）","重要文化財","近世以前／寺院","","江戸前期","19540917","","大阪府","大阪府大阪市天王寺区四天王寺一丁目","","四天王寺","","34.65555686000000","135.51535693000000","102-temple"
"102","2085","四天王寺","本坊方丈","国宝・重要文化財（建造物）","重要文化財","近世以前／寺院","","江戸前期","19540917","","大阪府","大阪府大阪市天王寺区四天王寺一丁目","","四天王寺","","34.65564686000000","135.51765913000000","102-temple"
"102","2086","四天王寺","五智光院","国宝・重要文化財（建造物）","重要文化財","近世以前／寺院","","江戸前期","19540917","","大阪府","大阪府大阪市天王寺区四天王寺一丁目","","四天王寺","","34.65594246000000","135.51701165000000","102-temple"
"102","2089","四天王寺","石舞台","国宝・重要文化財（建造物）","重要文化財","近世以前／その他","","江戸前期","19540917","","大阪府","大阪府大阪市天王寺区四天王寺一丁目","","四天王寺","","34.65457713000000","135.51640204000000","102-temple"
"102","2082","勝鬘院塔婆","","国宝・重要文化財（建造物）","重要文化財","近世以前／寺院","","桃山","19070527","","大阪府","大阪府大阪市天王寺区夕陽ケ丘町","","勝鬘院","","34.65764247000000","135.51261871000000","102-temple"
"102","2133","大安寺本堂","","国宝・重要文化財（建造物）","重要文化財","近世以前／寺院","","江戸前期","19550622","","大阪府","大阪府堺市堺区南旅篭町東四丁","","大安寺","","34.56898477000000","135.47045896000000","102-temple"
"102","2147","大威徳寺多宝塔","","国宝・重要文化財（建造物）","重要文化財","近世以前／寺院","","室町後期","19710622","","大阪府","大阪府岸和田市大沢町","","大威徳寺","","34.37140774000000","135.44858720000000","102-temple"
"102","00004729","富田林興正寺別院","鐘楼","国宝・重要文化財（建造物）","重要文化財","近世以前／寺院","","江戸後期","20140918","","大阪府","大阪府富田林市富田林町","","富田林興正寺別院","","34.50001230000000","135.60268657000000","102-temple"
"102","00004727","富田林興正寺別院","本堂","国宝・重要文化財（建造物）","重要文化財","近世以前／寺院","","江戸前期","20140918","","大阪府","大阪府富田林市富田林町","","富田林興正寺別院","","34.50011700000000","135.60231538000000","102-temple"
"102","00004731","富田林興正寺別院","山門","国宝・重要文化財（建造物）","重要文化財","近世以前／寺院","","江戸前期","20140918","","大阪府","大阪府富田林市富田林町","","富田林興正寺別院","","34.50012652000000","135.60268657000000","102-temple"
"102","00004732","富田林興正寺別院","御成門","国宝・重要文化財（建造物）","重要文化財","近世以前／寺院","","江戸中期","20140918","","大阪府","大阪府富田林市富田林町","","富田林興正寺別院","","34.50019790000000","135.60270561000000","102-temple"
"102","00004728","富田林興正寺別院","対面所","国宝・重要文化財（建造物）","重要文化財","近世以前／寺院","","江戸末期","20140918","","大阪府","大阪府富田林市富田林町","","富田林興正寺別院","","34.50021694000000","135.60232490000000","102-temple"
"102","00004730","富田林興正寺別院","鼓楼","国宝・重要文化財（建造物）","重要文化財","近世以前／寺院","","江戸後期","20140918","","大阪府","大阪府富田林市富田林町","","富田林興正寺別院","","34.50026452000000","135.60271989000000","102-temple"
"102","2142","南宗寺","仏殿","国宝・重要文化財（建造物）","重要文化財","近世以前／寺院","","江戸前期","19931209","","大阪府","大阪府堺市堺区南旅篭町東三丁","","南宗寺","","34.56867118000000","135.46887245000000","102-temple"
"102","2144","南宗寺","唐門","国宝・重要文化財（建造物）","重要文化財","近世以前／寺院","","江戸前期","19931209","","大阪府","大阪府堺市堺区南旅篭町東三丁","","南宗寺","","34.56879738000000","135.46876820000000","102-temple"
"102","2143","南宗寺","山門","国宝・重要文化財（建造物）","重要文化財","近世以前／寺院","","江戸前期","19931209","","大阪府","大阪府堺市堺区南旅篭町東三丁","","南宗寺","","34.56951071000000","135.46896573000000","102-temple"
"102","2211","葛井寺四脚門","","国宝・重要文化財（建造物）","重要文化財","近世以前／寺院","","桃山","19530829","","大阪府","大阪府藤井寺市藤井寺一丁目","","葛井寺","","34.57013258000000","135.59609133000000","102-temple"
"102","2163","普門寺方丈","","国宝・重要文化財（建造物）","重要文化財","近世以前／寺院","","江戸前期","19770128","","大阪府","大阪府高槻市富田町四丁目","","普門寺","","34.83054437000000","135.59290374000000","102-temple"
"102","2129","法道寺食堂","","国宝・重要文化財（建造物）","重要文化財","近世以前／寺院","","鎌倉後期","19600609","","大阪府","大阪府堺市南区鉢ヶ峯寺","","法道寺","","34.46354191000000","135.51623120000000","102-temple"
"102","2128","法道寺多宝塔","","国宝・重要文化財（建造物）","重要文化財","近世以前／寺院","","室町前期","19020417","","大阪府","大阪府堺市南区鉢ヶ峯寺","","法道寺","","34.46354191000000","135.51623120000000","102-temple"
"102","2197","摩尼院","書院","国宝・重要文化財（建造物）","重要文化財","近世以前／寺院","","桃山","19650529","","大阪府","大阪府河内長野市天野町","","摩尼院","","34.42897576000000","135.52923982000000","102-temple"
"102","00005228","摩尼院","表門","国宝・重要文化財（建造物）","重要文化財","近世以前／寺院","","江戸中期","","","大阪府","大阪府河内長野市天野町","","","","34.43342778000000","135.53897278000000","102-temple"
"102","00005229","摩尼院","築地塀","国宝・重要文化財（建造物）","重要文化財","近世以前／寺院","","江戸中期","","","大阪府","大阪府河内長野市天野町","","","","34.43342778000000","135.53897278000000","102-temple"
"102","00005230","摩尼院","築地塀","国宝・重要文化財（建造物）","重要文化財","近世以前／寺院","","江戸中期","","","大阪府","大阪府河内長野市天野町","","","","34.43342778000000","135.53897278000000","102-temple"
"102","2226","来迎寺本堂","","国宝・重要文化財（建造物）","重要文化財","近世以前／寺院","","鎌倉後期","19490530","","大阪府","大阪府泉南郡熊取町和田","","来迎寺","","34.38659574000000","135.36145544000000","102-temple"
"102","2183","竜泉寺仁王門","","国宝・重要文化財（建造物）","重要文化財","近世以前／寺院","","鎌倉後期","19610323","","大阪府","大阪府富田林市大字龍泉","","竜泉寺","","34.46162185000000","135.59775369000000","102-temple"
"102","2422","斑鳩寺三重塔","","国宝・重要文化財（建造物）","重要文化財","近世以前／寺院","","室町後期","19280404","","兵庫県","兵庫県揖保郡太子町鵤","","斑鳩寺","","34.83705944000000","134.57601090000000","102-temple"
"102","2388","一乗寺三重塔","","国宝・重要文化財（建造物）","国宝","近世以前／寺院","","平安後期","19010327","19520329","兵庫県","兵庫県加西市坂本町","","一乗寺","","34.85897937000000","134.81902589000000","102-temple"
"102","2393","一乗寺本堂","","国宝・重要文化財（建造物）","重要文化財","近世以前／寺院","","江戸前期","19831226","","兵庫県","兵庫県加西市坂本町","","一乗寺","","34.85920198000000","134.81906167000000","102-temple"
"102","00004722","円教寺奥之院","護法堂拝殿","国宝・重要文化財（建造物）","重要文化財","近世以前／寺院","","桃山","20140127","","兵庫県","兵庫県姫路市書写","","円教寺","","34.89283060000000","134.65346795000000","102-temple"
"102","00004721","円教寺奥之院","開山堂","国宝・重要文化財（建造物）","重要文化財","近世以前／寺院","","江戸前期","20140127","","兵庫県","兵庫県姫路市書写","","円教寺","","34.89293054000000","134.65325856000000","102-temple"
"102","2261","円教寺奥之院","護法堂（乙天社）","国宝・重要文化財（建造物）","重要文化財","近世以前／寺院","","室町後期","19550622","","兵庫県","兵庫県姫路市書写","","円教寺","","34.89302006000000","134.65351033000000","102-temple"
"102","2262","円教寺奥之院","護法堂(若天社）","国宝・重要文化財（建造物）","重要文化財","近世以前／寺院","","室町後期","19550622","","兵庫県","兵庫県姫路市書写","","円教寺","","34.89304299000000","134.65340589000000","102-temple"
"102","2258","円教寺金剛堂","","国宝・重要文化財（建造物）","重要文化財","近世以前／寺院","","室町後期","19130414","","兵庫県","兵庫県姫路市書写","","円教寺","","34.89212617000000","134.65331299000000","102-temple"
"102","2259","円教寺食堂","","国宝・重要文化財（建造物）","重要文化財","近世以前／寺院","","室町中期","19550622","","兵庫県","兵庫県姫路市書写","","円教寺","","34.89233232000000","134.65437518000000","102-temple"
"102","2260","円教寺常行堂","","国宝・重要文化財（建造物）","重要文化財","近世以前／寺院","","室町中期","19550622","","兵庫県","兵庫県姫路市書写","","円教寺","","34.89214654000000","134.65450573000000","102-temple"
"102","2257","円教寺鐘楼","","国宝・重要文化財（建造物）","重要文化財","近世以前／寺院","","室町後期","19130414","","兵庫県","兵庫県姫路市書写","","円教寺","","34.89235709000000","134.65516569000000","102-temple"
"102","2256","円教寺大講堂","","国宝・重要文化財（建造物）","重要文化財","近世以前／寺院","","室町中期","19130414","","兵庫県","兵庫県姫路市書写","","円教寺","","34.89251571000000","134.65475571000000","102-temple"
"102","2425","温泉寺本堂","","国宝・重要文化財（建造物）","重要文化財","近世以前／寺院","","室町前期","19040218","","兵庫県","兵庫県豊岡市城崎町湯島","","温泉寺","","35.62408754000000","134.80024649000000","102-temple"
"102","2369","鶴林寺護摩堂","","国宝・重要文化財（建造物）","重要文化財","近世以前／寺院","","室町後期","19070527","","兵庫県","兵庫県加古川市加古川町","","鶴林寺","","34.75230658000000","134.83331916000000","102-temple"
"102","2370","鶴林寺常行堂","","国宝・重要文化財（建造物）","重要文化財","近世以前／寺院","","平安後期","19070527","","兵庫県","兵庫県加古川市加古川町","","鶴林寺","","34.75216250000000","134.83231978000000","102-temple"
"102","2368","鶴林寺鐘楼","","国宝・重要文化財（建造物）","重要文化財","近世以前／寺院","","室町中期","19070527","","兵庫県","兵庫県加古川市加古川町","","鶴林寺","","34.75227914000000","134.83289837000000","102-temple"
"102","2367","鶴林寺太子堂","","国宝・重要文化財（建造物）","国宝","近世以前／寺院","","平安後期","19010327","19521122","兵庫県","兵庫県加古川市加古川町","","鶴林寺","","34.75212134000000","134.83282747000000","102-temple"
"102","2366","鶴林寺本堂","","国宝・重要文化財（建造物）","国宝","近世以前／寺院","","室町中期","19010327","19521122","兵庫県","兵庫県加古川市加古川町","","鶴林寺","","34.75220138000000","134.83258735000000","102-temple"
"102","2376","伽耶院","三坂明神社本殿","国宝・重要文化財（建造物）","重要文化財","近世以前／神社","","江戸前期","19750623","","兵庫県","兵庫県三木市志染町大谷","","伽耶院","","34.80561324000000","135.05902972000000","102-temple"
"102","2375","伽耶院","多宝塔","国宝・重要文化財（建造物）","重要文化財","近世以前／寺院","","江戸前期","19750623","","兵庫県","兵庫県三木市志染町大谷","","伽耶院","","34.80552854000000","135.05912135000000","102-temple"
"102","2374","伽耶院","本堂","国宝・重要文化財（建造物）","重要文化財","近世以前／寺院","","江戸前期","19750623","","兵庫県","兵庫県三木市志染町大谷","","伽耶院","","34.80559581000000","135.05885021000000","102-temple"
"102","2394","酒見寺多宝塔","","国宝・重要文化財（建造物）","重要文化財","近世以前／寺院","","江戸中期","19750623","","兵庫県","兵庫県加西市北条町","","酒見寺","","34.93494897000000","134.82949530000000","102-temple"
"102","2240","石峯寺三重塔","","国宝・重要文化財（建造物）","重要文化財","近世以前／寺院","","室町中期","19150326","","兵庫県","兵庫県神戸市北区淡河町","","石峯寺","","34.83269114000000","135.13807543000000","102-temple"
"102","2239","石峯寺薬師堂","","国宝・重要文化財（建造物）","重要文化財","近世以前／寺院","","室町後期","19150326","","兵庫県","兵庫県神戸市北区淡河町","","石峯寺","","34.83234013000000","135.13770594000000","102-temple"
"102","2384","浄土寺浄土堂(阿弥陀堂)","","国宝・重要文化財（建造物）","国宝","近世以前／寺院","","鎌倉前期","19010327","19520329","兵庫県","兵庫県小野市浄谷町","","浄土寺","","34.86415799000000","134.96110979000000","102-temple"
"102","2383","浄土寺薬師堂","","国宝・重要文化財（建造物）","重要文化財","近世以前／寺院","","室町後期","19010327","","兵庫県","兵庫県小野市浄谷町","","浄土寺","","34.86404779000000","134.96194032000000","102-temple"
"102","00004339","随願寺","鐘楼","国宝・重要文化財（建造物）","重要文化財","近世以前／寺院","","","20090630","","兵庫県","兵庫県姫路市白国","","ずいがんじ","","34.87153970000000","134.71300074000000","102-temple"
"102","00004338","随願寺","経堂","国宝・重要文化財（建造物）","重要文化財","近世以前／寺院","","江戸中期","20090630","","兵庫県","兵庫県姫路市白国","","随願寺","","34.87189705000000","134.71293948000000","102-temple"
"102","00004336","随願寺","本堂","国宝・重要文化財（建造物）","重要文化財","近世以前／寺院","","江戸中期","20090630","","兵庫県","兵庫県姫路市白国","","随願寺","","34.87211777000000","134.71273548000000","102-temple"
"102","00004340","随願寺","唐門","国宝・重要文化財（建造物）","重要文化財","近世以前／寺院","","江戸中期","20090630","","兵庫県","兵庫県姫路市白国","","随願寺","","34.87217527000000","134.71224775000000","102-temple"
"102","00004337","随願寺","開山堂","国宝・重要文化財（建造物）","重要文化財","近世以前／寺院","","江戸中期","20090630","","兵庫県","兵庫県姫路市白国","","兵庫県姫路市白国","","34.87239224000000","134.71157388000000","102-temple"
"102","2434","大国寺本堂","","国宝・重要文化財（建造物）","重要文化財","近世以前／寺院","","室町中期","19611227","","兵庫県","兵庫県篠山市味間奥","","大国寺","","35.06607897000000","135.14761905000000","102-temple"
"102","2252","太山寺仁王門","","国宝・重要文化財（建造物）","重要文化財","近世以前／寺院","","室町中期","19130414","","兵庫県","兵庫県神戸市西区伊川谷町","","太山寺","","34.69666003000000","135.06473585000000","102-temple"
"102","2251","太山寺本堂","","国宝・重要文化財（建造物）","国宝","近世以前／寺院","","鎌倉後期","19130414","19550622","兵庫県","兵庫県神戸市西区伊川谷町","","太山寺","","34.69655308000000","135.06748820000000","102-temple"
"102","2353","長遠寺","多宝塔","国宝・重要文化財（建造物）","重要文化財","近世以前／寺院","","桃山","19740521","","兵庫県","兵庫県尼崎市寺町","","長遠寺","","34.71797413000000","135.41174985000000","102-temple"
"102","2352","長遠寺","本堂","国宝・重要文化財（建造物）","重要文化財","近世以前／寺院","","江戸前期","19740521","","兵庫県","兵庫県尼崎市寺町","","長遠寺","","34.71818717000000","135.41202399000000","102-temple"
"102","2401","朝光寺鐘楼","","国宝・重要文化財（建造物）","重要文化財","近世以前／寺院","","鎌倉後期","19540917","","兵庫県","兵庫県加東市畑","","朝光寺","","34.93237716000000","135.04422017000000","102-temple"
"102","2400","朝光寺本堂","","国宝・重要文化財（建造物）","国宝","近世以前／寺院","","室町中期","19230328","19540320","兵庫県","兵庫県加東市畑","","朝光寺","","34.93246553000000","135.04387183000000","102-temple"
"102","2397","東光寺本堂","","国宝・重要文化財（建造物）","重要文化財","近世以前／寺院","","室町後期","19520719","","兵庫県","兵庫県三木市吉川町福吉","","東光寺","","34.89096056000000","135.16036748000000","102-temple"
"102","2247","徳光院多宝塔","","国宝・重要文化財（建造物）","重要文化財","近世以前／寺院","","室町後期","19710622","","兵庫県","兵庫県神戸市中央区葺合町","","徳光院","","34.70954635000000","135.19576029000000","102-temple"
"102","2428","名草神社三重塔","","国宝・重要文化財（建造物）","重要文化財","近世以前／寺院","","室町後期","19040218","","兵庫県","兵庫県養父市八鹿町石原字妙見","","名草神社","","35.42135541000000","134.65624411000000","102-temple"
"102","2253","如意寺阿弥陀堂","","国宝・重要文化財（建造物）","重要文化財","近世以前／寺院","","鎌倉前期","19520719","","兵庫県","兵庫県神戸市西区櫨谷町","","如意寺","","34.69936660000000","135.01922664000000","102-temple"
"102","2254","如意寺三重塔","","国宝・重要文化財（建造物）","重要文化財","近世以前／寺院","","室町前期","19520719","","兵庫県","兵庫県神戸市西区櫨谷町","","如意寺","","34.69925473000000","135.01988721000000","102-temple"
"102","2255","如意寺文珠堂","","国宝・重要文化財（建造物）","重要文化財","近世以前／寺院","","室町中期","19520719","","兵庫県","兵庫県神戸市西区櫨谷町","","如意寺","","34.69911219000000","135.01959675000000","102-temple"
"102","2237","八幡神社三重塔","","国宝・重要文化財（建造物）","重要文化財","近世以前／寺院","","室町中期","19140417","","兵庫県","兵庫県神戸市北区山田町","","八幡神社","","34.76764037000000","135.13070314000000","102-temple"
"102","2236","福祥寺本堂内宮殿及び仏壇","","国宝・重要文化財（建造物）","重要文化財","近世以前／寺院","","室町前期","19530829","","兵庫県","兵庫県神戸市須磨区須磨寺町","","福祥寺","","34.64973379000000","135.11178587000000","102-temple"
"102","2349","本興寺開山堂","","国宝・重要文化財（建造物）","重要文化財","近世以前／寺院","","江戸前期","19140417","","兵庫県","兵庫県尼崎市開明町三丁目","","本興寺","","34.71770909000000","135.41436012000000","102-temple"
"102","2351","本興寺方丈","","国宝・重要文化財（建造物）","重要文化財","近世以前／寺院","","江戸前期","19740521","","兵庫県","兵庫県尼崎市開明町三丁目","","本興寺","","34.71767365000000","135.41456780000000","102-temple"
"102","2404","弥勒寺本堂","","国宝・重要文化財（建造物）","重要文化財","近世以前／寺院","","室町前期","19230328","","兵庫県","兵庫県姫路市夢前町寺","","弥勒寺","","34.93579401000000","134.66218460000000","102-temple"
"102","2485","秋篠寺本堂","","国宝・重要文化財（建造物）","国宝","近世以前／寺院","","鎌倉前期","18981228","19531114","奈良県","奈良県奈良市秋篠町","","秋篠寺","","34.70361000000000","135.77621013000000","102-temple"
"102","2662","安楽寺塔婆","","国宝・重要文化財（建造物）","重要文化財","近世以前／寺院","","鎌倉後期","19610323","","奈良県","奈良県御所市大字稲宿","","安楽寺","","34.43258989000000","135.75218052000000","102-temple"
"102","2655","榮山寺八角堂","","国宝・重要文化財（建造物）","国宝","近世以前／寺院","","奈良","19010327","19520329","奈良県","奈良県五條市小島町","","榮山寺","","34.35589806000000","135.72115907000000","102-temple"
"102","2514","圓成寺本堂","","国宝・重要文化財（建造物）","重要文化財","近世以前／寺院","","室町後期","19520719","","奈良県","奈良県奈良市忍辱山町","","圓成寺","","34.69577775000000","135.91534625000000","102-temple"
"102","2673","圓證寺本堂","","国宝・重要文化財（建造物）","重要文化財","近世以前／寺院","","室町後期","19710622","","奈良県","奈良県生駒市上町","","円証寺","","34.71375313000000","135.72744845000000","102-temple"
"102","2510","圓成寺楼門","","国宝・重要文化財（建造物）","重要文化財","近世以前／寺院","","室町後期","19060414","","奈良県","奈良県奈良市忍辱山町","","圓成寺","","34.69559755000000","135.91541872000000","102-temple"
"102","2667","圓福寺本堂","","国宝・重要文化財（建造物）","重要文化財","近世以前／寺院","","室町前期","19220413","","奈良県","奈良県生駒市有里町","","圓福寺","","34.67029777000000","135.69924106000000","102-temple"
"102","2750","大蔵寺大師堂","","国宝・重要文化財（建造物）","重要文化財","近世以前／寺院","","鎌倉後期","19040218","","奈良県","奈良県宇陀市大宇陀区栗野","","大蔵寺","","34.45067978000000","135.92975961000000","102-temple"
"102","2749","大蔵寺本堂","","国宝・重要文化財（建造物）","重要文化財","近世以前／寺院","","鎌倉後期","19040218","","奈良県","奈良県宇陀市大宇陀区栗野","","大蔵寺","","34.45059821000000","135.92991853000000","102-temple"
"102","2806","大峰山寺本堂","","国宝・重要文化財（建造物）","重要文化財","近世以前／寺院","","江戸中期","19730602","","奈良県","奈良県吉野郡天川村大字洞川","","大峰山寺","","34.25300375000000","135.94133532000000","102-temple"
"102","2641","大神神社摂社大直禰子神社社殿","","国宝・重要文化財（建造物）","重要文化財","近世以前／寺院","","室町中期","19010802","","奈良県","奈良県桜井市大字三輪","","大神神社","","34.53052170000000","135.85032586000000","102-temple"
"102","2772","岡寺仁王門","","国宝・重要文化財（建造物）","重要文化財","近世以前／寺院","","桃山","19550622","","奈良県","奈良県高市郡明日香村大字岡","","岡寺","","34.47174455000000","135.82742242000000","102-temple"
"102","2496","海竜王寺経蔵","","国宝・重要文化財（建造物）","重要文化財","近世以前／寺院","","鎌倉後期","19070828","","奈良県","奈良県奈良市法華寺町","","海竜王寺","","34.69252139000000","135.80578682000000","102-temple"
"102","2495","海竜王寺五重小塔","","国宝・重要文化財（建造物）","国宝","近世以前／寺院","","奈良","19010802","19510609","奈良県","奈良県奈良市法華寺町","","海竜王寺","","34.69271632000000","135.80540630000000","102-temple"
"102","2494","海竜王寺西金堂","","国宝・重要文化財（建造物）","重要文化財","近世以前／寺院","","奈良","19010327","","奈良県","奈良県奈良市法華寺町","","海竜王寺","","34.69271676000000","135.80534143000000","102-temple"
"102","2527","旧春日大社板倉(円窓)","","国宝・重要文化財（建造物）","重要文化財","近世以前／寺院","","鎌倉後期","19421222","","奈良県","奈良県奈良市高畑町山ノ上1169番地","","奈良県","","34.68121056000000","135.83646503000000","102-temple"
"102","2490","元興寺極楽坊五重小塔","","国宝・重要文化財（建造物）","国宝","近世以前／寺院","","奈良","19010802","19520329","奈良県","奈良県奈良市中院町","元興寺","元興寺","","34.67779464000000","135.83133908000000","102-temple"
"102","2491","元興寺極楽坊禅室","","国宝・重要文化財（建造物）","国宝","近世以前／寺院","","鎌倉前期","19060414","19530331","奈良県","奈良県奈良市中院町","","元興寺","","34.67782008000000","135.83104199000000","102-temple"
"102","2492","元興寺極楽坊東門","","国宝・重要文化財（建造物）","重要文化財","近世以前／寺院","","鎌倉後期","19520329","","奈良県","奈良県奈良市中院町","","元興寺","","34.67779149000000","135.83174734000000","102-temple"
"102","2489","元興寺極楽坊本堂","","国宝・重要文化財（建造物）","国宝","近世以前／寺院","","鎌倉前期","19010327","19550202","奈良県","奈良県奈良市中院町","","元興寺","","34.67745030000000","135.83140191000000","102-temple"
"102","2493","喜光寺本堂","","国宝・重要文化財（建造物）","重要文化財","近世以前／寺院","","室町前期","19010327","","奈良県","奈良県奈良市菅原町","","喜光寺","","34.68477548000000","135.77763201000000","102-temple"
"102","2709","北室院表門","","国宝・重要文化財（建造物）","重要文化財","近世以前／寺院","","室町後期","19110417","","奈良県","奈良県生駒郡斑鳩町法隆寺山内","","法隆寺","","34.61493841000000","135.73888093000000","102-temple"
"102","2705","北室院本堂","","国宝・重要文化財（建造物）","重要文化財","近世以前／寺院","","室町後期","19040218","","奈良県","奈良県生駒郡斑鳩町法隆寺山内","","法隆寺","","34.61507546000000","135.73889072000000","102-temple"
"102","2737","吉田寺多宝塔","","国宝・重要文化財（建造物）","重要文化財","近世以前／寺院","","室町中期","19030415","","奈良県","奈良県生駒郡斑鳩町大字小吉田","","吉田寺","","34.60471001000000","135.72576292000000","102-temple"
"102","2798","金峯山寺二王門","","国宝・重要文化財（建造物）","国宝","近世以前／寺院","","室町中期","19060414","19531114","奈良県","奈良県吉野郡吉野町大字吉野山","","金峯山寺","","34.36889922000000","135.85892664000000","102-temple"
"102","2797","金峯山寺本堂","","国宝・重要文化財（建造物）","国宝","近世以前／寺院","","桃山","19020417","19531114","奈良県","奈良県吉野郡吉野町大字吉野山","","金峯山寺","","34.36837378000000","135.85888746000000","102-temple"
"102","2790","百濟寺三重塔","","国宝・重要文化財（建造物）","重要文化財","近世以前／寺院","","鎌倉後期","19060414","","奈良県","奈良県北葛城郡広陵町大字百済","","百濟寺","","34.54326493000000","135.76262307000000","102-temple"
"102","2617","久米寺多宝塔","","国宝・重要文化財（建造物）","重要文化財","近世以前／寺院","","江戸前期","19760520","","奈良県","奈良県橿原市久米町","","久米寺","","34.48440653000000","135.78985239000000","102-temple"
"102","2463","興福寺大湯屋","","国宝・重要文化財（建造物）","重要文化財","近世以前／寺院","","室町中期","19530331","","奈良県","奈良県奈良市登大路町","","興福寺","","34.68250907000000","135.83417082000000","102-temple"
"102","2461","興福寺五重塔","","国宝・重要文化財（建造物）","国宝","近世以前／寺院","","室町中期","18971228","19520329","奈良県","奈良県奈良市登大路町","","興福寺","","34.68245442000000","135.83224117000000","102-temple"
"102","2460","興福寺三重塔","","国宝・重要文化財（建造物）","国宝","近世以前／寺院","","鎌倉前期","18971228","19520329","奈良県","奈良県奈良市登大路町","","興福寺","","34.68224489000000","135.82968018000000","102-temple"
"102","2462","興福寺東金堂","","国宝・重要文化財（建造物）","国宝","近世以前／寺院","","室町中期","18971228","19520329","奈良県","奈良県奈良市登大路町","","興福寺","","34.68290260000000","135.83222371000000","102-temple"
"102","2464","興福寺南円堂","","国宝・重要文化財（建造物）","重要文化財","近世以前／寺院","","江戸中期","19861220","","奈良県","奈良県奈良市登大路町","","興福寺","","34.68252427000000","135.83023312000000","102-temple"
"102","2459","興福寺北円堂","","国宝・重要文化財（建造物）","国宝","近世以前／寺院","","鎌倉前期","18971228","19520329","奈良県","奈良県奈良市登大路町","","興福寺","","34.68344390000000","135.82991882000000","102-temple"
"102","2569","興福院客殿","","国宝・重要文化財（建造物）","重要文化財","近世以前／寺院","","江戸中期","19730602","","奈良県","奈良県奈良市法蓮町","","興福院","","34.69473248000000","135.82225163000000","102-temple"
"102","2718","西園院上土門","","国宝・重要文化財（建造物）","重要文化財","近世以前／寺院","","江戸前期","19421222","","奈良県","奈良県生駒郡斑鳩町法隆寺山内","","法隆寺","","34.61303284000000","135.73441720000000","102-temple"
"102","2573","西大寺本堂","","国宝・重要文化財（建造物）","重要文化財","近世以前／寺院","","江戸後期","19980501","","奈良県","奈良県奈良市西大寺芝町一丁目","","西大寺","","34.69364039000000","135.77945168000000","102-temple"
"102","2501","十輪院南門","","国宝・重要文化財（建造物）","重要文化財","近世以前／寺院","","鎌倉前期","19170813","","奈良県","奈良県奈良市十輪院町","","十輪院","","34.67583088000000","135.83284631000000","102-temple"
"102","2500","十輪院本堂","","国宝・重要文化財（建造物）","国宝","近世以前／寺院","","鎌倉前期","19020417","19580208","奈良県","奈良県奈良市十輪院町","","十輪院","","34.67583088000000","135.83284631000000","102-temple"
"102","2572","正倉院正倉","","国宝・重要文化財（建造物）","国宝","近世以前／寺院","","奈良","19970519","19970519","奈良県","奈良県奈良市雑司町","","国（宮内庁）","","34.69184974000000","135.83860803000000","102-temple"
"102","3726","称念寺本堂","","国宝・重要文化財（建造物）","重要文化財","近世以前／寺院","","江戸前期","20020523","","奈良県","奈良県橿原市今井町三丁目","","称念寺","","34.50617903000000","135.78537253000000","102-temple"
"102","2607","正蓮寺大日堂","","国宝・重要文化財（建造物）","重要文化財","近世以前／寺院","","室町後期","19430609","","奈良県","奈良県橿原市小綱町","","正蓮寺","","34.51224259000000","135.78516447000000","102-temple"
"102","2468","新薬師寺地蔵堂","","国宝・重要文化財（建造物）","重要文化財","近世以前／寺院","","鎌倉前期","19170813","","奈良県","奈良県奈良市高畑町","","新薬師寺","","34.67562920000000","135.84597969000000","102-temple"
"102","2466","新薬師寺鐘楼","","国宝・重要文化財（建造物）","重要文化財","近世以前／寺院","","鎌倉前期","18981228","","奈良県","奈良県奈良市高畑町","","新薬師寺","","34.67555200000000","135.84632956000000","102-temple"
"102","2467","新薬師寺南門","","国宝・重要文化財（建造物）","重要文化財","近世以前／寺院","","鎌倉後期","19010327","","奈良県","奈良県奈良市高畑町","","新薬師寺","","34.67547808000000","135.84617680000000","102-temple"
"102","2469","新薬師寺東門","","国宝・重要文化財（建造物）","重要文化財","近世以前／寺院","","鎌倉前期","19170813","","奈良県","奈良県奈良市高畑町","","新薬師寺","","34.67589860000000","135.84642484000000","102-temple"
"102","2465","新薬師寺本堂","","国宝・重要文化財（建造物）","国宝","近世以前／寺院","","奈良","18971228","19521122","奈良県","奈良県奈良市高畑町","","新薬師寺","","34.67585589000000","135.84616202000000","102-temple"
"102","2606","瑞花院本堂","","国宝・重要文化財（建造物）","重要文化財","近世以前／寺院","","室町中期","19070828","","奈良県","奈良県橿原市飯高町","","瑞花院","","34.53256610000000","135.77234357000000","102-temple"
"102","2710","宗源寺四脚門(勧学院表門)","","国宝・重要文化財（建造物）","重要文化財","近世以前／寺院","","鎌倉前期","19210430","","奈良県","奈良県生駒郡斑鳩町法隆寺山内","","法隆寺","","34.61404436000000","135.73733755000000","102-temple"
"102","2789","當麻奥院","鐘楼門","国宝・重要文化財（建造物）","重要文化財","近世以前／寺院","","江戸前期","19890902","","奈良県","奈良県葛城市當麻","","奥院","","34.51623344000000","135.69343766000000","102-temple"
"102","2787","當麻奥院","本堂","国宝・重要文化財（建造物）","重要文化財","近世以前／寺院","","桃山","19890902","","奈良県","奈良県葛城市當麻","","奥院","","34.51664220000000","135.69322834000000","102-temple"
"102","2788","當麻奥院","方丈","国宝・重要文化財（建造物）","重要文化財","近世以前／寺院","","桃山","19890902","","奈良県","奈良県葛城市當麻","","奥院","","34.51684757000000","135.69341989000000","102-temple"
"102","2783","當麻寺講堂","","国宝・重要文化財（建造物）","重要文化財","近世以前／寺院","","鎌倉後期","18990405","","奈良県","奈良県葛城市當麻","","當麻寺","","34.51620435000000","135.69511399000000","102-temple"
"102","2782","當麻寺金堂","","国宝・重要文化財（建造物）","重要文化財","近世以前／寺院","","鎌倉前期","18990405","","奈良県","奈良県葛城市當麻","","當麻寺","","34.51594756000000","135.69511458000000","102-temple"
"102","2780","當麻寺西塔","","国宝・重要文化財（建造物）","国宝","近世以前／寺院","","平安前期","18971228","19520329","奈良県","奈良県葛城市當麻","","當麻寺","","34.51545781000000","135.69448418000000","102-temple"
"102","2779","當麻寺東塔","","国宝・重要文化財（建造物）","国宝","近世以前／寺院","","奈良","18971228","19520329","奈良県","奈良県葛城市當麻","","當麻寺","","34.51523127000000","135.69581558000000","102-temple"
"102","2781","當麻寺本堂(曼荼羅堂)","","国宝・重要文化財（建造物）","国宝","近世以前／寺院","","平安後期","18981228","19520329","奈良県","奈良県葛城市當麻","","當麻寺","","34.51607479000000","135.69469035000000","102-temple"
"102","2784","當麻寺薬師堂","","国宝・重要文化財（建造物）","重要文化財","近世以前／寺院","","室町中期","19710622","","奈良県","奈良県葛城市當麻","","當麻寺","","34.51632973000000","135.69641031000000","102-temple"
"102","2524","手向山神社宝庫","","国宝・重要文化財（建造物）","重要文化財","近世以前／寺院","","奈良","19531114","","奈良県","奈良県奈良市雑司町","","手向山八幡宮","","34.68768527000000","135.84401035000000","102-temple"
"102","2625","談山神社十三重塔","","国宝・重要文化財（建造物）","重要文化財","近世以前／寺院","","室町後期","19000407","","奈良県","奈良県桜井市大字多武峰","","談山神社","","34.46592027000000","135.86110089000000","102-temple"
"102","2599","長岳寺旧地蔵院","本堂","国宝・重要文化財（建造物）","重要文化財","近世以前／寺院","","江戸前期","19690620","","奈良県","奈良県天理市柳本町","","長岳寺","","34.56088860000000","135.85129706000000","102-temple"
"102","2600","長岳寺旧地蔵院","庫裏","国宝・重要文化財（建造物）","重要文化財","近世以前／寺院","","江戸前期","19550622","","奈良県","奈良県天理市柳本町","","長岳寺","","34.56093084000000","135.85142379000000","102-temple"
"102","2598","長岳寺五智堂(真面堂)","","国宝・重要文化財（建造物）","重要文化財","近世以前／寺院","","鎌倉後期","19080423","","奈良県","奈良県天理市柳本町","","長岳寺","","34.56172684000000","135.84173480000000","102-temple"
"102","2597","長岳寺楼門","","国宝・重要文化財（建造物）","重要文化財","近世以前／寺院","","桃山","19070828","","奈良県","奈良県天理市柳本町","","長岳寺","","34.56076932000000","135.85182138000000","102-temple"
"102","2664","長弓寺本堂","","国宝・重要文化財（建造物）","国宝","近世以前／寺院","","鎌倉後期","18981228","19531114","奈良県","奈良県生駒市上町","","長弓寺","","34.71857184000000","135.72728611000000","102-temple"
"102","2665","長福寺本堂","","国宝・重要文化財（建造物）","重要文化財","近世以前／寺院","","鎌倉後期","18990405","","奈良県","奈良県生駒市俵口町","","長福寺","","34.70561075000000","135.69522678000000","102-temple"
"102","2509","傳香寺本堂","","国宝・重要文化財（建造物）","重要文化財","近世以前／寺院","","桃山","19060414","","奈良県","奈良県奈良市小川町","","傳香寺","","34.68058804000000","135.82577308000000","102-temple"
"102","2481","唐招提寺経蔵","","国宝・重要文化財（建造物）","国宝","近世以前／寺院","","奈良","19040218","19531114","奈良県","奈良県奈良市五条町","","宗教法人唐招提寺","","34.67555585000000","135.78552684000000","102-temple"
"102","2478","唐招提寺講堂","","国宝・重要文化財（建造物）","国宝","近世以前／寺院","","奈良","18981228","19521122","奈良県","奈良県奈良市五条町","","宗教法人唐招提寺","","34.67588218000000","135.78482438000000","102-temple"
"102","2479","唐招提寺鼓楼","","国宝・重要文化財（建造物）","国宝","近世以前／寺院","","鎌倉前期","19000407","19531114","奈良県","奈良県奈良市五条町","","宗教法人唐招提寺","","34.67571609000000","135.78510691000000","102-temple"
"102","2477","唐招提寺金堂","","国宝・重要文化財（建造物）","国宝","近世以前／寺院","","奈良","18971228","19510609","奈良県","奈良県奈良市五条町","","宗教法人唐招提寺","","34.67552491000000","135.78485492000000","102-temple"
"102","2480","唐招提寺宝蔵","","国宝・重要文化財（建造物）","国宝","近世以前／寺院","","奈良","19040218","19590627","奈良県","奈良県奈良市五条町","","宗教法人唐招提寺","","34.67575340000000","135.78553826000000","102-temple"
"102","2482","唐招提寺礼堂","","国宝・重要文化財（建造物）","重要文化財","近世以前／寺院","","鎌倉前期","19040218","","奈良県","奈良県奈良市五条町","","唐招提寺","","34.67586692000000","135.78526105000000","102-temple"
"102","2453","東大寺大湯屋","","国宝・重要文化財（建造物）","重要文化財","近世以前／寺院","","室町中期","19030415","","奈良県","奈良県奈良市雑司町","","東大寺","","34.68942457000000","135.84252403000000","102-temple"
"102","2439","東大寺開山堂","","国宝・重要文化財（建造物）","国宝","近世以前／寺院","","鎌倉前期","18981228","19530331","奈良県","奈良県奈良市雑司町","","東大寺","","34.68901341000000","135.84339688000000","102-temple"
"102","2442","東大寺廻廊","東廻廊","国宝・重要文化財（建造物）","重要文化財","近世以前／寺院","","江戸中期","19000407","","奈良県","奈良県奈良市雑司町","","東大寺","","34.68833467000000","135.84066130000000","102-temple"
"102","2443","東大寺廻廊","西廻廊","国宝・重要文化財（建造物）","重要文化財","近世以前／寺院","","江戸中期","19000407","","奈良県","奈良県奈良市雑司町","","東大寺","","34.68833896000000","135.83904636000000","102-temple"
"102","2446","東大寺勧進所経庫","","国宝・重要文化財（建造物）","重要文化財","近世以前／寺院","","平安前期","19020731","","奈良県","奈良県奈良市雑司町","","東大寺","","34.68873520000000","135.83712764000000","102-temple"
"102","2438","東大寺金堂（大仏殿）","","国宝・重要文化財（建造物）","国宝","近世以前／寺院","","江戸中期","18981228","19520329","奈良県","奈良県奈良市雑司町","","東大寺","","34.68882335000000","135.83985437000000","102-temple"
"102","2451","東大寺三昧堂(四月堂)","","国宝・重要文化財（建造物）","重要文化財","近世以前／寺院","","江戸中期","19030415","","奈良県","奈良県奈良市雑司町","","東大寺","","34.68880339000000","135.84350781000000","102-temple"
"102","2437","東大寺鐘楼","","国宝・重要文化財（建造物）","国宝","近世以前／寺院","","鎌倉前期","18971228","19510609","奈良県","奈良県奈良市雑司町","","東大寺","","34.68869160000000","135.84201748000000","102-temple"
"102","2441","東大寺中門","","国宝・重要文化財（建造物）","重要文化財","近世以前／寺院","","江戸中期","19000407","","奈良県","奈良県奈良市雑司町","","東大寺","","34.68784954000000","135.83986926000000","102-temple"
"102","2440","東大寺転害門","","国宝・重要文化財（建造物）","国宝","近世以前／寺院","","奈良","18990405","19520329","奈良県","奈良県奈良市雑司町","","東大寺","","34.69161056000000","135.83512176000000","102-temple"
"102","2445","東大寺東西楽門（西）","","国宝・重要文化財（建造物）","重要文化財","近世以前／寺院","","江戸中期","19000407","","奈良県","奈良県奈良市雑司町","","東大寺","","34.68811159000000","135.83906186000000","102-temple"
"102","2444","東大寺東西楽門（東）","","国宝・重要文化財（建造物）","重要文化財","近世以前／寺院","","江戸中期","19000407","","奈良県","奈良県奈良市雑司町","","東大寺","","34.68811714000000","135.84065831000000","102-temple"
"102","2435","東大寺南大門","","国宝・重要文化財（建造物）","国宝","近世以前／寺院","","鎌倉前期","18971228","19510609","奈良県","奈良県奈良市雑司町","","東大寺","","34.68579351000000","135.83988569000000","102-temple"
"102","2457","東大寺二月堂","","国宝・重要文化財（建造物）","国宝","近世以前／寺院","","江戸中期","19440905","20051227","奈良県","奈良県奈良市雑司町","","東大寺","","34.68926435000000","135.84427053000000","102-temple"
"102","2449","東大寺二月堂閼伽井屋(若狭井屋)","","国宝・重要文化財（建造物）","重要文化財","近世以前／寺院","","鎌倉後期","19030415","","奈良県","奈良県奈良市雑司町","","東大寺","","34.68920334000000","135.84374917000000","102-temple"
"102","2456","東大寺二月堂参籠所","","国宝・重要文化財（建造物）","重要文化財","近世以前／寺院","","鎌倉後期","19060414","","奈良県","奈良県奈良市雑司町","","東大寺","","34.68944405000000","135.84380131000000","102-temple"
"102","2450","東大寺二月堂仏餉屋(御供所)","","国宝・重要文化財（建造物）","重要文化財","近世以前／寺院","","鎌倉前期","19030415","","奈良県","奈良県奈良市雑司町","","東大寺","","34.68926877000000","135.84357887000000","102-temple"
"102","2452","東大寺念仏堂","","国宝・重要文化財（建造物）","重要文化財","近世以前／寺院","","鎌倉前期","19030415","","奈良県","奈良県奈良市雑司町","","東大寺","","34.68870577000000","135.84240299000000","102-temple"
"102","2436","東大寺法華堂","","国宝・重要文化財（建造物）","国宝","近世以前／寺院","","奈良","18971228","19510609","奈良県","奈良県奈良市雑司町","","東大寺","","34.68871402000000","135.84405933000000","102-temple"
"102","2448","東大寺法華堂北門","","国宝・重要文化財（建造物）","重要文化財","近世以前／寺院","","鎌倉前期","19030415","","奈良県","奈良県奈良市雑司町","","東大寺","","34.68903295000000","135.84408480000000","102-temple"
"102","2447","東大寺法華堂経庫","","国宝・重要文化財（建造物）","重要文化財","近世以前／寺院","","平安前期","19020731","","奈良県","奈良県奈良市雑司町","","東大寺","","34.68813202000000","135.84407052000000","102-temple"
"102","2455","東大寺法華堂手水屋","","国宝・重要文化財（建造物）","重要文化財","近世以前／寺院","","室町前期","19060414","","奈良県","奈良県奈良市雑司町","","東大寺","","34.68879471000000","135.84425866000000","102-temple"
"102","2454","東大寺本坊経庫","","国宝・重要文化財（建造物）","国宝","近世以前／寺院","","奈良","19060414","19530331","奈良県","奈良県奈良市雑司町","","東大寺","","34.68591209000000","135.84056341000000","102-temple"
"102","2516","南明寺本堂","","国宝・重要文化財（建造物）","重要文化財","近世以前／寺院","","鎌倉後期","19060414","","奈良県","奈良県奈良市阪原町","","南明寺","","34.71665680000000","135.93994170000000","102-temple"
"102","2644","長谷寺","本堂","国宝・重要文化財（建造物）","国宝","近世以前／寺院","","江戸前期","19130414","20041210","奈良県","奈良県桜井市大字初瀬","","長谷寺","","34.53591509000000","135.90682365000000","102-temple"
"102","2653","長谷寺","仁王門","国宝・重要文化財（建造物）","重要文化財","近世以前／寺院","","明治","19861220","","奈良県","奈良県桜井市大字初瀬","","長谷寺","","34.53470387000000","135.90758551000000","102-temple"
"102","2652","長谷寺","登廊 （下登廊）","国宝・重要文化財（建造物）","重要文化財","近世以前／寺院","","明治","19861220","","奈良県","奈良県桜井市大字初瀬","","長谷寺","","34.53502927000000","135.90719554000000","102-temple"
"102","2651","長谷寺","登廊 （繋屋）","国宝・重要文化財（建造物）","重要文化財","近世以前／寺院","","明治","19861220","","奈良県","奈良県桜井市大字初瀬","","長谷寺","","34.53540116000000","135.90679008000000","102-temple"
"102","2650","長谷寺","登廊 （中登廊）","国宝・重要文化財（建造物）","重要文化財","近世以前／寺院","","明治","19861220","","奈良県","奈良県桜井市大字初瀬","","長谷寺","","34.53546831000000","135.90700185000000","102-temple"
"102","2649","長谷寺","登廊 （蔵王堂）","国宝・重要文化財（建造物）","重要文化財","近世以前／寺院","","江戸前期","19861220","","奈良県","奈良県桜井市大字初瀬","","長谷寺","","34.53551479000000","135.90720845000000","102-temple"
"102","2648","長谷寺","登廊 （上登廊）","国宝・重要文化財（建造物）","重要文化財","近世以前／寺院","","江戸前期","19861220","","奈良県","奈良県桜井市大字初瀬","","長谷寺","","34.53573689000000","135.90714905000000","102-temple"
"102","2647","長谷寺","三百餘社","国宝・重要文化財（建造物）","重要文化財","近世以前／寺院","","江戸前期","19861220","","奈良県","奈良県桜井市大字初瀬","","長谷寺","","34.53586842000000","135.90704078000000","102-temple"
"102","2645","長谷寺","繋廊","国宝・重要文化財（建造物）","重要文化財","近世以前／寺院","","江戸前期","19861220","","奈良県","奈良県桜井市大字初瀬","","長谷寺","","34.53592026000000","135.90702251000000","102-temple"
"102","2646","長谷寺","鐘楼","国宝・重要文化財（建造物）","重要文化財","近世以前／寺院","","江戸前期","19861220","","奈良県","奈良県桜井市大字初瀬","","長谷寺","","34.53593059000000","135.90709999000000","102-temple"
"102","2499","般若寺経蔵","","国宝・重要文化財（建造物）","重要文化財","近世以前／寺院","","鎌倉後期","19690620","","奈良県","奈良県奈良市般若寺町","","般若寺","","34.69981895000000","135.83643429000000","102-temple"
"102","2498","般若寺楼門","","国宝・重要文化財（建造物）","国宝","近世以前／寺院","","鎌倉前期","19030415","19530331","奈良県","奈良県奈良市般若寺町","","般若寺","","34.69974042000000","135.83560148000000","102-temple"
"102","2748","富貴寺本堂","","国宝・重要文化財（建造物）","重要文化財","近世以前／寺院","","室町前期","19540320","","奈良県","奈良県磯城郡川西町大字保田","","富貴寺","","34.58232629000000","135.75144855000000","102-temple"
"102","2734","旧富貴寺羅漢堂","","国宝・重要文化財（建造物）","重要文化財","近世以前／寺院","","平安後期","19711228","","奈良県","奈良県生駒郡斑鳩町法隆寺山内","","法隆寺","","34.61389644000000","135.73791603000000","102-temple"
"102","2713","福園院本堂","","国宝・重要文化財（建造物）","重要文化財","近世以前／寺院","","室町中期","19420626","","奈良県","奈良県生駒郡斑鳩町法隆寺山内","","法隆寺","","34.61439540000000","135.73796495000000","102-temple"
"102","2528","福智院本堂","","国宝・重要文化財（建造物）","重要文化財","近世以前／寺院","","鎌倉前期","19470226","","奈良県","奈良県奈良市福智院町","","福智院","","34.67695532000000","135.83449992000000","102-temple"
"102","2508","不退寺塔婆","","国宝・重要文化財（建造物）","重要文化財","近世以前／寺院","","鎌倉後期","19080423","","奈良県","奈良県奈良市法蓮町","","不退寺","","34.69464132000000","135.81275795000000","102-temple"
"102","2507","不退寺南門","","国宝・重要文化財（建造物）","重要文化財","近世以前／寺院","","鎌倉後期","19040218","","奈良県","奈良県奈良市法蓮町","","不退寺","","34.69441818000000","135.81252096000000","102-temple"
"102","2506","不退寺本堂","","国宝・重要文化財（建造物）","重要文化財","近世以前／寺院","","室町前期","19040218","","奈良県","奈良県奈良市法蓮町","","不退寺","","34.69475538000000","135.81250950000000","102-temple"
"102","2574","不動院本堂","","国宝・重要文化財（建造物）","重要文化財","近世以前／寺院","","室町後期","19250424","","奈良県","奈良県大和高田市本郷町","","不動院","","34.51444560000000","135.74438367000000","102-temple"
"102","2719","寶珠院本堂","","国宝・重要文化財（建造物）","重要文化財","近世以前／寺院","","室町後期","19421222","","奈良県","奈良県生駒郡斑鳩町法隆寺山内","","法隆寺","","34.61380290000000","135.73312483000000","102-temple"
"102","2666","宝幢寺本堂","","国宝・重要文化財（建造物）","重要文化財","近世以前／寺院","","室町前期","19040218","","奈良県","奈良県生駒市小平尾町","","宝幢寺","","34.66251941000000","135.70121245000000","102-temple"
"102","2715","法隆寺大湯屋","","国宝・重要文化財（建造物）","重要文化財","近世以前／寺院","","桃山","19421222","","奈良県","奈良県生駒郡斑鳩町法隆寺山内","","法隆寺","","34.61317230000000","135.73375131000000","102-temple"
"102","2716","法隆寺大湯屋表門","","国宝・重要文化財（建造物）","重要文化財","近世以前／寺院","","室町前期","19421222","","奈良県","奈良県生駒郡斑鳩町法隆寺山内","","法隆寺","","34.61338524000000","135.73370261000000","102-temple"
"102","2690","法隆寺廻廊","西廻廊","国宝・重要文化財（建造物）","国宝","近世以前／寺院","","飛鳥","18990405","19510609","奈良県","奈良県生駒郡斑鳩町法隆寺山内","","法隆寺","","34.61419446000000","135.73381029000000","102-temple"
"102","2689","法隆寺廻廊","東廻廊","国宝・重要文化財（建造物）","国宝","近世以前／寺院","","飛鳥","18990405","19510609","奈良県","奈良県生駒郡斑鳩町法隆寺山内","","法隆寺","","34.61435108000000","135.73474350000000","102-temple"
"102","2685","法隆寺上御堂(上堂)","","国宝・重要文化財（建造物）","重要文化財","近世以前／寺院","","鎌倉後期","18981228","","奈良県","奈良県生駒郡斑鳩町法隆寺山内","","法隆寺","","34.61523232000000","135.73413054000000","102-temple"
"102","2688","法隆寺経蔵","","国宝・重要文化財（建造物）","国宝","近世以前／寺院","","奈良","18990405","19510609","奈良県","奈良県生駒郡斑鳩町法隆寺山内","","法隆寺","","34.61455012000000","135.73385271000000","102-temple"
"102","2714","法隆寺綱封蔵","","国宝・重要文化財（建造物）","国宝","近世以前／寺院","","平安前期","19421222","19670615","奈良県","奈良県生駒郡斑鳩町法隆寺山内","","法隆寺","","34.61437166000000","135.73542800000000","102-temple"
"102","2683","法隆寺五重塔","","国宝・重要文化財（建造物）","国宝","近世以前／寺院","","飛鳥","18971228","19510609","奈良県","奈良県生駒郡斑鳩町法隆寺山内","","法隆寺","","34.61423035000000","135.73410722000000","102-temple"
"102","2681","法隆寺金堂","","国宝・重要文化財（建造物）","国宝","近世以前／寺院","","飛鳥","18971228","19510609","奈良県","奈良県生駒郡斑鳩町法隆寺山内","","法隆寺","","34.61426950000000","135.73444330000000","102-temple"
"102","2720","法隆寺西院大垣","南面","国宝・重要文化財（建造物）","重要文化財","近世以前／寺院","","江戸中期","19430609","","奈良県","奈良県生駒郡斑鳩町法隆寺山内","","法隆寺","","34.61284685000000","135.73576480000000","102-temple"
"102","2722","法隆寺西院大垣","西面","国宝・重要文化財（建造物）","重要文化財","近世以前／寺院","","江戸中期","19430609","","奈良県","奈良県生駒郡斑鳩町法隆寺山内","","法隆寺","","34.61299695000000","135.73312833000000","102-temple"
"102","2721","法隆寺西院大垣","東面","国宝・重要文化財（建造物）","重要文化財","近世以前／寺院","","江戸中期","19430609","","奈良県","奈良県生駒郡斑鳩町法隆寺山内","","法隆寺","","34.61417814000000","135.73673716000000","102-temple"
"102","2725","法隆寺西院西南隅子院築垣","東面","国宝・重要文化財（建造物）","重要文化財","近世以前／寺院","","江戸中期","19430609","","奈良県","奈良県生駒郡斑鳩町法隆寺山内","","法隆寺","","34.61322687000000","135.73439326000000","102-temple"
"102","2726","法隆寺西院西南隅子院築垣","北面","国宝・重要文化財（建造物）","重要文化財","近世以前／寺院","","江戸中期","19430609","","奈良県","奈良県生駒郡斑鳩町法隆寺山内","","法隆寺","","34.61337733000000","135.73359154000000","102-temple"
"102","2723","法隆寺西院東南隅子院築垣","西面","国宝・重要文化財（建造物）","重要文化財","近世以前／寺院","","江戸前期","19430609","","奈良県","奈良県生駒郡斑鳩町法隆寺山内","","法隆寺","","34.61301577000000","135.73450779000000","102-temple"
"102","2724","法隆寺西院東南隅子院築垣","北面","国宝・重要文化財（建造物）","重要文化財","近世以前／寺院","","江戸後期","19430609","","奈良県","奈良県生駒郡斑鳩町法隆寺山内","","法隆寺","","34.61363110000000","135.73551161000000","102-temple"
"102","2700","法隆寺西円堂","","国宝・重要文化財（建造物）","国宝","近世以前／寺院","","鎌倉前期","19010327","19550202","奈良県","奈良県生駒郡斑鳩町法隆寺山内","","法隆寺","","34.61462517000000","135.73303697000000","102-temple"
"102","2731","法隆寺西園院唐門","","国宝・重要文化財（建造物）","重要文化財","近世以前／寺院","","江戸前期","19430609","","奈良県","奈良県生駒郡斑鳩町法隆寺山内","","法隆寺","","34.61313726000000","135.73440088000000","102-temple"
"102","2707","法隆寺三経院及び西室","","国宝・重要文化財（建造物）","国宝","近世以前／寺院","","鎌倉前期","19080423","19550202","奈良県","奈良県生駒郡斑鳩町法隆寺山内","","法隆寺","","34.61416316000000","135.73342260000000","102-temple"
"102","2702","法隆寺食堂及び細殿","食堂","国宝・重要文化財（建造物）","国宝","近世以前／寺院","","奈良","19010327","19521122","奈良県","奈良県生駒郡斑鳩町法隆寺山内","","法隆寺","","34.61467411000000","135.73552661000000","102-temple"
"102","2703","法隆寺食堂及び細殿","細殿","国宝・重要文化財（建造物）","重要文化財","近世以前／寺院","","鎌倉前期","19010327","","奈良県","奈良県生駒郡斑鳩町法隆寺山内","","法隆寺","","34.61457320000000","135.73554945000000","102-temple"
"102","2706","法隆寺地蔵堂","","国宝・重要文化財（建造物）","重要文化財","近世以前／寺院","","室町前期","19080423","","奈良県","奈良県生駒郡斑鳩町法隆寺山内","","法隆寺","","34.61475943000000","135.73336048000000","102-temple"
"102","2701","法隆寺聖霊院","","国宝・重要文化財（建造物）","国宝","近世以前／寺院","","鎌倉後期","19010327","19521122","奈良県","奈良県生駒郡斑鳩町法隆寺山内","","法隆寺","","34.61415530000000","135.73501432000000","102-temple"
"102","2687","法隆寺鐘楼","","国宝・重要文化財（建造物）","国宝","近世以前／寺院","","平安中期","18990405","19510609","奈良県","奈良県生駒郡斑鳩町法隆寺山内","","法隆寺","","34.61464801000000","135.73457056000000","102-temple"
"102","2708","法隆寺新堂","","国宝・重要文化財（建造物）","重要文化財","近世以前／寺院","","鎌倉後期","19110417","","奈良県","奈良県生駒郡斑鳩町法隆寺山内","","法隆寺","","34.61331672000000","135.73410722000000","102-temple"
"102","2686","法隆寺大講堂","","国宝・重要文化財（建造物）","国宝","近世以前／寺院","","平安中期","18990405","19510609","奈良県","奈良県生駒郡斑鳩町法隆寺山内","","法隆寺","","34.61474263000000","135.73416595000000","102-temple"
"102","2733","法隆寺中院本堂","","国宝・重要文化財（建造物）","重要文化財","近世以前／寺院","","室町中期","19470226","","奈良県","奈良県生駒郡斑鳩町法隆寺山内","","法隆寺","","34.61368882000000","135.73313183000000","102-temple"
"102","2682","法隆寺中門","","国宝・重要文化財（建造物）","国宝","近世以前／寺院","","飛鳥","18971228","19510609","奈良県","奈良県生駒郡斑鳩町法隆寺山内","","法隆寺","","34.61396279000000","135.73430952000000","102-temple"
"102","2712","法隆寺妻室","","国宝・重要文化財（建造物）","重要文化財","近世以前／寺院","","平安後期","19420626","","奈良県","奈良県生駒郡斑鳩町法隆寺山内","","法隆寺","","34.61437259000000","135.73515209000000","102-temple"
"102","2727","法隆寺東院大垣","南面","国宝・重要文化財（建造物）","重要文化財","近世以前／寺院","","江戸中期","19430609","","奈良県","奈良県生駒郡斑鳩町法隆寺山内","","法隆寺","","34.61392398000000","135.73892445000000","102-temple"
"102","2728","法隆寺東院大垣","東面","国宝・重要文化財（建造物）","重要文化財","近世以前／寺院","","江戸中期","19430609","","奈良県","奈良県生駒郡斑鳩町法隆寺山内","","法隆寺","","34.61428727000000","135.73935439000000","102-temple"
"102","2729","法隆寺東院大垣","西面","国宝・重要文化財（建造物）","重要文化財","近世以前／寺院","","江戸中期","19430609","","奈良県","奈良県生駒郡斑鳩町法隆寺山内","","法隆寺","","34.61446058000000","135.73855116000000","102-temple"
"102","2695","法隆寺東院廻廊","西廻廊","国宝・重要文化財（建造物）","重要文化財","近世以前／寺院","","鎌倉前期","19000407","","奈良県","奈良県生駒郡斑鳩町法隆寺山内","","法隆寺","","34.61428582000000","135.73877651000000","102-temple"
"102","2694","法隆寺東院廻廊","東廻廊","国宝・重要文化財（建造物）","重要文化財","近世以前／寺院","","鎌倉前期","19000407","","奈良県","奈良県生駒郡斑鳩町法隆寺山内","","法隆寺","","34.61435434000000","135.73916481000000","102-temple"
"102","2692","法隆寺東院四脚門","","国宝・重要文化財（建造物）","重要文化財","近世以前／寺院","","鎌倉前期","19000407","","奈良県","奈良県生駒郡斑鳩町法隆寺山内","","法隆寺","","34.61429561000000","135.73858074000000","102-temple"
"102","2698","法隆寺東院舎利殿及び絵殿","","国宝・重要文化財（建造物）","重要文化財","近世以前／寺院","","鎌倉前期","19000407","","奈良県","奈良県生駒郡斑鳩町法隆寺山内","","法隆寺","","34.61456643000000","135.73891029000000","102-temple"
"102","2696","法隆寺東院鐘楼","","国宝・重要文化財（建造物）","国宝","近世以前／寺院","","鎌倉前期","19000407","19550202","奈良県","奈良県生駒郡斑鳩町法隆寺山内","","法隆寺","","34.61460233000000","135.73866231000000","102-temple"
"102","2697","法隆寺東院伝法堂","","国宝・重要文化財（建造物）","国宝","近世以前／寺院","","奈良","19000407","19510609","奈良県","奈良県生駒郡斑鳩町法隆寺山内","","法隆寺","","34.61471653000000","135.73887766000000","102-temple"
"102","2691","法隆寺東院南門(不明門)","","国宝・重要文化財（建造物）","重要文化財","近世以前／寺院","","室町中期","19000407","","奈良県","奈良県生駒郡斑鳩町法隆寺山内","","法隆寺","","34.61393463000000","135.73903755000000","102-temple"
"102","2684","法隆寺東院夢殿","","国宝・重要文化財（建造物）","国宝","近世以前／寺院","","奈良","18971228","19510609","奈良県","奈良県生駒郡斑鳩町法隆寺山内","","法隆寺","","34.61435434000000","135.73895598000000","102-temple"
"102","2693","法隆寺東院礼堂","","国宝・重要文化財（建造物）","重要文化財","近世以前／寺院","","鎌倉前期","19000407","","奈良県","奈良県生駒郡斑鳩町法隆寺山内","","法隆寺","","34.61410636000000","135.73900818000000","102-temple"
"102","2704","法隆寺東大門","","国宝・重要文化財（建造物）","国宝","近世以前／寺院","","奈良","19040218","19521122","奈良県","奈良県生駒郡斑鳩町法隆寺山内","","法隆寺","","34.61381922000000","135.73670127000000","102-temple"
"102","2699","法隆寺南大門","","国宝・重要文化財（建造物）","国宝","近世以前／寺院","","室町中期","19010327","19530331","奈良県","奈良県生駒郡斑鳩町法隆寺山内","","法隆寺","","34.61268697000000","135.73452814000000","102-temple"
"102","2711","法隆寺東室","","国宝・重要文化財（建造物）","国宝","近世以前／寺院","","奈良","19420626","19650529","奈良県","奈良県生駒郡斑鳩町法隆寺山内","","法隆寺","","34.61444905000000","135.73495857000000","102-temple"
"102","2730","法隆寺薬師坊庫裡","","国宝・重要文化財（建造物）","重要文化財","近世以前／寺院","","室町後期","19430609","","奈良県","奈良県生駒郡斑鳩町法隆寺山内","","法隆寺","","34.61487642000000","135.73300107000000","102-temple"
"102","2736","法起寺三重塔","","国宝・重要文化財（建造物）","国宝","近世以前／寺院","","飛鳥","18971228","19510609","奈良県","奈良県生駒郡斑鳩町大字岡本","","法起寺","","34.62282547000000","135.74632745000000","102-temple"
"102","2520","法華寺","南門","国宝・重要文化財（建造物）","重要文化財","近世以前／寺院","","桃山","19530331","","奈良県","奈良県奈良市法華寺町","","法華寺","","34.69192012000000","135.80410932000000","102-temple"
"102","2521","法華寺","鐘楼","国宝・重要文化財（建造物）","重要文化財","近世以前／寺院","","桃山","19530331","","奈良県","奈良県奈良市法華寺町","","法華寺","","34.69203421000000","135.80452766000000","102-temple"
"102","2519","法華寺","本堂","国宝・重要文化財（建造物）","重要文化財","近世以前／寺院","","桃山","19080423","","奈良県","奈良県奈良市法華寺町","","法華寺","","34.69227336000000","135.80411978000000","102-temple"
"102","2575","松尾寺本堂","","国宝・重要文化財（建造物）","重要文化財","近世以前／寺院","","室町前期","19020731","","奈良県","奈良県大和郡山市山田町","","松尾寺","","34.63410755000000","135.72812964000000","102-temple"
"102","2769","南法華寺三重塔","","国宝・重要文化財（建造物）","重要文化財","近世以前／寺院","","室町後期","19060414","","奈良県","奈良県高市郡高取町大字壺坂","","南法華寺","","34.42613914000000","135.81034246000000","102-temple"
"102","2770","南法華寺礼堂","","国宝・重要文化財（建造物）","重要文化財","近世以前／寺院","","室町中期","19590627","","奈良県","奈良県高市郡高取町大字壺坂","","南法華寺","","34.42639043000000","135.81033924000000","102-temple"
"102","2762","室生寺五重塔","","国宝・重要文化財（建造物）","国宝","近世以前／寺院","","平安前期","18971228","19510609","奈良県","奈良県宇陀市室生区室生","","室生寺","","34.53828171000000","136.04034970000000","102-temple"
"102","2763","室生寺金堂","","国宝・重要文化財（建造物）","国宝","近世以前／寺院","","平安前期","19010802","19520329","奈良県","奈良県宇陀市室生区室生","","室生寺","","34.53756967000000","136.04113555000000","102-temple"
"102","2764","室生寺本堂(灌頂堂)","","国宝・重要文化財（建造物）","国宝","近世以前／寺院","","鎌倉後期","19010802","19520329","奈良県","奈良県宇陀市室生区室生","","室生寺","","34.53786056000000","136.04061021000000","102-temple"
"102","2765","室生寺御影堂","","国宝・重要文化財（建造物）","重要文化財","近世以前／寺院","","室町前期","19110417","","奈良県","奈良県宇陀市室生区室生","","室生寺","","34.54034620000000","136.03899870000000","102-temple"
"102","2768","室生寺弥勒堂","","国宝・重要文化財（建造物）","重要文化財","近世以前／寺院","","鎌倉前期","19790203","","奈良県","奈良県宇陀市室生区室生","","室生寺","","34.53750020000000","136.04095754000000","102-temple"
"102","2471","薬師寺東院堂","","国宝・重要文化財（建造物）","国宝","近世以前／寺院","","鎌倉後期","19040218","19610427","奈良県","奈良県奈良市西ノ京町","","薬師寺","","34.66797173000000","135.78518504000000","102-temple"
"102","2470","薬師寺東塔","","国宝・重要文化財（建造物）","国宝","近世以前／寺院","","奈良","18971228","19510609","奈良県","奈良県奈良市西ノ京町","","宗教法人薬師寺","","34.66810082000000","135.78469391000000","102-temple"
"102","2476","薬師寺南門","","国宝・重要文化財（建造物）","重要文化財","近世以前／寺院","","室町後期","19470226","","奈良県","奈良県奈良市西ノ京町","","薬師寺","","34.66765895000000","135.78431307000000","102-temple"
"102","2735","律学院本堂","","国宝・重要文化財（建造物）","重要文化財","近世以前／寺院","","江戸前期","19760520","","奈良県","奈良県生駒郡斑鳩町法隆寺山内","","法隆寺","","34.61419119000000","135.73699167000000","102-temple"
"102","2486","霊山寺三重塔","","国宝・重要文化財（建造物）","重要文化財","近世以前／寺院","","室町前期","18990405","","奈良県","奈良県奈良市中町","","霊山寺","","34.67312371000000","135.74321345000000","102-temple"
"102","2488","霊山寺鐘楼","","国宝・重要文化財（建造物）","重要文化財","近世以前／寺院","","室町中期","19430609","","奈良県","奈良県奈良市中町","","霊山寺","","34.67335165000000","135.74262856000000","102-temple"
"102","2487","霊山寺本堂","","国宝・重要文化財（建造物）","国宝","近世以前／寺院","","鎌倉後期","19040218","19531114","奈良県","奈良県奈良市中町","","霊山寺","","34.67343631000000","135.74239222000000","102-temple"
"102","2571","蓮長寺本堂","","国宝・重要文化財（建造物）","重要文化財","近世以前／寺院","","江戸前期","19880113","","奈良県","奈良県奈良市油阪町","","蓮長寺","","34.68523002000000","135.82331445000000","102-temple"
"102","00005141","阿弥陀寺本堂（旧紀伊藩台徳院霊屋）","","国宝・重要文化財（建造物）","重要文化財","近世以前／寺院","","江戸前期","20180817","","和歌山県","和歌山県和歌山市鳴神","","宗教法人阿弥陀寺","","34.22644889000000","135.20768889000000","102-temple"
"102","2912","安楽寺多宝小塔","","国宝・重要文化財（建造物）","重要文化財","近世以前／寺院","","室町前期","19530331","","和歌山県","和歌山県有田郡有田川町大字二川","","安楽寺","","34.07017416000000","135.35858100000000","102-temple"
"102","2913","雨錫寺阿弥陀堂","","国宝・重要文化財（建造物）","重要文化財","近世以前／寺院","","室町後期","19910531","","和歌山県","和歌山県有田郡有田川町大字杉野原","","雨錫寺","","34.11798105000000","135.50403341000000","102-temple"
"102","2911","吉祥寺薬師堂","","国宝・重要文化財（建造物）","重要文化財","近世以前／寺院","","室町中期","19170405","","和歌山県","和歌山県有田郡有田川町大字粟生","","吉祥寺","","34.04718455000000","135.33814139000000","102-temple"
"102","2858","粉河寺","大門","国宝・重要文化財（建造物）","重要文化財","近世以前／寺院","","江戸中期","19961210","","和歌山県","和歌山県紀の川市粉河","","粉河寺","","34.27914046000000","135.40371850000000","102-temple"
"102","2857","粉河寺","中門","国宝・重要文化財（建造物）","重要文化財","近世以前／寺院","","江戸末期","19961210","","和歌山県","和歌山県紀の川市粉河","","粉河寺","","34.28034839000000","135.40552052000000","102-temple"
"102","2855","粉河寺","本堂","国宝・重要文化財（建造物）","重要文化財","近世以前／寺院","","江戸中期","19961210","","和歌山県","和歌山県紀の川市粉河","","粉河寺","","34.28087325000000","135.40589390000000","102-temple"
"102","2856","粉河寺","千手堂","国宝・重要文化財（建造物）","重要文化財","近世以前／寺院","","江戸後期","19961210","","和歌山県","和歌山県紀の川市粉河","","粉河寺","","34.28096246000000","135.40553670000000","102-temple"
"102","2809","護国院鐘楼","","国宝・重要文化財（建造物）","重要文化財","近世以前／寺院","","桃山","19080423","","和歌山県","和歌山県和歌山市紀三井寺","","護国院","","34.18456747000000","135.19005780000000","102-temple"
"102","2808","護国院多宝塔","","国宝・重要文化財（建造物）","重要文化財","近世以前／寺院","","室町中期","19080423","","和歌山県","和歌山県和歌山市紀三井寺","","護国院","","34.18490575000000","135.19035290000000","102-temple"
"102","2810","護国院楼門","","国宝・重要文化財（建造物）","重要文化財","近世以前／寺院","","室町中期","19080423","","和歌山県","和歌山県和歌山市紀三井寺","","護国院","","34.18444151000000","135.18907174000000","102-temple"
"102","2891","金剛三昧院経蔵","","国宝・重要文化財（建造物）","重要文化財","近世以前／寺院","","鎌倉前期","19220413","","和歌山県","和歌山県伊都郡高野町大字高野山","","金剛三昧院","財団法人高野山文化財保存会","34.20983989000000","135.58695481000000","102-temple"
"102","2890","金剛三昧院多宝塔","","国宝・重要文化財（建造物）","国宝","近世以前／寺院","","鎌倉前期","18990405","19521122","和歌山県","和歌山県伊都郡高野町大字高野山","","金剛三昧院","財団法人高野山文化財保存会","34.20971126000000","135.58726353000000","102-temple"
"102","00005626","金剛峯寺","山王院拝殿","国宝・重要文化財（建造物）","重要文化財","近世以前／寺院","","江戸末期","20241209","","和歌山県","和歌山県伊都郡高野町大字高野山","","宗教法人金剛峯寺","","34.21313889000000","135.57871111000000","102-temple"
"102","00005632","金剛峯寺","三昧堂","国宝・重要文化財（建造物）","重要文化財","近世以前／寺院","","江戸末期","20241209","","和歌山県","和歌山県伊都郡高野町大字高野山","","宗教法人金剛峯寺","","34.21336111000000","135.58098611000000","102-temple"
"102","00005630","金剛峯寺","大会堂","国宝・重要文化財（建造物）","重要文化財","近世以前／寺院","","江戸末期","20241209","","和歌山県","和歌山県伊都郡高野町大字高野山","","宗教法人金剛峯寺","","34.21338611000000","135.58072222000000","102-temple"
"102","00005631","金剛峯寺","愛染堂","国宝・重要文化財（建造物）","重要文化財","近世以前／寺院","","江戸末期","20241209","","和歌山県","和歌山県伊都郡高野町大字高野山","","宗教法人金剛峯寺","","34.21341667000000","135.58045278000000","102-temple"
"102","00005627","金剛峯寺","山王院鐘楼","国宝・重要文化財（建造物）","重要文化財","近世以前／寺院","","江戸末期","20241209","","和歌山県","和歌山県伊都郡高野町大字高野山","","宗教法人金剛峯寺","","34.21342778000000","135.57873889000000","102-temple"
"102","00005624","金剛峯寺","御影堂","国宝・重要文化財（建造物）","重要文化財","近世以前／寺院","","江戸末期","20241209","","和歌山県","和歌山県伊都郡高野町大字高野山","","宗教法人金剛峯寺","","34.21354722000000","135.57933611000000","102-temple"
"102","00005629","金剛峯寺","宝蔵","国宝・重要文化財（建造物）","重要文化財","近世以前／寺院","","江戸末期","20241209","","和歌山県","和歌山県伊都郡高野町大字高野山","","宗教法人金剛峯寺","","34.21371111000000","135.57934167000000","102-temple"
"102","00005625","金剛峯寺","西塔","国宝・重要文化財（建造物）","重要文化財","近世以前／寺院","","江戸末期","20241209","","和歌山県","和歌山県伊都郡高野町大字高野山","","宗教法人金剛峯寺","","34.21372222000000","135.57852500000000","102-temple"
"102","00005628","金剛峯寺","准胝堂","国宝・重要文化財（建造物）","重要文化財","近代／宗教","","明治","20241209","","和歌山県","和歌山県伊都郡高野町大字高野山","","宗教法人金剛峯寺","","34.21353056000000","135.57907778000000","102-temple"
"102","2883","金剛峯寺奥院経蔵","","国宝・重要文化財（建造物）","重要文化財","近世以前／寺院","","桃山","19220413","","和歌山県","和歌山県伊都郡高野町大字高野山","","金剛峯寺","財団法人高野山文化財保存会","34.22333488000000","135.60600035000000","102-temple"
"102","2889","金剛峯寺大門","","国宝・重要文化財（建造物）","重要文化財","近世以前／寺院","","江戸中期","19650529","","和歌山県","和歌山県伊都郡高野町大字高野山","","金剛峯寺","財団法人高野山文化財保存会","34.21316069000000","135.57286516000000","102-temple"
"102","2882","金剛峯寺不動堂","","国宝・重要文化財（建造物）","国宝","近世以前／寺院","","鎌倉後期","18990405","19520329","和歌山県","和歌山県伊都郡高野町大字高野山","","金剛峯寺","財団法人高野山文化財保存会","34.21310105000000","135.58043748000000","102-temple"
"102","00005537","金剛峯寺本坊","かご塀","国宝・重要文化財（建造物）","重要文化財","近世以前／寺院","","江戸末期","20240119","","和歌山県","和歌山県伊都郡高野町大字高野山","","宗教法人金剛峯寺","","34.21356111000000","135.58434444000000","102-temple"
"102","00005533","金剛峯寺本坊","鐘楼","国宝・重要文化財（建造物）","重要文化財","近世以前／寺院","","江戸末期","20240119","","和歌山県","和歌山県伊都郡高野町大字高野山","","宗教法人金剛峯寺","","34.21362222000000","135.58422778000000","102-temple"
"102","00005535","金剛峯寺本坊","山門","国宝・重要文化財（建造物）","重要文化財","近世以前／寺院","","江戸中期","20240119","","和歌山県","和歌山県伊都郡高野町大字高野山","","宗教法人金剛峯寺","","34.21363889000000","135.58398056000000","102-temple"
"102","00005536","金剛峯寺本坊","会下門","国宝・重要文化財（建造物）","重要文化財","近世以前／寺院","","江戸末期","20240119","","和歌山県","和歌山県伊都郡高野町大字高野山","","宗教法人金剛峯寺","","34.21374167000000","135.58466667000000","102-temple"
"102","00005534","金剛峯寺本坊","経蔵","国宝・重要文化財（建造物）","重要文化財","近世以前／寺院","","江戸中期","20240119","","和歌山県","和歌山県伊都郡高野町大字高野山","","宗教法人金剛峯寺","","34.21375000000000","135.58356667000000","102-temple"
"102","00005530","金剛峯寺本坊","大主殿及び奥書院","国宝・重要文化財（建造物）","重要文化財","近世以前／寺院","","江戸末期","20240119","","和歌山県","和歌山県伊都郡高野町大字高野山","","宗教法人金剛峯寺","","34.21401944000000","135.58418056000000","102-temple"
"102","00005538","金剛峯寺本坊","築地塀","国宝・重要文化財（建造物）","重要文化財","近世以前／寺院","","桃山","20240119","","和歌山県","和歌山県伊都郡高野町大字高野山","","宗教法人金剛峯寺","","34.21415833000000","135.58352778000000","102-temple"
"102","00005531","金剛峯寺本坊","真然堂","国宝・重要文化財（建造物）","重要文化財","近世以前／寺院","","江戸前期","20240119","","和歌山県","和歌山県伊都郡高野町大字高野山","","宗教法人金剛峯寺","","34.21446389000000","135.58421667000000","102-temple"
"102","00005532","金剛峯寺本坊","護摩堂","国宝・重要文化財（建造物）","重要文化財","近世以前／寺院","","江戸末期","20240119","","和歌山県","和歌山県伊都郡高野町大字高野山","","宗教法人金剛峯寺","","34.21447778000000","135.58405556000000","102-temple"
"102","2842","地蔵峰寺本堂","","国宝・重要文化財（建造物）","重要文化財","近世以前／寺院","","室町中期","19740521","","和歌山県","和歌山県海南市下津町橘本","","地蔵峰寺","","34.13661729000000","135.19918038000000","102-temple"
"102","2881","慈尊院弥勒堂","","国宝・重要文化財（建造物）","重要文化財","近世以前／寺院","","鎌倉後期","19650529","","和歌山県","和歌山県伊都郡九度山町字慈尊院","","慈尊院","","34.29533291000000","135.55000578000000","102-temple"
"102","2835","浄妙寺多宝塔","","国宝・重要文化財（建造物）","重要文化財","近世以前／寺院","","鎌倉後期","19040829","","和歌山県","和歌山県有田市宮崎町","","浄妙寺","","34.07663379000000","135.11450225000000","102-temple"
"102","2834","浄妙寺本堂","","国宝・重要文化財（建造物）","重要文化財","近世以前／寺院","","鎌倉後期","19040829","","和歌山県","和歌山県有田市宮崎町","","浄妙寺","","34.07641092000000","135.11464588000000","102-temple"
"102","2840","善福院釈迦堂","","国宝・重要文化財（建造物）","国宝","近世以前／寺院","","鎌倉後期","19040829","19530331","和歌山県","和歌山県海南市下津町梅田","","善福院","","34.13056493000000","135.17724691000000","102-temple"
"102","2836","長保寺大門","","国宝・重要文化財（建造物）","国宝","近世以前／寺院","","室町前期","19000407","19530331","和歌山県","和歌山県海南市下津町上","","長保寺","","34.10780173000000","135.16553802000000","102-temple"
"102","2838","長保寺多宝塔","","国宝・重要文化財（建造物）","国宝","近世以前／寺院","","室町前期","19040829","19530331","和歌山県","和歌山県海南市下津町上","","長保寺","","34.10894472000000","135.16581785000000","102-temple"
"102","2837","長保寺本堂","","国宝・重要文化財（建造物）","国宝","近世以前／寺院","","鎌倉後期","19040829","19530331","和歌山県","和歌山県海南市下津町上","","長保寺","","34.10914344000000","135.16565399000000","102-temple"
"102","2906","長樂寺仏殿","","国宝・重要文化財（建造物）","重要文化財","近世以前／寺院","","桃山","19910531","","和歌山県","和歌山県有田郡有田川町大字植野","","長樂寺","","34.05424854000000","135.21412242000000","102-temple"
"102","2915","道成寺仁王門","","国宝・重要文化財（建造物）","重要文化財","近世以前／寺院","","江戸中期","19080423","","和歌山県","和歌山県日高郡日高川町大字鐘巻","","道成寺","","33.91409386000000","135.17453286000000","102-temple"
"102","2914","道成寺本堂","","国宝・重要文化財（建造物）","重要文化財","近世以前／寺院","","室町前期","19080423","","和歌山県","和歌山県日高郡日高川町大字鐘巻","","道成寺","","33.91439010000000","135.17454487000000","102-temple"
"102","2853","鞆淵八幡神社大日堂","","国宝・重要文化財（建造物）","重要文化財","近世以前／寺院","","室町前期","19310119","","和歌山県","和歌山県紀の川市粉河町中鞆淵","","鞆淵八幡神社","","34.22004004000000","135.46027585000000","102-temple"
"102","2916","那智山青岸渡寺本堂","","国宝・重要文化財（建造物）","重要文化財","近世以前／寺院","","桃山","19040218","","和歌山県","和歌山県東牟婁郡那智勝浦町大字那智山","","那智山青岸渡寺","","33.66914346000000","135.88993509000000","102-temple"
"102","00005099","根来寺","大伝法堂","国宝・重要文化財（建造物）","重要文化財","近世以前／寺院","","江戸後期","20190930","","和歌山県","和歌山県岩出市根来","","宗教法人
新義真言宗
総本山根来寺","","34.27726583000000","135.31206583000000","102-temple"
"102","00005100","根来寺","光明真言殿","国宝・重要文化財（建造物）","重要文化財","近世以前／寺院","","江戸後期","20190930","","和歌山県","和歌山県岩出市根来","","宗教法人
新義真言宗
総本山根来寺","","34.27726583000000","135.31206583000000","102-temple"
"102","00005101","根来寺","大門","国宝・重要文化財（建造物）","重要文化財","近世以前／寺院","","江戸末期","20190930","","和歌山県","和歌山県岩出市根来","","宗教法人
新義真言宗
総本山根来寺","","34.27726583000000","135.31206583000000","102-temple"
"102","00005102","根来寺","不動堂","国宝・重要文化財（建造物）","重要文化財","近世以前／寺院","","江戸中期","20190930","","和歌山県","和歌山県岩出市根来","","宗教法人
新義真言宗
総本山根来寺","","34.27726583000000","135.31206583000000","102-temple"
"102","00005103","根来寺","行者堂","国宝・重要文化財（建造物）","重要文化財","近世以前／寺院","","江戸中期","20190930","","和歌山県","和歌山県岩出市根来","","宗教法人
新義真言宗
総本山根来寺","","34.27726583000000","135.31206583000000","102-temple"
"102","00005104","根来寺","聖天堂","国宝・重要文化財（建造物）","重要文化財","近世以前／寺院","","江戸中期","20190930","","和歌山県","和歌山県岩出市根来","","宗教法人
新義真言宗
総本山根来寺","","34.27726583000000","135.31206583000000","102-temple"
"102","2866","根来寺大師堂","","国宝・重要文化財（建造物）","重要文化財","近世以前／寺院","","室町前期","19410508","","和歌山県","和歌山県岩出市根来","","根来寺","","34.28763936000000","135.31721805000000","102-temple"
"102","2865","根来寺多宝塔(大塔)","","国宝・重要文化財（建造物）","国宝","近世以前／寺院","","室町後期","18990405","19521122","和歌山県","和歌山県岩出市根来","","根来寺","","34.28782908000000","135.31743009000000","102-temple"
"102","2843","福勝寺","本堂","国宝・重要文化財（建造物）","重要文化財","近世以前／寺院","","室町後期","19910531","","和歌山県","和歌山県海南市下津町橘本","","福勝寺","","34.12878966000000","135.19314802000000","102-temple"
"102","2844","福勝寺","求聞持堂","国宝・重要文化財（建造物）","重要文化財","近世以前／寺院","","江戸前期","19910531","","和歌山県","和歌山県海南市下津町橘本","","福勝寺","","34.12881493000000","135.19325095000000","102-temple"
"102","2894","普賢院四脚門","","国宝・重要文化財（建造物）","重要文化財","近世以前／寺院","","江戸前期","19650529","","和歌山県","和歌山県伊都郡高野町大字高野山","","普賢院","財団法人高野山文化財保存会","34.21358284000000","135.58657377000000","102-temple"
"102","2907","法音寺本堂","","国宝・重要文化財（建造物）","重要文化財","近世以前／寺院","","室町中期","19170405","","和歌山県","和歌山県有田郡有田川町大字岩野河","","法音寺","","34.05120416000000","135.32616017000000","102-temple"
"102","2905","法蔵寺鐘楼","","国宝・重要文化財（建造物）","重要文化財","近世以前／寺院","","室町中期","19470226","","和歌山県","和歌山県有田郡広川町大字上中野","","法蔵寺","","34.01351394000000","135.17617592000000","102-temple"
"102","2908","薬王寺観音堂","","国宝・重要文化財（建造物）","重要文化財","近世以前／寺院","","室町前期","19440905","","和歌山県","和歌山県有田郡有田川町大字小川","","薬王寺","","34.07657296000000","135.26797289000000","102-temple"
"102","2833","利生護国寺本堂","","国宝・重要文化財（建造物）","重要文化財","近世以前／寺院","","室町前期","19650529","","和歌山県","和歌山県橋本市隅田町下兵庫","","利生護国寺","","34.32997119000000","135.63103399000000","102-temple"
"102","1812","雲竜院本堂","","国宝・重要文化財（建造物）","重要文化財","近世以前／寺院","","江戸前期","19660611","","京都府","京都府京都市東山区泉涌寺山内町","","雲竜院","","34.97717099000000","135.78009822000000","102-temple"
"102","1637","往生極楽院阿弥陀堂","","国宝・重要文化財（建造物）","重要文化財","近世以前／寺院","","平安後期","18971228","","京都府","京都府京都市左京区大原来迎院町","","三千院","","35.11938685000000","135.83473246000000","102-temple"
"102","1598","黄梅院","本堂","国宝・重要文化財（建造物）","重要文化財","近世以前／寺院","","桃山","19220413","","京都府","京都府京都市北区紫野大徳寺町","","黄梅院","","35.04174144000000","135.74619387000000","102-temple"
"102","1599","黄梅院","庫裏","国宝・重要文化財（建造物）","重要文化財","近世以前／寺院","","桃山","19760520","","京都府","京都府京都市北区紫野大徳寺町","","黄梅院","","35.04176350000000","135.74609095000000","102-temple"
"102","1849","愛宕念仏寺本堂","","国宝・重要文化財（建造物）","重要文化財","近世以前／寺院","","鎌倉後期","18971228","","京都府","京都府京都市右京区嵯峨鳥居本深谷町","","愛宕念仏寺","","35.03135275000000","135.66109129000000","102-temple"
"102","2032","海住山寺五重塔","","国宝・重要文化財（建造物）","国宝","近世以前／寺院","","鎌倉前期","18981228","19520329","京都府","京都府木津川市加茂町大字例幣","","海住山寺","","34.77663699000000","135.86204563000000","102-temple"
"102","2033","海住山寺文殊堂","","国宝・重要文化財（建造物）","重要文化財","近世以前／寺院","","鎌倉前期","19010327","","京都府","京都府木津川市加茂町大字例幣","","海住山寺","","34.77663699000000","135.86204563000000","102-temple"
"102","2034","岩船寺三重塔","","国宝・重要文化財（建造物）","重要文化財","近世以前／寺院","","室町中期","18990405","","京都府","京都府木津川市加茂町大字岩船","","岩船寺","","34.71972906000000","135.88589546000000","102-temple"
"102","2061","観音堂","","国宝・重要文化財（建造物）","重要文化財","近世以前／寺院","","室町後期","19951226","","京都府","京都府船井郡京丹波町字下粟野","","下粟野区","京丹波町","35.30380614000000","135.42418854000000","102-temple"
"102","1845","教王護国寺灌頂院","東門","国宝・重要文化財（建造物）","重要文化財","近世以前／寺院","","鎌倉前期","19550622","","京都府","京都府京都市南区九条町","","教王護国寺","","34.97971147000000","135.74700827000000","102-temple"
"102","1844","教王護国寺灌頂院","灌頂院","国宝・重要文化財（建造物）","重要文化財","近世以前／寺院","","江戸前期","19401014","","京都府","京都府京都市南区九条町","","教王護国寺","","34.97979688000000","135.74667664000000","102-temple"
"102","1846","教王護国寺灌頂院","北門","国宝・重要文化財（建造物）","重要文化財","近世以前／寺院","","鎌倉前期","19550622","","京都府","京都府京都市南区九条町","","教王護国寺","","34.98013235000000","135.74667969000000","102-temple"
"102","1839","教王護国寺北総門","","国宝・重要文化財（建造物）","重要文化財","近世以前／寺院","","鎌倉前期","19100829","","京都府","京都府京都市南区九条町","","教王護国寺","","34.98418711000000","135.74767318000000","102-temple"
"102","1837","教王護国寺北大門","","国宝・重要文化財（建造物）","重要文化財","近世以前／寺院","","桃山","19070828","","京都府","京都府京都市南区九条町","","教王護国寺","","34.98204396000000","135.74768145000000","102-temple"
"102","1838","教王護国寺慶賀門","","国宝・重要文化財（建造物）","重要文化財","近世以前／寺院","","鎌倉前期","19070828","","京都府","京都府京都市南区九条町","","教王護国寺","","34.98186801000000","135.74906060000000","102-temple"
"102","1843","教王護国寺講堂","","国宝・重要文化財（建造物）","重要文化財","近世以前／寺院","","室町後期","19401014","","京都府","京都府京都市南区九条町","","教王護国寺","","34.98074607000000","135.74769362000000","102-temple"
"102","1847","教王護国寺五重小塔","","国宝・重要文化財（建造物）","重要文化財","近世以前／寺院","","鎌倉前期","19550622","","京都府","京都府京都市南区九条町","教王護国寺","教王護国寺","","34.98108902000000","135.74667272000000","102-temple"
"102","1834","教王護国寺五重塔","","国宝・重要文化財（建造物）","国宝","近世以前／寺院","","江戸前期","18971228","19521122","京都府","京都府京都市南区九条町","","教王護国寺","","34.97987462000000","135.74872996000000","102-temple"
"102","1833","教王護国寺金堂","","国宝・重要文化財（建造物）","国宝","近世以前／寺院","","桃山","18971228","19530331","京都府","京都府京都市南区九条町","","教王護国寺","","34.98032905000000","135.74768484000000","102-temple"
"102","1835","教王護国寺大師堂（西院御影堂）","","国宝・重要文化財（建造物）","国宝","近世以前／寺院","","室町前期","18981228","19580208","京都府","京都府京都市南区九条町","","教王護国寺","","34.98165630000000","135.74677901000000","102-temple"
"102","1840","教王護国寺東大門","","国宝・重要文化財（建造物）","重要文化財","近世以前／寺院","","桃山","19100829","","京都府","京都府京都市南区九条町","","教王護国寺","","34.98068211000000","135.74906266000000","102-temple"
"102","1841","教王護国寺南大門","","国宝・重要文化財（建造物）","重要文化財","近世以前／寺院","","桃山","19100829","","京都府","京都府京都市南区九条町","","教王護国寺","","34.97953815000000","135.74770265000000","102-temple"
"102","1842","教王護国寺宝蔵","","国宝・重要文化財（建造物）","重要文化財","近世以前／寺院","","平安後期","19250424","","京都府","京都府京都市南区九条町","","教王護国寺","","34.98149262000000","135.74881508000000","102-temple"
"102","1836","教王護国寺蓮花門","","国宝・重要文化財（建造物）","国宝","近世以前／寺院","","鎌倉前期","19020417","19521122","京都府","京都府京都市南区九条町","","教王護国寺","","34.98065676000000","135.74630063000000","102-temple"
"102","1870","玉鳳院開山堂","","国宝・重要文化財（建造物）","重要文化財","近世以前／寺院","","室町中期","19010327","","京都府","京都府京都市右京区花園妙心寺町","","玉鳳院","","35.02259209000000","135.72177360000000","102-temple"
"102","1871","玉鳳院四脚門（微笑庵前門）","","国宝・重要文化財（建造物）","重要文化財","近世以前／寺院","","室町中期","19070828","","京都府","京都府京都市右京区花園妙心寺町","","玉鳳院","","35.02240100000000","135.72174533000000","102-temple"
"102","1603","玉林院本堂","","国宝・重要文化財（建造物）","重要文化財","近世以前／寺院","","江戸前期","19850518","","京都府","京都府京都市北区紫野大徳寺町","","玉林院","","35.04244090000000","135.74318895000000","102-temple"
"102","1740","清水寺","鎮守堂（春日社）","国宝・重要文化財（建造物）","重要文化財","近世以前／神社","","江戸前期","19660611","","京都府","京都府京都市東山区清水一丁目","","清水寺","","34.99543337000000","135.78418836000000","102-temple"
"102","1744","清水寺","子安塔","国宝・重要文化財（建造物）","重要文化財","近世以前／寺院","","江戸前期","19660611","","京都府","京都府京都市東山区清水一丁目","","清水寺","","34.99292383000000","135.78495708000000","102-temple"
"102","1743","清水寺","奥院","国宝・重要文化財（建造物）","重要文化財","近世以前／寺院","","江戸前期","19660611","","京都府","京都府京都市東山区清水一丁目","","清水寺","","34.99458705000000","135.78555208000000","102-temple"
"102","1742","清水寺","阿弥陀堂","国宝・重要文化財（建造物）","重要文化財","近世以前／寺院","","江戸前期","19660611","","京都府","京都府京都市東山区清水一丁目","","清水寺","","34.99475727000000","135.78559659000000","102-temple"
"102","1738","清水寺","轟門","国宝・重要文化財（建造物）","重要文化財","近世以前／寺院","","江戸前期","19660611","","京都府","京都府京都市東山区清水一丁目","","清水寺","","34.99478311000000","135.78446248000000","102-temple"
"102","1737","清水寺","朝倉堂","国宝・重要文化財（建造物）","重要文化財","近世以前／寺院","","江戸前期","19660611","","京都府","京都府京都市東山区清水一丁目","","清水寺","","34.99490757000000","135.78458469000000","102-temple"
"102","1741","清水寺","釈迦堂","国宝・重要文化財（建造物）","重要文化財","近世以前／寺院","","江戸前期","19660611","","京都府","京都府京都市東山区清水一丁目","","清水寺","","34.99492607000000","135.78563832000000","102-temple"
"102","1736","清水寺","田村堂","国宝・重要文化財（建造物）","重要文化財","近世以前／寺院","","江戸前期","19660611","","京都府","京都府京都市東山区清水一丁目","","清水寺","","34.99495833000000","135.78432902000000","102-temple"
"102","1735","清水寺","経堂","国宝・重要文化財（建造物）","重要文化財","近世以前／寺院","","江戸前期","19660611","","京都府","京都府京都市東山区清水一丁目","","清水寺","","34.99504044000000","135.78407233000000","102-temple"
"102","1734","清水寺","三重塔","国宝・重要文化財（建造物）","重要文化財","近世以前／寺院","","江戸前期","19660611","","京都府","京都府京都市東山区清水一丁目","","清水寺","","34.99505928000000","135.78384236000000","102-temple"
"102","1733","清水寺","西門","国宝・重要文化財（建造物）","重要文化財","近世以前／寺院","","江戸前期","19080423","","京都府","京都府京都市東山区清水一丁目","","清水寺","","34.99512169000000","135.78363112000000","102-temple"
"102","1739","清水寺","本坊北総門","国宝・重要文化財（建造物）","重要文化財","近世以前／寺院","","江戸前期","19660611","","京都府","京都府京都市東山区清水一丁目","","清水寺","","34.99520503000000","135.78432555000000","102-temple"
"102","1732","清水寺","鐘楼","国宝・重要文化財（建造物）","重要文化財","近世以前／寺院","","桃山","19080423","","京都府","京都府京都市東山区清水一丁目","","清水寺","","34.99534511000000","135.78361555000000","102-temple"
"102","1730","清水寺","仁王門","国宝・重要文化財（建造物）","重要文化財","近世以前／寺院","","室町後期","19660611","","京都府","京都府京都市東山区清水一丁目","","清水寺","","34.99543375000000","135.78333826000000","102-temple"
"102","1731","清水寺","馬駐","国宝・重要文化財（建造物）","重要文化財","近世以前／寺院","","室町後期","19520329","","京都府","京都府京都市東山区清水一丁目","","清水寺","","34.99563644000000","135.78319524000000","102-temple"
"102","1729","清水寺本堂","","国宝・重要文化財（建造物）","国宝","近世以前／寺院","","江戸前期","18971228","19521122","京都府","京都府京都市東山区清水一丁目","","清水寺","","34.99482230000000","135.78491549000000","102-temple"
"102","2053","九品寺大門","","国宝・重要文化財（建造物）","重要文化財","近世以前／寺院","","鎌倉後期","19040218","","京都府","京都府南丹市園部町船阪","","九品寺","","35.10134504000000","135.44171930000000","102-temple"
"102","1783","建仁寺勅使門（矢の根門）","","国宝・重要文化財（建造物）","重要文化財","近世以前／寺院","","鎌倉後期","19020731","","京都府","京都府京都市東山区大和大路通四条下る四丁目小松町","","建仁寺","","34.99910307000000","135.77336362000000","102-temple"
"102","1782","建仁寺方丈","","国宝・重要文化財（建造物）","重要文化財","近世以前／寺院","","室町後期","18990405","","京都府","京都府京都市東山区大和大路通四条下る四丁目小松町","","建仁寺","","35.00105882000000","135.77372937000000","102-temple"
"102","1850","高山寺石水院（五所堂）","","国宝・重要文化財（建造物）","国宝","近世以前／寺院","","鎌倉前期","18981228","19530331","京都府","京都府京都市右京区梅ヶ畑栂尾町","","高山寺","","35.06013049000000","135.67855847000000","102-temple"
"102","1786","高台寺表門","","国宝・重要文化財（建造物）","重要文化財","近世以前／寺院","","桃山","19070828","","京都府","京都府京都市東山区下河原通八坂鳥居前下る下河原町","","高台寺","","35.00052521000000","135.78064892000000","102-temple"
"102","1784","高台寺開山堂","","国宝・重要文化財（建造物）","重要文化財","近世以前／寺院","","桃山","19000407","","京都府","京都府京都市東山区下河原通八坂鳥居前下る下河原町","","高台寺","","35.00097600000000","135.78167952000000","102-temple"
"102","1894","衡梅院本堂","","国宝・重要文化財（建造物）","重要文化財","近世以前／寺院","","桃山","19670615","","京都府","京都府京都市右京区花園妙心寺町","","衡梅院","","35.02207101000000","135.72079724000000","102-temple"
"102","00005879","光明寺","釈迦堂","国宝・重要文化財（建造物）","重要文化財","近世以前／寺院","","江戸中期","20260115","","京都府","京都府長岡京市粟生西条内26番地1","","光明寺","","34.93790556000000","135.67483889000000","102-temple"
"102","00005880","光明寺","勅使門","国宝・重要文化財（建造物）","重要文化財","近世以前／寺院","","江戸末期","20260115","","京都府","京都府長岡京市粟生西条内26番地1","","光明寺","","34.93792778000000","135.67510000000000","102-temple"
"102","00005882","光明寺","鐘楼","国宝・重要文化財（建造物）","重要文化財","近世以前／寺院","","江戸前期","20260115","","京都府","京都府長岡京市粟生西条内26番地1","","光明寺","","34.93831111000000","135.67568056000000","102-temple"
"102","00005877","光明寺","本堂（御影堂）","国宝・重要文化財（建造物）","重要文化財","近世以前／寺院","","江戸後期","20260115","","京都府","京都府長岡京市粟生西条内26番地1","","光明寺","","34.93841111000000","135.67519167000000","102-temple"
"102","00005881","光明寺","御本廟及び御本廟拝殿","国宝・重要文化財（建造物）","重要文化財","近世以前／寺院","","江戸前期","20260115","","京都府","京都府長岡京市粟生西条内26番地1","","光明寺","","34.93844722000000","135.67445278000000","102-temple"
"102","00005883","光明寺","総門","国宝・重要文化財（建造物）","重要文化財","近世以前／寺院","","江戸末期","20260115","","京都府","京都府長岡京市粟生西条内26番地1","","光明寺","","34.93875833000000","135.67800833000000","102-temple"
"102","00005878","光明寺","阿弥陀堂","国宝・重要文化財（建造物）","重要文化財","近世以前／寺院","","江戸後期","20260115","","京都府","京都府長岡京市粟生西条内26番地1","","光明寺","","34.93876667000000","135.67495556000000","102-temple"
"102","1938","光明寺二王門","","国宝・重要文化財（建造物）","国宝","近世以前／寺院","","鎌倉前期","19040218","19540320","京都府","京都府綾部市睦寄町","","光明寺","","35.38741415000000","135.44212996000000","102-temple"
"102","1868","広隆寺桂宮院本堂","","国宝・重要文化財（建造物）","国宝","近世以前／寺院","","鎌倉前期","19000407","19530331","京都府","京都府京都市右京区太秦蜂岡町","","広隆寺","","35.01502978000000","135.70541234000000","102-temple"
"102","1869","広隆寺講堂","","国宝・重要文化財（建造物）","重要文化財","近世以前／寺院","","平安後期","19010327","","京都府","京都府京都市右京区太秦蜂岡町","","広隆寺","","35.01509228000000","135.70639988000000","102-temple"
"102","1607","興臨院表門","","国宝・重要文化財（建造物）","重要文化財","近世以前／寺院","","室町後期","19620621","","京都府","京都府京都市北区紫野大徳寺町","","興臨院","","35.04420758000000","135.74296022000000","102-temple"
"102","1606","興臨院本堂","","国宝・重要文化財（建造物）","重要文化財","近世以前／寺院","","室町後期","19620621","","京都府","京都府京都市北区紫野大徳寺町","","興臨院","","35.04420758000000","135.74296022000000","102-temple"
"102","1586","孤篷庵本堂（方丈）、書院及び忘筌","本堂","国宝・重要文化財（建造物）","重要文化財","近世以前／寺院","","江戸後期","19030415","","京都府","京都府京都市北区紫野大徳寺町","","孤篷庵","","35.04306371000000","135.73994842000000","102-temple"
"102","1588","孤篷庵本堂（方丈）、書院及び忘筌","忘筌","国宝・重要文化財（建造物）","重要文化財","近世以前／住宅","","江戸後期","19030415","","京都府","京都府京都市北区紫野大徳寺町","","孤篷庵","","35.04310145000000","135.73985861000000","102-temple"
"102","1587","孤篷庵本堂（方丈）、書院及び忘筌","書院","国宝・重要文化財（建造物）","重要文化財","近世以前／住宅","","江戸後期","19030415","","京都府","京都府京都市北区紫野大徳寺町","","孤篷庵","","35.04317694000000","135.73975318000000","102-temple"
"102","1692","金戒光明寺三重塔","","国宝・重要文化財（建造物）","重要文化財","近世以前／寺院","","江戸前期","19770627","","京都府","京都府京都市左京区黒谷町","","金戒光明寺","","35.01888424000000","135.78974512000000","102-temple"
"102","1936","金剛院塔婆（三重塔）","","国宝・重要文化財（建造物）","重要文化財","近世以前／寺院","","室町後期","19170405","","京都府","京都府舞鶴市大字鹿原","","金剛院","","35.47665606000000","135.44683704000000","102-temple"
"102","2044","金胎寺多宝塔","","国宝・重要文化財（建造物）","重要文化財","近世以前／寺院","","鎌倉後期","18990405","","京都府","京都府相楽郡和束町大字原山","","金胎寺","","34.83010176000000","135.90896643000000","102-temple"
"102","1641","金地院本堂","","国宝・重要文化財（建造物）","重要文化財","近世以前／寺院","","桃山","19000407","","京都府","京都府京都市左京区南禅寺福地町","","金地院","","35.01026334000000","135.79045003000000","102-temple"
"102","1755","三聖寺愛染堂","","国宝・重要文化財（建造物）","重要文化財","近世以前／寺院","","室町前期","18981228","","京都府","京都府京都市東山区本町十五丁目","","東福寺","","34.97786126000000","135.77332836000000","102-temple"
"102","1913","三宝院殿堂","護摩堂","国宝・重要文化財（建造物）","重要文化財","近世以前／寺院","","桃山","18971228","","京都府","京都府京都市伏見区醍醐東大路町","","三宝院","醍醐寺","34.95204764000000","135.82013223000000","102-temple"
"102","1911","三宝院殿堂","庫裏","国宝・重要文化財（建造物）","重要文化財","近世以前／寺院","","桃山","18971228","","京都府","京都府京都市伏見区醍醐東大路町","","三宝院","醍醐寺","34.95249177000000","135.81949134000000","102-temple"
"102","1912","三宝院殿堂","純浄観","国宝・重要文化財（建造物）","重要文化財","近世以前／住宅","","桃山","18971228","","京都府","京都府京都市伏見区醍醐東大路町","","三宝院","醍醐寺","34.95203078000000","135.81977805000000","102-temple"
"102","1907","三宝院殿堂","玄関","国宝・重要文化財（建造物）","重要文化財","近世以前／住宅","","桃山","18971228","","京都府","京都府京都市伏見区醍醐東大路町","","三宝院","醍醐寺","34.95215055000000","135.81896319000000","102-temple"
"102","1908","三宝院殿堂","勅使の間、秋草の間及び葵の間","国宝・重要文化財（建造物）","重要文化財","近世以前／住宅","","桃山","18971228","","京都府","京都府京都市伏見区醍醐東大路町","","三宝院","醍醐寺","34.95221873000000","135.81913927000000","102-temple"
"102","1910","三宝院殿堂","宸殿","国宝・重要文化財（建造物）","重要文化財","近世以前／住宅","","桃山","18971228","","京都府","京都府京都市伏見区醍醐東大路町","","三宝院","醍醐寺","34.95230387000000","135.81964328000000","102-temple"
"102","2013","酬恩庵","鐘楼","国宝・重要文化財（建造物）","重要文化財","近世以前／寺院","","江戸前期","19710622","","京都府","京都府京田辺市薪","","酬恩庵","","34.82063275000000","135.75752784000000","102-temple"
"102","2012","酬恩庵","浴室","国宝・重要文化財（建造物）","重要文化財","近世以前／寺院","","江戸前期","19710622","","京都府","京都府京田辺市薪","","酬恩庵","","34.82075580000000","135.75804031000000","102-temple"
"102","2011","酬恩庵","東司","国宝・重要文化財（建造物）","重要文化財","近世以前／寺院","","江戸前期","19710622","","京都府","京都府京田辺市薪","","酬恩庵","","34.82091321000000","135.75740574000000","102-temple"
"102","2009","酬恩庵","方丈及び玄関 （玄関）","国宝・重要文化財（建造物）","重要文化財","近世以前／寺院","","江戸前期","19710622","","京都府","京都府京田辺市薪","","酬恩庵","","34.82092346000000","135.75762766000000","102-temple"
"102","2010","酬恩庵","庫裏","国宝・重要文化財（建造物）","重要文化財","近世以前／寺院","","江戸前期","19710622","","京都府","京都府京田辺市薪","","酬恩庵","","34.82102670000000","135.75748050000000","102-temple"
"102","2008","酬恩庵","方丈及び玄関 （方丈）","国宝・重要文化財（建造物）","重要文化財","近世以前／寺院","","江戸前期","19710622","","京都府","京都府京田辺市薪","","酬恩庵","","34.82107681000000","135.75769782000000","102-temple"
"102","2007","酬恩庵本堂","","国宝・重要文化財（建造物）","重要文化財","近世以前／寺院","","室町後期","19110417","","京都府","京都府京田辺市薪","","酬恩庵","","34.82070257000000","135.75702618000000","102-temple"
"102","1611","聚光院本堂","","国宝・重要文化財（建造物）","重要文化財","近世以前／寺院","","桃山","19740521","","京都府","京都府京都市北区紫野大徳寺町","","聚光院","","35.04400712000000","135.74518038000000","102-temple"
"102","1621","相国寺本堂（法堂）附玄関廊","","国宝・重要文化財（建造物）","重要文化財","近世以前／寺院","","桃山","19100829","","京都府","京都府京都市上京区今出川通烏丸東入相国寺門前町","","相国寺","","35.03255365000000","135.76197960000000","102-temple"
"102","1889","常寂光寺塔婆（多宝塔）","","国宝・重要文化財（建造物）","重要文化財","近世以前／寺院","","江戸前期","19150326","","京都府","京都府京都市右京区嵯峨小倉山町","","常寂光寺","","35.01952321000000","135.66818197000000","102-temple"
"102","1589","正傳寺本堂","","国宝・重要文化財（建造物）","重要文化財","近世以前／寺院","","桃山","19040218","","京都府","京都府京都市北区西賀茂鎮守庵町","","正傳寺","","35.06236143000000","135.73695988000000","102-temple"
"102","2005","正法寺","大方丈","国宝・重要文化財（建造物）","重要文化財","近世以前／寺院","","江戸前期","19840521","","京都府","京都府八幡市八幡清水井","","正法寺","","34.87010717000000","135.70102558000000","102-temple"
"102","2006","正法寺","唐門","国宝・重要文化財（建造物）","重要文化財","近世以前／寺院","","江戸前期","19840521","","京都府","京都府八幡市八幡清水井","","正法寺","","34.87021795000000","135.70136797000000","102-temple"
"102","2004","正法寺","本堂","国宝・重要文化財（建造物）","重要文化財","近世以前／寺院","","江戸前期","19840521","","京都府","京都府八幡市八幡清水井","","正法寺","","34.87025823000000","135.70104908000000","102-temple"
"102","2031","浄瑠璃寺三重塔（九体寺三重塔）","","国宝・重要文化財（建造物）","国宝","近世以前／寺院","","平安後期","18971228","19520329","京都府","京都府木津川市加茂町西小","","浄瑠璃寺","","34.71562036000000","135.87359164000000","102-temple"
"102","2030","浄瑠璃寺本堂（九体寺本堂）","","国宝・重要文化財（建造物）","国宝","近世以前／寺院","","平安後期","18971228","19520329","京都府","京都府木津川市加茂町西小","","浄瑠璃寺","","34.71563521000000","135.87271211000000","102-temple"
"102","1872","神護寺大師堂","","国宝・重要文化財（建造物）","重要文化財","近世以前／寺院","","桃山","19020417","","京都府","京都府京都市右京区梅ヶ畑高雄町","","神護寺","","35.05401475000000","135.66952157000000","102-temple"
"102","1549","眞珠庵庫裏","","国宝・重要文化財（建造物）","重要文化財","近世以前／寺院","","桃山","19620621","","京都府","京都府京都市北区紫野大徳寺町","","眞珠庵","","35.04435716000000","135.74629393000000","102-temple"
"102","1548","眞珠庵本堂","","国宝・重要文化財（建造物）","重要文化財","近世以前／寺院","","江戸前期","19000407","","京都府","京都府京都市北区紫野大徳寺町","","眞珠庵","","35.04433255000000","135.74656378000000","102-temple"
"102","1693","眞正極樂寺本堂","","国宝・重要文化財（建造物）","重要文化財","近世以前／寺院","","江戸中期","19860524","","京都府","京都府京都市左京区浄土寺真如町","","眞正極樂寺","","35.02130080000000","135.78964116000000","102-temple"
"102","2025","神童寺本堂","","国宝・重要文化財（建造物）","重要文化財","近世以前／寺院","","室町中期","19230328","","京都府","京都府木津川市山城町大字神童子","","神童寺","","34.76579559000000","135.83223035000000","102-temple"
"102","1609","瑞峯院表門","","国宝・重要文化財（建造物）","重要文化財","近世以前／寺院","","室町後期","19620621","","京都府","京都府京都市北区紫野大徳寺町","","瑞峯院","","35.04209287000000","135.74537275000000","102-temple"
"102","1608","瑞峯院本堂","","国宝・重要文化財（建造物）","重要文化財","近世以前／寺院","","室町後期","19620621","","京都府","京都府京都市北区紫野大徳寺町","","瑞峯院","","35.04209287000000","135.74537275000000","102-temple"
"102","1807","泉涌寺開山塔及び開山堂","開山堂","国宝・重要文化財（建造物）","重要文化財","近世以前／寺院","","江戸中期","19660611","","京都府","京都府京都市東山区泉涌寺山内町","","泉涌寺","","34.97722913000000","135.78292902000000","102-temple"
"102","1806","泉涌寺開山塔及び開山堂","開山塔","国宝・重要文化財（建造物）","重要文化財","近世以前／その他","","鎌倉前期","19660611","","京都府","京都府京都市東山区泉涌寺山内町","","泉涌寺","","34.97722382000000","135.78292999000000","102-temple"
"102","1805","泉涌寺大門","","国宝・重要文化財（建造物）","重要文化財","近世以前／寺院","","桃山","19660611","","京都府","京都府京都市東山区泉涌寺山内町","","泉涌寺","","34.97824307000000","135.77916301000000","102-temple"
"102","1804","泉涌寺仏殿","","国宝・重要文化財（建造物）","重要文化財","近世以前／寺院","","江戸中期","19660611","","京都府","京都府京都市東山区泉涌寺山内町","","泉涌寺","","34.97805207000000","135.78035104000000","102-temple"
"102","1905","醍醐寺開山堂","","国宝・重要文化財（建造物）","重要文化財","近世以前／寺院","","桃山","19540917","","京都府","京都府京都市伏見区醍醐醍醐山","","醍醐寺","","34.94462033000000","135.84082562000000","102-temple"
"102","1900","醍醐寺五重塔","","国宝・重要文化財（建造物）","国宝","近世以前／寺院","","平安中期","18971228","19510609","京都府","京都府京都市伏見区醍醐伽藍町","","醍醐寺","","34.95058044000000","135.82214241000000","102-temple"
"102","1903","醍醐寺金堂","","国宝・重要文化財（建造物）","国宝","近世以前／寺院","","平安後期","19080801","19540320","京都府","京都府京都市伏見区醍醐伽藍町","","醍醐寺","","34.95147057000000","135.82179189000000","102-temple"
"102","1906","醍醐寺如意輪堂","","国宝・重要文化財（建造物）","重要文化財","近世以前／寺院","","桃山","19540917","","京都府","京都府京都市伏見区醍醐醍醐山","","醍醐寺","","34.94473186000000","135.84046408000000","102-temple"
"102","1902","醍醐寺薬師堂","","国宝・重要文化財（建造物）","国宝","近世以前／寺院","","平安後期","19010327","19590627","京都府","京都府京都市伏見区醍醐醍醐山","","醍醐寺","","34.94557389000000","135.83874960000000","102-temple"
"102","1594","大仙院本堂","","国宝・重要文化財（建造物）","国宝","近世以前／寺院","","室町後期","19160524","19570618","京都府","京都府京都市北区紫野大徳寺町","","大仙院","","35.04451685000000","135.74571238000000","102-temple"
"102","1895","退蔵院本堂","","国宝・重要文化財（建造物）","重要文化財","近世以前／寺院","","桃山","19670615","","京都府","京都府京都市右京区花園妙心寺町","","退蔵院","","35.02187679000000","135.71923885000000","102-temple"
"102","1541","大徳寺","方丈及び玄関（玄関）","国宝・重要文化財（建造物）","国宝","近世以前／寺院","","江戸前期","19090405","19570618","京都府","京都府京都市北区紫野大徳寺町","","大徳寺","","35.04377412000000","135.74626962000000","102-temple"
"102","1540","大徳寺","方丈及び玄関（方丈）","国宝・重要文化財（建造物）","国宝","近世以前／寺院","","江戸前期","19090405","19570618","京都府","京都府京都市北区紫野大徳寺町","","大徳寺","","35.04401236000000","135.74644138000000","102-temple"
"102","1538","大徳寺","浴室","国宝・重要文化財（建造物）","重要文化財","近世以前／寺院","","江戸前期","19090405","","京都府","京都府京都市北区紫野大徳寺町","","大徳寺","","35.04260535000000","135.74651008000000","102-temple"
"102","1537","大徳寺","山門","国宝・重要文化財（建造物）","重要文化財","近世以前／寺院","","桃山","19090405","","京都府","京都府京都市北区紫野大徳寺町","","大徳寺","","35.04267668000000","135.74616431000000","102-temple"
"102","1535","大徳寺","仏殿","国宝・重要文化財（建造物）","重要文化財","近世以前／寺院","","江戸中期","19090405","","京都府","京都府京都市北区紫野大徳寺町","","大徳寺","","35.04311285000000","135.74609325000000","102-temple"
"102","1539","大徳寺","経蔵","国宝・重要文化財（建造物）","重要文化財","近世以前／寺院","","江戸前期","19090405","","京都府","京都府京都市北区紫野大徳寺町","","大徳寺","","35.04329227000000","135.74657216000000","102-temple"
"102","1536","大徳寺","法堂","国宝・重要文化財（建造物）","重要文化財","近世以前／寺院","","江戸前期","19090405","","京都府","京都府京都市北区紫野大徳寺町","","大徳寺","","35.04351470000000","135.74605895000000","102-temple"
"102","1542","大徳寺","廊下","国宝・重要文化財（建造物）","重要文化財","近世以前／寺院","","江戸前期","19090405","","京都府","京都府京都市北区紫野大徳寺町","","大徳寺","","35.04353185000000","135.74571835000000","102-temple"
"102","1543","大徳寺","寝堂","国宝・重要文化財（建造物）","重要文化財","近世以前／寺院","","江戸前期","19090405","","京都府","京都府京都市北区紫野大徳寺町","","大徳寺","","35.04353185000000","135.74571835000000","102-temple"
"102","1545","大徳寺","侍真寮","国宝・重要文化財（建造物）","重要文化財","近世以前／寺院","","室町後期","19090405","","京都府","京都府京都市北区紫野大徳寺町","","大徳寺","","35.04353185000000","135.74571835000000","102-temple"
"102","1544","大徳寺","庫裏","国宝・重要文化財（建造物）","重要文化財","近世以前／寺院","","江戸前期","19090405","","京都府","京都府京都市北区紫野大徳寺町","","大徳寺","","35.04398295000000","135.74598446000000","102-temple"
"102","1533","大徳寺唐門","","国宝・重要文化財（建造物）","国宝","近世以前／寺院","","桃山","18971228","19520329","京都府","京都府京都市北区紫野大徳寺町","","大徳寺","","35.04375513000000","135.74641813000000","102-temple"
"102","1546","大徳寺鐘楼","","国宝・重要文化財（建造物）","重要文化財","近世以前／寺院","","桃山","19090405","","京都府","京都府京都市北区紫野大徳寺町","","大徳寺","","35.04350415000000","135.74661093000000","102-temple"
"102","1534","大徳寺勅使門","","国宝・重要文化財（建造物）","重要文化財","近世以前／寺院","","桃山","19000407","","京都府","京都府京都市北区紫野大徳寺町","","大徳寺","","35.04244634000000","135.74618105000000","102-temple"
"102","2058","大福光寺多宝塔","","国宝・重要文化財（建造物）","重要文化財","近世以前／寺院","","鎌倉後期","19040218","","京都府","京都府船井郡京丹波町下山岩ノ上","","大福光寺","","35.21791637000000","135.43293834000000","102-temple"
"102","2057","大福光寺本堂","","国宝・重要文化財（建造物）","重要文化財","近世以前／寺院","","鎌倉後期","19040218","","京都府","京都府船井郡京丹波町下山岩ノ上","","大福光寺","","35.21810031000000","135.43280246000000","102-temple"
"102","1612","大報恩寺本堂（千本釈迦堂）","","国宝・重要文化財（建造物）","国宝","近世以前／寺院","","鎌倉前期","18971228","19520329","京都府","京都府京都市上京区五辻通六軒町西入溝前町","","大報恩寺","","35.03182907000000","135.73985402000000","102-temple"
"102","1777","知恩院","集會堂","国宝・重要文化財（建造物）","重要文化財","近世以前／寺院","","江戸前期","19970529","","京都府","京都府京都市東山区新橋通大和大路東入三丁目林下町","","知恩院","","35.00585786000000","135.78346665000000","102-temple"
"102","1775","知恩院","大方丈","国宝・重要文化財（建造物）","重要文化財","近世以前／寺院","","江戸前期","19100829","","京都府","京都府京都市東山区新橋通大和大路東入三丁目林下町","","知恩院","","35.00585868000000","135.78413310000000","102-temple"
"102","1776","知恩院","小方丈","国宝・重要文化財（建造物）","重要文化財","近世以前／寺院","","江戸前期","19100829","","京都府","京都府京都市東山区新橋通大和大路東入三丁目林下町","","知恩院","","35.00615221000000","135.78442663000000","102-temple"
"102","1779","知恩院","小庫裏","国宝・重要文化財（建造物）","重要文化財","近世以前／寺院","","江戸前期","19970529","","京都府","京都府京都市東山区新橋通大和大路東入三丁目林下町","","知恩院","","35.00629167000000","135.78381667000000","102-temple"
"102","1778","知恩院","大庫裏","国宝・重要文化財（建造物）","重要文化財","近世以前／寺院","","江戸前期","19970529","","京都府","京都府京都市東山区新橋通大和大路東入三丁目林下町","","知恩院","","35.00629898000000","135.78334424000000","102-temple"
"102","1780","知恩院唐門","","国宝・重要文化財（建造物）","重要文化財","近世以前／寺院","","江戸前期","19100829","","京都府","京都府京都市東山区新橋通大和大路東入三丁目林下町","","知恩院","","35.00557739000000","135.78380900000000","102-temple"
"102","1772","知恩院経蔵","","国宝・重要文化財（建造物）","重要文化財","近世以前／寺院","","江戸前期","19000407","","京都府","京都府京都市東山区新橋通大和大路東入三丁目林下町","","知恩院","","35.00492500000000","135.78400000000000","102-temple"
"102","1773","知恩院三門","","国宝・重要文化財（建造物）","国宝","近世以前／寺院","","江戸前期","19020731","20020523","京都府","京都府京都市東山区新橋通大和大路東入三丁目林下町","","知恩院","","35.00480076000000","135.78179711000000","102-temple"
"102","1771","知恩院勢至堂","","国宝・重要文化財（建造物）","重要文化財","近世以前／寺院","","室町後期","18990405","","京都府","京都府京都市東山区新橋通大和大路東入三丁目林下町","","知恩院","","35.00577919000000","135.78490973000000","102-temple"
"102","1781","知恩院大鐘楼","","国宝・重要文化財（建造物）","重要文化財","近世以前／寺院","","江戸中期","19970529","","京都府","京都府京都市東山区新橋通大和大路東入三丁目林下町","","知恩院","","35.00424020000000","135.78397290000000","102-temple"
"102","1774","知恩院本堂（御影堂）","","国宝・重要文化財（建造物）","国宝","近世以前／寺院","","江戸前期","19100829","20020523","京都府","京都府京都市東山区新橋通大和大路東入三丁目林下町","","知恩院","","35.00522271000000","135.78338705000000","102-temple"
"102","00004948","知恩寺","御影堂","国宝・重要文化財（建造物）","重要文化財","近世以前／寺院","","江戸中期","20170223","","京都府","京都府京都市左京区田中門前町","","宗教法人百萬遍知恩寺","","35.02986111000000","135.78072222000000","102-temple"
"102","00004949","知恩寺","釈迦堂","国宝・重要文化財（建造物）","重要文化財","近世以前／寺院","","江戸中期","20170223","","京都府","京都府京都市左京区田中門前町","","宗教法人百萬遍知恩寺","","35.02986111000000","135.78072222000000","102-temple"
"102","00004950","知恩寺","阿弥陀堂","国宝・重要文化財（建造物）","重要文化財","近世以前／寺院","","江戸末期","20170223","","京都府","京都府京都市左京区田中門前町","","宗教法人百萬遍知恩寺","","35.02986111000000","135.78072222000000","102-temple"
"102","00004951","知恩寺","御廟","国宝・重要文化財（建造物）","重要文化財","近世以前／寺院","","江戸中期","20170223","","京都府","京都府京都市左京区田中門前町","","宗教法人百萬遍知恩寺","","35.02986111000000","135.78072222000000","102-temple"
"102","00004952","知恩寺","勢至堂","国宝・重要文化財（建造物）","重要文化財","近世以前／寺院","","江戸中期","20170223","","京都府","京都府京都市左京区田中門前町","","宗教法人百萬遍知恩寺","","35.02986111000000","135.78072222000000","102-temple"
"102","00004953","知恩寺","鎮守堂","国宝・重要文化財（建造物）","重要文化財","近世以前／寺院","","江戸中期","20170223","","京都府","京都府京都市左京区田中門前町","","宗教法人百萬遍知恩寺","","35.02986111000000","135.78072222000000","102-temple"
"102","00004954","知恩寺","鐘楼","国宝・重要文化財（建造物）","重要文化財","近世以前／寺院","","江戸中期","20170223","","京都府","京都府京都市左京区田中門前町","","宗教法人百萬遍知恩寺","","35.02986111000000","135.78072222000000","102-temple"
"102","00004955","知恩寺","総門","国宝・重要文化財（建造物）","重要文化財","近世以前／寺院","","江戸前期","20170223","","京都府","京都府京都市左京区田中門前町","","宗教法人百萬遍知恩寺","","35.02986111000000","135.78072222000000","102-temple"
"102","00004956","知恩寺","西門","国宝・重要文化財（建造物）","重要文化財","近世以前／寺院","","江戸中期","20170223","","京都府","京都府京都市左京区田中門前町","","宗教法人百萬遍知恩寺","","35.02986111000000","135.78072222000000","102-temple"
"102","1978","智恩寺多宝塔","","国宝・重要文化財（建造物）","重要文化財","近世以前／寺院","","室町後期","19040218","","京都府","京都府宮津市字文殊","","智恩寺","","35.55792846000000","135.18403978000000","102-temple"
"102","1890","天球院本堂","","国宝・重要文化財（建造物）","重要文化財","近世以前／寺院","","江戸前期","19220413","","京都府","京都府京都市右京区花園妙心寺町","","天球院","","35.02563364000000","135.71977789000000","102-temple"
"102","1757","東福寺月下門（月華門）","","国宝・重要文化財（建造物）","重要文化財","近世以前／寺院","","室町前期","19020731","","京都府","京都府京都市東山区本町十五丁目","","東福寺","","34.97767667000000","135.77308561000000","102-temple"
"102","1753","東福寺三門","","国宝・重要文化財（建造物）","国宝","近世以前／寺院","","室町中期","18971228","19520329","京都府","京都府京都市東山区本町十五丁目","","東福寺","","34.97569663000000","135.77375692000000","102-temple"
"102","1768","東福寺常楽庵","楼門","国宝・重要文化財（建造物）","重要文化財","近世以前／寺院","","江戸後期","19971203","","京都府","京都府京都市東山区本町十五丁目","","東福寺","","34.97784432000000","135.77398445000000","102-temple"
"102","1765","東福寺常楽庵","客殿（普門院）","国宝・重要文化財（建造物）","重要文化財","近世以前／寺院","","江戸後期","19971203","","京都府","京都府京都市東山区本町十五丁目","","東福寺","","34.97806561000000","135.77379171000000","102-temple"
"102","1764","東福寺常楽庵","開山堂・昭堂","国宝・重要文化財（建造物）","重要文化財","近世以前／寺院","","江戸後期","19971203","","京都府","京都府京都市東山区本町十五丁目","","東福寺","","34.97818220000000","135.77408201000000","102-temple"
"102","1770","東福寺常楽庵","裏門","国宝・重要文化財（建造物）","重要文化財","近世以前／寺院","","江戸後期","19971203","","京都府","京都府京都市東山区本町十五丁目","","東福寺","","34.97821076000000","135.77360373000000","102-temple"
"102","1769","東福寺常楽庵","鐘楼","国宝・重要文化財（建造物）","重要文化財","近世以前／寺院","","江戸後期","19971203","","京都府","京都府京都市東山区本町十五丁目","","東福寺","","34.97824407000000","135.77367036000000","102-temple"
"102","1766","東福寺常楽庵","塔司寮（書院）","国宝・重要文化財（建造物）","重要文化財","近世以前／寺院","","江戸後期","19971203","","京都府","京都府京都市東山区本町十五丁目","","東福寺","","34.97825359000000","135.77387975000000","102-temple"
"102","1767","東福寺常楽庵","庫裏","国宝・重要文化財（建造物）","重要文化財","近世以前／寺院","","江戸後期","19971203","","京都府","京都府京都市東山区本町十五丁目","","東福寺","","34.97839397000000","135.77381313000000","102-temple"
"102","1756","東福寺鐘楼","","国宝・重要文化財（建造物）","重要文化財","近世以前／寺院","","室町中期","19020417","","京都府","京都府京都市東山区本町十五丁目","","東福寺","","34.97580629000000","135.77474204000000","102-temple"
"102","1754","東福寺禅堂（選仏場）","","国宝・重要文化財（建造物）","重要文化財","近世以前／寺院","","室町前期","18981228","","京都府","京都府京都市東山区本町十五丁目","","東福寺","","34.97615392000000","135.77310669000000","102-temple"
"102","1758","東福寺東司","","国宝・重要文化財（建造物）","重要文化財","近世以前／寺院","","室町前期","19020731","","京都府","京都府京都市東山区本町十五丁目","","東福寺","","34.97566430000000","135.77298918000000","102-temple"
"102","1760","東福寺二王門","","国宝・重要文化財（建造物）","重要文化財","近世以前／寺院","","桃山","19240415","","京都府","京都府京都市東山区本町十五丁目","","東福寺","","34.97996028000000","135.77119586000000","102-temple"
"102","1759","東福寺浴室","","国宝・重要文化財（建造物）","重要文化財","近世以前／寺院","","室町中期","19070828","","京都府","京都府京都市東山区本町十五丁目","","東福寺","","34.97547824000000","135.77436013000000","102-temple"
"102","1761","東福寺六波羅門","","国宝・重要文化財（建造物）","重要文化財","近世以前／寺院","","鎌倉前期","19530331","","京都府","京都府京都市東山区本町十五丁目","","東福寺","","34.97536955000000","135.77325358000000","102-temple"
"102","1638","南禅寺三門","","国宝・重要文化財（建造物）","重要文化財","近世以前／寺院","","江戸前期","18990405","","京都府","京都府京都市左京区南禅寺福地町","","南禅寺","","35.01129429000000","135.79261512000000","102-temple"
"102","1640","南禅寺勅使門","","国宝・重要文化財（建造物）","重要文化財","近世以前／寺院","","桃山","19560628","","京都府","京都府京都市左京区南禅寺福地町","","南禅寺","","35.01130032000000","135.79165025000000","102-temple"
"102","1639","南禅寺方丈","","国宝・重要文化財（建造物）","国宝","近世以前／寺院","","桃山","19020731","19531114","京都府","京都府京都市左京区南禅寺福地町","","南禅寺","","35.01136825000000","135.79444651000000","102-temple"
"102","1863","仁和寺","九所明神本殿　（左殿）","国宝・重要文化財（建造物）","重要文化財","近世以前／神社","","江戸前期","19730602","","京都府","京都府京都市右京区御室大内","","仁和寺","","35.03065720000000","135.71492522000000","102-temple"
"102","1864","仁和寺","九所明神本殿　（右殿）","国宝・重要文化財（建造物）","重要文化財","近世以前／神社","","江戸前期","19730602","","京都府","京都府京都市右京区御室大内","","仁和寺","","35.03066106000000","135.71476408000000","102-temple"
"102","1862","仁和寺","九所明神本殿 （中殿）","国宝・重要文化財（建造物）","重要文化財","近世以前／神社","","江戸前期","19730602","","京都府","京都府京都市右京区御室大内","","仁和寺","","35.03066230000000","135.71484459000000","102-temple"
"102","1857","仁和寺","二王門","国宝・重要文化財（建造物）","重要文化財","近世以前／寺院","","江戸前期","19310119","","京都府","京都府京都市右京区御室大内","","仁和寺","","35.02821869000000","135.71378344000000","102-temple"
"102","1865","仁和寺","本坊表門","国宝・重要文化財（建造物）","重要文化財","近世以前／寺院","","桃山","19730602","","京都府","京都府京都市右京区御室大内","","仁和寺","","35.02840580000000","135.71357044000000","102-temple"
"102","1854","仁和寺","五重塔","国宝・重要文化財（建造物）","重要文化財","近世以前／寺院","","江戸前期","19000407","","京都府","京都府京都市右京区御室大内","","仁和寺","","35.03023544000000","135.71439991000000","102-temple"
"102","1855","仁和寺","観音堂","国宝・重要文化財（建造物）","重要文化財","近世以前／寺院","","江戸前期","19730602","","京都府","京都府京都市右京区御室大内","","仁和寺","","35.03029919000000","135.71329062000000","102-temple"
"102","1856","仁和寺","中門","国宝・重要文化財（建造物）","重要文化財","近世以前／寺院","","江戸前期","19730602","","京都府","京都府京都市右京区御室大内","","仁和寺","","35.03075642000000","135.71381268000000","102-temple"
"102","1861","仁和寺","御影堂中門","国宝・重要文化財（建造物）","重要文化財","近世以前／寺院","","江戸前期","19730602","","京都府","京都府京都市右京区御室大内","","仁和寺","","35.03088506000000","135.71286541000000","102-temple"
"102","1858","仁和寺","鐘楼","国宝・重要文化財（建造物）","重要文化財","近世以前／寺院","","江戸前期","19730602","","京都府","京都府京都市右京区御室大内","","仁和寺","","35.03094882000000","135.71323101000000","102-temple"
"102","1859","仁和寺","経蔵","国宝・重要文化財（建造物）","重要文化財","近世以前／寺院","","江戸前期","19730602","","京都府","京都府京都市右京区御室大内","","仁和寺","","35.03097862000000","135.71448512000000","102-temple"
"102","1860","仁和寺","御影堂","国宝・重要文化財（建造物）","重要文化財","近世以前／寺院","","江戸前期","19080801","","京都府","京都府京都市右京区御室大内","","仁和寺","","35.03120660000000","135.71286207000000","102-temple"
"102","1867","仁和寺","飛濤亭","国宝・重要文化財（建造物）","重要文化財","近世以前／住宅","","江戸末期","19370729","","京都府","京都府京都市右京区御室大内","","仁和寺","","35.02934472000000","135.71351447000000","102-temple"
"102","1866","仁和寺","遼廓亭","国宝・重要文化財（建造物）","重要文化財","近世以前／住宅","","江戸中期","19370729","","京都府","京都府京都市右京区御室大内","","仁和寺","","35.02949369000000","135.71275182000000","102-temple"
"102","1853","仁和寺金堂","","国宝・重要文化財（建造物）","国宝","近世以前／寺院","","桃山","19000407","19531114","京都府","京都府京都市右京区御室大内","","仁和寺","","35.03106633000000","135.71382437000000","102-temple"
"102","1945","平等院観音堂","","国宝・重要文化財（建造物）","重要文化財","近世以前／寺院","","鎌倉前期","19020417","","京都府","京都府宇治市宇治蓮華","","平等院","","34.89015038000000","135.80776283000000","102-temple"
"102","1943","平等院鳳凰堂","両翼廊（南）","国宝・重要文化財（建造物）","国宝","近世以前／寺院","","平安中期","18971228","19510609","京都府","京都府宇治市宇治蓮華","","平等院","","34.88914956000000","135.80773483000000","102-temple"
"102","1944","平等院鳳凰堂","尾廊","国宝・重要文化財（建造物）","国宝","近世以前／寺院","","平安中期","18971228","19510609","京都府","京都府宇治市宇治蓮華","","平等院","","34.88927320000000","135.80746888000000","102-temple"
"102","1941","平等院鳳凰堂","中堂","国宝・重要文化財（建造物）","国宝","近世以前／寺院","","平安中期","18971228","19510609","京都府","京都府宇治市宇治蓮華","","平等院","","34.88929887000000","135.80767418000000","102-temple"
"102","1942","平等院鳳凰堂","両翼廊（北）","国宝・重要文化財（建造物）","国宝","近世以前／寺院","","平安中期","18971228","19510609","京都府","京都府宇治市宇治蓮華","","平等院","","34.88943651000000","135.80767418000000","102-temple"
"102","2054","普濟寺仏殿","","国宝・重要文化財（建造物）","重要文化財","近世以前／寺院","","室町前期","19150326","","京都府","京都府南丹市園部町若森","","普濟寺","","35.05703536000000","135.45698654000000","102-temple"
"102","1682","峰定寺仁王門","","国宝・重要文化財（建造物）","重要文化財","近世以前／寺院","","室町前期","19040218","","京都府","京都府京都市左京区花背原地町","","峰定寺","","35.23564083000000","135.79375262000000","102-temple"
"102","1681","峰定寺本堂及び供水所","供水所","国宝・重要文化財（建造物）","重要文化財","近世以前／寺院","","室町前期","19040218","","京都府","京都府京都市左京区花背原地町","","峰定寺","","35.23573968000000","135.79358533000000","102-temple"
"102","1680","峰定寺本堂及び供水所","本堂","国宝・重要文化財（建造物）","重要文化財","近世以前／寺院","","室町前期","19040218","","京都府","京都府京都市左京区花背原地町","","峰定寺","","35.23574919000000","135.79388950000000","102-temple"
"102","1916","法界寺阿弥陀堂","","国宝・重要文化財（建造物）","国宝","近世以前／寺院","","鎌倉前期","18971228","19510609","京都府","京都府京都市伏見区日野西大道町","","法界寺","","34.93416357000000","135.81496661000000","102-temple"
"102","1917","法界寺本堂（薬師堂）","","国宝・重要文化財（建造物）","重要文化財","近世以前／寺院","","室町中期","19090405","","京都府","京都府京都市伏見区日野西大道町","","法界寺","","34.93392541000000","135.81502386000000","102-temple"
"102","1728","法観寺五重塔（八坂塔）","","国宝・重要文化財（建造物）","重要文化財","近世以前／寺院","","室町中期","18971228","","京都府","京都府京都市東山区八坂通下河原東入八坂上町","","法観寺","","34.99855711000000","135.77923847000000","102-temple"
"102","2022","寶積寺三重塔","","国宝・重要文化財（建造物）","重要文化財","近世以前／寺院","","桃山","19210430","","京都府","京都府乙訓郡大山崎町字大山崎","","寶積寺","","34.89516769000000","135.67919182000000","102-temple"
"102","1919","寶塔寺四脚門（総門）","","国宝・重要文化財（建造物）","重要文化財","近世以前／寺院","","室町中期","19060414","","京都府","京都府京都市伏見区深草宝塔寺山町","","寶塔寺","","34.96263919000000","135.77411950000000","102-temple"
"102","1918","寶塔寺塔婆（多宝塔）","","国宝・重要文化財（建造物）","重要文化財","近世以前／寺院","","室町中期","19060414","","京都府","京都府京都市伏見区深草宝塔寺山町","","寶塔寺","","34.96258786000000","135.77593044000000","102-temple"
"102","1920","寶塔寺本堂","","国宝・重要文化財（建造物）","重要文化財","近世以前／寺院","","桃山","19840521","","京都府","京都府京都市伏見区深草宝塔寺山町","","寶塔寺","","34.96286770000000","135.77586504000000","102-temple"
"102","1636","報土寺","表門","国宝・重要文化財（建造物）","重要文化財","近世以前／寺院","","江戸前期","19850518","","京都府","京都府京都市上京区仁和寺街道六軒町西入四番町","","報土寺","","35.02409301000000","135.74074155000000","102-temple"
"102","1635","報土寺","本堂","国宝・重要文化財（建造物）","重要文化財","近世以前／寺院","","江戸前期","19850518","","京都府","京都府京都市上京区仁和寺街道六軒町西入四番町","","報土寺","","35.02431152000000","135.74077451000000","102-temple"
"102","1821","本願寺","鐘楼","国宝・重要文化財（建造物）","重要文化財","近世以前／寺院","","江戸前期","19100829","","京都府","京都府京都市下京区堀川通花屋町下る門前町","","本願寺","","34.99080359000000","135.75267644000000","102-temple"
"102","00004771","本願寺","総門","国宝・重要文化財（建造物）","重要文化財","近世以前／寺院","","江戸末期","20140918","","京都府","京都府京都市下京区堀川通花屋町下る門前町","","本願寺","","34.99147019000000","135.75318081000000","102-temple"
"102","00004769","本願寺","御影堂門","国宝・重要文化財（建造物）","重要文化財","近世以前／寺院","","江戸前期","20140918","","京都府","京都府京都市下京区堀川通花屋町下る門前町","","本願寺","","34.99149398000000","135.75270492000000","102-temple"
"102","00004767","本願寺","手水所","国宝・重要文化財（建造物）","重要文化財","近世以前／寺院","","江戸中期","20140918","","京都府","京都府京都市下京区堀川通花屋町下る門前町","","本願寺","","34.99183901000000","135.75247292000000","102-temple"
"102","00004770","本願寺","阿弥陀堂門","国宝・重要文化財（建造物）","重要文化財","近世以前／寺院","","江戸後期","20140918","","京都府","京都府京都市下京区堀川通花屋町下る門前町","","本願寺","","34.99202936000000","135.75265733000000","102-temple"
"102","00004766","本願寺","経蔵","国宝・重要文化財（建造物）","重要文化財","近世以前／寺院","","江戸中期","20140918","","京都府","京都府京都市下京区堀川通花屋町下る門前町","","本願寺","","34.99249336000000","135.75232421000000","102-temple"
"102","00004768","本願寺","鼓楼","国宝・重要文化財（建造物）","重要文化財","近世以前／寺院","","江戸後期","20140918","","京都府","京都府京都市下京区堀川通花屋町下る門前町","","本願寺","","34.99274320000000","135.75260974000000","102-temple"
"102","1823","本願寺阿弥陀堂","","国宝・重要文化財（建造物）","国宝","近世以前／寺院","","江戸後期","19130414","20140918","京都府","京都府京都市下京区堀川通花屋町下る門前町","","本願寺","","34.99214582000000","135.75166461000000","102-temple"
"102","1816","本願寺唐門","","国宝・重要文化財（建造物）","国宝","近世以前／寺院","","桃山","18981228","19530331","京都府","京都府京都市下京区堀川通花屋町下る本願寺門前町","","本願寺","","34.99037062000000","135.75109698000000","102-temple"
"102","1824","本願寺御影堂","","国宝・重要文化財（建造物）","国宝","近世以前／寺院","","江戸前期","19130414","20140918","京都府","京都府京都市下京区堀川通花屋町下る門前町","","本願寺","","34.99141568000000","135.75173499000000","102-temple"
"102","2063","本願寺本堂","","国宝・重要文化財（建造物）","重要文化財","近世以前／寺院","","鎌倉後期","19040218","","京都府","京都府京丹後市久美浜町","","本願寺","","35.60181423000000","134.90221963000000","102-temple"
"102","1930","本圀寺経蔵（輪蔵）","","国宝・重要文化財（建造物）","重要文化財","近世以前／寺院","","桃山","19250424","","京都府","京都府京都市山科区御陵大岩町","","本圀寺","","34.99937729000000","135.80670518000000","102-temple"
"102","00004710","本隆寺","本堂","国宝・重要文化財（建造物）","重要文化財","近世以前／寺院","","江戸前期","20140127","","京都府","京都府京都市上京区智恵光院五辻上る紋屋町","","本隆寺","","35.03174468000000","135.74645839000000","102-temple"
"102","00004711","本隆寺","祖師堂","国宝・重要文化財（建造物）","重要文化財","近世以前／寺院","","江戸中期","20140127","","京都府","京都府京都市上京区智恵光院五辻上る紋屋町","","本隆寺","","35.03181131000000","135.74620617000000","102-temple"
"102","1686","曼殊院","庫裏","国宝・重要文化財（建造物）","重要文化財","近世以前／寺院","","江戸前期","19760520","","京都府","京都府京都市左京区一乗寺竹ノ内町","","曼殊院","","35.04907682000000","135.80291543000000","102-temple"
"102","1684","曼殊院","本堂","国宝・重要文化財（建造物）","重要文化財","近世以前／住宅","","江戸前期","19370729","","京都府","京都府京都市左京区一乗寺竹ノ内町","","曼殊院","","35.04871802000000","135.80313418000000","102-temple"
"102","1685","曼殊院","書院","国宝・重要文化財（建造物）","重要文化財","近世以前／住宅","","江戸前期","19370729","","京都府","京都府京都市左京区一乗寺竹ノ内町","","曼殊院","","35.04875048000000","135.80330589000000","102-temple"
"102","1954","萬福寺","天王殿","国宝・重要文化財（建造物）","国宝","近世以前／寺院","","江戸中期","19130414","20241209","京都府","京都府宇治市五ヶ庄三番割","","宗教法人萬福寺","","34.91380604000000","135.80690868000000","102-temple"
"102","1952","萬福寺","大雄宝殿","国宝・重要文化財（建造物）","国宝","近世以前／寺院","","江戸中期","19130414","20241209","京都府","京都府宇治市五ヶ庄三番割","","宗教法人萬福寺","","34.91383140000000","135.80761864000000","102-temple"
"102","1953","萬福寺","法堂","国宝・重要文化財（建造物）","国宝","近世以前／寺院","","江戸中期","19130414","20241209","京都府","京都府宇治市五ヶ庄三番割","","宗教法人萬福寺","","34.91387487000000","135.80808592000000","102-temple"
"102","1966","萬福寺","大庫裏","国宝・重要文化財（建造物）","重要文化財","近世以前／寺院","","江戸後期","19890519","","京都府","京都府宇治市五ヶ庄三番割","","萬宗教法人福寺","","34.91320475000000","135.80747375000000","102-temple"
"102","1955","萬福寺","斎堂","国宝・重要文化財（建造物）","重要文化財","近世以前／寺院","","江戸中期","19130414","","京都府","京都府宇治市五ヶ庄三番割","","宗教法人萬福寺","","34.91340397000000","135.80745926000000","102-temple"
"102","1959","萬福寺","鐘楼","国宝・重要文化財（建造物）","重要文化財","近世以前／寺院","","江戸中期","19130414","","京都府","京都府宇治市五ヶ庄三番割","","宗教法人萬福寺","","34.91343657000000","135.80705719000000","102-temple"
"102","1957","萬福寺","伽藍堂","国宝・重要文化財（建造物）","重要文化財","近世以前／寺院","","江戸中期","19130414","","京都府","京都府宇治市五ヶ庄三番割","","宗教法人萬福寺","","34.91344382000000","135.80724917000000","102-temple"
"102","1963","萬福寺","東方丈","国宝・重要文化財（建造物）","重要文化財","近世以前／寺院","","江戸中期","19130414","","京都府","京都府宇治市五ヶ庄三番割","","宗教法人萬福寺","","34.91362493000000","135.80809316000000","102-temple"
"102","1961","萬福寺","三門","国宝・重要文化財（建造物）","重要文化財","近世以前／寺院","","江戸中期","19130414","","京都府","京都府宇治市五ヶ庄三番割","","宗教法人萬福寺","","34.91375171000000","135.80595602000000","102-temple"
"102","1967","萬福寺","威徳殿","国宝・重要文化財（建造物）","重要文化財","近世以前／寺院","","江戸中期","19890519","","京都府","京都府宇治市五ヶ庄三番割","","宗教法人萬福寺","","34.91390022000000","135.80858217000000","102-temple"
"102","1962","萬福寺","総門","国宝・重要文化財（建造物）","重要文化財","近世以前／寺院","","江戸中期","19130414","","京都府","京都府宇治市五ヶ庄三番割","","宗教法人萬福寺","","34.91397629000000","135.80519897000000","102-temple"
"102","1964","萬福寺","西方丈","国宝・重要文化財（建造物）","重要文化財","近世以前／寺院","","江戸中期","19130414","","京都府","京都府宇治市五ヶ庄三番割","","宗教法人萬福寺","","34.91412480000000","135.80806056000000","102-temple"
"102","1965","萬福寺","祠堂","国宝・重要文化財（建造物）","重要文化財","近世以前／寺院","","江戸中期","19890519","","京都府","京都府宇治市五ヶ庄三番割","","宗教法人萬福寺","","34.91414654000000","135.80782149000000","102-temple"
"102","1960","萬福寺","鼓楼","国宝・重要文化財（建造物）","重要文化財","近世以前／寺院","","江戸中期","19130414","","京都府","京都府宇治市五ヶ庄三番割","","宗教法人萬福寺","","34.91420449000000","135.80699561000000","102-temple"
"102","1958","萬福寺","祖師堂","国宝・重要文化財（建造物）","重要文化財","近世以前／寺院","","江戸中期","19130414","","京都府","京都府宇治市五ヶ庄三番割","","宗教法人萬福寺","","34.91420449000000","135.80716586000000","102-temple"
"102","1956","萬福寺","禅堂","国宝・重要文化財（建造物）","重要文化財","近世以前／寺院","","江戸中期","19130414","","京都府","京都府宇治市五ヶ庄三番割","","宗教法人萬福寺","","34.91426969000000","135.80740131000000","102-temple"
"102","1969","萬福寺松隠堂","通玄門","国宝・重要文化財（建造物）","重要文化財","近世以前／寺院","","江戸中期","19650529","","京都府","京都府宇治市五ヶ庄三番割","","宗教法人萬福寺","","34.91410669000000","135.80630014000000","102-temple"
"102","1972","萬福寺松隠堂","客殿","国宝・重要文化財（建造物）","重要文化財","近世以前／寺院","","江戸中期","19890519","","京都府","京都府宇治市五ヶ庄三番割","","萬福寺","","34.91426245000000","135.80584011000000","102-temple"
"102","1973","萬福寺松隠堂","庫裏","国宝・重要文化財（建造物）","重要文化財","近世以前／寺院","","江戸中期","19890519","","京都府","京都府宇治市五ヶ庄三番割","","宗教法人萬福寺","","34.91433490000000","135.80603571000000","102-temple"
"102","1968","萬福寺松隠堂","開山堂","国宝・重要文化財（建造物）","重要文化財","近世以前／寺院","","江戸中期","19650529","","京都府","京都府宇治市五ヶ庄三番割","","宗教法人萬福寺","","34.91450514000000","135.80626754000000","102-temple"
"102","1974","萬福寺松隠堂","侍真寮","国宝・重要文化財（建造物）","重要文化財","近世以前／寺院","","江戸中期","19890519","","京都府","京都府宇治市五ヶ庄三番割","","宗教法人萬福寺","","34.91455223000000","135.80598500000000","102-temple"
"102","1970","萬福寺松隠堂","寿蔵","国宝・重要文化財（建造物）","重要文化財","近世以前／寺院","","江戸中期","19650529","","京都府","京都府宇治市五ヶ庄三番割","","宗教法人萬福寺","","34.91471161000000","135.80659716000000","102-temple"
"102","1971","萬福寺松隠堂","舎利殿","国宝・重要文化財（建造物）","重要文化財","近世以前／寺院","","江戸中期","19650529","","京都府","京都府宇治市五ヶ庄三番割","","宗教法人萬福寺","","34.91488548000000","135.80624943000000","102-temple"
"102","1880","妙心寺","南門","国宝・重要文化財（建造物）","重要文化財","近世以前／寺院","","桃山","19670615","","京都府","京都府京都市右京区花園妙心寺町","","妙心寺","","35.02106754000000","135.72024695000000","102-temple"
"102","1879","妙心寺","勅使門","国宝・重要文化財（建造物）","重要文化財","近世以前／寺院","","桃山","19120208","","京都府","京都府京都市右京区花園妙心寺町","","妙心寺","","35.02111378000000","135.72000186000000","102-temple"
"102","1876","妙心寺","山門","国宝・重要文化財（建造物）","重要文化財","近世以前／寺院","","桃山","19120208","","京都府","京都府京都市右京区花園妙心寺町","","妙心寺","","35.02180743000000","135.71999723000000","102-temple"
"102","1877","妙心寺","浴室","国宝・重要文化財（建造物）","重要文化財","近世以前／寺院","","江戸前期","19120208","","京都府","京都府京都市右京区花園妙心寺町","","妙心寺","","35.02190268000000","135.72038854000000","102-temple"
"102","1878","妙心寺","経蔵","国宝・重要文化財（建造物）","重要文化財","近世以前／寺院","","江戸中期","19120208","","京都府","京都府京都市右京区花園妙心寺町","","妙心寺","","35.02223290000000","135.72036056000000","102-temple"
"102","1874","妙心寺","仏殿","国宝・重要文化財（建造物）","重要文化財","近世以前／寺院","","江戸後期","19120208","","京都府","京都府京都市右京区花園妙心寺町","","妙心寺","","35.02224814000000","135.71996024000000","102-temple"
"102","1875","妙心寺","法堂","国宝・重要文化財（建造物）","重要文化財","近世以前／寺院","","江戸前期","19120208","","京都府","京都府京都市右京区花園妙心寺町","","妙心寺","","35.02258893000000","135.71994174000000","102-temple"
"102","1882","妙心寺","玄関","国宝・重要文化財（建造物）","重要文化財","近世以前／寺院","","江戸前期","19120208","","京都府","京都府京都市右京区花園妙心寺町","","妙心寺","","35.02293169000000","135.71997848000000","102-temple"
"102","1883","妙心寺","寝堂","国宝・重要文化財（建造物）","重要文化財","近世以前／寺院","","江戸前期","19120208","","京都府","京都府京都市右京区花園妙心寺町","","妙心寺","","35.02310526000000","135.71996562000000","102-temple"
"102","1881","妙心寺","大方丈","国宝・重要文化財（建造物）","重要文化財","近世以前／寺院","","江戸前期","19120208","","京都府","京都府京都市右京区花園妙心寺町","","妙心寺","","35.02322844000000","135.72042457000000","102-temple"
"102","1884","妙心寺","小方丈","国宝・重要文化財（建造物）","重要文化財","近世以前／寺院","","桃山","19120208","","京都府","京都府京都市右京区花園妙心寺町","","妙心寺","","35.02323433000000","135.72074365000000","102-temple"
"102","1885","妙心寺","庫裏","国宝・重要文化財（建造物）","重要文化財","近世以前／寺院","","江戸前期","19120208","","京都府","京都府京都市右京区花園妙心寺町","","妙心寺","","35.02349067000000","135.71986313000000","102-temple"
"102","1886","妙心寺","北門","国宝・重要文化財（建造物）","重要文化財","近世以前／寺院","","桃山","19670615","","京都府","京都府京都市右京区花園妙心寺町","","妙心寺","","35.02574058000000","135.72021034000000","102-temple"
"102","1751","妙法院庫裏","","国宝・重要文化財（建造物）","国宝","近世以前／寺院","","桃山","19140417","19570618","京都府","京都府京都市東山区東大路通渋谷下る妙法院前側町","","妙法院","","34.99039825000000","135.77514376000000","102-temple"
"102","00004847","養源院","護摩堂","国宝・重要文化財（建造物）","重要文化財","近世以前／寺院","","江戸前期","20160209","","京都府","京都府京都市東山区大和大路通七条下る三十三間堂廻り六五六番地","","宗教法人養源院","","34.98765500000000","135.77381900000000","102-temple"
"102","00004848","養源院","鐘楼堂","国宝・重要文化財（建造物）","重要文化財","近世以前／寺院","","江戸前期","20160209","","京都府","京都府京都市東山区大和大路通七条下る三十三間堂廻り六五六番地","","宗教法人養源院","","34.98769400000000","135.77334400000000","102-temple"
"102","00004846","養源院","客殿","国宝・重要文化財（建造物）","重要文化財","近世以前／寺院","","江戸前期","20160209","","京都府","京都府京都市東山区大和大路通七条下る三十三間堂廻り六五六番地","","宗教法人養源院","","34.98784100000000","135.77362500000000","102-temple"
"102","00004849","養源院","中門","国宝・重要文化財（建造物）","重要文化財","近世以前／寺院","","江戸前期","20160209","","京都府","京都府京都市東山区大和大路通七条下る三十三間堂廻り六五六番地","","宗教法人養源院","","34.98808100000000","135.77330300000000","102-temple"
"102","1934","善峰寺多宝塔","","国宝・重要文化財（建造物）","重要文化財","近世以前／寺院","","江戸前期","19770627","","京都府","京都府京都市西京区大原野小塩町","","善峰寺","","34.93832892000000","135.64503935000000","102-temple"
"102","1605","龍源院表門","","国宝・重要文化財（建造物）","重要文化財","近世以前／寺院","","室町後期","19610607","","京都府","京都府京都市北区紫野大徳寺町","","龍源院","","35.04384052000000","135.74330870000000","102-temple"
"102","1604","龍源院本堂","","国宝・重要文化財（建造物）","重要文化財","近世以前／寺院","","室町後期","19610607","","京都府","京都府京都市北区紫野大徳寺町","","龍源院","","35.04384052000000","135.74330870000000","102-temple"
"102","1896","竜安寺本堂","","国宝・重要文化財（建造物）","重要文化財","近世以前／寺院","","桃山","19670615","","京都府","京都府京都市右京区竜安寺御陵ノ下町","","龍安寺","","35.03454420000000","135.71821363000000","102-temple"
"102","1801","竜吟庵表門","","国宝・重要文化財（建造物）","重要文化財","近世以前／寺院","","桃山","19530331","","京都府","京都府京都市東山区本町十五丁目","","竜吟庵","","34.97681295000000","135.77409086000000","102-temple"
"102","1800","竜吟庵庫裏","","国宝・重要文化財（建造物）","重要文化財","近世以前／寺院","","桃山","19530331","","京都府","京都府京都市東山区本町十五丁目","","竜吟庵","","34.97671992000000","135.77441102000000","102-temple"
"102","1799","竜吟庵方丈","","国宝・重要文化財（建造物）","国宝","近世以前／寺院","","室町前期","19530331","19630701","京都府","京都府京都市東山区本町十五丁目","","竜吟庵","","34.97703915000000","135.77409478000000","102-temple"
"102","1593","龍光院","兜門","国宝・重要文化財（建造物）","重要文化財","近世以前／寺院","","江戸前期","19080801","","京都府","京都府京都市北区紫野大徳寺町","","龍光院","","35.04158021000000","135.74324287000000","102-temple"
"102","00004870","龍光院","禹門","国宝・重要文化財（建造物）","重要文化財","近世以前／寺院","","江戸前期","20160209","","京都府","京都府京都市北区紫野大徳寺町","","龍光院","","35.04184000000000","135.74331400000000","102-temple"
"102","1590","龍光院","昭堂","国宝・重要文化財（建造物）","重要文化財","近世以前／寺院","","江戸前期","19080801","","京都府","京都府京都市北区紫野大徳寺町","","龍光院","","35.04192832000000","135.74320158000000","102-temple"
"102","1591","龍光院","盤桓廊","国宝・重要文化財（建造物）","重要文化財","近世以前／寺院","","江戸前期","19080801","","京都府","京都府京都市北区紫野大徳寺町","","龍光院","","35.04192832000000","135.74320158000000","102-temple"
"102","00004869","龍光院","寮及び小庫裏","国宝・重要文化財（建造物）","重要文化財","近世以前／寺院","","江戸前期","20160209","","京都府","京都府京都市北区紫野大徳寺町","","龍光院","","35.04196400000000","135.74362000000000","102-temple"
"102","1814","良正院","表門","国宝・重要文化財（建造物）","重要文化財","近世以前／寺院","","江戸前期","19860524","","京都府","京都府京都市東山区新橋通大和大路東入三丁目林下町","","良正院","","35.00655825000000","135.78203680000000","102-temple"
"102","1813","良正院","本堂","国宝・重要文化財（建造物）","重要文化財","近世以前／寺院","","江戸前期","19860524","","京都府","京都府京都市東山区新橋通大和大路東入三丁目林下町","","良正院","","35.00683438000000","135.78185909000000","102-temple"
"102","1752","蓮華王院築地塀（太閣塀）","","国宝・重要文化財（建造物）","重要文化財","近世以前／寺院","","桃山","19370729","","京都府","京都府京都市東山区東大路通渋谷下る妙法院前側町","","妙法院","","34.98825597000000","135.77230905000000","102-temple"
"102","1748","蓮華王院南大門","","国宝・重要文化財（建造物）","重要文化財","近世以前／寺院","","桃山","19000407","","京都府","京都府京都市東山区東大路通渋谷下る妙法院前側町","","妙法院","","34.98698135000000","135.77232679000000","102-temple"
"102","1747","蓮華王院本堂（三十三間堂）","","国宝・重要文化財（建造物）","国宝","近世以前／寺院","","鎌倉前期","18971228","19520329","京都府","京都府京都市東山区東大路通渋谷下る妙法院前側町","","妙法院","","34.98786042000000","135.77174452000000","102-temple"
"102","1745","六波羅蜜寺本堂","","国宝・重要文化財（建造物）","重要文化財","近世以前／寺院","","室町前期","18971228","","京都府","京都府京都市東山区松原通大和大路東入二丁目轆轤町","","六波羅蜜寺","","34.99716475000000","135.77344681000000","102-temple"
"102","2942","三仏寺地蔵堂","","国宝・重要文化財（建造物）","重要文化財","近世以前／寺院","","室町後期","19040218","","鳥取県","鳥取県東伯郡三朝町大字三徳","","三仏寺","","35.39748293000000","133.95854474000000","102-temple"
"102","2943","三仏寺文殊堂","","国宝・重要文化財（建造物）","重要文化財","近世以前／寺院","","桃山","19040218","","鳥取県","鳥取県東伯郡三朝町大字三徳","","三仏寺","","35.39788653000000","133.95884970000000","102-temple"
"102","2944","大山寺阿弥陀堂","","国宝・重要文化財（建造物）","重要文化財","近世以前／寺院","","室町後期","19040218","","鳥取県","鳥取県西伯郡大山町大字大山","","大山寺","","35.39113806000000","133.53442743000000","102-temple"
"102","2937","長谷寺本堂内厨子","","国宝・重要文化財（建造物）","重要文化財","近世以前／寺院","","室町後期","19881219","","鳥取県","鳥取県倉吉市仲ノ町","","長谷寺","","35.42671901000000","133.81838512000000","102-temple"
"102","2939","不動院岩屋堂","","国宝・重要文化財（建造物）","重要文化財","近世以前／寺院","","室町前期","19531114","","鳥取県","鳥取県八頭郡若桜町大字岩屋堂","","不動院","","35.30044193000000","134.43033484000000","102-temple"
"102","2964","雲樹寺四脚門(大門)","","国宝・重要文化財（建造物）","重要文化財","近世以前／寺院","","室町前期","19040218","","島根県","島根県安来市宇賀荘町","","雲樹寺","","35.39332382000000","133.26554821000000","102-temple"
"102","2963","清水寺本堂","","国宝・重要文化財（建造物）","重要文化財","近世以前／寺院","","室町中期","19040218","","島根県","島根県安来市清水町","","清水寺","","35.40221445000000","133.28190675000000","102-temple"
"102","2955","万福寺本堂","","国宝・重要文化財（建造物）","重要文化財","近世以前／寺院","","室町前期","19040218","","島根県","島根県益田市東町","","万福寺","","34.67868378000000","131.85988916000000","102-temple"
"102","3033","大滝山三重塔","","国宝・重要文化財（建造物）","重要文化財","近世以前／寺院","","室町中期","19260419","","岡山県","岡山県備前市大内","","大滝山福寿院
大滝山実相院
大滝山西法院","","34.74907075000000","134.13843768000000","102-temple"
"102","3060","真光寺三重塔","","国宝・重要文化財（建造物）","重要文化財","近世以前／寺院","","室町中期","19531114","","岡山県","岡山県備前市西片上","","真光寺花蔵院
真光寺自性院","","34.74450247000000","134.18009320000000","102-temple"
"102","3059","真光寺本堂","","国宝・重要文化財（建造物）","重要文化財","近世以前／寺院","","室町後期","19531114","","岡山県","岡山県備前市西片上","","真光寺花蔵院
真光寺自性院","","34.74481535000000","134.18031337000000","102-temple"
"102","3100","誕生寺","山門","国宝・重要文化財（建造物）","重要文化財","近世以前／寺院","","江戸中期","19801218","","岡山県","岡山県久米郡久米南町里方","","誕生寺","","34.95524768000000","133.95362293000000","102-temple"
"102","3099","誕生寺","御影堂","国宝・重要文化財（建造物）","重要文化財","近世以前／寺院","","江戸中期","19801218","","岡山県","岡山県久米郡久米南町里方","","誕生寺","","34.95526111000000","133.95304147000000","102-temple"
"102","3098","長福寺三重塔","","国宝・重要文化財（建造物）","重要文化財","近世以前／寺院","","鎌倉後期","19210430","","岡山県","岡山県美作市真神","","長福寺","","34.92593865000000","134.15008611000000","102-temple"
"102","3029","備中国分寺五重塔","","国宝・重要文化財（建造物）","重要文化財","近世以前／寺院","","江戸後期","19801218","","岡山県","岡山県総社市上林","","備中国分寺","","34.66605518000000","133.78139298000000","102-temple"
"102","3006","遍照院三重塔","","国宝・重要文化財（建造物）","重要文化財","近世以前／寺院","","室町中期","19250424","","岡山県","岡山県倉敷市西阿知町","","遍照院","","34.59216613000000","133.73537061000000","102-temple"
"102","3027","遍照寺多宝塔","","国宝・重要文化財（建造物）","重要文化財","近世以前／寺院","","桃山","19750623","","岡山県","岡山県笠岡市笠岡中央町16番地の2","","遍照寺","笠岡市","34.52670279000000","133.51598905000000","102-temple"
"102","3028","宝福寺三重塔","","国宝・重要文化財（建造物）","重要文化財","近世以前／寺院","","室町前期","19270425","","岡山県","岡山県総社市井尻野","","宝福寺","","34.69081708000000","133.73355385000000","102-temple"
"102","00004702","本源寺","中門","国宝・重要文化財（建造物）","重要文化財","近世以前／寺院","","江戸前期","20130807","","岡山県","岡山県津山市小田中","","本源寺","","35.06190316000000","133.99367760000000","102-temple"
"102","00004701","本源寺","霊屋表門","国宝・重要文化財（建造物）","重要文化財","近世以前／寺院","","江戸前期","20130807","","岡山県","岡山県津山市小田中","","本源寺","","35.06222201000000","133.99340872000000","102-temple"
"102","00004699","本源寺","庫裏","国宝・重要文化財（建造物）","重要文化財","近世以前／寺院","","江戸中期","20130807","","岡山県","岡山県津山市小田中","","本源寺","","35.06222915000000","133.99404404000000","102-temple"
"102","00004698","本源寺","本堂","国宝・重要文化財（建造物）","重要文化財","近世以前／寺院","","江戸前期","20130807","","岡山県","岡山県津山市小田中","","本源寺","","35.06226722000000","133.99372043000000","102-temple"
"102","00004700","本源寺","霊屋","国宝・重要文化財（建造物）","重要文化財","近世以前／寺院","","江戸前期","20130807","","岡山県","岡山県津山市小田中","","本源寺","","35.06245757000000","133.99351580000000","102-temple"
"102","3103","本山寺三重塔","","国宝・重要文化財（建造物）","重要文化財","近世以前／寺院","","江戸前期","19801228","","岡山県","岡山県久米郡美咲町定宗","","本山寺","","34.94350378000000","134.01044509000000","102-temple"
"102","3101","本山寺本堂","","国宝・重要文化財（建造物）","重要文化財","近世以前／寺院","","室町前期","19230328","","岡山県","岡山県久米郡美咲町定宗","","本山寺","","34.94436974000000","134.01014863000000","102-temple"
"102","3065","本蓮寺中門","","国宝・重要文化財（建造物）","重要文化財","近世以前／寺院","","室町後期","19700617","","岡山県","岡山県瀬戸内市牛窓町牛窓","","本蓮寺","","34.61640337000000","134.16432895000000","102-temple"
"102","3061","本蓮寺本堂","","国宝・重要文化財（建造物）","重要文化財","近世以前／寺院","","室町後期","19420626","","岡山県","岡山県瀬戸内市牛窓町牛窓","","本蓮寺","","34.61640535000000","134.16455687000000","102-temple"
"102","3066","餘慶寺本堂","","国宝・重要文化財（建造物）","重要文化財","近世以前／寺院","","室町後期","19790521","","岡山県","岡山県瀬戸内市邑久町北島","","餘慶寺","","34.65444215000000","134.06140773000000","102-temple"
"102","3144","安国寺釈迦堂","","国宝・重要文化財（建造物）","重要文化財","近世以前／寺院","","室町中期","19270425","","広島県","広島県福山市鞆町大字後地","","安国寺","","34.38810635000000","133.38001023000000","102-temple"
"102","3178","厳島神社五重塔","","国宝・重要文化財（建造物）","重要文化財","近世以前／寺院","","室町中期","19000407","","広島県","広島県廿日市市宮島町","","厳島神社","","34.29722597000000","132.32068733000000","102-temple"
"102","3179","厳島神社多宝塔","","国宝・重要文化財（建造物）","重要文化財","近世以前／寺院","","室町後期","19010802","","広島県","広島県廿日市市宮島町","","厳島神社","","34.29469679000000","132.31832630000000","102-temple"
"102","3183","厳島神社宝蔵","","国宝・重要文化財（建造物）","重要文化財","近世以前／寺院","","室町中期","19490218","","広島県","広島県廿日市市宮島町","","厳島神社","","34.29534655000000","132.32072006000000","102-temple"
"102","3181","厳島神社末社豊国神社本殿(千畳閣)","","国宝・重要文化財（建造物）","重要文化財","近世以前／寺院","","桃山","19100829","","広島県","広島県廿日市市宮島町","","厳島神社","","34.29733461000000","132.32026426000000","102-temple"
"102","3161","円通寺本堂","","国宝・重要文化財（建造物）","重要文化財","近世以前／寺院","","室町後期","19620621","","広島県","広島県庄原市本郷町","","円通寺","","34.85251152000000","132.95424994000000","102-temple"
"102","3188","向上寺三重塔","","国宝・重要文化財（建造物）","国宝","近世以前／寺院","","室町中期","19130414","19580208","広島県","広島県尾道市瀬戸田町瀬戸田","","向上寺","","34.30688394000000","133.08670785000000","102-temple"
"102","3108","國前寺","庫裏","国宝・重要文化財（建造物）","重要文化財","近世以前／寺院","","江戸中期","19931209","","広島県","広島県広島市東区山根町","","國前寺","","34.40305477000000","132.48150798000000","102-temple"
"102","3107","國前寺","本堂","国宝・重要文化財（建造物）","重要文化財","近世以前／寺院","","江戸中期","19931209","","広島県","広島県広島市東区山根町","","國前寺","","34.40313266000000","132.48125088000000","102-temple"
"102","3141","西郷寺山門","","国宝・重要文化財（建造物）","重要文化財","近世以前／寺院","","室町中期","19610607","","広島県","広島県尾道市東久保町","","西郷寺","","34.41397446000000","133.20778200000000","102-temple"
"102","3140","西郷寺本堂","","国宝・重要文化財（建造物）","重要文化財","近世以前／寺院","","室町中期","19610607","","広島県","広島県尾道市東久保町","","西郷寺","","34.41409263000000","133.20810083000000","102-temple"
"102","3137","西国寺金堂","","国宝・重要文化財（建造物）","重要文化財","近世以前／寺院","","室町前期","19130414","","広島県","広島県尾道市西久保町","","西国寺","","34.41547683000000","133.20295024000000","102-temple"
"102","3138","西国寺三重塔","","国宝・重要文化財（建造物）","重要文化財","近世以前／寺院","","室町中期","19130414","","広島県","広島県尾道市西久保町","","西国寺","","34.41643277000000","133.20304342000000","102-temple"
"102","00004237","常称寺","大門","国宝・重要文化財（建造物）","重要文化財","近世以前／寺院","","室町前期","20071204","","広島県","広島県尾道市西大久保","","常称寺","","34.41179728000000","133.20442645000000","102-temple"
"102","00004235","常称寺","観音堂","国宝・重要文化財（建造物）","重要文化財","近世以前／寺院","","室町後期","20071204","","広島県","広島県尾道市西大久保","","常称寺","","34.41220080000000","133.20399840000000","102-temple"
"102","00004236","常称寺","鐘撞堂","国宝・重要文化財（建造物）","重要文化財","近世以前／寺院","","江戸前期","20071204","","広島県","広島県尾道市西大久保","","常称寺","","34.41230440000000","133.20414563000000","102-temple"
"102","00004234","常称寺","本堂","国宝・重要文化財（建造物）","重要文化財","近世以前／寺院","","室町中期","20071204","","広島県","広島県尾道市西大久保","","常称寺","","34.41243255000000","133.20385117000000","102-temple"
"102","3134","浄土寺","裏門","国宝・重要文化財（建造物）","重要文化財","近世以前／寺院","","江戸後期","19940712","","広島県","広島県尾道市東久保町","","浄土寺","","34.41174995000000","133.20995462000000","102-temple"
"102","3132","浄土寺","庫裏及び客殿","国宝・重要文化財（建造物）","重要文化財","近世以前／寺院","","江戸中期","19940712","","広島県","広島県尾道市東久保町","","浄土寺","","34.41194212000000","133.21013251000000","102-temple"
"102","3131","浄土寺","唐門","国宝・重要文化財（建造物）","重要文化財","近世以前／寺院","","江戸中期","19940712","","広島県","広島県尾道市東久保町","","","","34.41198503000000","133.21033523000000","102-temple"
"102","3133","浄土寺","宝庫","国宝・重要文化財（建造物）","重要文化財","近世以前／寺院","","江戸後期","19940712","","広島県","広島県尾道市東久保町","","浄土寺","","34.41203774000000","133.20999190000000","102-temple"
"102","3130","浄土寺","方丈","国宝・重要文化財（建造物）","重要文化財","近世以前／寺院","","江戸中期","19940712","","広島県","広島県尾道市東久保町","","浄土寺","","34.41216440000000","133.21032591000000","102-temple"
"102","3135","浄土寺","露滴庵","国宝・重要文化財（建造物）","重要文化財","近世以前／住宅","","江戸中期","19531114","","広島県","広島県尾道市東久保町","","浄土寺","","34.41220618000000","133.20997716000000","102-temple"
"102","3126","浄土寺阿弥陀堂","","国宝・重要文化財（建造物）","重要文化財","近世以前／寺院","","室町前期","19130414","","広島県","広島県尾道市東久保町","","浄土寺","","34.41193966000000","133.21080812000000","102-temple"
"102","3129","浄土寺山門","","国宝・重要文化財（建造物）","重要文化財","近世以前／寺院","","室町前期","19531114","","広島県","広島県尾道市東久保町","","浄土寺","","34.41167054000000","133.21054722000000","102-temple"
"102","3124","浄土寺多宝塔","","国宝・重要文化財（建造物）","国宝","近世以前／寺院","","鎌倉後期","19010327","19530331","広島県","広島県尾道市東久保町","","浄土寺","","34.41181075000000","133.21097542000000","102-temple"
"102","3125","浄土寺本堂","","国宝・重要文化財（建造物）","国宝","近世以前／寺院","","鎌倉後期","19130414","19530331","広島県","広島県尾道市東久保町","","浄土寺","","34.41197147000000","133.21051561000000","102-temple"
"102","3122","宗光寺山門","","国宝・重要文化財（建造物）","重要文化財","近世以前／寺院","","桃山","19531114","","広島県","広島県三原市本町","","宗光寺","","34.40374705000000","133.07821085000000","102-temple"
"102","3187","竹林寺本堂","","国宝・重要文化財（建造物）","重要文化財","近世以前／寺院","","室町後期","19820611","","広島県","広島県東広島市河内町入野","","竹林寺","","34.45931491000000","132.87422151000000","102-temple"
"102","3139","天寧寺塔婆","","国宝・重要文化財（建造物）","重要文化財","近世以前／寺院","","室町前期","19490218","","広島県","広島県尾道市土堂町","","天寧寺","","34.41005390000000","133.19982771000000","102-temple"
"102","3192","磐台寺観音堂","","国宝・重要文化財（建造物）","重要文化財","近世以前／寺院","","室町後期","19560628","","広島県","広島県福山市沼隈町大字能登原","","磐台寺","","34.38251007000000","133.35434594000000","102-temple"
"102","3694","福成寺本堂内厨子及び須弥壇","","国宝・重要文化財（建造物）","重要文化財","近世以前／寺院","","室町中期","20001204","","広島県","広島県東広島市西条町下三永字西谷","","福成寺","","34.37809368000000","132.77500491000000","102-temple"
"102","3121","仏通寺含暉院地蔵堂","","国宝・重要文化財（建造物）","重要文化財","近世以前／寺院","","室町中期","19490218","","広島県","広島県三原市高坂町","","仏通寺","","34.45444121000000","133.02694698000000","102-temple"
"102","3104","不動院金堂","","国宝・重要文化財（建造物）","国宝","近世以前／寺院","","室町後期","19000407","19580208","広島県","広島県広島市東区牛田新町三丁目","","不動院","","34.42695656000000","132.47112079000000","102-temple"
"102","3105","不動院鐘楼","","国宝・重要文化財（建造物）","重要文化財","近世以前／寺院","","室町中期","19520719","","広島県","広島県広島市東区牛田新町三丁目","","不動院","","34.42674518000000","132.47104729000000","102-temple"
"102","3106","不動院楼門","","国宝・重要文化財（建造物）","重要文化財","近世以前／寺院","","桃山","19580514","","広島県","広島県広島市東区牛田新町三丁目","","不動院","","34.42699344000000","132.47076436000000","102-temple"
"102","3143","明王院五重塔","","国宝・重要文化財（建造物）","国宝","近世以前／寺院","","室町前期","19130414","19530331","広島県","広島県福山市草戸町","","明王院","","34.47827599000000","133.34588256000000","102-temple"
"102","3142","明王院本堂","","国宝・重要文化財（建造物）","国宝","近世以前／寺院","","鎌倉後期","19000407","19640526","広島県","広島県福山市草戸町","","明王院","","34.47848070000000","133.34590926000000","102-temple"
"102","3234","閼伽井坊多宝塔","","国宝・重要文化財（建造物）","重要文化財","近世以前／寺院","","室町後期","19070527","","山口県","山口県下松市大字末武上","","閼伽井坊","","34.03867548000000","131.87214584000000","102-temple"
"102","3239","月輪寺薬師堂","","国宝・重要文化財（建造物）","重要文化財","近世以前／寺院","","平安後期","19490218","","山口県","山口県山口市徳地字上村","","月輪寺","","34.14345085000000","131.72077410000000","102-temple"
"102","3198","功山寺仏殿","","国宝・重要文化財（建造物）","国宝","近世以前／寺院","","鎌倉後期","19030415","19531114","山口県","山口県下関市長府川端町","","功山寺","","33.99561240000000","130.98190837000000","102-temple"
"102","3233","国分寺金堂","","国宝・重要文化財（建造物）","重要文化財","近世以前／寺院","","江戸後期","19890902","","山口県","山口県防府市国分寺町","","国分寺","","34.06205009000000","131.57938322000000","102-temple"
"102","3216","常念寺表門","","国宝・重要文化財（建造物）","重要文化財","近世以前／寺院","","桃山","19540917","","山口県","山口県萩市大字下五間町","","常念寺","","34.41422255000000","131.40220288000000","102-temple"
"102","3734","大照院","経蔵","国宝・重要文化財（建造物）","重要文化財","近世以前／寺院","","江戸後期","20020523","","山口県","山口県萩市大字椿","","大照院","","34.39485398000000","131.39133115000000","102-temple"
"102","3730","大照院","本堂","国宝・重要文化財（建造物）","重要文化財","近世以前／寺院","","江戸中期","20020523","","山口県","山口県萩市大字椿","","大照院","","34.39512550000000","131.39146939000000","102-temple"
"102","3733","大照院","鐘楼門","国宝・重要文化財（建造物）","重要文化財","近世以前／寺院","","江戸中期","20020523","","山口県","山口県萩市大字椿","","大照院","","34.39520576000000","131.39177838000000","102-temple"
"102","3732","大照院","書院","国宝・重要文化財（建造物）","重要文化財","近世以前／寺院","","江戸中期","20020523","","山口県","山口県萩市大字椿","","大照院","","34.39533393000000","131.39115117000000","102-temple"
"102","3731","大照院","庫裏","国宝・重要文化財（建造物）","重要文化財","近世以前／寺院","","江戸中期","20020523","","山口県","山口県萩市大字椿","","大照院","","34.39543483000000","131.39137751000000","102-temple"
"102","3218","東光寺","大雄宝殿","国宝・重要文化財（建造物）","重要文化財","近世以前／寺院","","江戸中期","19660611","","山口県","山口県萩市大字椿東","","東光寺","","34.41302958000000","131.42624826000000","102-temple"
"102","3219","東光寺","鐘楼","国宝・重要文化財（建造物）","重要文化財","近世以前／寺院","","江戸中期","19660611","","山口県","山口県萩市大字椿東","","東光寺","","34.41320711000000","131.42571015000000","102-temple"
"102","3220","東光寺","三門","国宝・重要文化財（建造物）","重要文化財","近世以前／寺院","","江戸後期","19660611","","山口県","山口県萩市大字椿東","","東光寺","","34.41345015000000","131.42457639000000","102-temple"
"102","3221","東光寺","総門","国宝・重要文化財（建造物）","重要文化財","近世以前／寺院","","江戸中期","19660611","","山口県","山口県萩市大字椿東","","東光寺","","34.41370421000000","131.42398380000000","102-temple"
"102","3210","洞春寺観音堂","","国宝・重要文化財（建造物）","重要文化財","近世以前／寺院","","室町中期","19170813","","山口県","山口県山口市水の上町","","洞春寺","","34.18764089000000","131.47128558000000","102-temple"
"102","3211","洞春寺山門","","国宝・重要文化財（建造物）","重要文化財","近世以前／寺院","","室町中期","19540917","","山口県","山口県山口市水の上町","","洞春寺","","34.18762276000000","131.47246399000000","102-temple"
"102","3213","龍福寺本堂","","国宝・重要文化財（建造物）","重要文化財","近世以前／寺院","","室町中期","19540917","","山口県","山口県山口市大殿大路","","竜福寺","","34.18443203000000","131.47981673000000","102-temple"
"102","3203","瑠璃光寺五重塔","","国宝・重要文化財（建造物）","国宝","近世以前／寺院","","室町中期","19030415","19521122","山口県","山口県山口市香山町","","瑠璃光寺","","34.19018013000000","131.47290828000000","102-temple"
"102","3268","切幡寺大塔","","国宝・重要文化財（建造物）","重要文化財","近世以前／寺院","","江戸前期","19750623","","徳島県","徳島県阿波市市場町切幡","","切幡寺","","34.10796394000000","134.30371741000000","102-temple"
"102","3245","丈六寺観音堂","","国宝・重要文化財（建造物）","重要文化財","近世以前／寺院","","江戸前期","19530331","","徳島県","徳島県徳島市丈六町","","丈六寺","","34.00459660000000","134.55076887000000","102-temple"
"102","3247","丈六寺経蔵（旧僧堂）","","国宝・重要文化財（建造物）","重要文化財","近世以前／寺院","","江戸前期","19981225","","徳島県","徳島県徳島市丈六町","","丈六寺","","34.00490124000000","134.55104655000000","102-temple"
"102","3246","丈六寺三門","","国宝・重要文化財（建造物）","重要文化財","近世以前／寺院","","室町後期","19530331","","徳島県","徳島県徳島市丈六町","","丈六寺","","34.00519484000000","134.55139410000000","102-temple"
"102","3244","丈六寺本堂（元方丈）","","国宝・重要文化財（建造物）","重要文化財","近世以前／寺院","","江戸前期","19530331","","徳島県","徳島県徳島市丈六町","","丈六寺","","34.00517167000000","134.55095448000000","102-temple"
"102","00003878","箸蔵寺","方丈","国宝・重要文化財（建造物）","重要文化財","近世以前／寺院","","江戸末期","20040706","","徳島県","徳島県三好市池田町州津蔵谷","","箸蔵寺","","34.04770682000000","133.84105853000000","102-temple"
"102","00003877","箸蔵寺","護摩殿","国宝・重要文化財（建造物）","重要文化財","近世以前／寺院","","江戸末期","20040706","","徳島県","徳島県三好市池田町州津蔵谷","","箸蔵寺","","34.04795774000000","133.84137547000000","102-temple"
"102","00003880","箸蔵寺","鐘楼堂","国宝・重要文化財（建造物）","重要文化財","近世以前／寺院","","江戸末期","20040706","","徳島県","徳島県三好市池田町州津蔵谷","","箸蔵寺","","34.04819880000000","133.84199627000000","102-temple"
"102","00003879","箸蔵寺","薬師堂","国宝・重要文化財（建造物）","重要文化財","近世以前／寺院","","江戸末期","20040706","","徳島県","徳島県三好市池田町州津蔵谷","","箸蔵寺","","34.04841693000000","133.84200600000000","102-temple"
"102","00003881","箸蔵寺","天神社本殿","国宝・重要文化財（建造物）","重要文化財","近世以前／寺院","","江戸末期","20040706","","徳島県","徳島県三好市池田町州津蔵谷","","箸蔵寺","","34.04861804000000","133.84155375000000","102-temple"
"102","00003876","箸蔵寺","本殿","国宝・重要文化財（建造物）","重要文化財","近世以前／寺院","","江戸末期","20040706","","徳島県","徳島県三好市池田町州津蔵谷","","箸蔵寺","","34.04904063000000","133.84177825000000","102-temple"
"102","3306","覚城院鐘楼","","国宝・重要文化財（建造物）","重要文化財","近世以前／寺院","","桃山","19470226","","香川県","香川県三豊市仁尾町仁尾","","不動護国寺","","34.20194651000000","133.64789254000000","102-temple"
"102","3290","観音寺金堂","","国宝・重要文化財（建造物）","重要文化財","近世以前／寺院","","江戸中期","19590627","","香川県","香川県観音寺市八幡町","","観音寺","","34.13449382000000","133.64757349000000","102-temple"
"102","3298","国分寺本堂","","国宝・重要文化財（建造物）","重要文化財","近世以前／寺院","","鎌倉後期","19040829","","香川県","香川県高松市国分寺町国分","","国分寺","","34.30309153000000","133.94416993000000","102-temple"
"102","3302","金刀比羅宮旭社","","国宝・重要文化財（建造物）","重要文化財","近世以前／寺院","","江戸末期","19820216","","香川県","香川県仲多度郡琴平町","","金刀比羅宮","","34.18309723000000","133.81024979000000","102-temple"
"102","3293","志度寺","仁王門","国宝・重要文化財（建造物）","重要文化財","近世以前／寺院","","江戸中期","19830602","","香川県","香川県さぬき市志度","","志度寺","","34.32380692000000","134.17892396000000","102-temple"
"102","3292","志度寺","本堂","国宝・重要文化財（建造物）","重要文化財","近世以前／寺院","","江戸中期","19830602","","香川県","香川県さぬき市志度","","志度寺","","34.32430128000000","134.17964530000000","102-temple"
"102","3307","常徳寺円通殿","","国宝・重要文化財（建造物）","重要文化財","近世以前／寺院","","室町中期","19550622","","香川県","香川県三豊市仁尾町仁尾","","常徳寺","","34.20295881000000","133.64613058000000","102-temple"
"102","00005014","白峯寺","本堂","国宝・重要文化財（建造物）","重要文化財","近世以前／寺院","","江戸中期","20170731","","香川県","香川県坂出市青海町","","白峯寺","","34.34339194000000","133.91057278000000","102-temple"
"102","00005015","白峯寺","大師堂","国宝・重要文化財（建造物）","重要文化財","近世以前／寺院","","江戸後期","20170731","","香川県","香川県坂出市青海町","","白峯寺","","34.34339194000000","133.91057278000000","102-temple"
"102","00005016","白峯寺","阿弥陀堂","国宝・重要文化財（建造物）","重要文化財","近世以前／寺院","","江戸中期","20170731","","香川県","香川県坂出市青海町","","白峯寺","","34.34339194000000","133.91057278000000","102-temple"
"102","00005017","白峯寺","行者堂","国宝・重要文化財（建造物）","重要文化財","近世以前／寺院","","江戸後期","20170731","","香川県","香川県坂出市青海町","","白峯寺","","34.34339194000000","133.91057278000000","102-temple"
"102","00005018","白峯寺","薬師堂","国宝・重要文化財（建造物）","重要文化財","近世以前／寺院","","江戸後期","20170731","","香川県","香川県坂出市青海町","","白峯寺","","34.34339194000000","133.91057278000000","102-temple"
"102","00005019","白峯寺","頓證寺殿","国宝・重要文化財（建造物）","重要文化財","近世以前／寺院","","江戸中期","20170731","","香川県","香川県坂出市青海町","","白峯寺","","34.34339194000000","133.91057278000000","102-temple"
"102","00005020","白峯寺","勅額門","国宝・重要文化財（建造物）","重要文化財","近世以前／寺院","","江戸中期","20170731","","香川県","香川県坂出市青海町","","白峯寺","","34.34339194000000","133.91057278000000","102-temple"
"102","00005021","白峯寺","客殿","国宝・重要文化財（建造物）","重要文化財","近世以前／寺院","","江戸中期","20170731","","香川県","香川県坂出市青海町","","白峯寺","","34.34339194000000","133.91057278000000","102-temple"
"102","00005022","白峯寺","御成門","国宝・重要文化財（建造物）","重要文化財","近世以前／寺院","","江戸中期","20170731","","香川県","香川県坂出市青海町","","白峯寺","","34.34339194000000","133.91057278000000","102-temple"
"102","00004618","善通寺","五重塔","国宝・重要文化財（建造物）","重要文化財","近世以前／寺院","","江戸末期","20121228","","香川県","香川県善通寺市善通寺町三丁目","","善通寺","","34.22592782000000","133.77676812000000","102-temple"
"102","00004617","善通寺","金堂","国宝・重要文化財（建造物）","重要文化財","近世以前／寺院","","江戸後期","20121228","","香川県","香川県善通寺市善通寺町三丁目","","善通寺","","34.22633709000000","133.77623988000000","102-temple"
"102","3297","明王寺釈迦堂","","国宝・重要文化財（建造物）","重要文化財","近世以前／寺院","","室町後期","19070527","","香川県","香川県小豆郡小豆島町池田","","明王寺","","34.48385457000000","134.24189511000000","102-temple"
"102","3304","本山寺二王門","","国宝・重要文化財（建造物）","重要文化財","近世以前／寺院","","室町中期","19040829","","香川県","香川県三豊市豊中町本山","","本山寺","","34.13914720000000","133.69362098000000","102-temple"
"102","3305","本山寺本堂","","国宝・重要文化財（建造物）","国宝","近世以前／寺院","","鎌倉後期","19240415","19550622","香川県","香川県三豊市豊中町本山","","本山寺","","34.13970285000000","133.69408450000000","102-temple"
"102","3277","屋島寺本堂","","国宝・重要文化財（建造物）","重要文化財","近世以前／寺院","","江戸前期","19550622","","香川県","香川県高松市屋島東町","","屋島寺","","34.35787883000000","134.10125515000000","102-temple"
"102","3393","医王寺本堂内厨子","","国宝・重要文化財（建造物）","重要文化財","近世以前／寺院","","室町後期","19660611","","愛媛県","愛媛県東温市北方","","医王寺","","33.80734640000000","132.90911408000000","102-temple"
"102","3316","石手寺護摩堂","","国宝・重要文化財（建造物）","重要文化財","近世以前／寺院","","室町前期","19530331","","愛媛県","愛媛県松山市石手二丁目","","石手寺","","33.84751205000000","132.79634802000000","102-temple"
"102","3311","石手寺三重塔","","国宝・重要文化財（建造物）","重要文化財","近世以前／寺院","","鎌倉後期","19070527","","愛媛県","愛媛県松山市石手二丁目","","石手寺","","33.84771270000000","132.79663844000000","102-temple"
"102","3313","石手寺鐘楼","","国宝・重要文化財（建造物）","重要文化財","近世以前／寺院","","室町前期","19070527","","愛媛県","愛媛県松山市石手二丁目","","石手寺","","33.84763350000000","132.79682589000000","102-temple"
"102","3312","石手寺二王門","","国宝・重要文化財（建造物）","国宝","近世以前／寺院","","鎌倉後期","19070527","19521122","愛媛県","愛媛県松山市石手二丁目","","石手寺","","33.84749093000000","132.79656451000000","102-temple"
"102","3310","石手寺本堂","","国宝・重要文化財（建造物）","重要文化財","近世以前／寺院","","鎌倉後期","19070527","","愛媛県","愛媛県松山市石手二丁目","","石手寺","","33.84786055000000","132.79648267000000","102-temple"
"102","3382","興隆寺本堂","","国宝・重要文化財（建造物）","重要文化財","近世以前／寺院","","室町前期","19070527","","愛媛県","愛媛県西条市丹原町古田","","興隆寺","","33.90567774000000","133.02534996000000","102-temple"
"102","3387","祥雲寺観音堂","","国宝・重要文化財（建造物）","重要文化財","近世以前／寺院","","室町中期","19411106","","愛媛県","愛媛県越智郡上島村岩城","","祥雲寺","","34.25103622000000","133.13679303000000","102-temple"
"102","3386","定光寺観音堂","","国宝・重要文化財（建造物）","重要文化財","近世以前／寺院","","室町中期","19770627","","愛媛県","愛媛県越智郡上島村弓削土生241番地","","定光寺","","34.25011014000000","133.20448970000000","102-temple"
"102","3343","浄土寺本堂","","国宝・重要文化財（建造物）","重要文化財","近世以前／寺院","","室町後期","19530331","","愛媛県","愛媛県松山市鷹子町","","浄土寺","","33.81680274000000","132.80791323000000","102-temple"
"102","3413","善光寺薬師堂","","国宝・重要文化財（建造物）","重要文化財","近世以前／寺院","","室町後期","19770627","","愛媛県","愛媛県北宇和郡鬼北町小松","","善光寺","","33.30718799000000","132.74506894000000","102-temple"
"102","3309","太山寺二王門","","国宝・重要文化財（建造物）","重要文化財","近世以前／寺院","","鎌倉後期","19040829","","愛媛県","愛媛県松山市太山寺町","","太山寺","","33.88474297000000","132.71496160000000","102-temple"
"102","3308","太山寺本堂","","国宝・重要文化財（建造物）","国宝","近世以前／寺院","","鎌倉後期","19040829","19560628","愛媛県","愛媛県松山市太山寺町","","太山寺","","33.88500746000000","132.71498505000000","102-temple"
"102","3317","大宝寺本堂","","国宝・重要文化財（建造物）","国宝","近世以前／寺院","","鎌倉前期","19170405","19530331","愛媛県","愛媛県松山市南江戸五丁目","","大宝寺","","33.84172980000000","132.74220117000000","102-temple"
"102","3380","如法寺仏殿","","国宝・重要文化財（建造物）","重要文化財","近世以前／寺院","","江戸中期","19920810","","愛媛県","愛媛県大洲市柚木","","如法寺","","33.50644902000000","132.55453622000000","102-temple"
"102","3440","国分寺金堂","","国宝・重要文化財（建造物）","重要文化財","近世以前／寺院","","室町後期","19040829","","高知県","高知県南国市国分","","国分寺","","33.59879624000000","133.64011281000000","102-temple"
"102","3735","金林寺薬師堂","","国宝・重要文化財（建造物）","重要文化財","近世以前／寺院","","室町後期","20020523","","高知県","高知県安芸郡馬路村馬路","","金林寺","","33.55046333000000","134.04680453000000","102-temple"
"102","3418","竹林寺本堂","","国宝・重要文化財（建造物）","重要文化財","近世以前／寺院","","室町後期","19040829","","高知県","高知県高知市五台山","","竹林寺","","33.54651245000000","133.57660327000000","102-temple"
"102","3416","土佐神社鼓楼","","国宝・重要文化財（建造物）","重要文化財","近世以前／寺院","","江戸前期","19340130","","高知県","高知県高知市一宮","","土佐神社","","33.59226551000000","133.57724218000000","102-temple"
"102","3448","豊楽寺薬師堂","","国宝・重要文化財（建造物）","国宝","近世以前／寺院","","平安後期","19040829","19521122","高知県","高知県長岡郡大豊町寺内","","豊楽寺","","33.79211650000000","133.72711628000000","102-temple"
"102","3473","善導寺","大門","国宝・重要文化財（建造物）","重要文化財","近世以前／寺院","","江戸前期","19881219","","福岡県","福岡県久留米市善導寺町飯田","","善導寺","","33.32952284000000","130.60675663000000","102-temple"
"102","3472","善導寺","本堂","国宝・重要文化財（建造物）","重要文化財","近世以前／寺院","","江戸後期","19881219","","福岡県","福岡県久留米市善導寺町飯田","","善導寺","","33.33005927000000","130.60385089000000","102-temple"
"102","3474","善導寺","大庫裏","国宝・重要文化財（建造物）","重要文化財","近世以前／寺院","","江戸中期","19941227","","福岡県","福岡県久留米市善導寺町飯田","","善導寺","","33.33016240000000","130.60449880000000","102-temple"
"102","3476","善導寺","広間","国宝・重要文化財（建造物）","重要文化財","近世以前／寺院","","江戸中期","19941227","","福岡県","福岡県久留米市善導寺町飯田","","善導寺","","33.33018061000000","130.60420975000000","102-temple"
"102","3479","善導寺","中蔵","国宝・重要文化財（建造物）","重要文化財","近世以前／寺院","","江戸後期","19941227","","福岡県","福岡県久留米市善導寺町飯田","","善導寺","","33.33025572000000","130.60436679000000","102-temple"
"102","3475","善導寺","釜屋","国宝・重要文化財（建造物）","重要文化財","近世以前／寺院","","江戸中期","19941227","","福岡県","福岡県久留米市善導寺町飯田","","善導寺","","33.33028759000000","130.60452612000000","102-temple"
"102","3477","善導寺","書院","国宝・重要文化財（建造物）","重要文化財","近世以前／寺院","","江戸中期","19941227","","福岡県","福岡県久留米市善導寺町飯田","","善導寺","","33.33034904000000","130.60415285000000","102-temple"
"102","3478","善導寺","役寮及び対面所","国宝・重要文化財（建造物）","重要文化財","近世以前／寺院","","江戸中期","19941227","","福岡県","福岡県久留米市善導寺町飯田","","善導寺","","33.33041277000000","130.60434403000000","102-temple"
"102","3496","英彦山神社奉幣殿","","国宝・重要文化財（建造物）","重要文化財","近世以前／寺院","","江戸前期","19070527","","福岡県","福岡県田川郡添田町大字英彦山","","英彦山神宮","","33.48386773000000","130.91033037000000","102-temple"
"102","3489","普門院本堂","","国宝・重要文化財（建造物）","重要文化財","近世以前／寺院","","鎌倉後期","19130414","","福岡県","福岡県朝倉市杷木志波","","普門院","","33.37324490000000","130.77140693000000","102-temple"
"102","00004486","清水寺本堂","","国宝・重要文化財（建造物）","重要文化財","近世以前／寺院","","江戸中期","20101224","","長崎県","長崎県長崎市鍛冶屋町","","清水寺","","32.74104799000000","129.88409645000000","102-temple"
"102","00004757","聖福寺","山門","国宝・重要文化財（建造物）","重要文化財","近世以前／寺院","","江戸中期","20140918","","長崎県","長崎県長崎市玉園町","","聖福寺","","32.75252801000000","129.87690738000000","102-temple"
"102","00004755","聖福寺","天王殿","国宝・重要文化財（建造物）","重要文化財","近世以前／寺院","","江戸中期","20140918","","長崎県","長崎県長崎市玉園町","","聖福寺","","32.75274811000000","129.87699542000000","102-temple"
"102","00004756","聖福寺","鐘楼","国宝・重要文化財（建造物）","重要文化財","近世以前／寺院","","江戸中期","20140918","","長崎県","長崎県長崎市玉園町","","聖福寺","","32.75276477000000","129.87680982000000","102-temple"
"102","00004754","聖福寺","大雄宝殿","国宝・重要文化財（建造物）","重要文化財","近世以前／寺院","","江戸中期","20140918","","長崎県","長崎県長崎市玉園町","","聖福寺","","32.75302175000000","129.87693118000000","102-temple"
"102","3519","崇福寺護法堂(関帝堂又観音堂)","","国宝・重要文化財（建造物）","重要文化財","近世以前／寺院","","江戸中期","19100829","","長崎県","長崎県長崎市鍛冶屋町","","崇福寺","","32.74250173000000","129.88330695000000","102-temple"
"102","3517","崇福寺三門(楼門)","","国宝・重要文化財（建造物）","重要文化財","近世以前／寺院","","江戸末期","19060414","","長崎県","長崎県長崎市鍛冶屋町","","崇福寺","","32.74256377000000","129.88280176000000","102-temple"
"102","3520","崇福寺鐘鼓楼","","国宝・重要文化財（建造物）","重要文化財","近世以前／寺院","","江戸中期","19100829","","長崎県","長崎県長崎市鍛冶屋町","","崇福寺","","32.74236657000000","129.88335127000000","102-temple"
"102","3518","崇福寺第一峰門","","国宝・重要文化財（建造物）","国宝","近世以前／寺院","","江戸前期","19060414","19530331","長崎県","長崎県長崎市鍛冶屋町","","崇福寺","","32.74265240000000","129.88326929000000","102-temple"
"102","3516","崇福寺大雄宝殿","","国宝・重要文化財（建造物）","国宝","近世以前／寺院","","江戸前期","19060414","19530331","長崎県","長崎県長崎市鍛冶屋町","","崇福寺","","32.74258592000000","129.88349751000000","102-temple"
"102","3521","崇福寺媽姐門","","国宝・重要文化財（建造物）","重要文化財","近世以前／寺院","","江戸中期","19720515","","長崎県","長崎県長崎市鍛冶屋町","","崇福寺","","32.74243525000000","129.88353739000000","102-temple"
"102","3585","生善院観音堂","","国宝・重要文化財（建造物）","重要文化財","近世以前／寺院","","江戸前期","19900911","","熊本県","熊本県球磨郡水上村大字岩野","","生善院","","32.28757152000000","130.97665873000000","102-temple"
"102","3580","青蓮寺阿弥陀堂","","国宝・重要文化財（建造物）","重要文化財","近世以前／寺院","","室町後期","19130414","","熊本県","熊本県球磨郡多良木町大字黒肥地","","青蓮寺","","32.27760494000000","130.94622030000000","102-temple"
"102","3774","八勝寺阿弥陀堂","","国宝・重要文化財（建造物）","重要文化財","近世以前／寺院","","室町後期","20021226","","熊本県","熊本県球磨郡湯前町字長谷場","","湯前町","","32.25400327000000","130.97963968000000","102-temple"
"102","3582","明導寺阿弥陀堂","","国宝・重要文化財（建造物）","重要文化財","近世以前／寺院","","鎌倉前期","19330123","","熊本県","熊本県球磨郡湯前町瀬戸口区","","明導寺","湯前町","32.25263559000000","130.97409205000000","102-temple"
"102","3595","願成院本堂(愛染堂)","","国宝・重要文化財（建造物）","重要文化財","近世以前／寺院","","江戸前期","19881219","","大分県","大分県竹田市大字竹田","","願成院","","32.96822056000000","131.39083807000000","102-temple"
"102","3616","神角寺本堂","","国宝・重要文化財（建造物）","重要文化財","近世以前／寺院","","室町前期","19070527","","大分県","大分県豊後大野市朝地町鳥田","","神角寺","","33.05491422000000","131.45665068000000","102-temple"
"102","3598","善光寺本堂","","国宝・重要文化財（建造物）","重要文化財","近世以前／寺院","","室町中期","19070527","","大分県","大分県宇佐市大字下時枝","","善光寺","","33.55948433000000","131.30549259000000","102-temple"
"102","3606","泉福寺開山堂","","国宝・重要文化財（建造物）","重要文化財","近世以前／寺院","","江戸前期","19330123","","大分県","大分県国東市国東町横手","","泉福寺","","33.57757722000000","131.67108327000000","102-temple"
"102","3716","泉福寺仏殿","","国宝・重要文化財（建造物）","重要文化財","近世以前／寺院","","室町後期","20011114","","大分県","大分県国東市国東町横手","","泉福寺","","33.57742747000000","131.67067693000000","102-temple"
"102","00004078","長福寺本堂","","国宝・重要文化財（建造物）","重要文化財","近世以前／寺院","","江戸中期","20060705","","大分県","大分県日田市豆田町","","長福寺","","33.32788102000000","130.93778129000000","102-temple"
"102","3597","富貴寺大堂","","国宝・重要文化財（建造物）","国宝","近世以前／寺院","","平安後期","19070527","19521122","大分県","大分県豊後高田市大字蕗","","富貴寺","","33.53787979000000","131.52854864000000","102-temple"
"102","3620","龍岩寺奥院礼堂","","国宝・重要文化財（建造物）","重要文化財","近世以前／寺院","","鎌倉後期","19540917","","大分県","大分県宇佐市院内町大字大門","","龍岩寺","","33.40465246000000","131.27088830000000","102-temple"
"102","3646","旧崇元寺第一門及び石牆","","国宝・重要文化財（建造物）","重要文化財","近世以前／寺院","","室町後期","19720515","","沖縄県","沖縄県那覇市泊一丁目9の1","","","","26.22034996000000","127.69058730000000","102-temple"
"102","25","福山城（松前城）本丸御門","","国宝・重要文化財（建造物）","重要文化財","近世以前／城郭","","江戸末期","19410508","","北海道","北海道松前郡松前町大字松城","","松前町","","41.42969676000000","140.10810812000000","102-castle"
"102","59","弘前城","三の丸追手門","国宝・重要文化財（建造物）","重要文化財","近世以前／城郭","","桃山","19370729","","青森県","青森県弘前市大字下白銀町1番地","","弘前市","","40.60383957000000","140.46420296000000","102-castle"
"102","54","弘前城","二の丸辰巳櫓","国宝・重要文化財（建造物）","重要文化財","近世以前／城郭","","桃山","19370729","","青森県","青森県弘前市大字下白銀町1番地","","弘前市","","40.60579349000000","140.46483154000000","102-castle"
"102","55","弘前城","二の丸未申櫓","国宝・重要文化財（建造物）","重要文化財","近世以前／城郭","","桃山","19370729","","青森県","青森県弘前市大字下白銀町1番地","","弘前市","","40.60610266000000","140.46263273000000","102-castle"
"102","57","弘前城","二の丸南門","国宝・重要文化財（建造物）","重要文化財","近世以前／城郭","","桃山","19370729","","青森県","青森県弘前市大字下白銀町1番地","","弘前市","","40.60620438000000","140.46368308000000","102-castle"
"102","53","弘前城","天守","国宝・重要文化財（建造物）","重要文化財","近世以前／城郭","","江戸後期","19370729","","青森県","青森県弘前市大字下白銀町1番地","","弘前市","","40.60745356000000","140.46417696000000","102-castle"
"102","58","弘前城","二の丸東門","国宝・重要文化財（建造物）","重要文化財","近世以前／城郭","","桃山","19370729","","青森県","青森県弘前市大字下白銀町1番地","","弘前市","","40.60765739000000","140.46534617000000","102-castle"
"102","56","弘前城","二の丸丑寅櫓","国宝・重要文化財（建造物）","重要文化財","近世以前／城郭","","桃山","19370729","","青森県","青森県弘前市大字下白銀町1番地","","弘前市","","40.60911774000000","140.46622853000000","102-castle"
"102","60","弘前城","北の郭北門（亀甲門）","国宝・重要文化財（建造物）","重要文化財","近世以前／城郭","","桃山","19370729","","青森県","青森県弘前市大字下白銀町1番地","","弘前市","","40.61173875000000","140.46670753000000","102-castle"
"102","61","弘前城三の丸東門","","国宝・重要文化財（建造物）","重要文化財","近世以前／城郭","","桃山","19531114","","青森県","青森県弘前市大字下白銀町1番地","","弘前市","","40.60716162000000","140.46771008000000","102-castle"
"102","503","旧江戸城清水門","櫓門","国宝・重要文化財（建造物）","重要文化財","近世以前／城郭","","江戸前期","19610607","","東京都","東京都千代田区北の丸公園","","国(環境省)","","35.69276557000000","139.75259329000000","102-castle"
"102","502","旧江戸城清水門","清水門","国宝・重要文化財（建造物）","重要文化財","近世以前／城郭","","江戸前期","19610607","","東京都","東京都千代田区北の丸公園","","国(環境省)","","35.69278731000000","139.75280281000000","102-castle"
"102","506","旧江戸城外桜田門","櫓門","国宝・重要文化財（建造物）","重要文化財","近世以前／城郭","","江戸中期","19610607","","東京都","東京都千代田区皇居外苑","","国(環境省)","皇居外苑管理事務所","35.67862284000000","139.75379298000000","102-castle"
"102","500","旧江戸城田安門","田安門","国宝・重要文化財（建造物）","重要文化財","近世以前／城郭","","江戸前期","19610607","","東京都","東京都千代田区北の丸公園","","国(環境省)","","35.69428302000000","139.74937018000000","102-castle"
"102","505","旧江戸城外桜田門","外桜田門","国宝・重要文化財（建造物）","重要文化財","近世以前／城郭","","江戸中期","19610607","","東京都","東京都千代田区皇居外苑","","国(環境省)","","35.67855529000000","139.75367804000000","102-castle"
"102","501","旧江戸城田安門","櫓門","国宝・重要文化財（建造物）","重要文化財","近世以前／城郭","","江戸前期","19610607","","東京都","東京都千代田区北の丸公園","","国(環境省)","","35.69405624000000","139.74930979000000","102-castle"
"102","637","新発田城","旧二の丸隅櫓","国宝・重要文化財（建造物）","重要文化財","近世以前／城郭","","江戸中期","19570618","","新潟県","新潟県新発田市大手町六丁目","","国(文部科学省)","新発田市","37.95457700000000","139.32515350000000","102-castle"
"102","636","新発田城","表門","国宝・重要文化財（建造物）","重要文化財","近世以前／城郭","","江戸中期","19570618","","新潟県","新潟県新発田市大手町六丁目","","国(文部科学省)","新発田市","37.95471295000000","139.32601756000000","102-castle"
"102","759","金沢城石川門","附属左方太鼓塀","国宝・重要文化財（建造物）","重要文化財","近世以前／城郭","","江戸後期","19350513","","石川県","石川県金沢市丸の内71番地","","国(文部科学省)","石川県","36.56504793000000","136.66119052000000","102-castle"
"102","758","金沢城石川門","櫓","国宝・重要文化財（建造物）","重要文化財","近世以前／城郭","","江戸後期","19350513","","石川県","石川県金沢市丸の内71番地","","国(文部科学省)","石川県","36.56522789000000","136.66128259000000","102-castle"
"102","755","金沢城石川門","表門南方太鼓塀","国宝・重要文化財（建造物）","重要文化財","近世以前／城郭","","江戸後期","19350513","","石川県","石川県金沢市丸の内71番地","","国(文部科学省)","石川県","36.56525911000000","136.66138842000000","102-castle"
"102","753","金沢城石川門","表門","国宝・重要文化財（建造物）","重要文化財","近世以前／城郭","","江戸後期","19350513","","石川県","石川県金沢市丸の内71番地","","国(文部科学省)","石川県","36.56529196000000","136.66141850000000","102-castle"
"102","756","金沢城石川門","櫓門","国宝・重要文化財（建造物）","重要文化財","近世以前／城郭","","江戸後期","19350513","","石川県","石川県金沢市丸の内71番地","","国(文部科学省)","石川県","36.56530701000000","136.66119388000000","102-castle"
"102","754","金沢城石川門","表門北方太鼓塀","国宝・重要文化財（建造物）","重要文化財","近世以前／城郭","","江戸後期","19350513","","石川県","石川県金沢市丸の内71番地","","国(文部科学省)","石川県","36.56532103000000","136.66144310000000","102-castle"
"102","757","金沢城石川門","続櫓","国宝・重要文化財（建造物）","重要文化財","近世以前／城郭","","江戸後期","19350513","","石川県","石川県金沢市丸の内71番地","","国(文部科学省)","石川県","36.56544607000000","136.66138569000000","102-castle"
"102","760","金沢城石川門","附属右方太鼓塀","国宝・重要文化財（建造物）","重要文化財","近世以前／城郭","","江戸後期","19350513","","石川県","石川県金沢市丸の内71番地","","国(文部科学省)","石川県","36.56559514000000","136.66173003000000","102-castle"
"102","761","金沢城三十間長屋","","国宝・重要文化財（建造物）","重要文化財","近世以前／城郭","","江戸末期","19570618","","石川県","石川県金沢市丸の内71番地","","国(文部科学省)","石川県","36.56488183000000","136.65814204000000","102-castle"
"102","00004266","金沢城土蔵（鶴丸倉庫）","","国宝・重要文化財（建造物）","重要文化財","近世以前／城郭","","江戸末期","20080609","","石川県","石川県金沢市丸の内71番18","","石川県","","36.56441262000000","136.66017484000000","102-castle"
"102","831","丸岡城天守","","国宝・重要文化財（建造物）","重要文化財","近世以前／城郭","","桃山","19340130","","福井県","福井県坂井市丸岡町霞町一丁目","","坂井市","","36.15235938000000","136.27213272000000","102-castle"
"102","953","小諸城","三之門","国宝・重要文化財（建造物）","重要文化財","近世以前／城郭","","江戸後期","19931209","","長野県","長野県小諸市","","懐古神社","","36.32767653000000","138.41979692000000","102-castle"
"102","952","小諸城","大手門","国宝・重要文化財（建造物）","重要文化財","近世以前／城郭","","桃山","19931209","","長野県","長野県小諸市","","小諸市","","36.32864787000000","138.42190778000000","102-castle"
"102","924","松本城天守","月見櫓","国宝・重要文化財（建造物）","国宝","近世以前／城郭","","江戸前期","19360420","19520329","長野県","長野県松本市丸の内4番1号","","国(文部科学省)","松本市","36.23853949000000","137.96906113000000","102-castle"
"102","923","松本城天守","辰巳附櫓","国宝・重要文化財（建造物）","国宝","近世以前／城郭","","江戸前期","19360420","19520329","長野県","長野県松本市丸の内4番1号","","国(文部科学省)","松本市","36.23854193000000","137.96897669000000","102-castle"
"102","920","松本城天守","天守","国宝・重要文化財（建造物）","国宝","近世以前／城郭","","江戸前期","19360420","19520329","長野県","長野県松本市丸の内4番1号","","国(文部科学省)","松本市","36.23861261000000","137.96884588000000","102-castle"
"102","922","松本城天守","渡櫓","国宝・重要文化財（建造物）","国宝","近世以前／城郭","","江戸前期","19360420","19520329","長野県","長野県松本市丸の内4番1号","","国(文部科学省)","松本市","36.23872945000000","137.96882490000000","102-castle"
"102","921","松本城天守","乾小天守","国宝・重要文化財（建造物）","国宝","近世以前／城郭","","桃山","19360420","19520329","長野県","長野県松本市丸の内4番1号","","国(文部科学省)","松本市","36.23880779000000","137.96882551000000","102-castle"
"102","1155","油山寺山門","","国宝・重要文化財（建造物）","重要文化財","近世以前／城郭","","江戸前期","19540917","","静岡県","静岡県袋井市村松","","油山寺","","34.78457441000000","137.93615686000000","102-castle"
"102","1239","犬山城天守","","国宝・重要文化財（建造物）","国宝","近世以前／城郭","","桃山","19350513","19520329","愛知県","愛知県犬山市大字犬山","","（公財）犬山城白帝文庫","犬山市","35.38834738000000","136.93928749000000","102-castle"
"102","1187","名古屋城","表二の門","国宝・重要文化財（建造物）","重要文化財","近世以前／城郭","","桃山","19301211","","愛知県","愛知県名古屋市中区本丸1番地","","名古屋市","","35.18425524000000","136.90008211000000","102-castle"
"102","1184","名古屋城","西南隅櫓","国宝・重要文化財（建造物）","重要文化財","近世以前／城郭","","桃山","19301211","","愛知県","愛知県名古屋市中区本丸1番地","","名古屋市","","35.18433769000000","136.89901659000000","102-castle"
"102","1185","名古屋城","東南隅櫓","国宝・重要文化財（建造物）","重要文化財","近世以前／城郭","","桃山","19301211","","愛知県","愛知県名古屋市中区本丸1番地","","名古屋市","","35.18435199000000","136.90062548000000","102-castle"
"102","1186","名古屋城","西北隅櫓","国宝・重要文化財（建造物）","重要文化財","近世以前／城郭","","江戸前期","19301211","","愛知県","愛知県名古屋市中区本丸1番地","","名古屋市","","35.18655394000000","136.89692058000000","102-castle"
"102","1189","名古屋城旧二之丸東二之門","","国宝・重要文化財（建造物）","重要文化財","近世以前／城郭","","桃山","19750623","","愛知県","愛知県名古屋市中区本丸1番地","","国(財務省)","名古屋市","35.18546799000000","136.90069177000000","102-castle"
"102","1188","名古屋城二之丸大手二之門","","国宝・重要文化財（建造物）","重要文化財","近世以前／城郭","","桃山","19750623","","愛知県","愛知県名古屋市中区二之丸1番地","","国(財務省)","名古屋市","35.18293611000000","136.90068056000000","102-castle"
"102","1376","篠津神社表門","","国宝・重要文化財（建造物）","重要文化財","近世以前／城郭","","桃山","19240415","","滋賀県","滋賀県大津市中庄一丁目","","篠津神社","","34.99063455000000","135.89326733000000","102-castle"
"102","1375","膳所神社表門","","国宝・重要文化財（建造物）","重要文化財","近世以前／城郭","","江戸前期","19240415","","滋賀県","滋賀県大津市膳所一丁目","","膳所神社","","34.99485007000000","135.89092715000000","102-castle"
"102","1399","彦根城馬屋","","国宝・重要文化財（建造物）","重要文化財","近世以前／城郭","","江戸中期","19630701","","滋賀県","滋賀県彦根市金亀町","","彦根市","","35.27524771000000","136.25463563000000","102-castle"
"102","1395","彦根城太鼓門及び続櫓","","国宝・重要文化財（建造物）","重要文化財","近世以前／城郭","","桃山","19510922","","滋賀県","滋賀県彦根市金亀町","","彦根市","","35.27600883000000","136.25213400000000","102-castle"
"102","1393","彦根城天守、附櫓及び多聞櫓","天守","国宝・重要文化財（建造物）","国宝","近世以前／城郭","","桃山","19510922","19520329","滋賀県","滋賀県彦根市金亀町","","彦根市","","35.27646624000000","136.25184441000000","102-castle"
"102","1394","彦根城天守、附櫓及び多聞櫓","附櫓及び多聞櫓","国宝・重要文化財（建造物）","国宝","近世以前／城郭","","桃山","19510922","19520329","滋賀県","滋賀県彦根市金亀町","","彦根市","","35.27657292000000","136.25184837000000","102-castle"
"102","1396","彦根城天秤櫓","","国宝・重要文化財（建造物）","重要文化財","近世以前／城郭","","桃山","19510922","","滋賀県","滋賀県彦根市金亀町","","彦根市","","35.27552828000000","136.25249619000000","102-castle"
"102","1397","彦根城西の丸三重櫓及び続櫓","","国宝・重要文化財（建造物）","重要文化財","近世以前／城郭","","桃山","19510922","","滋賀県","滋賀県彦根市金亀町","","彦根市","","35.27783211000000","136.25055745000000","102-castle"
"102","1398","彦根城二の丸佐和口多聞櫓","","国宝・重要文化財（建造物）","重要文化財","近世以前／城郭","","江戸後期","19510922","","滋賀県","滋賀県彦根市金亀町","","彦根市","","35.27483830000000","136.25490404000000","102-castle"
"102","1422","鞭崎神社表門","","国宝・重要文化財（建造物）","重要文化財","近世以前／城郭","","桃山","19240415","","滋賀県","滋賀県草津市矢橋町","","鞭崎神社","","35.00762775000000","135.92687333000000","102-castle"
"102","2122","大阪城","六番櫓","国宝・重要文化財（建造物）","重要文化財","近世以前／城郭","","江戸前期","19530613","","大阪府","大阪府大阪市中央区大阪城","","国(文部科学省)","大阪市","34.68412640000000","135.52416006000000","102-castle"
"102","2121","大阪城","一番櫓","国宝・重要文化財（建造物）","重要文化財","近世以前／城郭","","江戸前期","19530613","","大阪府","大阪府大阪市中央区大阪城","","国(文部科学省)","大阪市","34.68434127000000","135.52800580000000","102-castle"
"102","2115","大阪城","塀（大手門南方塀）","国宝・重要文化財（建造物）","重要文化財","近世以前／城郭","","江戸末期","19530613","","大阪府","大阪府大阪市中央区大阪城","","国(文部科学省)","大阪市","34.68496371000000","135.52306379000000","102-castle"
"102","2114","大阪城","大手門","国宝・重要文化財（建造物）","重要文化財","近世以前／城郭","","江戸末期","19530613","","大阪府","大阪府大阪市中央区大阪城","","国(文部科学省)","大阪市","34.68508520000000","135.52305015000000","102-castle"
"102","2116","大阪城","塀（大手門北方塀）","国宝・重要文化財（建造物）","重要文化財","近世以前／城郭","","江戸末期","19530613","","大阪府","大阪府大阪市中央区大阪城","","国(文部科学省)","大阪市","34.68520932000000","135.52303296000000","102-castle"
"102","2126","大阪城","桜門","国宝・重要文化財（建造物）","重要文化財","近世以前／城郭","","明治","19530613","","大阪府","大阪府大阪市中央区大阪城","","国(文部科学省)","大阪市","34.68522179000000","135.52569980000000","102-castle"
"102","2118","大阪城","多聞櫓","国宝・重要文化財（建造物）","重要文化財","近世以前／城郭","","江戸末期","19530613","","大阪府","大阪府大阪市中央区大阪城","","国(文部科学省)","大阪市","34.68536124000000","135.52324972000000","102-castle"
"102","2117","大阪城","塀（多聞櫓北方塀）","国宝・重要文化財（建造物）","重要文化財","近世以前／城郭","","江戸末期","19530613","","大阪府","大阪府大阪市中央区大阪城","","国(文部科学省)","大阪市","34.68549955000000","135.52299878000000","102-castle"
"102","2119","大阪城","千貫櫓","国宝・重要文化財（建造物）","重要文化財","近世以前／城郭","","江戸前期","19530613","","大阪府","大阪府大阪市中央区大阪城","","国(文部科学省)","大阪市","34.68566292000000","135.52289126000000","102-castle"
"102","2124","大阪城","金蔵","国宝・重要文化財（建造物）","重要文化財","近世以前／城郭","","江戸末期","19530613","","大阪府","大阪府大阪市中央区大阪城","","国(文部科学省)","大阪市","34.68655164000000","135.52647379000000","102-castle"
"102","2125","大阪城","金明水井戸屋形","国宝・重要文化財（建造物）","重要文化財","近世以前／城郭","","江戸前期","19530613","","大阪府","大阪府大阪市中央区大阪城","","国(文部科学省)","大阪市","34.68704167000000","135.52584431000000","102-castle"
"102","2120","大阪城","乾櫓","国宝・重要文化財（建造物）","重要文化財","近世以前／城郭","","江戸前期","19530613","","大阪府","大阪府大阪市中央区大阪城","","国(文部科学省)","大阪市","34.68796419000000","135.52147841000000","102-castle"
"102","2123","大阪城","焔硝蔵","国宝・重要文化財（建造物）","重要文化財","近世以前／城郭","","江戸中期","19530613","","大阪府","大阪府大阪市中央区大阪城","","国(文部科学省)","大阪市","34.68836384000000","135.52348383000000","102-castle"
"102","2354","明石城","巽櫓","国宝・重要文化財（建造物）","重要文化財","近世以前／城郭","","江戸前期","19570618","","兵庫県","兵庫県明石市明石公園1-27","","兵庫県","","34.65213257000000","134.99227569000000","102-castle"
"102","2355","明石城","坤櫓","国宝・重要文化財（建造物）","重要文化財","近世以前／城郭","","江戸前期","19570618","","兵庫県","兵庫県明石市明石公園1-27","","兵庫県","","34.65227985000000","134.99115637000000","102-castle"
"102","2298","姫路城","カの櫓","国宝・重要文化財（建造物）","重要文化財","近世以前／城郭","","桃山","19311214","","兵庫県","兵庫県姫路市本町","","国(文部科学省)","姫路市","34.83813355000000","134.69204198000000","102-castle"
"102","2335","姫路城","ワの櫓東方土塀","国宝・重要文化財（建造物）","重要文化財","近世以前／城郭","","桃山","19311214","","兵庫県","兵庫県姫路市本町","","国(文部科学省)","姫路市","34.83814133000000","134.69168409000000","102-castle"
"102","2297","姫路城","ワの櫓","国宝・重要文化財（建造物）","重要文化財","近世以前／城郭","","桃山","19311214","","兵庫県","兵庫県姫路市本町","","国(文部科学省)","姫路市","34.83819968000000","134.69136510000000","102-castle"
"102","2341","姫路城","太鼓櫓南方土塀","国宝・重要文化財（建造物）","重要文化財","近世以前／城郭","","桃山","19311214","","兵庫県","兵庫県姫路市本町","","国(文部科学省)","姫路市","34.83820108000000","134.69390445000000","102-castle"
"102","2336","姫路城","カの櫓北方土塀","国宝・重要文化財（建造物）","重要文化財","近世以前／城郭","","桃山","19311214","","兵庫県","兵庫県姫路市本町","","国(文部科学省)","姫路市","34.83833195000000","134.69216490000000","102-castle"
"102","2296","姫路城","レの渡櫓","国宝・重要文化財（建造物）","重要文化財","近世以前／城郭","","桃山","19311214","","兵庫県","兵庫県姫路市本町","","国(文部科学省)","姫路市","34.83847762000000","134.69129913000000","102-castle"
"102","2279","姫路城","チの櫓","国宝・重要文化財（建造物）","重要文化財","近世以前／城郭","","桃山","19311214","","兵庫県","兵庫県姫路市本町","","国(文部科学省)","姫路市","34.83849618000000","134.69347397000000","102-castle"
"102","2338","姫路城","菱の門南方土塀","国宝・重要文化財（建造物）","重要文化財","近世以前／城郭","","桃山","19311214","","兵庫県","兵庫県姫路市本町","","国(文部科学省)","姫路市","34.83849834000000","134.69248066000000","102-castle"
"102","2339","姫路城","菱の門東方土塀","国宝・重要文化財（建造物）","重要文化財","近世以前／城郭","","桃山","19311214","","兵庫県","兵庫県姫路市本町","","国(文部科学省)","姫路市","34.83857204000000","134.69300921000000","102-castle"
"102","2337","姫路城","菱の門西方土塀","国宝・重要文化財（建造物）","重要文化財","近世以前／城郭","","桃山","19311214","","兵庫県","兵庫県姫路市本町","","国(文部科学省)","姫路市","34.83860035000000","134.69236407000000","102-castle"
"102","2280","姫路城","リの一渡櫓","国宝・重要文化財（建造物）","重要文化財","近世以前／城郭","","桃山","19311214","","兵庫県","兵庫県姫路市本町","","国(文部科学省)","姫路市","34.83864167000000","134.69343333000000","102-castle"
"102","2299","姫路城","菱の門","国宝・重要文化財（建造物）","重要文化財","近世以前／城郭","","桃山","19311214","","兵庫県","兵庫県姫路市本町","","国(文部科学省)","姫路市","34.83867908000000","134.69245091000000","102-castle"
"102","2286","姫路城","太鼓櫓","国宝・重要文化財（建造物）","重要文化財","近世以前／城郭","","桃山","19311214","","兵庫県","兵庫県姫路市本町","","国(文部科学省)","姫路市","34.83869762000000","134.69419713000000","102-castle"
"102","2309","姫路城","りの門","国宝・重要文化財（建造物）","重要文化財","近世以前／城郭","","桃山","19311214","","兵庫県","兵庫県姫路市本町","","国(文部科学省)","姫路市","34.83875175000000","134.69417106000000","102-castle"
"102","2285","姫路城","帯郭櫓","国宝・重要文化財（建造物）","重要文化財","近世以前／城郭","","桃山","19311214","","兵庫県","兵庫県姫路市本町","","国(文部科学省)","姫路市","34.83876375000000","134.69444221000000","102-castle"
"102","2281","姫路城","リの二渡櫓","国宝・重要文化財（建造物）","重要文化財","近世以前／城郭","","桃山","19311214","","兵庫県","兵庫県姫路市本町","","国(文部科学省)","姫路市","34.83877500000000","134.69335833000000","102-castle"
"102","2343","姫路城","帯郭櫓北方土塀","国宝・重要文化財（建造物）","重要文化財","近世以前／城郭","","桃山","19311214","","兵庫県","兵庫県姫路市本町","","国(文部科学省)","姫路市","34.83882326000000","134.69460137000000","102-castle"
"102","2310","姫路城","ぬの門","国宝・重要文化財（建造物）","重要文化財","近世以前／城郭","","桃山","19311214","","兵庫県","兵庫県姫路市本町","","国(文部科学省)","姫路市","34.83883766000000","134.69346578000000","102-castle"
"102","2342","姫路城","太鼓櫓北方土塀","国宝・重要文化財（建造物）","重要文化財","近世以前／城郭","","桃山","19311214","","兵庫県","兵庫県姫路市本町","","国(文部科学省)","姫路市","34.83885067000000","134.69432982000000","102-castle"
"102","2295","姫路城","ヲの櫓","国宝・重要文化財（建造物）","重要文化財","近世以前／城郭","","桃山","19311214","","兵庫県","兵庫県姫路市本町","","国(文部科学省)","姫路市","34.83888418000000","134.69105181000000","102-castle"
"102","2333","姫路城","ろの門西南方土塀","国宝・重要文化財（建造物）","重要文化財","近世以前／城郭","","桃山","19311214","","兵庫県","兵庫県姫路市本町","","国(文部科学省)","姫路市","34.83894182000000","134.69223166000000","102-castle"
"102","2284","姫路城","帯の櫓","国宝・重要文化財（建造物）","重要文化財","近世以前／城郭","","桃山","19311214","","兵庫県","兵庫県姫路市本町","","国(文部科学省)","姫路市","34.83900107000000","134.69453807000000","102-castle"
"102","2294","姫路城","タの渡櫓","国宝・重要文化財（建造物）","重要文化財","近世以前／城郭","","桃山","19311214","","兵庫県","兵庫県姫路市本町","","国(文部科学省)","姫路市","34.83900545000000","134.69103113000000","102-castle"
"102","2314","姫路城","との四門東方土塀","国宝・重要文化財（建造物）","重要文化財","近世以前／城郭","","桃山","19311214","","兵庫県","兵庫県姫路市本町","","国(文部科学省)","姫路市","34.83905300000000","134.69495493000000","102-castle"
"102","2307","姫路城","との四門","国宝・重要文化財（建造物）","重要文化財","近世以前／城郭","","桃山","19311214","","兵庫県","兵庫県姫路市本町","","国(文部科学省)","姫路市","34.83907125000000","134.69489816000000","102-castle"
"102","2315","姫路城","との四門西方土塀","国宝・重要文化財（建造物）","重要文化財","近世以前／城郭","","桃山","19311214","","兵庫県","兵庫県姫路市本町","","国(文部科学省)","姫路市","34.83909066000000","134.69484705000000","102-castle"
"102","2340","姫路城","いの門東方土塀","国宝・重要文化財（建造物）","重要文化財","近世以前／城郭","","桃山","19311214","","兵庫県","兵庫県姫路市本町","","国(文部科学省)","姫路市","34.83910688000000","134.69287607000000","102-castle"
"102","2293","姫路城","ルの櫓","国宝・重要文化財（建造物）","重要文化財","近世以前／城郭","","桃山","19311214","","兵庫県","兵庫県姫路市本町","","国(文部科学省)","姫路市","34.83912943000000","134.69108889000000","102-castle"
"102","2344","姫路城","井郭櫓南方土塀","国宝・重要文化財（建造物）","重要文化財","近世以前／城郭","","桃山","19311214","","兵庫県","兵庫県姫路市本町","","国(文部科学省)","姫路市","34.83915666000000","134.69444221000000","102-castle"
"102","2300","姫路城","いの門","国宝・重要文化財（建造物）","重要文化財","近世以前／城郭","","桃山","19311214","","兵庫県","兵庫県姫路市本町","","国(文部科学省)","姫路市","34.83915994000000","134.69250221000000","102-castle"
"102","2313","姫路城","備前門","国宝・重要文化財（建造物）","重要文化財","近世以前／城郭","","桃山","19311214","","兵庫県","兵庫県姫路市本町","","国(文部科学省)","姫路市","34.83917025000000","134.69433125000000","102-castle"
"102","2292","姫路城","ヨの渡櫓","国宝・重要文化財（建造物）","重要文化財","近世以前／城郭","","桃山","19311214","","兵庫県","兵庫県姫路市本町","","国(文部科学省)","姫路市","34.83925022000000","134.69159140000000","102-castle"
"102","2323","姫路城","水の五門南方土塀","国宝・重要文化財（建造物）","重要文化財","近世以前／城郭","","桃山","19311214","","兵庫県","兵庫県姫路市本町","","国(文部科学省)","姫路市","34.83925085000000","134.69376507000000","102-castle"
"102","2283","姫路城","井郭櫓","国宝・重要文化財（建造物）","重要文化財","近世以前／城郭","","桃山","19311214","","兵庫県","兵庫県姫路市本町","","国(文部科学省)","姫路市","34.83925138000000","134.69445062000000","102-castle"
"102","2334","姫路城","化粧櫓南方土塀","国宝・重要文化財（建造物）","重要文化財","近世以前／城郭","","桃山","19311214","","兵庫県","兵庫県姫路市本町","","国(文部科学省)","姫路市","34.83926781000000","134.69224316000000","102-castle"
"102","2282","姫路城","折廻り櫓","国宝・重要文化財（建造物）","重要文化財","近世以前／城郭","","桃山","19311214","","兵庫県","兵庫県姫路市本町","","国(文部科学省)","姫路市","34.83928581000000","134.69427196000000","102-castle"
"102","2308","姫路城","ちの門","国宝・重要文化財（建造物）","重要文化財","近世以前／城郭","","桃山","19311214","","兵庫県","兵庫県姫路市本町","","国(文部科学省)","姫路市","34.83933171000000","134.69435274000000","102-castle"
"102","2322","姫路城","ニの櫓南方土塀","国宝・重要文化財（建造物）","重要文化財","近世以前／城郭","","桃山","19311214","","兵庫県","兵庫県姫路市本町","","国(文部科学省)","姫路市","34.83935277000000","134.69354080000000","102-castle"
"102","2289","姫路城","化粧櫓","国宝・重要文化財（建造物）","重要文化財","近世以前／城郭","","桃山","19311214","","兵庫県","兵庫県姫路市本町","","国(文部科学省)","姫路市","34.83937062000000","134.69224816000000","102-castle"
"102","2316","姫路城","との二門東方土塀","国宝・重要文化財（建造物）","重要文化財","近世以前／城郭","","桃山","19311214","","兵庫県","兵庫県姫路市本町","","国(文部科学省)","姫路市","34.83938229000000","134.69453168000000","102-castle"
"102","2345","姫路城","トの櫓南方土塀","国宝・重要文化財（建造物）","重要文化財","近世以前／城郭","","桃山","19311214","","兵庫県","兵庫県姫路市本町","","国(文部科学省)","姫路市","34.83938780000000","134.69437843000000","102-castle"
"102","2301","姫路城","ろの門","国宝・重要文化財（建造物）","重要文化財","近世以前／城郭","","桃山","19311214","","兵庫県","兵庫県姫路市本町","","国(文部科学省)","姫路市","34.83940563000000","134.69264885000000","102-castle"
"102","2306","姫路城","との二門","国宝・重要文化財（建造物）","重要文化財","近世以前／城郭","","桃山","19311214","","兵庫県","兵庫県姫路市本町","","国(文部科学省)","姫路市","34.83942181000000","134.69448529000000","102-castle"
"102","2332","姫路城","ろの門東方土塀","国宝・重要文化財（建造物）","重要文化財","近世以前／城郭","","桃山","19311214","","兵庫県","兵庫県姫路市本町","","国(文部科学省)","姫路市","34.83942707000000","134.69277078000000","102-castle"
"102","2329","姫路城","はの門東方土塀","国宝・重要文化財（建造物）","重要文化財","近世以前／城郭","","桃山","19311214","","兵庫県","兵庫県姫路市本町","","国(文部科学省)","姫路市","34.83943899000000","134.69314113000000","102-castle"
"102","2278","姫路城","トの櫓","国宝・重要文化財（建造物）","重要文化財","近世以前／城郭","","桃山","19311214","","兵庫県","兵庫県姫路市本町","","国(文部科学省)","姫路市","34.83945038000000","134.69439006000000","102-castle"
"102","2290","姫路城","カの渡櫓","国宝・重要文化財（建造物）","重要文化財","近世以前／城郭","","桃山","19311214","","兵庫県","兵庫県姫路市本町","","国(文部科学省)","姫路市","34.83945231000000","134.69213146000000","102-castle"
"102","2291","姫路城","ヌの櫓","国宝・重要文化財（建造物）","重要文化財","近世以前／城郭","","桃山","19311214","","兵庫県","兵庫県姫路市本町","","国(文部科学省)","姫路市","34.83945620000000","134.69192917000000","102-castle"
"102","2317","姫路城","との一門東方土塀","国宝・重要文化財（建造物）","重要文化財","近世以前／城郭","","桃山","19311214","","兵庫県","兵庫県姫路市本町","","国(文部科学省)","姫路市","34.83949510000000","134.69453946000000","102-castle"
"102","2331","姫路城","はの門南方土塀","国宝・重要文化財（建造物）","重要文化財","近世以前／城郭","","桃山","19311214","","兵庫県","兵庫県姫路市本町","","国(文部科学省)","姫路市","34.83949955000000","134.69284158000000","102-castle"
"102","2305","姫路城","との一門","国宝・重要文化財（建造物）","重要文化財","近世以前／城郭","","桃山","19311214","","兵庫県","兵庫県姫路市本町","","国(文部科学省)","姫路市","34.83950673000000","134.69440629000000","102-castle"
"102","2326","姫路城","にの門東方下土塀","国宝・重要文化財（建造物）","重要文化財","近世以前／城郭","","桃山","19311214","","兵庫県","兵庫県姫路市本町","","国(文部科学省)","姫路市","34.83952415000000","134.69335119000000","102-castle"
"102","2318","姫路城","への門東方土塀","国宝・重要文化財（建造物）","重要文化財","近世以前／城郭","","桃山","19311214","","兵庫県","兵庫県姫路市本町","","国(文部科学省)","姫路市","34.83954356000000","134.69430841000000","102-castle"
"102","2287","姫路城","ニの櫓","国宝・重要文化財（建造物）","重要文化財","近世以前／城郭","","桃山","19311214","","兵庫県","兵庫県姫路市本町","","国(文部科学省)","姫路市","34.83954593000000","134.69354333000000","102-castle"
"102","2312","姫路城","水の二門","国宝・重要文化財（建造物）","重要文化財","近世以前／城郭","","桃山","19311214","","兵庫県","兵庫県姫路市本町","","国(文部科学省)","姫路市","34.83954956000000","134.69360972000000","102-castle"
"102","2304","姫路城","への門","国宝・重要文化財（建造物）","重要文化財","近世以前／城郭","","桃山","19311214","","兵庫県","兵庫県姫路市本町","","国(文部科学省)","姫路市","34.83955259000000","134.69422796000000","102-castle"
"102","2319","姫路城","への門西方土塀","国宝・重要文化財（建造物）","重要文化財","近世以前／城郭","","桃山","19311214","","兵庫県","兵庫県姫路市本町","","国(文部科学省)","姫路市","34.83955283000000","134.69417499000000","102-castle"
"102","2302","姫路城","はの門","国宝・重要文化財（建造物）","重要文化財","近世以前／城郭","","桃山","19311214","","兵庫県","兵庫県姫路市本町","","国(文部科学省)","姫路市","34.83955343000000","134.69299365000000","102-castle"
"102","2325","姫路城","にの門東方上土塀","国宝・重要文化財（建造物）","重要文化財","近世以前／城郭","","桃山","19311214","","兵庫県","兵庫県姫路市本町","","国(文部科学省)","姫路市","34.83955734000000","134.69338409000000","102-castle"
"102","2330","姫路城","はの門西方土塀","国宝・重要文化財（建造物）","重要文化財","近世以前／城郭","","桃山","19311214","","兵庫県","兵庫県姫路市本町","","国(文部科学省)","姫路市","34.83958007000000","134.69287856000000","102-castle"
"102","2321","姫路城","水の一門西方土塀","国宝・重要文化財（建造物）","重要文化財","近世以前／城郭","","桃山","19311214","","兵庫県","兵庫県姫路市本町","","国(文部科学省)","姫路市","34.83961966000000","134.69356245000000","102-castle"
"102","2277","姫路城","ヘの渡櫓","国宝・重要文化財（建造物）","重要文化財","近世以前／城郭","","桃山","19311214","","兵庫県","兵庫県姫路市本町","","国(文部科学省)","姫路市","34.83963126000000","134.69442276000000","102-castle"
"102","2311","姫路城","水の一門","国宝・重要文化財（建造物）","重要文化財","近世以前／城郭","","桃山","19311214","","兵庫県","兵庫県姫路市本町","","国(文部科学省)","姫路市","34.83963515000000","134.69367585000000","102-castle"
"102","2320","姫路城","水の一門北方築地塀","国宝・重要文化財（建造物）","重要文化財","近世以前／城郭","","桃山","19311214","","兵庫県","兵庫県姫路市本町","","国(文部科学省)","姫路市","34.83966660000000","134.69362801000000","102-castle"
"102","2303","姫路城","にの門","国宝・重要文化財（建造物）","重要文化財","近世以前／城郭","","桃山","19311214","","兵庫県","兵庫県姫路市本町","","国(文部科学省)","姫路市","34.83967794000000","134.69321681000000","102-castle"
"102","2274","姫路城","ハの渡櫓","国宝・重要文化財（建造物）","重要文化財","近世以前／城郭","","桃山","19311214","","兵庫県","兵庫県姫路市本町","","国(文部科学省)","姫路市","34.83970517000000","134.69397928000000","102-castle"
"102","2324","姫路城","イの渡櫓南方土塀","国宝・重要文化財（建造物）","重要文化財","近世以前／城郭","","桃山","19311214","","兵庫県","兵庫県姫路市本町","","国(文部科学省)","姫路市","34.83972412000000","134.69362866000000","102-castle"
"102","2275","姫路城","ニの渡櫓","国宝・重要文化財（建造物）","重要文化財","近世以前／城郭","","桃山","19311214","","兵庫県","兵庫県姫路市本町","","国(文部科学省)","姫路市","34.83972462000000","134.69413100000000","102-castle"
"102","2276","姫路城","ホの櫓","国宝・重要文化財（建造物）","重要文化財","近世以前／城郭","","桃山","19311214","","兵庫県","兵庫県姫路市本町","","国(文部科学省)","姫路市","34.83973240000000","134.69429049000000","102-castle"
"102","2273","姫路城","ロの渡櫓","国宝・重要文化財（建造物）","重要文化財","近世以前／城郭","","桃山","19311214","","兵庫県","兵庫県姫路市本町","","国(文部科学省)","姫路市","34.83975963000000","134.69384313000000","102-castle"
"102","2272","姫路城","イの渡櫓","国宝・重要文化財（建造物）","重要文化財","近世以前／城郭","","桃山","19311214","","兵庫県","兵庫県姫路市本町","","国(文部科学省)","姫路市","34.83978686000000","134.69374197000000","102-castle"
"102","2328","姫路城","ロの櫓西方土塀","国宝・重要文化財（建造物）","重要文化財","近世以前／城郭","","桃山","19311214","","兵庫県","兵庫県姫路市本町","","国(文部科学省)","姫路市","34.83991557000000","134.69291909000000","102-castle"
"102","2327","姫路城","ロの櫓東方土塀","国宝・重要文化財（建造物）","重要文化財","近世以前／城郭","","桃山","19311214","","兵庫県","兵庫県姫路市本町","","国(文部科学省)","姫路市","34.83994760000000","134.69317212000000","102-castle"
"102","2288","姫路城","ロの櫓","国宝・重要文化財（建造物）","重要文化財","近世以前／城郭","","桃山","19311214","","兵庫県","兵庫県姫路市本町","","国(文部科学省)","姫路市","34.83995290000000","134.69304473000000","102-castle"
"102","2271","姫路城イ、ロ、ハ、ニの渡櫓","（ニの渡櫓）","国宝・重要文化財（建造物）","国宝","近世以前／城郭","","桃山","19310119","19510609","兵庫県","兵庫県姫路市本町","","国(文部科学省)","姫路市","34.83935213000000","134.69380324000000","102-castle"
"102","2270","姫路城イ、ロ、ハ、ニの渡櫓","（ハの渡櫓）","国宝・重要文化財（建造物）","国宝","近世以前／城郭","","桃山","19310119","19510609","兵庫県","兵庫県姫路市本町","","国(文部科学省)","姫路市","34.83947914000000","134.69370988000000","102-castle"
"102","2268","姫路城イ、ロ、ハ、ニの渡櫓","（イの渡櫓）","国宝・重要文化財（建造物）","国宝","近世以前／城郭","","桃山","19310119","19510609","兵庫県","兵庫県姫路市本町","","国(文部科学省)","姫路市","34.83948442000000","134.69410047000000","102-castle"
"102","2269","姫路城イ、ロ、ハ、ニの渡櫓","（ロの渡櫓）","国宝・重要文化財（建造物）","国宝","近世以前／城郭","","桃山","19310119","19510609","兵庫県","兵庫県姫路市本町","","国(文部科学省)","姫路市","34.83957265000000","134.69391050000000","102-castle"
"102","2266","姫路城乾小天守","","国宝・重要文化財（建造物）","国宝","近世以前／城郭","","桃山","19310119","19510609","兵庫県","兵庫県姫路市本町","","国(文部科学省)","姫路市","34.83956027000000","134.69370101000000","102-castle"
"102","2264","姫路城大天守","","国宝・重要文化財（建造物）","国宝","近世以前／城郭","","桃山","19310119","19510609","兵庫県","兵庫県姫路市本町","","国(文部科学省)","姫路市","34.83935699000000","134.69399463000000","102-castle"
"102","2265","姫路城西小天守","","国宝・重要文化財（建造物）","国宝","近世以前／城郭","","桃山","19310119","19510609","兵庫県","兵庫県姫路市本町","","国(文部科学省)","姫路市","34.83939249000000","134.69369778000000","102-castle"
"102","2267","姫路城東小天守","","国宝・重要文化財（建造物）","国宝","近世以前／城郭","","桃山","19310119","19510609","兵庫県","兵庫県姫路市本町","","国(文部科学省)","姫路市","34.83956349000000","134.69410756000000","102-castle"
"102","2823","和歌山城岡口門","","国宝・重要文化財（建造物）","重要文化財","近世以前／城郭","","江戸前期","19570618","","和歌山県","和歌山県和歌山市一番丁3番地の2","","和歌山市","","34.22669835000000","135.17428541000000","102-castle"
"102","1712","二条城","東南隅櫓","国宝・重要文化財（建造物）","重要文化財","近世以前／城郭","","桃山","19391028","","京都府","京都府京都市中京区二条通堀川西入二条城町","","京都市","","35.01225655000000","135.75101745000000","102-castle"
"102","1713","二条城","東南隅櫓北方多門塀","国宝・重要文化財（建造物）","重要文化財","近世以前／城郭","","桃山","19391028","","京都府","京都府京都市中京区二条通堀川西入二条城町","","京都市","","35.01258094000000","135.75107306000000","102-castle"
"102","1714","二条城","西南隅櫓","国宝・重要文化財（建造物）","重要文化財","近世以前／城郭","","桃山","19391028","","京都府","京都府京都市中京区二条通堀川西入二条城町","","京都市","","35.01264536000000","135.74574229000000","102-castle"
"102","1709","二条城","東大手門","国宝・重要文化財（建造物）","重要文化財","近世以前／城郭","","江戸中期","19391028","","京都府","京都府京都市中京区二条通堀川西入二条城町","","京都市","","35.01287753000000","135.75109160000000","102-castle"
"102","1721","二条城","南中仕切門","国宝・重要文化財（建造物）","重要文化財","近世以前／城郭","","桃山","19391028","","京都府","京都府京都市中京区二条通堀川西入二条城町","","京都市","","35.01296425000000","135.74766956000000","102-castle"
"102","1719","二条城","桃山門","国宝・重要文化財（建造物）","重要文化財","近世以前／城郭","","桃山","19391028","","京都府","京都府京都市中京区二条通堀川西入二条城町","","京都市","","35.01313856000000","135.74877789000000","102-castle"
"102","1717","二条城","土蔵（南）（米蔵）","国宝・重要文化財（建造物）","重要文化財","近世以前／城郭","","桃山","19391028","","京都府","京都府京都市中京区二条通堀川西入二条城町","","京都市","","35.01332126000000","135.74640831000000","102-castle"
"102","1694","二条城","本丸櫓門","国宝・重要文化財（建造物）","重要文化財","近世以前／城郭","","江戸前期","19391028","","京都府","京都府京都市中京区二条通堀川西入二条城町","","京都市","","35.01392487000000","135.74854277000000","102-castle"
"102","1715","二条城","土蔵（米蔵）","国宝・重要文化財（建造物）","重要文化財","近世以前／城郭","","桃山","19391028","","京都府","京都府京都市中京区二条通堀川西入二条城町","","京都市","","35.01443961000000","135.75031700000000","102-castle"
"102","1718","二条城","鳴子門","国宝・重要文化財（建造物）","重要文化財","近世以前／城郭","","桃山","19391028","","京都府","京都府京都市中京区二条通堀川西入二条城町","","京都市","","35.01456695000000","135.74887754000000","102-castle"
"102","1711","二条城","西門","国宝・重要文化財（建造物）","重要文化財","近世以前／城郭","","桃山","19391028","","京都府","京都府京都市中京区二条通堀川西入二条城町","","京都市","","35.01469415000000","135.74587344000000","102-castle"
"102","1716","二条城","土蔵（北）（米蔵）","国宝・重要文化財（建造物）","重要文化財","近世以前／城郭","","桃山","19391028","","京都府","京都府京都市中京区二条通堀川西入二条城町","","京都市","","35.01481609000000","135.74657440000000","102-castle"
"102","1720","二条城","北中仕切門","国宝・重要文化財（建造物）","重要文化財","近世以前／城郭","","桃山","19391028","","京都府","京都府京都市中京区二条通堀川西入二条城町","","京都市","","35.01509291000000","135.74775919000000","102-castle"
"102","1710","二条城","北大手門","国宝・重要文化財（建造物）","重要文化財","近世以前／城郭","","桃山","19391028","","京都府","京都府京都市中京区二条通堀川西入二条城町","","京都市","","35.01553759000000","135.75022036000000","102-castle"
"102","1699","二条城","二の丸御殿唐門","国宝・重要文化財（建造物）","重要文化財","近世以前／住宅","","桃山","19391028","","京都府","京都府京都市中京区二条通堀川西入二条城町","","京都市","","35.01263642000000","135.75034664000000","102-castle"
"102","1700","二条城","二の丸御殿築地","国宝・重要文化財（建造物）","重要文化財","近世以前／住宅","","桃山","19391028","","京都府","京都府京都市中京区二条通堀川西入二条城町","","京都市","","35.01296169000000","135.75063916000000","102-castle"
"102","1708","二条城","二の丸御殿御清所","国宝・重要文化財（建造物）","重要文化財","近世以前／住宅","","桃山","19391028","","京都府","京都府京都市中京区二条通堀川西入二条城町","","京都市","","35.01374877000000","135.75018329000000","102-castle"
"102","1697","二条城","本丸御殿御常御殿","国宝・重要文化財（建造物）","重要文化財","近世以前／住宅","","江戸末期","19440905","","京都府","京都府京都市中京区二条通堀川西入二条城町","","京都市","","35.01387198000000","135.74787720000000","102-castle"
"102","1707","二条城","二の丸御殿台所","国宝・重要文化財（建造物）","重要文化財","近世以前／住宅","","桃山","19391028","","京都府","京都府京都市中京区二条通堀川西入二条城町","","京都市","","35.01403609000000","135.75020182000000","102-castle"
"102","1696","二条城","本丸御殿御書院","国宝・重要文化財（建造物）","重要文化財","近世以前／住宅","","江戸後期","19440905","","京都府","京都府京都市中京区二条通堀川西入二条城町","","京都市","","35.01421383000000","135.74788884000000","102-castle"
"102","1695","二条城","本丸御殿玄関","国宝・重要文化財（建造物）","重要文化財","近世以前／住宅","","江戸末期","19440905","","京都府","京都府京都市中京区二条通堀川西入二条城町","","京都市","","35.01426771000000","135.74753526000000","102-castle"
"102","1698","二条城","本丸御殿台所及び雁之間","国宝・重要文化財（建造物）","重要文化財","近世以前／住宅","","江戸末期","19440905","","京都府","京都府京都市中京区二条通堀川西入二条城町","","京都市","","35.01436210000000","135.74777580000000","102-castle"
"102","2953","松江城天守","","国宝・重要文化財（建造物）","国宝","近世以前／城郭","","桃山","19350513","20150708","島根県","島根県松江市殿町一番地続六","","松江市","","35.47511785000000","133.05076281000000","102-castle"
"102","2998","岡山城月見櫓","","国宝・重要文化財（建造物）","重要文化財","近世以前／城郭","","江戸前期","19330123","","岡山県","岡山県岡山市丸の内","","岡山市","","34.66529838000000","133.93507939000000","102-castle"
"102","2999","岡山城西丸西手櫓","","国宝・重要文化財（建造物）","重要文化財","近世以前／城郭","","桃山","19330123","","岡山県","岡山県岡山市丸の内","","","岡山市","34.66494636000000","133.93088620000000","102-castle"
"102","3032","備中松山城","三の平櫓東土塀","国宝・重要文化財（建造物）","重要文化財","近世以前／城郭","","江戸中期","19410508","","岡山県","岡山県高梁市内山下","","国(文部科学省)","高梁市","34.80788537000000","133.62210713000000","102-castle"
"102","3030","備中松山城","天守","国宝・重要文化財（建造物）","重要文化財","近世以前／城郭","","江戸中期","19410508","","岡山県","岡山県高梁市内山下","","国(文部科学省)","高梁市","34.80909966000000","133.62239816000000","102-castle"
"102","3031","備中松山城","二重櫓","国宝・重要文化財（建造物）","重要文化財","近世以前／城郭","","江戸中期","19410508","","岡山県","岡山県高梁市内山下","","国(文部科学省)","高梁市","34.80934168000000","133.62252006000000","102-castle"
"102","3145","福山城","伏見櫓","国宝・重要文化財（建造物）","重要文化財","近世以前／城郭","","桃山","19330123","","広島県","広島県福山市丸ノ内一丁目1番地","","国(文部科学省)","福山市","34.48972599000000","133.36075080000000","102-castle"
"102","3146","福山城","筋鉄御門","国宝・重要文化財（建造物）","重要文化財","近世以前／城郭","","江戸前期","19330123","","広島県","広島県福山市丸ノ内一丁目1番地","","国(文部科学省)","福山市","34.48990133000000","133.36093689000000","102-castle"
"102","3276","高松城","旧東之丸艮櫓","国宝・重要文化財（建造物）","重要文化財","近世以前／城郭","","江戸中期","19470226","","香川県","香川県高松市玉藻町","","高松市","","34.34879081000000","134.05202695000000","102-castle"
"102","3275","高松城","北之丸渡櫓","国宝・重要文化財（建造物）","重要文化財","近世以前／城郭","","江戸中期","19470226","","香川県","香川県高松市玉藻町","","高松市","","34.35109828000000","134.05167325000000","102-castle"
"102","3274","高松城","北之丸水手御門","国宝・重要文化財（建造物）","重要文化財","近世以前／城郭","","江戸末期","19470226","","香川県","香川県高松市玉藻町","","高松市","","34.35118223000000","134.05169629000000","102-castle"
"102","3273","高松城","北之丸月見櫓","国宝・重要文化財（建造物）","重要文化財","近世以前／城郭","","江戸中期","19470226","","香川県","香川県高松市玉藻町","","高松市","","34.35132851000000","134.05175212000000","102-castle"
"102","3284","丸亀城","大手一の門","国宝・重要文化財（建造物）","重要文化財","近世以前／城郭","","江戸中期","19570618","","香川県","香川県丸亀市一番丁無番地","","国(財務省)","丸亀市","34.28751471000000","133.79942018000000","102-castle"
"102","3285","丸亀城","大手二の門","国宝・重要文化財（建造物）","重要文化財","近世以前／城郭","","江戸中期","19570618","","香川県","香川県丸亀市一番丁無番地","","国(財務省)","丸亀市","34.28761767000000","133.79944720000000","102-castle"
"102","3286","丸亀城天守","","国宝・重要文化財（建造物）","重要文化財","近世以前／城郭","","江戸前期","19430609","","香川県","香川県丸亀市一番丁無番地","","丸亀市","","34.28628021000000","133.80011466000000","102-castle"
"102","3375","宇和島城天守","","国宝・重要文化財（建造物）","重要文化財","近世以前／城郭","","江戸中期","19340130","","愛媛県","愛媛県宇和島市丸之内","","宇和島市","","33.21946217000000","132.56524003000000","102-castle"
"102","3378","大洲城","苧綿櫓","国宝・重要文化財（建造物）","重要文化財","近世以前／城郭","","江戸末期","19570618","","愛媛県","愛媛県大洲市大洲","","大洲市","","33.50860766000000","132.54246216000000","102-castle"
"102","3377","大洲城","高欄櫓","国宝・重要文化財（建造物）","重要文化財","近世以前／城郭","","江戸末期","19570618","","愛媛県","愛媛県大洲市大洲","","大洲市","","33.50939889000000","132.54102512000000","102-castle"
"102","3376","大洲城","台所櫓","国宝・重要文化財（建造物）","重要文化財","近世以前／城郭","","江戸末期","19570618","","愛媛県","愛媛県大洲市大洲","","大洲市","","33.50955193000000","132.54134091000000","102-castle"
"102","3379","大洲城三の丸南隅櫓","","国宝・重要文化財（建造物）","重要文化財","近世以前／城郭","","江戸後期","19570618","","愛媛県","愛媛県大洲市大洲","","","","33.50674042000000","132.54076525000000","102-castle"
"102","3331","松山城","戸無門","国宝・重要文化財（建造物）","重要文化財","近世以前／城郭","","江戸後期","19350513","","愛媛県","愛媛県松山市丸之内","","松山市","","33.84363009000000","132.76665437000000","102-castle"
"102","3329","松山城","隠門","国宝・重要文化財（建造物）","重要文化財","近世以前／城郭","","江戸前期","19350513","","愛媛県","愛媛県松山市丸之内","","松山市","","33.84369598000000","132.76692769000000","102-castle"
"102","3330","松山城","隠門続櫓","国宝・重要文化財（建造物）","重要文化財","近世以前／城郭","","江戸前期","19350513","","愛媛県","愛媛県松山市丸之内","","松山市","","33.84371244000000","132.76699625000000","102-castle"
"102","3338","松山城","紫竹門西塀","国宝・重要文化財（建造物）","重要文化財","近世以前／城郭","","江戸末期","19350513","","愛媛県","愛媛県松山市丸之内","","松山市","","33.84525171000000","132.76560592000000","102-castle"
"102","3328","松山城","紫竹門","国宝・重要文化財（建造物）","重要文化財","近世以前／城郭","","江戸末期","19350513","","愛媛県","愛媛県松山市丸之内","","松山市","","33.84525172000000","132.76566420000000","102-castle"
"102","3336","松山城","一ノ門東塀","国宝・重要文化財（建造物）","重要文化財","近世以前／城郭","","江戸末期","19350513","","愛媛県","愛媛県松山市丸之内","","松山市","","33.84528312000000","132.76593043000000","102-castle"
"102","3321","松山城","一ノ門南櫓","国宝・重要文化財（建造物）","重要文化財","近世以前／城郭","","江戸末期","19350513","","愛媛県","愛媛県松山市丸之内","","松山市","","33.84529405000000","132.76583227000000","102-castle"
"102","3337","松山城","紫竹門東塀","国宝・重要文化財（建造物）","重要文化財","近世以前／城郭","","江戸末期","19350513","","愛媛県","愛媛県松山市丸之内","","松山市","","33.84529882000000","132.76568269000000","102-castle"
"102","3320","松山城","二ノ門南櫓","国宝・重要文化財（建造物）","重要文化財","近世以前／城郭","","江戸末期","19350513","","愛媛県","愛媛県松山市丸之内","","松山市","","33.84532860000000","132.76602422000000","102-castle"
"102","3327","松山城","一ノ門","国宝・重要文化財（建造物）","重要文化財","近世以前／城郭","","江戸末期","19350513","","愛媛県","愛媛県松山市丸之内","","松山市","","33.84536320000000","132.76581347000000","102-castle"
"102","3322","松山城","乾櫓","国宝・重要文化財（建造物）","重要文化財","近世以前／城郭","","江戸前期","19350513","","愛媛県","愛媛県松山市丸之内","","松山市","","33.84536887000000","132.76476672000000","102-castle"
"102","3334","松山城","筋鉄門東塀","国宝・重要文化財（建造物）","重要文化財","近世以前／城郭","","江戸末期","19350513","","愛媛県","愛媛県松山市丸之内","","松山市","","33.84541397000000","132.76575073000000","102-castle"
"102","3319","松山城","三ノ門南櫓","国宝・重要文化財（建造物）","重要文化財","近世以前／城郭","","江戸末期","19350513","","愛媛県","愛媛県松山市丸之内","","松山市","","33.84542074000000","132.76590905000000","102-castle"
"102","3326","松山城","二ノ門","国宝・重要文化財（建造物）","重要文化財","近世以前／城郭","","江戸末期","19350513","","愛媛県","愛媛県松山市丸之内","","松山市","","33.84543878000000","132.76597030000000","102-castle"
"102","3335","松山城","三ノ門東塀","国宝・重要文化財（建造物）","重要文化財","近世以前／城郭","","江戸末期","19350513","","愛媛県","愛媛県松山市丸之内","","松山市","","33.84549248000000","132.76593567000000","102-castle"
"102","3325","松山城","三ノ門","国宝・重要文化財（建造物）","重要文化財","近世以前／城郭","","江戸末期","19350513","","愛媛県","愛媛県松山市丸之内","","松山市","","33.84549368000000","132.76590521000000","102-castle"
"102","3333","松山城","二ノ門東塀","国宝・重要文化財（建造物）","重要文化財","近世以前／城郭","","江戸末期","19350513","","愛媛県","愛媛県松山市丸之内","","松山市","","33.84553261000000","132.76604733000000","102-castle"
"102","3318","松山城","天守","国宝・重要文化財（建造物）","重要文化財","近世以前／城郭","","江戸末期","19350513","","愛媛県","愛媛県松山市丸之内","","松山市","","33.84558966000000","132.76572861000000","102-castle"
"102","3323","松山城","野原櫓","国宝・重要文化財（建造物）","重要文化財","近世以前／城郭","","江戸前期","19350513","","愛媛県","愛媛県松山市丸之内","","松山市","","33.84558993000000","132.76511060000000","102-castle"
"102","3324","松山城","仕切門","国宝・重要文化財（建造物）","重要文化財","近世以前／城郭","","江戸末期","19350513","","愛媛県","愛媛県松山市丸之内","","松山市","","33.84571842000000","132.76566043000000","102-castle"
"102","3332","松山城","仕切門内塀","国宝・重要文化財（建造物）","重要文化財","近世以前／城郭","","江戸末期","19350513","","愛媛県","愛媛県松山市丸之内","","松山市","","33.84575243000000","132.76557801000000","102-castle"
"102","3432","高知城","追手門西南矢狭間塀","国宝・重要文化財（建造物）","重要文化財","近世以前／城郭","","江戸中期","19340130","","高知県","高知県高知市丸ノ内","","高知県","","33.56048520000000","133.53318618000000","102-castle"
"102","3431","高知城","黒鉄門東南矢狭間塀","国宝・重要文化財（建造物）","重要文化財","近世以前／城郭","","江戸中期","19340130","","高知県","高知県高知市丸ノ内","","高知県","","33.56063411000000","133.53123258000000","102-castle"
"102","3428","高知城","天守東南矢狭間塀","国宝・重要文化財（建造物）","重要文化財","近世以前／城郭","","江戸中期","19340130","","高知県","高知県高知市丸ノ内","","高知県","","33.56064931000000","133.53170845000000","102-castle"
"102","3422","高知城","黒鉄門","国宝・重要文化財（建造物）","重要文化財","近世以前／城郭","","江戸中期","19340130","","高知県","高知県高知市丸ノ内","","高知県","","33.56067725000000","133.53114135000000","102-castle"
"102","3427","高知城","追手門","国宝・重要文化財（建造物）","重要文化財","近世以前／城郭","","江戸後期","19340130","","高知県","高知県高知市丸ノ内","","高知県","","33.56069839000000","133.53309803000000","102-castle"
"102","3430","高知城","黒鉄門西北矢狭間塀","国宝・重要文化財（建造物）","重要文化財","近世以前／城郭","","江戸中期","19340130","","高知県","高知県高知市丸ノ内","","高知県","","33.56071682000000","133.53104736000000","102-castle"
"102","3419","高知城","天守","国宝・重要文化財（建造物）","重要文化財","近世以前／城郭","","江戸中期","19340130","","高知県","高知県高知市丸ノ内","","高知県","","33.56080453000000","133.53154269000000","102-castle"
"102","3423","高知城","西多聞","国宝・重要文化財（建造物）","重要文化財","近世以前／城郭","","江戸中期","19340130","","高知県","高知県高知市丸ノ内","","高知県","","33.56081356000000","133.53108992000000","102-castle"
"102","3429","高知城","天守西北矢狭間塀","国宝・重要文化財（建造物）","重要文化財","近世以前／城郭","","江戸中期","19340130","","高知県","高知県高知市丸ノ内","","高知県","","33.56082086000000","133.53139165000000","102-castle"
"102","3433","高知城","追手門東北矢狭間塀","国宝・重要文化財（建造物）","重要文化財","近世以前／城郭","","江戸中期","19340130","","高知県","高知県高知市丸ノ内","","高知県","","33.56087736000000","133.53319124000000","102-castle"
"102","3424","高知城","東多聞","国宝・重要文化財（建造物）","重要文化財","近世以前／城郭","","江戸後期","19340130","","高知県","高知県高知市丸ノ内","","高知県","","33.56089438000000","133.53134687000000","102-castle"
"102","3426","高知城","廊下門","国宝・重要文化財（建造物）","重要文化財","近世以前／城郭","","江戸後期","19340130","","高知県","高知県高知市丸ノ内","","高知県","","33.56096483000000","133.53119353000000","102-castle"
"102","3425","高知城","詰門","国宝・重要文化財（建造物）","重要文化財","近世以前／城郭","","江戸後期","19340130","","高知県","高知県高知市丸ノ内","","高知県","","33.56104130000000","133.53119979000000","102-castle"
"102","3421","高知城","納戸蔵","国宝・重要文化財（建造物）","重要文化財","近世以前／住宅","","江戸中期","19340130","","高知県","高知県高知市丸ノ内","","高知県","","33.56059184000000","133.53143597000000","102-castle"
"102","3420","高知城","懐徳館","国宝・重要文化財（建造物）","重要文化財","近世以前／住宅","","江戸中期","19340130","","高知県","高知県高知市丸ノ内","","高知県","","33.56073065000000","133.53134488000000","102-castle"
"102","3466","福岡城南丸多聞櫓","","国宝・重要文化財（建造物）","重要文化財","近世以前／城郭","","江戸末期","19711228","","福岡県","福岡県福岡市中央区城内1番1号","","福岡市","","33.58345994000000","130.38199657000000","102-castle"
"102","3506","佐賀城鯱の門及び続櫓","","国宝・重要文化財（建造物）","重要文化財","近世以前／城郭","","江戸末期","19570618","","佐賀県","佐賀県佐賀市城内","","佐賀市","","33.24591583000000","130.30288324000000","102-castle"
"102","3558","熊本城","長塀","国宝・重要文化財（建造物）","重要文化財","近世以前／城郭","","桃山","19330123","","熊本県","熊本県熊本市中央区本丸および二ノ丸","","国(文部科学省)","熊本市","32.80356964000000","130.70624751000000","102-castle"
"102","3551","熊本城","田子櫓","国宝・重要文化財（建造物）","重要文化財","近世以前／城郭","","江戸末期","19330123","","熊本県","熊本県熊本市中央区本丸および二ノ丸","","国(文部科学省)","熊本市","32.80442933000000","130.70685612000000","102-castle"
"102","3550","熊本城","七間櫓","国宝・重要文化財（建造物）","重要文化財","近世以前／城郭","","江戸末期","19330123","","熊本県","熊本県熊本市中央区本丸および二ノ丸","","国(文部科学省)","熊本市","32.80450495000000","130.70686116000000","102-castle"
"102","3549","熊本城","十四間櫓","国宝・重要文化財（建造物）","重要文化財","近世以前／城郭","","江戸末期","19330123","","熊本県","熊本県熊本市中央区本丸および二ノ丸","","国(文部科学省)","熊本市","32.80473182000000","130.70694686000000","102-castle"
"102","3548","熊本城","四間櫓","国宝・重要文化財（建造物）","重要文化財","近世以前／城郭","","江戸末期","19330123","","熊本県","熊本県熊本市中央区本丸および二ノ丸","","国(文部科学省)","熊本市","32.80482256000000","130.70704769000000","102-castle"
"102","3547","熊本城","源之進櫓","国宝・重要文化財（建造物）","重要文化財","近世以前／城郭","","桃山","19330123","","熊本県","熊本県熊本市中央区本丸および二ノ丸","","国(文部科学省)","熊本市","32.80501414000000","130.70719894000000","102-castle"
"102","3552","熊本城","東十八間櫓","国宝・重要文化財（建造物）","重要文化財","近世以前／城郭","","桃山","19330123","","熊本県","熊本県熊本市中央区本丸および二ノ丸","","国(文部科学省)","熊本市","32.80598211000000","130.70754176000000","102-castle"
"102","3553","熊本城","北十八間櫓","国宝・重要文化財（建造物）","重要文化財","近世以前／城郭","","桃山","19330123","","熊本県","熊本県熊本市中央区本丸および二ノ丸","","国(文部科学省)","熊本市","32.80619385000000","130.70751655000000","102-castle"
"102","3554","熊本城","五間櫓","国宝・重要文化財（建造物）","重要文化財","近世以前／城郭","","桃山","19330123","","熊本県","熊本県熊本市中央区本丸および二ノ丸","","国(文部科学省)","熊本市","32.80631989000000","130.70740564000000","102-castle"
"102","3555","熊本城","不開門","国宝・重要文化財（建造物）","重要文化財","近世以前／城郭","","江戸末期","19330123","","熊本県","熊本県熊本市中央区本丸および二ノ丸","","国(文部科学省)","熊本市","32.80636526000000","130.70706786000000","102-castle"
"102","3546","熊本城","宇土櫓","国宝・重要文化財（建造物）","重要文化財","近世以前／城郭","","桃山","19330123","","熊本県","熊本県熊本市中央区本丸および二ノ丸","","国(文部科学省)","熊本市","32.80650087000000","130.70480797000000","102-castle"
"102","3556","熊本城","平櫓","国宝・重要文化財（建造物）","重要文化財","近世以前／城郭","","江戸末期","19330123","","熊本県","熊本県熊本市中央区本丸および二ノ丸","","国(文部科学省)","熊本市","32.80671816000000","130.70646288000000","102-castle"
"102","3557","熊本城","監物櫓（新堀櫓）","国宝・重要文化財（建造物）","重要文化財","近世以前／城郭","","江戸末期","19330123","","熊本県","熊本県熊本市中央区本丸および二ノ丸","","国(文部科学省)","熊本市","32.80779928000000","130.70482720000000","102-castle"
"401","7","五稜郭跡","","史跡名勝天然記念物","特別史跡","","","","19221012","","北海道","函館市五稜郭町本通","","","","41.79688685000000","140.75682682000000","401-special-historic"
"401","108","三内丸山遺跡","","史跡名勝天然記念物","特別史跡","","","","19970305","","青森県","青森市大字三内","","","","40.81103046000000","140.69849074000000","401-special-historic"
"401","165","中尊寺境内","","史跡名勝天然記念物","特別史跡","","","","19790522","","岩手県","西磐井郡平泉町","","","","39.00186419000000","141.10007091000000","401-special-historic"
"401","117","無量光院跡","","史跡名勝天然記念物","特別史跡","","","","19221012","","岩手県","西磐井郡平泉町","","","","38.99293002000000","141.11588820000000","401-special-historic"
"401","116","毛越寺境内
　附　鎮守社跡","","史跡名勝天然記念物","特別史跡","","","","19221012","","岩手県","西磐井郡平泉町","","","","38.99053116000000","141.11545707000000","401-special-historic"
"401","181","多賀城跡
　附　寺跡","","史跡名勝天然記念物","特別史跡","","","","19221012","","宮城県","多賀城市市川・高崎・新西久保・西久保・金堀・五万崎・六月坂・浮島・大代・山王","","","","38.30605267000000","140.98841561000000","401-special-historic"
"401","268","大湯環状列石","","史跡名勝天然記念物","特別史跡","","","縄文時代後期前葉～中葉","19511226","","秋田県","鹿角市十和田","","","","40.27133698000000","140.80431892000000","401-special-historic"
"401","470","大谷磨崖仏","","史跡名勝天然記念物","特別史跡","","","","19260224","","栃木県","宇都宮市大谷町","","","","36.59628590000000","139.82087223000000","401-special-historic"
"401","467","日光杉並木街道
　附　並木寄進碑","","史跡名勝天然記念物","特別史跡","特別天然記念物","","江戸時代初期","19220308","","栃木県","日光市、鹿沼市","","","","36.69076609000000","139.71674674000000","401-special-historic"
"401","521","金井沢碑","","史跡名勝天然記念物","特別史跡","","","","19210303","","群馬県","高崎市山名町","","","","36.28566066000000","139.01616962000000","401-special-historic"
"401","519","多胡碑","","史跡名勝天然記念物","特別史跡","","","","19210303","","群馬県","高崎市","","","","36.26468249000000","138.99647476000000","401-special-historic"
"401","520","山上碑及び古墳","","史跡名勝天然記念物","特別史跡","","","","19210303","","群馬県","高崎市山名町","","","","36.27711111000000","139.02777778000000","401-special-historic"
"401","603","埼玉古墳群","","史跡名勝天然記念物","特別史跡","","","","20200310","","埼玉県","行田市","","","","36.12308616000000","139.47787255000000","401-special-historic"
"401","425","旧弘道館","","史跡名勝天然記念物","特別史跡","","","","19220308","","茨城県","水戸市三の丸","","","","36.37580762000000","140.47708639000000","401-special-historic"
"401","427","常陸国分寺跡","","史跡名勝天然記念物","特別史跡","","","","19221012","","茨城県","石岡市府中","","","","36.19635980000000","140.27370119000000","401-special-historic"
"401","428","常陸国分尼寺跡","","史跡名勝天然記念物","特別史跡","","","","19221012","","茨城県","石岡市若松","","","","36.20161471000000","140.26774600000000","401-special-historic"
"401","00003988","加曽利貝塚","","史跡名勝天然記念物","特別史跡","","","縄文","19710322","","千葉県","千葉県千葉市","","","","35.60721361000000","140.10643306000000","401-special-historic"
"401","723","江戸城跡","","史跡名勝天然記念物","特別史跡","","","","19600520","","東京都","千代田区","","","","35.68825153000000","139.75444970000000","401-special-historic"
"401","712","旧浜離宮庭園","","史跡名勝天然記念物","特別名勝","特別史跡","","","19481218","","東京都","中央区浜離宮庭園","","","","35.65989173000000","139.76335008000000","401-special-historic"
"401","683","小石川後楽園","","史跡名勝天然記念物","特別史跡","特別名勝","","","19230307","","東京都","文京区後楽一丁目","","","","35.70565502000000","139.74908212000000","401-special-historic"
"401","00003445","一乗谷朝倉氏遺跡","","史跡名勝天然記念物","特別史跡","","","","19300708","","福井県","福井市城戸ノ内町・安波賀町・東新町・西新町","","","","36.00139924000000","136.29698422000000","401-special-historic"
"401","1178","尖石石器時代遺跡","","史跡名勝天然記念物","特別史跡","","","","19421014","","長野県","茅野市豊平","","","","36.01365695000000","138.23315369000000","401-special-historic"
"401","1316","新居関跡","","史跡名勝天然記念物","特別史跡","","","","19210303","","静岡県","浜名郡新居町","","","","34.69479510000000","137.56136592000000","401-special-historic"
"401","1323","遠江国分寺跡","","史跡名勝天然記念物","特別史跡","","","","19230307","","静岡県","磐田市見付","","","","34.71948542000000","137.85137974000000","401-special-historic"
"401","1353","登呂遺跡","","史跡名勝天然記念物","特別史跡","","","","19520329","","静岡県","静岡市駿河区登呂","","","","34.95603090000000","138.40896558000000","401-special-historic"
"401","1422","名古屋城跡","","史跡名勝天然記念物","特別史跡","","","","19321212","","愛知県","名古屋市中区本丸・二の丸・三の丸","","","","35.18471410000000","136.89940010000000","401-special-historic"
"401","1491","本居宣長旧宅
　同　宅跡","","史跡名勝天然記念物","特別史跡","","","","19220308","","三重県","松阪市殿町（旧宅）松阪市魚町（宅跡）","","","","34.57524459000000","136.52583291000000","401-special-historic"
"401","1562","安土城跡","","史跡名勝天然記念物","特別史跡","","","","19261020","","滋賀県","蒲生郡安土町、東近江市","","","","35.15638216000000","136.13934872000000","401-special-historic"
"401","1591","彦根城跡","","史跡名勝天然記念物","特別史跡","","","","19510609","","滋賀県","彦根市金亀町・尾末町・城町","","","","35.27613422000000","136.25205662000000","401-special-historic"
"401","1792","大坂城跡","","史跡名勝天然記念物","特別史跡","","","","19530331","","大阪府","大阪市中央区大坂城","","","","34.68639252000000","135.52594257000000","401-special-historic"
"401","1784","百済寺跡","","史跡名勝天然記念物","特別史跡","","","","19410127","","大阪府","枚方市中宮西之町","","","","34.81561670000000","135.66097694000000","401-special-historic"
"401","1865","姫路城跡","","史跡名勝天然記念物","特別史跡","","","","19280920","","兵庫県","姫路市本町","","","","34.83707140000000","134.69332269000000","401-special-historic"
"401","1984","石舞台古墳","","史跡名勝天然記念物","特別史跡","","","","19351224","","奈良県","高市郡明日香村","","","","34.46686287000000","135.82612794000000","401-special-historic"
"401","3293","キトラ古墳","","史跡名勝天然記念物","特別史跡","","","","20000731","","奈良県","高市郡明日香村","","","","34.45108990000000","135.80516226000000","401-special-historic"
"401","1959","巣山古墳","","史跡名勝天然記念物","特別史跡","","","","19270408","","奈良県","北葛城郡広陵町","","","","34.55656307000000","135.74108619000000","401-special-historic"
"401","2020","高松塚古墳","","史跡名勝天然記念物","特別史跡","","","","19720617","","奈良県","高市郡明日香村","","","","34.46226848000000","135.80619936000000","401-special-historic"
"401","1989","藤原宮跡","","史跡名勝天然記念物","特別史跡","","","６９４年～７１０年","19461121","","奈良県","橿原市高殿町・醍醐町・縄手町・木之本町","","","","34.50222329000000","135.80732074000000","401-special-historic"
"401","1942","平城宮跡","","史跡名勝天然記念物","特別史跡","","","","19221012","","奈良県","奈良市佐紀町・二条大路南・法華寺町","","","","34.69204763000000","135.79718105000000","401-special-historic"
"401","2032","平城京左京三条二坊宮跡庭園","","史跡名勝天然記念物","特別史跡","特別名勝","","","19781027","","奈良県","奈良市三条大路一丁目","","","","34.68389686000000","135.80234295000000","401-special-historic"
"401","1934","本薬師寺跡","","史跡名勝天然記念物","特別史跡","","","","19210303","","奈良県","橿原市城殿町","","","","34.49266238000000","135.79998521000000","401-special-historic"
"401","1944","文殊院西古墳","","史跡名勝天然記念物","特別史跡","","","","19230307","","奈良県","桜井市阿部","","","","34.50375700000000","135.84257500000000","401-special-historic"
"401","1931","山田寺跡","","史跡名勝天然記念物","特別史跡","","","","19210303","","奈良県","桜井市山田","","","","34.48404559000000","135.83012669000000","401-special-historic"
"401","2070","岩橋千塚古墳群","","史跡名勝天然記念物","特別史跡","","","","19310731","","和歌山県","和歌山市岩橋","","","","34.22535458000000","135.22650145000000","401-special-historic"
"401","1712","恭仁宮跡（山城国分寺跡）","","史跡名勝天然記念物","特別史跡","","","古代","19570701","","京都府","木津川市","","","","34.76572542000000","135.86229234000000","401-special-historic"
"401","1658","慈照寺（銀閣寺）庭園","","史跡名勝天然記念物","特別史跡","特別名勝","","","19251008","","京都府","京都市左京区銀閣寺町","","","","35.02665809000000","135.79825819000000","401-special-historic"
"401","1660","醍醐寺三宝院庭園","","史跡名勝天然記念物","特別史跡","特別名勝","","","19270614","","京都府","京都市伏見区醍醐東大路町","","","","34.95190472000000","135.81954431000000","401-special-historic"
"401","1657","鹿苑寺（金閣寺）庭園","","史跡名勝天然記念物","特別史跡","特別名勝","","","19251008","","京都府","京都市北区金閣寺町","","","","35.03965336000000","135.72860908000000","401-special-historic"
"401","2118","斎尾廃寺跡","","史跡名勝天然記念物","特別史跡","","","","19351224","","鳥取県","東伯郡琴浦町","","","","35.48171188000000","133.71144980000000","401-special-historic"
"401","2242","旧閑谷学校
　附　椿山・石門・津田永忠宅跡及び黄葉亭","","史跡名勝天然記念物","特別史跡","","","","19220308","","岡山県","備前市閑谷","","","","34.79637762000000","134.21987320000000","401-special-historic"
"401","2315","厳島","","史跡名勝天然記念物","特別史跡","特別名勝","","","19230307","","広島県","廿日市市","","","","34.27116775000000","132.30612349000000","401-special-historic"
"401","2351","原爆ドーム（旧広島県産業奨励館）","","史跡名勝天然記念物","特別史跡","","","","19950627","","広島県","広島市中区大手町","","","","34.39564667000000","132.45368502000000","401-special-historic"
"401","2324","廉塾ならびに菅茶山旧宅","","史跡名勝天然記念物","特別史跡","","","","19340122","","広島県","福山市","","","","34.54465901000000","133.38456683000000","401-special-historic"
"401","2509","讃岐国分寺跡","","史跡名勝天然記念物","特別史跡","","","","19280324","","香川県","高松市","","","","34.30290586000000","133.94416106000000","401-special-historic"
"401","2631","王塚古墳","","史跡名勝天然記念物","特別史跡","","","","19370615","","福岡県","嘉穂郡桂川町","","","","33.58873401000000","130.66359466000000","401-special-historic"
"401","2622","大野城跡","","史跡名勝天然記念物","特別史跡","","","","19320723","","福岡県","太宰府市、糟谷郡宇美町、大野城市","","","","33.53636129000000","130.51891205000000","401-special-historic"
"401","2599","大宰府跡","","史跡名勝天然記念物","特別史跡","","","","19210303","","福岡県","太宰府市","","","","33.51459478000000","130.51517438000000","401-special-historic"
"401","2598","水城跡","","史跡名勝天然記念物","特別史跡","","","６６４年～","19210303","","福岡県","太宰府市、大野城市、春日市","","","","33.51642457000000","130.49035829000000","401-special-historic"
"401","2711","名護屋城跡並陣跡","","史跡名勝天然記念物","特別史跡","","","","19261104","","佐賀県","唐津市鎮西町・呼子町、東松浦郡玄海町","","","","33.52706610000000","129.87596326000000","401-special-historic"
"401","2732","吉野ヶ里遺跡","","史跡名勝天然記念物","特別史跡","","","","19900519","","佐賀県","神埼市、神埼郡吉野ヶ里町","","","","33.32541401000000","130.38439420000000","401-special-historic"
"401","2782","金田城跡","","史跡名勝天然記念物","特別史跡","","","","19820323","","長崎県","対馬市美津島町","","","","34.29677303000000","129.27270691000000","401-special-historic"
"401","2791","原の辻遺跡","","史跡名勝天然記念物","特別史跡","","","","19970902","","長崎県","壱岐市芦辺町・石田町","","","","33.75878417000000","129.75186114000000","401-special-historic"
"401","2778","福井洞窟","","史跡名勝天然記念物","特別史跡","","","","19780802","","長崎県","佐世保市","","","","33.29205288000000","129.69681089000000","401-special-historic"
"401","2809","熊本城跡","","史跡名勝天然記念物","特別史跡","","","","19330228","","熊本県","熊本市本丸・二の丸・宮内・古城・古京町・千葉城町","","","","32.80599060000000","130.70632284000000","401-special-historic"
"401","2860","臼杵磨崖仏
　附　日吉塔、嘉応二年在銘五輪塔
　承安二年在銘五輪塔","","史跡名勝天然記念物","特別史跡","","","","19340122","","大分県","臼杵市大字前田・深田・中尾","","","","33.09091787000000","131.76543169000000","401-special-historic"
"401","2918","西都原古墳群","","史跡名勝天然記念物","特別史跡","","","","19340501","","宮崎県","西都市大字三宅　大字童子丸　大字右松","","","","32.11150158000000","131.38518717000000","401-special-historic"
"401","3085","基肄（椽）城跡","","史跡名勝天然記念物","特別史跡","","","","19371221","","２県以上","筑紫野市、三養基郡基山町","","","","33.44347146000000","130.51252935000000","401-special-historic"
"401","2","阿寒湖のマリモ","","史跡名勝天然記念物","特別天然記念物","","","","19210303","","北海道","釧路市阿寒町","","","","43.45322226000000","144.10229501000000","401-special-natural"
"401","26","アポイ岳高山植物群落","","史跡名勝天然記念物","特別天然記念物","","","","19390907","","北海道","様似郡様似町","","","","42.11377882000000","143.03191054000000","401-special-natural"
"401","33","昭和新山","","史跡名勝天然記念物","特別天然記念物","","","","19510609","","北海道","有珠郡壮瞥町","","","","42.54257268000000","140.86439231000000","401-special-natural"
"401","44","大雪山","","史跡名勝天然記念物","特別天然記念物","","","","19710423","","北海道","上川郡上川町・東川町・美瑛町・新得町","","","","43.55100631000000","142.82994284000000","401-special-natural"
"401","4","野幌原始林","","史跡名勝天然記念物","特別天然記念物","","","","19210303","","北海道","北広島市","","","","42.99110703000000","141.53357485000000","401-special-natural"
"401","90","小湊のハクチョウおよびその渡来地","","史跡名勝天然記念物","特別天然記念物","","","","19220308","","青森県","東津軽郡平内町
青森市","","","","40.93714292000000","140.97041358000000","401-special-natural"
"401","151","夏油温泉の石灰華","","史跡名勝天然記念物","特別天然記念物","","","","19410228","","岩手県","北上市和賀町","","","","39.21067232000000","140.88681871000000","401-special-natural"
"401","139","根反の大珪化木","","史跡名勝天然記念物","特別天然記念物","","","","19361216","","岩手県","二戸郡一戸町","","","","40.19032700000000","141.33459500000000","401-special-natural"
"401","124","早池峰山および薬師岳の高山帯・森林植物群落","","史跡名勝天然記念物","特別天然記念物","","","","19280207","","岩手県","花巻市、遠野市附馬牛町、下閉伊郡川井村","","","","39.55631768000000","141.47155529000000","401-special-natural"
"401","155","焼走り熔岩流","","史跡名勝天然記念物","特別天然記念物","","","","19441107","","岩手県","岩手郡西根町","","","","39.86989176000000","141.04426250000000","401-special-natural"
"401","187","鬼首の雌釜および雄釜間歇温泉","","史跡名勝天然記念物","特別天然記念物","","","","19330413","","宮城県","大崎市鳴子温泉鬼首","","","","38.82335517000000","140.69031713000000","401-special-natural"
"401","256","玉川温泉の北投石","","史跡名勝天然記念物","特別天然記念物","","","","19221012","","秋田県","仙北市","","","","39.96084271000000","140.73017540000000","401-special-natural"
"401","300","羽黒山のスギ並木","","史跡名勝天然記念物","特別天然記念物","","","","19510609","","山形県","鶴岡市","","","","38.70416036000000","139.97009751000000","401-special-natural"
"401","291","東根の大ケヤキ","","史跡名勝天然記念物","特別天然記念物","","","","19261020","","山形県","東根市東根","","","","38.44191700000000","140.40245100000000","401-special-natural"
"401","465","コウシンソウ自生地","","史跡名勝天然記念物","特別天然記念物","","","","19210303","","栃木県","日光市","","","","36.67381650000000","139.36797879000000","401-special-natural"
"401","467","日光杉並木街道
　附　並木寄進碑","","史跡名勝天然記念物","特別史跡","特別天然記念物","","江戸時代初期","19220308","","栃木県","日光市、鹿沼市","","","","36.69076609000000","139.71674674000000","401-special-natural"
"401","552","浅間山熔岩樹型","","史跡名勝天然記念物","特別天然記念物","","","","19400830","","群馬県","吾妻郡嬬恋村","","","","36.43155191000000","138.55947446000000","401-special-natural"
"401","595","牛島のフジ","","史跡名勝天然記念物","特別天然記念物","","","","19280118","","埼玉県","春日部市牛島","","","","35.98500000000000","139.77322222000000","401-special-natural"
"401","591","田島ヶ原サクラソウ自生地","","史跡名勝天然記念物","特別天然記念物","","","","19200717","","埼玉県","さいたま市桜区田島・西堀","","","","35.83885195000000","139.61623258000000","401-special-natural"
"401","604","御岳の鏡岩","","史跡名勝天然記念物","特別天然記念物","","","","19400830","","埼玉県","児玉郡神川町","","","","36.17916667000000","139.07047222000000","401-special-natural"
"401","632","鯛の浦タイ生息地","","史跡名勝天然記念物","特別天然記念物","","","","19220308","","千葉県","鴨川市","","","","35.11735913000000","140.19216676000000","401-special-natural"
"401","701","大島のサクラ株","","史跡名勝天然記念物","特別天然記念物","","","","19351224","","東京都","大島町泉津","","","","34.76291667000000","139.42919445000000","401-special-natural"
"401","954","魚津埋没林","","史跡名勝天然記念物","特別天然記念物","","","","19361216","","富山県","魚津市釈迦堂","","","","36.82252100000000","137.39457700000000","401-special-natural"
"401","960","黒部峡谷
　附　猿飛並びに奥鐘山","","史跡名勝天然記念物","特別名勝","特別天然記念物","","","19560907","","富山県","中新川郡立山町、下新川郡宇奈月町","","","","36.60407534000000","137.67633324000000","401-special-natural"
"401","946","ホタルイカ群遊海面","","史跡名勝天然記念物","特別天然記念物","","","","19220308","","富山県","富山市水橋町
魚津市
滑川市","","","","36.78824760000000","137.34990631000000","401-special-natural"
"401","958","薬師岳の圏谷群","","史跡名勝天然記念物","特別天然記念物","","","","19450222","","富山県","富山市","","","","36.46727546000000","137.55178110000000","401-special-natural"
"401","1002","岩間の噴泉塔群","","史跡名勝天然記念物","特別天然記念物","","","","19541225","","石川県","白山市尾添","","","","36.23141523000000","136.76740047000000","401-special-natural"
"401","1111","鳴沢熔岩樹型","","史跡名勝天然記念物","特別天然記念物","","","","19291217","","山梨県","南都留郡鳴沢村","","","","35.48005556000000","138.69836111000000","401-special-natural"
"401","1165","上高地","","史跡名勝天然記念物","特別名勝","特別天然記念物","","","19280324","","長野県","松本市","","","","36.28300533000000","137.67525026000000","401-special-natural"
"401","1159","白骨温泉の噴湯丘と球状石灰石","","史跡名勝天然記念物","特別天然記念物","","","","19220308","","長野県","松本市","","","","36.15218392000000","137.62987395000000","401-special-natural"
"401","1245","石徹白のスギ","","史跡名勝天然記念物","特別天然記念物","","","","19241209","","岐阜県","郡上市白鳥町","","","","35.99208500000000","136.76870700000000","401-special-natural"
"401","1249","根尾谷断層","","史跡名勝天然記念物","特別天然記念物","","","","19270614","","岐阜県","本巣市根尾","","","","35.61642274000000","136.62035034000000","401-special-natural"
"401","1272","根尾谷の菊花石","","史跡名勝天然記念物","特別天然記念物","","","","19411213","","岐阜県","本巣市根尾町","","","","35.67189615000000","136.69056501000000","401-special-natural"
"401","1322","狩宿の下馬ザクラ","","史跡名勝天然記念物","特別天然記念物","","","","19221012","","静岡県","富士宮市狩宿","","","","35.30147222000000","138.58850000000000","401-special-natural"
"401","1349","湧玉池","","史跡名勝天然記念物","特別天然記念物","","","","19441107","","静岡県","富士宮市宮町","","","","35.22738626000000","138.61139817000000","401-special-natural"
"401","1583","長岡のゲンジボタルおよびその発生地","","史跡名勝天然記念物","特別天然記念物","","","","19440307","","滋賀県","米原市長岡","","","","35.35288543000000","136.36778762000000","401-special-natural"
"401","1951","春日山原始林","","史跡名勝天然記念物","特別天然記念物","","","","19241209","","奈良県","奈良市春日野町","","","","34.68207411000000","135.85831576000000","401-special-natural"
"401","2104","大山のダイセンキャラボク純林","","史跡名勝天然記念物","特別天然記念物","","","","19270614","","鳥取県","西伯郡大山町","","","","35.37220146000000","133.53459571000000","401-special-natural"
"401","2167","大根島の熔岩隧道","","史跡名勝天然記念物","特別天然記念物","","","","19310731","","島根県","松江市八束町","","","","35.49238600000000","133.18435700000000","401-special-natural"
"401","2432","秋吉台","","史跡名勝天然記念物","特別天然記念物","","","","19611019","","山口県","美祢市","","","","34.24986487000000","131.30303182000000","401-special-natural"
"401","2364","秋芳洞","","史跡名勝天然記念物","特別天然記念物","","","","19220308","","山口県","美祢市","","","","34.22852970000000","131.30359312000000","401-special-natural"
"401","2362","八代のツルおよびその渡来地","","史跡名勝天然記念物","特別天然記念物","","","","19210303","","山口県","周南市、下松市","","","","34.09348064000000","131.94374077000000","401-special-natural"
"401","2480","加茂の大クス","","史跡名勝天然記念物","特別天然記念物","","","","19261020","","徳島県","三好郡東みよし町","","","","34.04091300000000","133.93193100000000","401-special-natural"
"401","2504","宝生院のシンパク","","史跡名勝天然記念物","特別天然記念物","","","","19221012","","香川県","小豆郡土庄町","","","","34.49334700000000","134.19746400000000","401-special-natural"
"401","2541","八釜の甌穴群","","史跡名勝天然記念物","特別天然記念物","","","","19340501","","愛媛県","上浮穴郡久万高原町","","","","33.52498670000000","132.99270785000000","401-special-natural"
"401","2581","高知市のミカドアゲハおよびその生息地","","史跡名勝天然記念物","特別天然記念物","","","","19430824","","高知県","高知市天神町・筆山町・潮江","","","","33.54862454000000","133.53373436000000","401-special-natural"
"401","2570","杉の大スギ","","史跡名勝天然記念物","特別天然記念物","","","","19241209","","高知県","長岡郡大豊町","","","","33.75408333000000","133.66330556000000","401-special-natural"
"401","2612","古処山ツゲ原始林","","史跡名勝天然記念物","特別天然記念物","","","","19270408","","福岡県","朝倉市江川、嘉麻市","","","","33.48394785000000","130.72587443000000","401-special-natural"
"401","2617","立花山クスノキ原始林","","史跡名勝天然記念物","特別天然記念物","","","","19280207","","福岡県","糟屋郡新宮町・久山町","","","","33.67876119000000","130.47444264000000","401-special-natural"
"401","2823","相良のアイラトビカズラ","","史跡名勝天然記念物","特別天然記念物","","","","19400830","","熊本県","山鹿市菊鹿町","","","","33.06424000000000","130.76838700000000","401-special-natural"
"401","2906","青島亜熱帯性植物群落","","史跡名勝天然記念物","特別天然記念物","","","","19210303","","宮崎県","宮崎市青島","","","","31.80469545000000","131.47569094000000","401-special-natural"
"401","2930","内海のヤッコソウ発生地","","史跡名勝天然記念物","特別天然記念物","","","","19410801","","宮崎県","宮崎市大字内海","","","","31.74127778000000","131.46780556000000","401-special-natural"
"401","2907","都井岬ソテツ自生地","","史跡名勝天然記念物","特別天然記念物","","","","19210303","","宮崎県","串間市大字大納","","","","31.36326538000000","131.34116921000000","401-special-natural"
"401","2979","鹿児島県のソテツ自生地","","史跡名勝天然記念物","特別天然記念物","","","","19230307","","鹿児島県","指宿市、南さつま市、肝属郡南大隅町・肝付町","","","","31.00761439000000","130.67850544000000","401-special-natural"
"401","2973","鹿児島県のツルおよびその渡来地","","史跡名勝天然記念物","特別天然記念物","","","","19210303","","鹿児島県","出水市","","","","32.09915656000000","130.27628543000000","401-special-natural"
"401","2978","蒲生のクス","","史跡名勝天然記念物","特別天然記念物","","","","19220308","","鹿児島県","姶良郡蒲生町","","","","31.76561000000000","130.56962600000000","401-special-natural"
"401","2974","喜入のリュウキュウコウガイ産地","","史跡名勝天然記念物","特別天然記念物","","","","19210303","","鹿児島県","鹿児島市喜入生見町","","","","31.32167631000000","130.56547585000000","401-special-natural"
"401","2976","枇榔島亜熱帯性植物群落","","史跡名勝天然記念物","特別天然記念物","","","","19210303","","鹿児島県","志布志市","","","","31.42928774000000","131.11694107000000","401-special-natural"
"401","2982","屋久島スギ原始林","","史跡名勝天然記念物","特別天然記念物","","","","19241209","","鹿児島県","熊毛郡屋久島町","","","","30.32868711000000","130.50416571000000","401-special-natural"
"401","3089","尾瀬","","史跡名勝天然記念物","特別天然記念物","","","","19560809","","２県以上","南会津郡檜枝岐村、利根郡片品村、魚沼市","","","","36.92904510000000","139.23414685000000","401-special-natural"
"401","3073","白馬連山高山植物帯","","史跡名勝天然記念物","特別天然記念物","","","","19221012","","２県以上","下新川郡朝日町、黒部市、北安曇郡白馬村、糸魚川市","","","","36.75727183000000","137.73539420000000","401-special-natural"
"901","13","平泉―仏国土（浄土）を表す建築・庭園及び考古学的遺跡群―","","世界遺産","","","","","","","岩手県","","","","","39.00159343000000","141.09994162000000","901-world-heritage"
"901","8","日光の社寺","","世界遺産","","","","","","","栃木県","日光市","","","","36.75820397000000","139.59676740000000","901-world-heritage"
"901","17","富岡製糸場と絹産業遺産群","","世界遺産","","","","","","","群馬県","富岡市、伊勢崎市、藤岡市、甘楽郡下仁田町","","","","36.39119444000000","139.06095556000000","901-world-heritage"
"901","00000024","佐渡島の金山","","世界遺産","","","","","","","新潟県","佐渡市","","","","37.90972222000000","138.32527780000000","901-world-heritage"
"901","00000020","百舌鳥・古市古墳群―古代日本の墳墓群―","","世界遺産","","","","","","","大阪府","堺市、藤井寺市、羽曳野市","","","","34.57368611000000","135.48286389000000","901-world-heritage"
"901","2","姫路城","","世界遺産","","","","","","","兵庫県","姫路市","","","","34.83757022000000","134.69332297000000","901-world-heritage"
"901","7","古都奈良の文化財","","世界遺産","","","","","","","奈良県","奈良市","","","","34.68823173000000","135.83986816000000","901-world-heritage"
"901","1","法隆寺地域の仏教建造物","","世界遺産","","","","","","","奈良県","生駒郡斑鳩町","","","","34.61455838000000","135.73420058000000","901-world-heritage"
"901","11","石見銀山遺跡とその文化的景観","","世界遺産","","","","","","","島根県","大田市","","","","35.10370826000000","132.43720692000000","901-world-heritage"
"901","6","厳島神社","","世界遺産","","","","","","","広島県","廿日市市宮島町","","","","34.29652164000000","132.31920474000000","901-world-heritage"
"901","5","原爆ドーム","","世界遺産","","","","","","","広島県","広島市","","","","34.39564314000000","132.45359349000000","901-world-heritage"
"901","15","「神宿る島」宗像・沖ノ島と関連遺産群","","世界遺産","","","","","","","福岡県","宗像市，福津市","","","","33.80554444000000","130.54050556000000","901-world-heritage"
"901","9","琉球王国のグスク及び関連遺産群","","世界遺産","","","","","","","沖縄県","那覇市  うるま市  南城市  国頭郡今帰仁村  中頭郡読谷村  中城村  北中城村","","","","26.69076577000000","127.92998535000000","901-world-heritage"
"901","10","紀伊山地の霊場と参詣道","","世界遺産","","","","","","","２県以上","三重県尾鷲市 三重県熊野市 三重県度会郡大紀町 三重県北牟婁郡紀北町 三重県南牟婁郡御浜町 三重県南牟婁郡紀宝町 奈良県五條市 奈良県吉野郡吉野町 奈良県吉野郡黒滝村 奈良県吉野郡天川村 奈良県吉野郡野迫川村 奈良県吉野郡十津川村 奈良県吉野郡下北山村 奈良県吉野郡上北山村 奈良県吉野郡川上村 和歌山県田辺市 和歌山県新宮市 和歌山県橋本市 和歌山県伊都郡かつらぎ町 和歌山県伊都郡九度山町 和歌山県伊都郡高野町 和歌山県西牟婁郡白浜町 和歌山県西牟婁郡すさみ町 和歌山県西牟婁郡上富田町 和歌山県東牟婁郡那智勝浦町 和歌山県東牟婁郡串本町","","","","34.35614267000000","135.87090891000000","901-world-heritage"
"901","3","古都京都の文化財","","世界遺産","","","","","","","２県以上","京都府京都市  京都府宇治市  滋賀県大津市","","","","35.06001865000000","135.75286177000000","901-world-heritage"
"901","4","白川郷・五箇山の合掌造り集落","","世界遺産","","","","","","","２県以上","岐阜県大野郡白川村  富山県南砺市","","","","36.26070748000000","136.90722968000000","901-world-heritage"
"901","16","長崎と天草地方の潜伏キリシタン関連遺産","","世界遺産","","","","","","","２県以上","長崎県南島原市、平戸市、長崎市、佐世保市、小値賀町、新上五島町、五島市、熊本県天草市 ","","","","32.65973889000000","130.29770556000000","901-world-heritage"
"901","19","富士山―信仰の対象と芸術の源泉―","","世界遺産","","","","","","","２県以上","山梨県富士吉田市・身延町・鳴沢村・富士河口湖町・山中湖村・忍野村
静岡県静岡市・富士宮市・富士市・裾野市・御殿場市・小山町","","","","34.97688861000000","138.38305000000000","901-world-heritage"
"901","00000022","北海道・北東北の縄文遺跡群","","世界遺産","","","","","","","２県以上","北海道函館市
北海道千歳市
北海道伊達市
北海道洞爺湖町
青森県青森市
青森県弘前市
青森県八戸市
青森県つがる市
青森県外ヶ浜町
青森県七戸町
秋田県北秋田市
秋田県鹿角市
岩手県一戸町","","","","41.03536000000000","140.64117083000000","901-world-heritage"
"901","00000021","明治日本の産業革命遺産　製鉄・製鋼，造船，石炭産業","","世界遺産","","","","","","","２県以上","福岡県北九州市，大牟田市，中間市，佐賀県佐賀市，長崎県長崎市，熊本県荒尾市，宇城市，鹿児島県鹿児島市，山口県萩市，岩手県釜石市，静岡県伊豆の国市","","","","34.41978194000000","131.42140278000000","901-world-heritage"
"901","14","ル・コルビュジエの建築作品‐近代建築運動への顕著な貢献‐","","世界遺産","","","","","","","２県以上","東京都台東区上野公園7－7（国立西洋美術館），その他　フランス，ドイツ，スイス，ベルギー，アルゼンチン，インド","","","","35.71566778000000","139.77643778000000","901-world-heritage"
