"台帳ID","管理対象ID","名称","棟名","文化財種類","種別1","種別2","国","時代","重文指定年月日","国宝指定年月日","都道府県","所在地","保管施設の名称","所有者名","管理団体又は責任者","緯度","経度"
"102","85","岩木山神社","中門","国宝・重要文化財（建造物）","重要文化財","近世以前／神社","","江戸中期","19860122","","青森県","青森県弘前市百沢","","岩木山神社","","40.62143272000000","140.34112476000000"
"102","84","岩木山神社","瑞垣","国宝・重要文化財（建造物）","重要文化財","近世以前／神社","","江戸中期","19710622","","青森県","青森県弘前市百沢","","岩木山神社","","40.62144671000000","140.34099842000000"
"102","83","岩木山神社","奥門","国宝・重要文化財（建造物）","重要文化財","近世以前／神社","","江戸中期","19710622","","青森県","青森県弘前市百沢","","岩木山神社","","40.62177152000000","140.34077547000000"
"102","82","岩木山神社","本殿","国宝・重要文化財（建造物）","重要文化財","近世以前／神社","","江戸中期","19710622","","青森県","青森県弘前市百沢","","岩木山神社","","40.62185546000000","140.34066312000000"
"102","81","岩木山神社楼門","","国宝・重要文化財（建造物）","重要文化財","近世以前／神社","","江戸前期","19080423","","青森県","青森県弘前市百沢","","岩木山神社","","40.62103972000000","140.34156280000000"
"102","75","櫛引八幡宮","南門","国宝・重要文化財（建造物）","重要文化財","近世以前／神社","","江戸前期","19930420","","青森県","青森県八戸市大字八幡字八幡丁","","櫛引八幡宮","","40.48983725000000","141.43486704000000"
"102","72","櫛引八幡宮","旧拝殿","国宝・重要文化財（建造物）","重要文化財","近世以前／神社","","江戸前期","19930420","","青森県","青森県八戸市大字八幡字八幡丁","","櫛引八幡宮","","40.48990019000000","141.43425030000000"
"102","74","櫛引八幡宮","末社春日社本殿","国宝・重要文化財（建造物）","重要文化財","近世以前／神社","","江戸前期","19930420","","青森県","青森県八戸市大字八幡字八幡丁","","櫛引八幡宮","","40.49015192000000","141.43455553000000"
"102","73","櫛引八幡宮","末社神明宮本殿","国宝・重要文化財（建造物）","重要文化財","近世以前／神社","","江戸前期","19930420","","青森県","青森県八戸市大字八幡字八幡丁","","櫛引八幡宮","","40.49018338000000","141.43504011000000"
"102","71","櫛引八幡宮","本殿","国宝・重要文化財（建造物）","重要文化財","近世以前／神社","","江戸前期","19930420","","青森県","青森県八戸市大字八幡字八幡丁","","櫛引八幡宮","","40.49032183000000","141.43478523000000"
"102","66","熊野奥照神社本殿","","国宝・重要文化財（建造物）","重要文化財","近世以前／神社","","桃山","19540917","","青森県","青森県弘前市大字田町四丁目","","熊野奥照神社","","40.61262419000000","140.47997107000000"
"102","00003995","高照神社","随神門","国宝・重要文化財（建造物）","重要文化財","近世以前／神社","","江戸後期","20060705","","青森県","青森県弘前市大字高岡","","高照神社","","40.62321069000000","140.35517283000000"
"102","00003994","高照神社","拝殿及び幣殿","国宝・重要文化財（建造物）","重要文化財","近世以前／神社","","江戸後期","20060705","","青森県","青森県弘前市大字高岡","","高照神社","","40.62323013000000","140.35469985000000"
"102","00003993","高照神社","東軒廊","国宝・重要文化財（建造物）","重要文化財","近世以前／神社","","江戸中期","20060705","","青森県","青森県弘前市大字高岡","","高照神社","","40.62324503000000","140.35452483000000"
"102","00003992","高照神社","西軒廊","国宝・重要文化財（建造物）","重要文化財","近世以前／神社","","江戸中期","20060705","","青森県","青森県弘前市大字高岡","","高照神社","","40.62324680000000","140.35439442000000"
"102","00003991","高照神社","中門","国宝・重要文化財（建造物）","重要文化財","近世以前／神社","","江戸中期","20060705","","青森県","青森県弘前市大字高岡","","高照神社","","40.62324839000000","140.35446540000000"
"102","00003990","高照神社","本殿","国宝・重要文化財（建造物）","重要文化財","近世以前／神社","","江戸中期","20060705","","青森県","青森県弘前市大字高岡","","高照神社","","40.62326309000000","140.35425194000000"
"102","00003999","高照神社","廟所門","国宝・重要文化財（建造物）","重要文化財","近世以前／神社","","江戸後期","20060705","","青森県","青森県弘前市大字高岡","","","高照神社","40.62339281000000","140.35216636000000"
"102","00003998","高照神社","廟所拝殿","国宝・重要文化財（建造物）","重要文化財","近世以前／神社","","江戸中期","20060705","","青森県","青森県弘前市大字高岡","","","高照神社","40.62340269000000","140.35203711000000"
"102","00003997","高照神社","津軽信政公墓　（２）","国宝・重要文化財（建造物）","重要文化財","近世以前／神社","","江戸後期","20060705","","青森県","青森県弘前市大字高岡","","","高照神社","40.62340750000000","140.35195444000000"
"102","00003996","高照神社","津軽信政公墓　（１）","国宝・重要文化財（建造物）","重要文化財","近世以前／神社","","江戸中期","20060705","","青森県","青森県弘前市大字高岡","","","高照神社","40.62340877000000","140.35188801000000"
"102","48","津軽家霊屋","凌雲臺","国宝・重要文化財（建造物）","重要文化財","近世以前／神社","","江戸後期","19860122","","青森県","青森県弘前市大字西茂森一丁目","","長勝寺","","40.59752244000000","140.45047632000000"
"102","47","津軽家霊屋","白雲臺","国宝・重要文化財（建造物）","重要文化財","近世以前／神社","","江戸前期","19860122","","青森県","青森県弘前市大字西茂森一丁目","","長勝寺","","40.59780666000000","140.45042205000000"
"102","46","津軽家霊屋","明鏡臺","国宝・重要文化財（建造物）","重要文化財","近世以前／神社","","江戸前期","19860122","","青森県","青森県弘前市大字西茂森一丁目","","長勝寺","","40.59809317000000","140.45039824000000"
"102","45","津軽家霊屋","碧巖臺","国宝・重要文化財（建造物）","重要文化財","近世以前／神社","","江戸前期","19860122","","青森県","青森県弘前市大字西茂森一丁目","","長勝寺","","40.59833927000000","140.45038885000000"
"102","44","津軽家霊屋","環月臺","国宝・重要文化財（建造物）","重要文化財","近世以前／神社","","江戸中期","19860122","","青森県","青森県弘前市大字西茂森一丁目","","長勝寺","","40.59855379000000","140.45025386000000"
"102","64","津軽為信霊屋","","国宝・重要文化財（建造物）","重要文化財","近世以前／神社","","江戸前期","19531114","","青森県","青森県弘前市大字藤代一丁目","","革秀寺","","40.61233674000000","140.44998722000000"
"102","63","東照宮本殿","","国宝・重要文化財（建造物）","重要文化財","近世以前／神社","","江戸前期","19531114","","青森県","青森県弘前市大字笹森町","","弘前市","","40.60822295000000","140.47457345000000"
"102","88","南部利康霊屋","","国宝・重要文化財（建造物）","重要文化財","近世以前／神社","","江戸前期","19531114","","青森県","青森県三戸郡南部町大字小向","","","南部町","40.41431886000000","141.26561289000000"
"102","52","弘前八幡宮","唐門","国宝・重要文化財（建造物）","重要文化財","近世以前／神社","","桃山","19360918","","青森県","青森県弘前市大字八幡町一丁目","","弘前八幡宮","","40.61621757000000","140.47930471000000"
"102","51","弘前八幡宮","本殿","国宝・重要文化財（建造物）","重要文化財","近世以前／神社","","桃山","19360918","","青森県","青森県弘前市大字八幡町一丁目","","弘前八幡宮","","40.61631188000000","140.47930853000000"
"102","100","日高神社本殿","","国宝・重要文化財（建造物）","重要文化財","近世以前／神社","","江戸前期","19900911","","岩手県","岩手県奥州市水沢区日高小路","","日高神社","","39.14284534000000","141.13234889000000"
"102","138","圓通院霊屋","","国宝・重要文化財（建造物）","重要文化財","近世以前／神社","","江戸前期","19850518","","宮城県","宮城県宮城郡松島町松島","","圓通院","","38.37136277000000","141.05965176000000"
"102","116","大崎八幡宮","","国宝・重要文化財（建造物）","国宝","近世以前／神社","","桃山","19030415","19521122","宮城県","宮城県仙台市青葉区八幡四丁目","","大崎八幡宮","","38.27252153000000","140.84499749000000"
"102","117","大崎八幡宮長床","","国宝・重要文化財（建造物）","重要文化財","近世以前／神社","","江戸中期","19660611","","宮城県","宮城県仙台市青葉区八幡四丁目","","大崎八幡宮","","38.27226090000000","140.84501040000000"
"102","3751","鹽竈神社","鳥居","国宝・重要文化財（建造物）","重要文化財","近世以前／神社","","江戸中期","20021226","","宮城県","宮城県塩竈市一森山","","志波彦神社
鹽竈神社","","38.31741137000000","141.01214537000000"
"102","3750","鹽竈神社","随身門","国宝・重要文化財（建造物）","重要文化財","近世以前／神社","","江戸中期","20021226","","宮城県","宮城県塩竈市一森山","","志波彦神社
鹽竈神社","","38.31841864000000","141.01246014000000"
"102","3747","鹽竈神社","別宮瑞垣","国宝・重要文化財（建造物）","重要文化財","近世以前／神社","","江戸中期","20021226","","宮城県","宮城県塩竈市一森山","","志波彦神社
鹽竈神社","","38.31860255000000","141.01324240000000"
"102","3744","鹽竈神社","別宮本殿","国宝・重要文化財（建造物）","重要文化財","近世以前／神社","","江戸中期","20021226","","宮城県","宮城県塩竈市一森山","","志波彦神社
鹽竈神社","","38.31862414000000","141.01315854000000"
"102","3745","鹽竈神社","別宮幣殿","国宝・重要文化財（建造物）","重要文化財","近世以前／神社","","江戸中期","20021226","","宮城県","宮城県塩竈市一森山","","志波彦神社
鹽竈神社","","38.31863175000000","141.01308750000000"
"102","3749","鹽竈神社","門及び廻廊","国宝・重要文化財（建造物）","重要文化財","近世以前／神社","","江戸中期","20021226","","宮城県","宮城県塩竈市一森山","","志波彦神社
鹽竈神社","","38.31864248000000","141.01253009000000"
"102","3746","鹽竈神社","別宮廻廊","国宝・重要文化財（建造物）","重要文化財","近世以前／神社","","江戸中期","20021226","","宮城県","宮城県塩竈市一森山","","志波彦神社
鹽竈神社","","38.31864444000000","141.01302914000000"
"102","3748","鹽竈神社","別宮拝殿","国宝・重要文化財（建造物）","重要文化財","近世以前／神社","","江戸中期","20021226","","宮城県","宮城県塩竈市一森山","","志波彦神社
鹽竈神社","","38.31870026000000","141.01287184000000"
"102","3743","鹽竈神社","左右宮拝殿","国宝・重要文化財（建造物）","重要文化財","近世以前／神社","","江戸中期","20021226","","宮城県","宮城県塩竈市一森山","","志波彦神社
鹽竈神社","","38.31892733000000","141.01266824000000"
"102","3741","鹽竈神社","左右宮廻廊","国宝・重要文化財（建造物）","重要文化財","近世以前／神社","","江戸中期","20021226","","宮城県","宮城県塩竈市一森山","","志波彦神社
鹽竈神社","","38.31907575000000","141.01267205000000"
"102","3739","鹽竈神社","左宮幣殿","国宝・重要文化財（建造物）","重要文化財","近世以前／神社","","江戸中期","20021226","","宮城県","宮城県塩竈市一森山","","志波彦神社
鹽竈神社","","38.31908717000000","141.01278051000000"
"102","3740","鹽竈神社","右宮幣殿","国宝・重要文化財（建造物）","重要文化財","近世以前／神社","","江戸中期","20021226","","宮城県","宮城県塩竈市一森山","","志波彦神社
鹽竈神社","","38.31912142000000","141.01260735000000"
"102","3737","鹽竈神社","左宮本殿","国宝・重要文化財（建造物）","重要文化財","近世以前／神社","","江戸中期","20021226","","宮城県","宮城県塩竈市一森山","","志波彦神社
鹽竈神社","","38.31914615000000","141.01279002000000"
"102","3738","鹽竈神社","右宮本殿","国宝・重要文化財（建造物）","重要文化財","近世以前／神社","","江戸中期","20021226","","宮城県","宮城県塩竈市一森山","","志波彦神社
鹽竈神社","","38.31918992000000","141.01261686000000"
"102","3742","鹽竈神社","左右宮瑞垣","国宝・重要文化財（建造物）","重要文化財","近世以前／神社","","江戸中期","20021226","","宮城県","宮城県塩竈市一森山","","志波彦神社
鹽竈神社","","38.31924700000000","141.01272342000000"
"102","122","東照宮","鳥居","国宝・重要文化財（建造物）","重要文化財","近世以前／神社","","江戸前期","19530331","","宮城県","宮城県仙台市青葉区東照宮一丁目","","東照宮","","38.27882080000000","140.88491112000000"
"102","121","東照宮","随身門","国宝・重要文化財（建造物）","重要文化財","近世以前／神社","","江戸前期","19800126","","宮城県","宮城県仙台市青葉区東照宮一丁目","","東照宮","","38.27976642000000","140.88502548000000"
"102","119","東照宮","唐門","国宝・重要文化財（建造物）","重要文化財","近世以前／神社","","江戸前期","19530331","","宮城県","宮城県仙台市青葉区東照宮一丁目","","東照宮","","38.28011762000000","140.88505422000000"
"102","118","東照宮","本殿","国宝・重要文化財（建造物）","重要文化財","近世以前／神社","","江戸前期","19530331","","宮城県","宮城県仙台市青葉区東照宮一丁目","","東照宮","","38.28021952000000","140.88506457000000"
"102","120","東照宮","透塀","国宝・重要文化財（建造物）","重要文化財","近世以前／神社","","江戸前期","19530331","","宮城県","宮城県仙台市青葉区東照宮一丁目","","東照宮","","38.28029370000000","140.88507351000000"
"102","00004568","陽徳院霊屋","","国宝・重要文化財（建造物）","重要文化財","近世以前／神社","","江戸前期","20120709","","宮城県","宮城県宮城郡松島町松島","","陽徳院","","38.37322814000000","141.06019052000000"
"102","163","赤神神社五社堂","十禅師堂","国宝・重要文化財（建造物）","重要文化財","近世以前／神社","","江戸中期","19900319","","秋田県","秋田県男鹿市船川港本山門前字秡川","","赤神神社","","39.87062000000000","139.75072515000000"
"102","162","赤神神社五社堂","八王子堂","国宝・重要文化財（建造物）","重要文化財","近世以前／神社","","江戸中期","19900319","","秋田県","秋田県男鹿市船川港本山門前字秡川","","赤神神社","","39.87064716000000","139.75078915000000"
"102","161","赤神神社五社堂","赤神権現堂","国宝・重要文化財（建造物）","重要文化財","近世以前／神社","","江戸中期","19900319","","秋田県","秋田県男鹿市船川港本山門前字秡川","","赤神神社","","39.87067237000000","139.75087837000000"
"102","160","赤神神社五社堂","客人権現堂","国宝・重要文化財（建造物）","重要文化財","近世以前／神社","","江戸中期","19900319","","秋田県","秋田県男鹿市船川港本山門前字秡川","","赤神神社","","39.87071504000000","139.75095595000000"
"102","159","赤神神社五社堂","三の宮堂","国宝・重要文化財（建造物）","重要文化財","近世以前／神社","","江戸中期","19900319","","秋田県","秋田県男鹿市船川港本山門前字秡川","","赤神神社","","39.87073832000000","139.75102190000000"
"102","158","赤神神社五社堂（中央堂）内厨子","","国宝・重要文化財（建造物）","重要文化財","近世以前／神社","","室町後期","19670615","","秋田県","秋田県男鹿市船川港本山門前字秡川","","赤神神社","男鹿市","39.87067237000000","139.75087837000000"
"102","164","古四王神社本殿","","国宝・重要文化財（建造物）","重要文化財","近世以前／神社","","室町後期","19080423","","秋田県","秋田県大仙市大曲字古四王際","","古四王神社","","39.43797131000000","140.49894954000000"
"102","155","佐竹家霊屋","","国宝・重要文化財（建造物）","重要文化財","近世以前／神社","","江戸中期","19900319","","秋田県","秋田県秋田市泉三嶽根","","","天徳寺","39.73914510000000","140.11934308000000"
"102","167","神明社観音堂","","国宝・重要文化財（建造物）","重要文化財","近世以前／神社","","江戸中期","19521122","","秋田県","秋田県潟上市飯田川飯塚字中山","","神明社","","39.89280804000000","140.08066423000000"
"102","171","波宇志別神社神楽殿","","国宝・重要文化財（建造物）","重要文化財","近世以前／神社","","室町中期","19800126","","秋田県","秋田県横手市大森町八沢木","","波宇志別神社","","39.36779120000000","140.36570697000000"
"102","157","八幡神社","若宮八幡宮本殿","国宝・重要文化財（建造物）","重要文化財","近世以前／神社","","江戸中期","19900319","","秋田県","秋田県大館市字八幡","","八幡神社","","40.27406453000000","140.57191620000000"
"102","156","八幡神社","正八幡宮本殿","国宝・重要文化財（建造物）","重要文化財","近世以前／神社","","江戸中期","19900319","","秋田県","秋田県大館市字八幡","","八幡神社","","40.27413091000000","140.57189850000000"
"102","173","三輪神社","境内社須賀神社本殿","国宝・重要文化財（建造物）","重要文化財","近世以前／神社","","江戸前期","19540320","","秋田県","秋田県雄勝郡羽後町杉宮字宮林","","三輪神社","","39.19733379000000","140.43291459000000"
"102","172","三輪神社","本殿","国宝・重要文化財（建造物）","重要文化財","近世以前／神社","","室町後期","19540320","","秋田県","秋田県雄勝郡羽後町杉宮字宮林","","三輪神社","","39.19737016000000","140.43265866000000"
"102","3783","飯野八幡宮","楼門","国宝・重要文化財（建造物）","重要文化財","近世以前／神社","","江戸前期","20021226","","福島県","福島県いわき市平字八幡小路","","飯野八幡宮","","37.05978558000000","140.88221968000000"
"102","3781","飯野八幡宮","神楽殿","国宝・重要文化財（建造物）","重要文化財","近世以前／神社","","江戸前期","20021226","","福島県","福島県いわき市平字八幡小路","","飯野八幡宮","","37.06003463000000","140.88224188000000"
"102","3782","飯野八幡宮","唐門","国宝・重要文化財（建造物）","重要文化財","近世以前／神社","","江戸中期","20021226","","福島県","福島県いわき市平字八幡小路","","飯野八幡宮","","37.06004414000000","140.88216416000000"
"102","3784","飯野八幡宮","宝蔵","国宝・重要文化財（建造物）","重要文化財","近世以前／神社","","江戸前期","20021226","","福島県","福島県いわき市平字八幡小路","","飯野八幡宮","","37.06006159000000","140.88191669000000"
"102","3780","飯野八幡宮","仮殿","国宝・重要文化財（建造物）","重要文化財","近世以前／神社","","江戸中期","20021226","","福島県","福島県いわき市平字八幡小路","","飯野八幡宮","","37.06020277000000","140.88193573000000"
"102","3779","飯野八幡宮","若宮八幡神社本殿","国宝・重要文化財（建造物）","重要文化財","近世以前／神社","","江戸前期","20021226","","福島県","福島県いわき市平字八幡小路","","飯野八幡宮","","37.06026940000000","140.88231961000000"
"102","205","飯野八幡宮","本殿","国宝・重要文化財（建造物）","重要文化財","近世以前／神社","","江戸前期","19830107","","福島県","福島県いわき市平字八幡小路","","飯野八幡宮","","37.06034554000000","140.88210546000000"
"102","207","熊野神社長床","","国宝・重要文化財（建造物）","重要文化財","近世以前／神社","","鎌倉前期","19630701","","福島県","福島県喜多方市慶徳町新宮字熊野","","熊野神社","","37.61901985000000","139.83058803000000"
"102","209","相馬中村神社本殿・幣殿・拝殿","","国宝・重要文化財（建造物）","重要文化財","近世以前／神社","","江戸前期","19830107","","福島県","福島県相馬市中村字北町","","相馬中村神社","","37.79736941000000","140.91297889000000"
"102","00004772","都々古別神社本殿","","国宝・重要文化財（建造物）","重要文化財","近世以前／神社","","桃山","20141210","","福島県","福島県東白川郡棚倉町大字棚倉","","都々古別神社","","37.03205366000000","140.37594222000000"
"102","00004572","八幡神社","随身門","国宝・重要文化財（建造物）","重要文化財","近世以前／神社","","江戸中期","20120709","","福島県","福島県相馬市坪田","","八幡神社","","37.77645884000000","140.90970472000000"
"102","00004570","八幡神社","摂社若宮八幡宮本殿","国宝・重要文化財（建造物）","重要文化財","近世以前／神社","","江戸中期","20120709","","福島県","福島県相馬市坪田","","八幡神社","","37.77676341000000","140.90943346000000"
"102","00004569","八幡神社","本殿、幣殿、拝殿","国宝・重要文化財（建造物）","重要文化財","近世以前／神社","","江戸中期","20120709","","福島県","福島県相馬市坪田","","八幡神社","","37.77699183000000","140.90975802000000"
"102","00004571","八幡神社","末社亀齢社本殿","国宝・重要文化財（建造物）","重要文化財","近世以前／神社","","江戸中期","20120709","","福島県","福島県相馬市坪田","","八幡神社","","37.77702419000000","140.90948390000000"
"102","3681","月山神社出羽神社湯殿山神社摂社月山出羽湯殿山三神社社殿（旧日月堂本堂）","","国宝・重要文化財（建造物）","重要文化財","近世以前／神社","","江戸後期","20000525","","山形県","山形県西村山郡西川町大字岩根沢字上ノ平95-3","","月山神社
出羽神社
湯殿山神社","","38.45723546000000","140.10177011000000"
"102","3710","金峯神社本殿","","国宝・重要文化財（建造物）","重要文化財","近世以前／神社","","桃山","20011114","","山形県","山形県鶴岡市大字青龍寺字金峯1番地","","金峯神社","","38.67888551000000","139.80557873000000"
"102","179","鳥居","","国宝・重要文化財（建造物）","重要文化財","近世以前／神社","","平安後期","19521122","","山形県","山形県山形市鳥居ヶ丘","","小立地区","山形市","38.22871285000000","140.32898027000000"
"102","3674","羽黒山三神合祭殿及び鐘楼","三神合祭殿","国宝・重要文化財（建造物）","重要文化財","近世以前／神社","","江戸後期","20000525","","山形県","山形県鶴岡市羽黒町大字手向","","月山神社
出羽神社
湯殿山神社","","38.70235641000000","139.98181609000000"
"102","3675","羽黒山三神合祭殿及び鐘楼","鐘楼","国宝・重要文化財（建造物）","重要文化財","近世以前／神社","","江戸前期","20000525","","山形県","山形県鶴岡市羽黒町大字手向","","月山神社
出羽神社
湯殿山神社","","38.70254987000000","139.98135012000000"
"102","191","八幡神社","拝殿","国宝・重要文化財（建造物）","重要文化財","近世以前／神社","","江戸中期","19861220","","山形県","山形県新庄市大字鳥越宇駒場","","八幡神社","","38.74163890000000","140.31645424000000"
"102","190","八幡神社","本殿","国宝・重要文化財（建造物）","重要文化財","近世以前／神社","","江戸前期","19861220","","山形県","山形県新庄市大字鳥越宇駒場","","八幡神社","","38.74170759000000","140.31654374000000"
"102","178","八幡神社鳥居","","国宝・重要文化財（建造物）","重要文化財","近世以前／神社","","平安後期","19521122","","山形県","山形県山形市蔵王成沢","","八幡神社","","38.20239180000000","140.32051439000000"
"102","185","水上八幡神社本殿","","国宝・重要文化財（建造物）","重要文化財","近世以前／神社","","室町後期","19080423","","山形県","山形県鶴岡市大字水沢","","水上神社","","38.70143690000000","139.74262100000000"
"102","00005148","大前神社","本殿","国宝・重要文化財（建造物）","重要文化財","近世以前／神社","","江戸中期","20181225","","栃木県","栃木県真岡市東郷","","宗教法人大前神社","","36.44564472000000","140.03410278000000"
"102","00005149","大前神社","拝殿及び幣殿","国宝・重要文化財（建造物）","重要文化財","近世以前／神社","","江戸中期","20181225","","栃木県","栃木県真岡市東郷","","宗教法人大前神社","","36.44564472000000","140.03410278000000"
"102","379","木幡神社本殿","","国宝・重要文化財（建造物）","重要文化財","近世以前／神社","","室町中期","19080801","","栃木県","栃木県矢板市木幡","","木幡神社","","36.79047430000000","139.93299226000000"
"102","380","木幡神社楼門","","国宝・重要文化財（建造物）","重要文化財","近世以前／神社","","室町中期","19080801","","栃木県","栃木県矢板市木幡","","木幡神社","","36.79019491000000","139.93312685000000"
"102","394","綱神社摂社大倉神社本殿","","国宝・重要文化財（建造物）","重要文化財","近世以前／神社","","室町後期","19230328","","栃木県","栃木県芳賀郡益子町大字上大羽","","綱神社","","36.45185334000000","140.13976916000000"
"102","393","綱神社本殿","","国宝・重要文化財（建造物）","重要文化財","近世以前／神社","","室町中期","19160524","","栃木県","栃木県芳賀郡益子町大字上大羽","","綱神社","","36.45173452000000","140.13992405000000"
"102","308","東照宮","御旅所神饌所","国宝・重要文化財（建造物）","重要文化財","近世以前／神社","","江戸中期","19440905","","栃木県","栃木県日光市山内","","東照宮","","36.75354846000000","139.60300526000000"
"102","307","東照宮","御旅所拝殿","国宝・重要文化財（建造物）","重要文化財","近世以前／神社","","江戸中期","19440905","","栃木県","栃木県日光市山内","","東照宮","","36.75360059000000","139.60325776000000"
"102","306","東照宮","御旅所本殿","国宝・重要文化財（建造物）","重要文化財","近世以前／神社","","江戸中期","19440905","","栃木県","栃木県日光市山内","","東照宮","","36.75365435000000","139.60341577000000"
"102","291","東照宮","石鳥居","国宝・重要文化財（建造物）","重要文化財","近世以前／神社","","江戸前期","19080801","","栃木県","栃木県日光市山内","","東照宮","","36.75643516000000","139.59959403000000"
"102","304","東照宮","仮殿鳥居","国宝・重要文化財（建造物）","重要文化財","近世以前／神社","","江戸前期","19440905","","栃木県","栃木県日光市山内","","東照宮","","36.75647046000000","139.60026906000000"
"102","301","東照宮","仮殿唐門","国宝・重要文化財（建造物）","重要文化財","近世以前／神社","","江戸前期","19440905","","栃木県","栃木県日光市山内","","東照宮","","36.75667261000000","139.60023874000000"
"102","302","東照宮","仮殿掖門及び透塀　（掖門）","国宝・重要文化財（建造物）","重要文化財","近世以前／神社","","江戸前期","19440905","","栃木県","栃木県日光市山内","","東照宮","","36.75678716000000","139.60009919000000"
"102","300","東照宮","仮殿本殿、仮殿相の間、仮殿拝殿","国宝・重要文化財（建造物）","重要文化財","近世以前／神社","","江戸前期","19440905","","栃木県","栃木県日光市山内","","東照宮","","36.75679854000000","139.60020237000000"
"102","303","東照宮","仮殿掖門及び透塀　（透塀）","国宝・重要文化財（建造物）","重要文化財","近世以前／神社","","江戸前期","19440905","","栃木県","栃木県日光市山内","","東照宮","","36.75682086000000","139.60031182000000"
"102","289","東照宮","表門","国宝・重要文化財（建造物）","重要文化財","近世以前／神社","","江戸前期","19080801","","栃木県","栃木県日光市山内","","東照宮","","36.75697635000000","139.59940928000000"
"102","288","東照宮","神厩","国宝・重要文化財（建造物）","重要文化財","近世以前／神社","","江戸前期","19080801","","栃木県","栃木県日光市山内","","東照宮","","36.75705496000000","139.59903304000000"
"102","286","東照宮","下神庫","国宝・重要文化財（建造物）","重要文化財","近世以前／神社","","江戸前期","19080801","","栃木県","栃木県日光市山内","","東照宮","","36.75718878000000","139.59946671000000"
"102","287","東照宮","水屋","国宝・重要文化財（建造物）","重要文化財","近世以前／神社","","江戸前期","19080801","","栃木県","栃木県日光市山内","","東照宮","","36.75724701000000","139.59866467000000"
"102","284","東照宮","上神庫","国宝・重要文化財（建造物）","重要文化財","近世以前／神社","","江戸前期","19080801","","栃木県","栃木県日光市山内","","東照宮","","36.75738441000000","139.59903825000000"
"102","285","東照宮","中神庫","国宝・重要文化財（建造物）","重要文化財","近世以前／神社","","江戸前期","19080801","","栃木県","栃木県日光市山内","","東照宮","","36.75740462000000","139.59933061000000"
"102","275","東照宮","神楽殿","国宝・重要文化財（建造物）","重要文化財","近世以前／神社","","江戸前期","19080801","","栃木県","栃木県日光市山内","","東照宮","","36.75776813000000","139.59901507000000"
"102","276","東照宮","神輿舎","国宝・重要文化財（建造物）","重要文化財","近世以前／神社","","江戸前期","19080801","","栃木県","栃木県日光市山内","","東照宮","","36.75780407000000","139.59848946000000"
"102","292","東照宮","坂下門","国宝・重要文化財（建造物）","重要文化財","近世以前／神社","","江戸前期","19080801","","栃木県","栃木県日光市山内","","東照宮","","36.75787296000000","139.59921564000000"
"102","274","東照宮","上社務所","国宝・重要文化財（建造物）","重要文化財","近世以前／神社","","江戸前期","19080801","","栃木県","栃木県日光市山内","","東照宮","","36.75790268000000","139.59909355000000"
"102","298","東照宮","奥社鳥居","国宝・重要文化財（建造物）","重要文化財","近世以前／神社","","江戸中期","19440905","","栃木県","栃木県日光市山内","","東照宮","","36.75874063000000","139.59856463000000"
"102","297","東照宮","奥社銅神庫","国宝・重要文化財（建造物）","重要文化財","近世以前／神社","","江戸前期","19440905","","栃木県","栃木県日光市山内","","東照宮","","36.75878984000000","139.59857673000000"
"102","296","東照宮","奥社拝殿","国宝・重要文化財（建造物）","重要文化財","近世以前／神社","","江戸前期","19080801","","栃木県","栃木県日光市山内","","東照宮","","36.75891770000000","139.59848050000000"
"102","295","東照宮","奥社石玉垣","国宝・重要文化財（建造物）","重要文化財","近世以前／神社","","江戸前期","19440905","","栃木県","栃木県日光市山内","","東照宮","","36.75903130000000","139.59859077000000"
"102","299","東照宮","奥社石柵","国宝・重要文化財（建造物）","重要文化財","近世以前／神社","","江戸前期","19440905","","栃木県","栃木県日光市山内","","東照宮","","36.75916381000000","139.59849401000000"
"102","290","東照宮","五重塔","国宝・重要文化財（建造物）","重要文化財","近世以前／寺院","","江戸後期","19080801","","栃木県","栃木県日光市山内","","東照宮","","36.75651327000000","139.59916805000000"
"102","305","東照宮","仮殿鐘楼","国宝・重要文化財（建造物）","重要文化財","近世以前／寺院","","江戸前期","19440905","","栃木県","栃木県日光市山内","","東照宮","","36.75655806000000","139.60005005000000"
"102","283","東照宮","経蔵","国宝・重要文化財（建造物）","重要文化財","近世以前／寺院","","江戸前期","19080801","","栃木県","栃木県日光市山内","","","財団法人日光社寺文化財保存会","36.75737954000000","139.59852091000000"
"102","281","東照宮","鼓楼","国宝・重要文化財（建造物）","重要文化財","近世以前／寺院","","江戸前期","19080801","","栃木県","栃木県日光市山内","","東照宮","","36.75755250000000","139.59854786000000"
"102","280","東照宮","鐘楼","国宝・重要文化財（建造物）","重要文化財","近世以前／寺院","","江戸前期","19080801","","栃木県","栃木県日光市山内","","東照宮","","36.75757047000000","139.59894769000000"
"102","282","東照宮","本地堂","国宝・重要文化財（建造物）","重要文化財","近世以前／寺院","","江戸前期","19080801","","栃木県","栃木県日光市山内","","","財団法人日光社寺文化財保存会","36.75760191000000","139.59819296000000"
"102","294","東照宮","奥社唐門","国宝・重要文化財（建造物）","重要文化財","近世以前／その他","","江戸前期","19080801","","栃木県","栃木県日光市山内","","東照宮","","36.75899464000000","139.59849075000000"
"102","293","東照宮","奥社宝塔","国宝・重要文化財（建造物）","重要文化財","近世以前／その他","","江戸中期","19080801","","栃木県","栃木県日光市山内","","東照宮","","36.75906271000000","139.59849105000000"
"102","270","東照宮　正面及び背面唐門　（正面唐門）","","国宝・重要文化財（建造物）","国宝","近世以前／神社","","江戸前期","19080801","19510609","栃木県","栃木県日光市山内","","東照宮","","36.75788867000000","139.59875716000000"
"102","271","東照宮　正面及び背面唐門　（背面唐門）","","国宝・重要文化財（建造物）","国宝","近世以前／神社","","江戸前期","19080801","19510609","栃木県","栃木県日光市山内","","東照宮","","36.75830885000000","139.59875206000000"
"102","279","東照宮　東西廻廊　（西廻廊）","","国宝・重要文化財（建造物）","国宝","近世以前／神社","","江戸前期","19080801","19510609","栃木県","栃木県日光市山内","","東照宮","","36.75769507000000","139.59852246000000"
"102","278","東照宮　東西廻廊　（東廻廊）","","国宝・重要文化財（建造物）","国宝","近世以前／神社","","江戸前期","19080801","19510609","栃木県","栃木県日光市山内","","東照宮","","36.75769839000000","139.59900727000000"
"102","273","東照宮　東西透塀　（西透塀）","","国宝・重要文化財（建造物）","国宝","近世以前／神社","","江戸前期","19080801","19510609","栃木県","栃木県日光市山内","","東照宮","","36.75819253000000","139.59853068000000"
"102","272","東照宮　東西透塀　（東透塀）","","国宝・重要文化財（建造物）","国宝","近世以前／神社","","江戸前期","19080801","19510609","栃木県","栃木県日光市山内","","東照宮","","36.75819605000000","139.59891447000000"
"102","269","東照宮　本殿、石の間及び拝殿","","国宝・重要文化財（建造物）","国宝","近世以前／神社","","江戸前期","19080801","19510609","栃木県","栃木県日光市山内","","東照宮","","36.75808246000000","139.59875648000000"
"102","277","東照宮　陽明門","","国宝・重要文化財（建造物）","国宝","近世以前／神社","","江戸前期","19080801","19510609","栃木県","栃木県日光市山内","","東照宮","","36.75768843000000","139.59876798000000"
"102","310","東照宮旧奥社","鳥居","国宝・重要文化財（建造物）","重要文化財","近世以前／神社","","江戸前期","19730602","","栃木県","栃木県日光市山内","","東照宮","","36.75627351000000","139.59852325000000"
"102","309","東照宮旧奥社","唐門","国宝・重要文化財（建造物）","重要文化財","近世以前／神社","","江戸前期","19730602","","栃木県","栃木県日光市山内","","東照宮","","36.75629064000000","139.59862450000000"
"102","00004705","那須神社","楼門","国宝・重要文化財（建造物）","重要文化財","近世以前／神社","","江戸前期","20140127","","栃木県","栃木県大田原市南金丸","","那須神社","","36.86394012000000","140.08794824000000"
"102","00004704","那須神社","本殿","国宝・重要文化財（建造物）","重要文化財","近世以前／神社","","江戸前期","20140127","","栃木県","栃木県大田原市南金丸","","那須神社","","36.86421138000000","140.08788399000000"
"102","371","二荒山神社","中宮祠鳥居　（１）","国宝・重要文化財（建造物）","重要文化財","近世以前／神社","","江戸後期","19440905","","栃木県","栃木県日光市山内","","二荒山神社","","36.74101263000000","139.48699842000000"
"102","367","二荒山神社","中宮祠拝殿","国宝・重要文化財（建造物）","重要文化財","近世以前／神社","","江戸中期","19440905","","栃木県","栃木県日光市山内","","二荒山神社","","36.74175586000000","139.48681909000000"
"102","368","二荒山神社","中宮祠中門","国宝・重要文化財（建造物）","重要文化財","近世以前／神社","","江戸中期","19440905","","栃木県","栃木県日光市山内","","二荒山神社","","36.74186266000000","139.48677358000000"
"102","372","二荒山神社","中宮祠鳥居　（２）","国宝・重要文化財（建造物）","重要文化財","近世以前／神社","","江戸後期","19440905","","栃木県","栃木県日光市山内","","二荒山神社","","36.74190375000000","139.48693193000000"
"102","369","二荒山神社","中宮祠掖門及び透塀　（掖門）","国宝・重要文化財（建造物）","重要文化財","近世以前／神社","","江戸中期","19440905","","栃木県","栃木県日光市山内","","二荒山神社","","36.74191457000000","139.48683338000000"
"102","366","二荒山神社","中宮祠本殿","国宝・重要文化財（建造物）","重要文化財","近世以前／神社","","江戸中期","19440905","","栃木県","栃木県日光市山内","","二荒山神社","","36.74193056000000","139.48676305000000"
"102","370","二荒山神社","中宮祠掖門及び透塀　（透塀）","国宝・重要文化財（建造物）","重要文化財","近世以前／神社","","江戸中期","19440905","","栃木県","栃木県日光市山内","","二荒山神社","","36.74200578000000","139.48673465000000"
"102","378","二荒山神社","別宮本宮神社鳥居","国宝・重要文化財（建造物）","重要文化財","近世以前／神社","","江戸後期","19730602","","栃木県","栃木県日光市山内","","二荒山神社","","36.75412186000000","139.60455885000000"
"102","377","二荒山神社","別宮本宮神社拝殿","国宝・重要文化財（建造物）","重要文化財","近世以前／神社","","江戸中期","19730602","","栃木県","栃木県日光市山内","","二荒山神社","","36.75446126000000","139.60449054000000"
"102","364","二荒山神社","別宮本宮神社唐門及び透塀　（唐門）","国宝・重要文化財（建造物）","重要文化財","近世以前／神社","","江戸中期","19440905","","栃木県","栃木県日光市山内","","二荒山神社","","36.75459758000000","139.60446474000000"
"102","363","二荒山神社","別宮本宮神社本殿","国宝・重要文化財（建造物）","重要文化財","近世以前／神社","","江戸中期","19440905","","栃木県","栃木県日光市山内","","二荒山神社","","36.75466432000000","139.60442211000000"
"102","365","二荒山神社","別宮本宮神社唐門及び透塀　（透塀）","国宝・重要文化財（建造物）","重要文化財","近世以前／神社","","江戸中期","19440905","","栃木県","栃木県日光市山内","","二荒山神社","","36.75473137000000","139.60439816000000"
"102","354","二荒山神社","鳥居","国宝・重要文化財（建造物）","重要文化財","近世以前／神社","","江戸後期","19440905","","栃木県","栃木県日光市山内","","二荒山神社","","36.75801581000000","139.59713777000000"
"102","353","二荒山神社","拝殿","国宝・重要文化財（建造物）","重要文化財","近世以前／神社","","江戸前期","19080801","","栃木県","栃木県日光市山内","","二荒山神社","","36.75844911000000","139.59638673000000"
"102","350","二荒山神社","唐門","国宝・重要文化財（建造物）","重要文化財","近世以前／神社","","江戸前期","19440905","","栃木県","栃木県日光市山内","","二荒山神社","","36.75859766000000","139.59639498000000"
"102","349","二荒山神社","本殿","国宝・重要文化財（建造物）","重要文化財","近世以前／神社","","江戸前期","19080801","","栃木県","栃木県日光市山内","","二荒山神社","","36.75872146000000","139.59640323000000"
"102","351","二荒山神社","掖門及び透塀　（掖門）","国宝・重要文化財（建造物）","重要文化財","近世以前／神社","","江戸前期","19440905","","栃木県","栃木県日光市山内","","二荒山神社","","36.75873384000000","139.59628356000000"
"102","375","二荒山神社","末社朋友神社本殿","国宝・重要文化財（建造物）","重要文化財","近世以前／神社","","江戸後期","19730602","","栃木県","栃木県日光市山内","","二荒山神社","","36.75877005000000","139.59599212000000"
"102","352","二荒山神社","掖門及び透塀　（透塀）","国宝・重要文化財（建造物）","重要文化財","近世以前／神社","","江戸前期","19440905","","栃木県","栃木県日光市山内","","二荒山神社","","36.75884331000000","139.59640539000000"
"102","360","二荒山神社","別宮滝尾神社鳥居　（１）","国宝・重要文化財（建造物）","重要文化財","近世以前／神社","","江戸中期","19440905","","栃木県","栃木県日光市山内","","二荒山神社","","36.76513465000000","139.59253541000000"
"102","359","二荒山神社","別宮滝尾神社楼門","国宝・重要文化財（建造物）","重要文化財","近世以前／神社","","江戸中期","19440905","","栃木県","栃木県日光市山内","","二荒山神社","","36.76527925000000","139.59215929000000"
"102","358","二荒山神社","別宮滝尾神社拝殿","国宝・重要文化財（建造物）","重要文化財","近世以前／神社","","江戸中期","19440905","","栃木県","栃木県日光市山内","","二荒山神社","","36.76535764000000","139.59205144000000"
"102","357","二荒山神社","別宮滝尾神社唐門","国宝・重要文化財（建造物）","重要文化財","近世以前／神社","","江戸中期","19440905","","栃木県","栃木県日光市山内","","二荒山神社","","36.76541195000000","139.59197945000000"
"102","362","二荒山神社","別宮滝尾神社鳥居　（３）","国宝・重要文化財（建造物）","重要文化財","近世以前／神社","","江戸後期","19440905","","栃木県","栃木県日光市山内","","二荒山神社","","36.76546170000000","139.59140560000000"
"102","356","二荒山神社","別宮滝尾神社本殿","国宝・重要文化財（建造物）","重要文化財","近世以前／神社","","江戸中期","19440905","","栃木県","栃木県日光市山内","","二荒山神社","","36.76547987000000","139.59191269000000"
"102","361","二荒山神社","別宮滝尾神社鳥居　（２）","国宝・重要文化財（建造物）","重要文化財","近世以前／神社","","江戸後期","19440905","","栃木県","栃木県日光市山内","","二荒山神社","","36.76557237000000","139.59159720000000"
"102","376","二荒山神社","末社日枝神社本殿","国宝・重要文化財（建造物）","重要文化財","近世以前／寺院","","江戸前期","19730602","","栃木県","栃木県日光市山内","","二荒山神社","","36.75835959000000","139.59600126000000"
"102","373","二荒山神社","神輿舎","国宝・重要文化財（建造物）","重要文化財","近世以前／寺院","","江戸前期","19730602","","栃木県","栃木県日光市山内","","二荒山神社","","36.75849284000000","139.59595194000000"
"102","374","二荒山神社","大国殿","国宝・重要文化財（建造物）","重要文化財","近世以前／寺院","","江戸中期","19730602","","栃木県","栃木県日光市山内","","二荒山神社","","36.75858868000000","139.59607470000000"
"102","355","二荒山神社","神橋","国宝・重要文化財（建造物）","重要文化財","近世以前／その他","","明治","19440905","","栃木県","栃木県日光市山内","","二荒山神社","","36.75334830000000","139.60400364000000"
"102","400","村檜神社本殿","","国宝・重要文化財（建造物）","重要文化財","近世以前／神社","","室町後期","19080801","","栃木県","栃木県栃木市岩舟町小野寺4697","","村桧神社","","36.36969311000000","139.62446186000000"
"102","344","輪王寺","児玉堂","国宝・重要文化財（建造物）","重要文化財","近世以前／神社","","江戸前期","19440905","","栃木県","栃木県日光市山内","","輪王寺","","36.75640122000000","139.60336755000000"
"102","340","輪王寺","慈眼堂拝殿","国宝・重要文化財（建造物）","重要文化財","近世以前／神社","","江戸前期","19440905","","栃木県","栃木県日光市山内","","輪王寺","","36.75710105000000","139.59525360000000"
"102","334","輪王寺","本坊表門","国宝・重要文化財（建造物）","重要文化財","近世以前／寺院","","江戸中期","19440905","","栃木県","栃木県日光市山内","","輪王寺","","36.75456226000000","139.60008506000000"
"102","332","輪王寺","本堂（三仏堂）","国宝・重要文化財（建造物）","重要文化財","近世以前／寺院","","江戸前期","19170405","","栃木県","栃木県日光市山内","","輪王寺","","36.75513754000000","139.60043468000000"
"102","343","輪王寺","慈眼堂阿弥陀堂","国宝・重要文化財（建造物）","重要文化財","近世以前／寺院","","江戸前期","19440905","","栃木県","栃木県日光市山内","","輪王寺","","36.75682541000000","139.59515143000000"
"102","342","輪王寺","慈眼堂鐘楼","国宝・重要文化財（建造物）","重要文化財","近世以前／寺院","","江戸前期","19440905","","栃木県","栃木県日光市山内","","輪王寺","","36.75682862000000","139.59535180000000"
"102","341","輪王寺","慈眼堂経蔵","国宝・重要文化財（建造物）","重要文化財","近世以前／寺院","","江戸前期","19440905","","栃木県","栃木県日光市山内","","輪王寺","","36.75693874000000","139.59536015000000"
"102","336","輪王寺","常行堂","国宝・重要文化財（建造物）","重要文化財","近世以前／寺院","","江戸前期","19440905","","栃木県","栃木県日光市山内","","輪王寺","","36.75760561000000","139.59634509000000"
"102","338","輪王寺","常行堂法華堂渡廊","国宝・重要文化財（建造物）","重要文化財","近世以前／寺院","","江戸前期","19440905","","栃木県","栃木県日光市山内","","輪王寺","","36.75771373000000","139.59612370000000"
"102","337","輪王寺","法華堂","国宝・重要文化財（建造物）","重要文化財","近世以前／寺院","","江戸前期","19440905","","栃木県","栃木県日光市山内","","輪王寺","","36.75782700000000","139.59602073000000"
"102","335","輪王寺","開山堂","国宝・重要文化財（建造物）","重要文化財","近世以前／寺院","","江戸中期","19440905","","栃木県","栃木県日光市山内","","輪王寺","","36.75969609000000","139.59922952000000"
"102","333","輪王寺","相輪橖","国宝・重要文化財（建造物）","重要文化財","近世以前／その他","","江戸前期","19170813","","栃木県","栃木県日光市山内","","輪王寺","","36.75522977000000","139.60000010000000"
"102","339","輪王寺","慈眼堂廟塔","国宝・重要文化財（建造物）","重要文化財","近世以前／その他","","江戸前期","19440905","","栃木県","栃木県日光市山内","","輪王寺","","36.75725459000000","139.59524875000000"
"102","311","輪王寺大猷院霊廟","本殿・相の間・拝殿","国宝・重要文化財（建造物）","国宝","近世以前／神社","","江戸前期","19080801","19521122","栃木県","栃木県日光市山内","","輪王寺","","36.75775966000000","139.59421195000000"
"102","315","輪王寺大猷院霊廟","御供所","国宝・重要文化財（建造物）","重要文化財","近世以前／神社","","江戸前期","19440905","","栃木県","栃木県日光市山内","","輪王寺","","36.75743227000000","139.59403548000000"
"102","316","輪王寺大猷院霊廟","御供所渡廊","国宝・重要文化財（建造物）","重要文化財","近世以前／神社","","江戸前期","19440905","","栃木県","栃木県日光市山内","","輪王寺","","36.75753827000000","139.59415255000000"
"102","313","輪王寺大猷院霊廟","瑞垣","国宝・重要文化財（建造物）","重要文化財","近世以前／神社","","江戸前期","19080801","","栃木県","栃木県日光市山内","","輪王寺","","36.75761291000000","139.59391519000000"
"102","314","輪王寺大猷院霊廟","掖門","国宝・重要文化財（建造物）","重要文化財","近世以前／神社","","江戸前期","19440905","","栃木県","栃木県日光市山内","","輪王寺","","36.75769819000000","139.59385963000000"
"102","327","輪王寺大猷院霊廟","皇嘉門","国宝・重要文化財（建造物）","重要文化財","近世以前／神社","","江戸前期","19080801","","栃木県","栃木県日光市山内","","輪王寺","","36.75778615000000","139.59373671000000"
"102","312","輪王寺大猷院霊廟","唐門","国宝・重要文化財（建造物）","重要文化財","近世以前／神社","","江戸前期","19080801","","栃木県","栃木県日光市山内","","輪王寺","","36.75789113000000","139.59434129000000"
"102","328","輪王寺大猷院霊廟","銅包宝蔵","国宝・重要文化財（建造物）","重要文化財","近世以前／神社","","江戸前期","19440905","","栃木県","栃木県日光市山内","","輪王寺","","36.75790484000000","139.59341553000000"
"102","318","輪王寺大猷院霊廟","夜叉門左右廻廊（左廻廊）","国宝・重要文化財（建造物）","重要文化財","近世以前／神社","","江戸前期","19080801","","栃木県","栃木県日光市山内","","輪王寺","","36.75795474000000","139.59459151000000"
"102","317","輪王寺大猷院霊廟","夜叉門","国宝・重要文化財（建造物）","重要文化財","近世以前／神社","","江戸前期","19080801","","栃木県","栃木県日光市山内","","輪王寺","","36.75802684000000","139.59447276000000"
"102","325","輪王寺大猷院霊廟","宝庫","国宝・重要文化財（建造物）","重要文化財","近世以前／神社","","江戸前期","19080801","","栃木県","栃木県日光市山内","","輪王寺","","36.75809774000000","139.59554330000000"
"102","331","輪王寺大猷院霊廟","奥院拝殿","国宝・重要文化財（建造物）","重要文化財","近世以前／神社","","江戸前期","19080801","","栃木県","栃木県日光市山内","","輪王寺","","36.75811082000000","139.59378689000000"
"102","319","輪王寺大猷院霊廟","夜叉門左右廻廊（右廻廊）","国宝・重要文化財（建造物）","重要文化財","近世以前／神社","","江戸前期","19080801","","栃木県","栃木県日光市山内","","輪王寺","","36.75812226000000","139.59436462000000"
"102","326","輪王寺大猷院霊廟","仁王門","国宝・重要文化財（建造物）","重要文化財","近世以前／神社","","江戸前期","19080801","","栃木県","栃木県日光市山内","","輪王寺","","36.75827102000000","139.59561618000000"
"102","322","輪王寺大猷院霊廟","二天門","国宝・重要文化財（建造物）","重要文化財","近世以前／神社","","江戸前期","19080801","","栃木県","栃木県日光市山内","","輪王寺","","36.75828765000000","139.59513858000000"
"102","323","輪王寺大猷院霊廟","西浄","国宝・重要文化財（建造物）","重要文化財","近世以前／神社","","江戸前期","19440905","","栃木県","栃木県日光市山内","","輪王寺","","36.75837671000000","139.59459575000000"
"102","324","輪王寺大猷院霊廟","水屋","国宝・重要文化財（建造物）","重要文化財","近世以前／神社","","江戸前期","19080801","","栃木県","栃木県日光市山内","","輪王寺","","36.75850606000000","139.59538668000000"
"102","321","輪王寺大猷院霊廟","鼓楼","国宝・重要文化財（建造物）","重要文化財","近世以前／寺院","","江戸前期","19080801","","栃木県","栃木県日光市山内","","輪王寺","","36.75801623000000","139.59472934000000"
"102","320","輪王寺大猷院霊廟","鐘楼","国宝・重要文化財（建造物）","重要文化財","近世以前／寺院","","江戸前期","19080801","","栃木県","栃木県日光市山内","","輪王寺","","36.75820495000000","139.59449397000000"
"102","330","輪王寺大猷院霊廟","奥院鋳抜門","国宝・重要文化財（建造物）","重要文化財","近世以前／その他","","江戸前期","19080801","","栃木県","栃木県日光市山内","","輪王寺","","36.75816726000000","139.59370568000000"
"102","329","輪王寺大猷院霊廟","奥院宝塔","国宝・重要文化財（建造物）","重要文化財","近世以前／その他","","江戸中期","19080801","","栃木県","栃木県日光市山内","","輪王寺","","36.75824015000000","139.59364183000000"
"102","425","玉村八幡宮本殿","","国宝・重要文化財（建造物）","重要文化財","近世以前／神社","","桃山","19080801","","群馬県","群馬県佐波郡玉村町大字下新田","","玉村八幡宮","","36.30512322000000","139.10888282000000"
"102","00005488","天満宮","本殿・幣殿・拝殿","国宝・重要文化財（建造物）","重要文化財","近世以前／神社","","江戸後期","20230925","","群馬県","群馬県桐生市天神町1丁目218番地","","宗教法人天満宮","","36.42210000000000","139.34633611000000"
"102","00005489","天満宮","末社春日社本殿","国宝・重要文化財（建造物）","重要文化財","近世以前／神社","","江戸前期","20230925","","群馬県","群馬県桐生市天神町1丁目218番地","","宗教法人天満宮","","36.42225556000000","139.34647500000000"
"102","428","東照宮","拝殿","国宝・重要文化財（建造物）","重要文化財","近世以前／神社","","江戸前期","19560628","","群馬県","群馬県太田市世良田町","","東照宮","","36.26195048000000","139.27541713000000"
"102","427","東照宮","唐門","国宝・重要文化財（建造物）","重要文化財","近世以前／神社","","江戸前期","19560628","","群馬県","群馬県太田市世良田町","","東照宮","","36.26196701000000","139.27521419000000"
"102","426","東照宮","本殿","国宝・重要文化財（建造物）","重要文化財","近世以前／神社","","江戸前期","19560628","","群馬県","群馬県太田市世良田町","","東照宮","","36.26197776000000","139.27511498000000"
"102","413","貫前神社","楼門","国宝・重要文化財（建造物）","重要文化財","近世以前／神社","","江戸前期","19760520","","群馬県","群馬県富岡市一ノ宮","","貫前神社","","36.25505165000000","138.85763810000000"
"102","412","貫前神社","拝殿","国宝・重要文化財（建造物）","重要文化財","近世以前／神社","","江戸前期","19760520","","群馬県","群馬県富岡市一ノ宮","","貫前神社","","36.25516082000000","138.85765023000000"
"102","411","貫前神社","本殿","国宝・重要文化財（建造物）","重要文化財","近世以前／神社","","江戸前期","19120208","","群馬県","群馬県富岡市一ノ宮","","貫前神社","","36.25529122000000","138.85765327000000"
"102","00003939","榛名神社","随神門","国宝・重要文化財（建造物）","重要文化財","近世以前／神社","","江戸末期","20051227","","群馬県","群馬県高崎市榛名町","","榛名神社","","36.45432535000000","138.85036044000000"
"102","00003937","榛名神社","双龍門","国宝・重要文化財（建造物）","重要文化財","近世以前／神社","","江戸末期","20051227","","群馬県","群馬県高崎市榛名町","","榛名神社","","36.45839794000000","138.85222584000000"
"102","00003936","榛名神社","神楽殿","国宝・重要文化財（建造物）","重要文化財","近世以前／神社","","江戸後期","20051227","","群馬県","群馬県高崎市榛名町","","榛名神社","","36.45840188000000","138.85209186000000"
"102","00003934","榛名神社","本社・幣殿・拝殿","国宝・重要文化財（建造物）","重要文化財","近世以前／神社","","江戸後期","20051227","","群馬県","群馬県高崎市榛名町","","榛名神社","","36.45853193000000","138.85220613000000"
"102","00003935","榛名神社","国祖社及び額殿","国宝・重要文化財（建造物）","重要文化財","近世以前／神社","","江戸中期","20051227","","群馬県","群馬県高崎市榛名町","","榛名神社","","36.45853784000000","138.85204457000000"
"102","00003938","榛名神社","神幸殿","国宝・重要文化財（建造物）","重要文化財","近世以前／神社","","江戸末期","20051227","","群馬県","群馬県高崎市榛名町","","榛名神社","","36.45888855000000","138.85309475000000"
"102","418","妙義神社","本殿・幣殿・拝殿","国宝・重要文化財（建造物）","重要文化財","近世以前／神社","","江戸後期","19810605","","群馬県","群馬県富岡市妙義町妙義","","妙義神社","","36.30044637000000","138.76240118000000"
"102","419","妙義神社","唐門","国宝・重要文化財（建造物）","重要文化財","近世以前／神社","","江戸後期","19810605","","群馬県","群馬県富岡市妙義町妙義","","妙義神社","","36.30049291000000","138.76263391000000"
"102","00005637","妙義神社","随神門","国宝・重要文化財（建造物）","重要文化財","近世以前／神社","","江戸前期","20241209","","群馬県","群馬県富岡市妙義町妙義","","宗教法人妙義神社","","36.30066944000000","138.76259167000000"
"102","00005638","妙義神社","廻廊","国宝・重要文化財（建造物）","重要文化財","近世以前／神社","","江戸前期","20241209","","群馬県","群馬県富岡市妙義町妙義","","宗教法人妙義神社","","36.30071667000000","138.76256111000000"
"102","00005639","妙義神社","銅鳥居","国宝・重要文化財（建造物）","重要文化財","近世以前／神社","","江戸中期","20241209","","群馬県","群馬県富岡市妙義町妙義","","宗教法人妙義神社","","36.30088889000000","138.76354722000000"
"102","420","妙義神社","総門","国宝・重要文化財（建造物）","重要文化財","近世以前／神社","","江戸後期","19810605","","群馬県","群馬県富岡市妙義町妙義","","妙義神社","","36.30095284000000","138.76389068000000"
"102","00005640","妙義神社","御殿","国宝・重要文化財（建造物）","重要文化財","近世以前／神社","","江戸末期","20241209","","群馬県","群馬県富岡市妙義町妙義","","宗教法人妙義神社","","36.30134444000000","138.76404167000000"
"102","00005641","妙義神社","社務所","国宝・重要文化財（建造物）","重要文化財","近世以前／神社","","江戸末期","20241209","","群馬県","群馬県富岡市妙義町妙義","","宗教法人妙義神社","","36.30154167000000","138.76383889000000"
"102","430","雷電神社末社八幡宮稲荷神社社殿","","国宝・重要文化財（建造物）","重要文化財","近世以前／神社","","室町後期","19080801","","群馬県","群馬県邑楽郡板倉町大字板倉","","雷電神社","","36.22784195000000","139.60767177000000"
"102","456","出雲伊波比神社本殿","","国宝・重要文化財（建造物）","重要文化財","近世以前／神社","","室町後期","19380704","","埼玉県","埼玉県入間郡毛呂山町大字岩井","","宗教法人 出雲伊波比神社","","35.94863724000000","139.31449633000000"
"102","463","歓喜院","聖天堂","国宝・重要文化財（建造物）","国宝","近世以前／神社","","江戸中期","19841228","20120709","埼玉県","埼玉県熊谷市妻沼","","歓喜院","","36.22588147000000","139.37467091000000"
"102","3736","歓喜院","貴惣門","国宝・重要文化財（建造物）","重要文化財","近世以前／神社","","江戸後期","19841228","","埼玉県","埼玉県熊谷市妻沼","","歓喜院","","36.22596342000000","139.37481725000000"
"102","446","旧台徳院霊廟勅額門、丁子門及び御成門","勅額門","国宝・重要文化財（建造物）","重要文化財","近世以前／神社","","江戸前期","19300523","","埼玉県","埼玉県所沢市上山口2213番地","","","株式会社西武不動産","35.77021598000000","139.41685057000000"
"102","448","旧台徳院霊廟勅額門、丁子門及び御成門","御成門","国宝・重要文化財（建造物）","重要文化財","近世以前／神社","","江戸前期","19300523","","埼玉県","埼玉県所沢市上山口2213番地","","","株式会社西武不動産","35.77033373000000","139.41657267000000"
"102","447","旧台徳院霊廟勅額門、丁子門及び御成門","丁子門","国宝・重要文化財（建造物）","重要文化財","近世以前／神社","","江戸前期","19300523","","埼玉県","埼玉県所沢市上山口2213番地","","","株式会社西武不動産","35.77043997000000","139.41591690000000"
"102","439","東照宮","瑞垣","国宝・重要文化財（建造物）","重要文化財","近世以前／神社","","江戸前期","19461129","","埼玉県","埼玉県川越市小仙波町一丁目","","仙波東照宮","","35.91642882000000","139.48924675000000"
"102","438","東照宮","唐門","国宝・重要文化財（建造物）","重要文化財","近世以前／神社","","江戸前期","19461129","","埼玉県","埼玉県川越市小仙波町一丁目","","仙波東照宮","","35.91644882000000","139.48940675000000"
"102","437","東照宮","本殿","国宝・重要文化財（建造物）","重要文化財","近世以前／神社","","江戸前期","19461129","","埼玉県","埼玉県川越市小仙波町一丁目","","仙波東照宮","","35.91645382000000","139.48932175000000"
"102","440","東照宮","拝殿及び幣殿","国宝・重要文化財（建造物）","重要文化財","近世以前／神社","","江戸前期","19461129","","埼玉県","埼玉県川越市小仙波町一丁目","","仙波東照宮","","35.91645882000000","139.48956676000000"
"102","442","東照宮","随身門","国宝・重要文化財（建造物）","重要文化財","近世以前／神社","","江戸中期","19461129","","埼玉県","埼玉県川越市小仙波町一丁目","","仙波東照宮","","35.91649382000000","139.48971176000000"
"102","441","東照宮","鳥居","国宝・重要文化財（建造物）","重要文化財","近世以前／神社","","江戸前期","19461129","","埼玉県","埼玉県川越市小仙波町一丁目","","仙波東照宮","","35.91651382000000","139.48989677000000"
"102","443","日枝神社本殿","","国宝・重要文化財（建造物）","重要文化財","近世以前／神社","","室町後期","19461129","","埼玉県","埼玉県川越市小仙波町一丁目","","日枝神社","","35.91697384000000","139.48983677000000"
"102","00005519","箭弓稲荷神社本殿・幣殿・拝殿","","国宝・重要文化財（建造物）","重要文化財","近世以前／神社","","江戸末期","20240119","","埼玉県","埼玉県東松山市箭弓町2丁目","","宗教法人箭弓稲荷神社","","36.03458611000000","139.39472222000000"
"102","246","笠間稲荷神社本殿","","国宝・重要文化財（建造物）","重要文化財","近世以前／神社","","江戸末期","19880113","","茨城県","茨城県笠間市笠間","","笠間稲荷神社","","36.38624391000000","140.25416718000000"
"102","249","鹿島神宮","本殿","国宝・重要文化財（建造物）","重要文化財","近世以前／神社","","江戸前期","19010327","","茨城県","茨城県鹿嶋市大字宮中","","鹿島神宮","","35.96877519000000","140.63153976000000"
"102","250","鹿島神宮","石の間","国宝・重要文化財（建造物）","重要文化財","近世以前／神社","","江戸前期","19110417","","茨城県","茨城県鹿嶋市大字宮中","","鹿島神宮","","35.96885549000000","140.63150172000000"
"102","251","鹿島神宮","幣殿","国宝・重要文化財（建造物）","重要文化財","近世以前／神社","","江戸前期","19110417","","茨城県","茨城県鹿嶋市大字宮中","","鹿島神宮","","35.96889353000000","140.63148693000000"
"102","252","鹿島神宮","拝殿","国宝・重要文化財（建造物）","重要文化財","近世以前／神社","","江戸前期","19110417","","茨城県","茨城県鹿嶋市大字宮中","","鹿島神宮","","35.96895058000000","140.63146580000000"
"102","255","鹿島神宮仮殿","","国宝・重要文化財（建造物）","重要文化財","近世以前／神社","","江戸前期","19760520","","茨城県","茨城県鹿嶋市大字宮中","","鹿島神宮","","35.96931422000000","140.63146016000000"
"102","253","鹿島神宮摂社奥宮本殿","","国宝・重要文化財（建造物）","重要文化財","近世以前／神社","","桃山","19010327","","茨城県","茨城県鹿嶋市大字宮中","","鹿島神宮","","35.97011239000000","140.63525124000000"
"102","254","鹿島神宮楼門","","国宝・重要文化財（建造物）","重要文化財","近世以前／神社","","江戸前期","19660611","","茨城県","茨城県鹿嶋市大字宮中","","鹿島神宮","","35.96889564000000","140.63090652000000"
"102","240","大宝八幡神社本殿","","国宝・重要文化財（建造物）","重要文化財","近世以前／神社","","桃山","19060414","","茨城県","茨城県下妻市大字大宝","","大宝八幡神社","","36.20485029000000","139.97139565000000"
"102","00004372","内外大神宮","御遷殿","国宝・重要文化財（建造物）","重要文化財","近世以前／神社","","桃山","20091208","","茨城県","茨城県筑西市小栗","","内外大神宮","","36.37263165000000","140.01981414000000"
"102","00004370","内外大神宮","内宮本殿","国宝・重要文化財（建造物）","重要文化財","近世以前／神社","","江戸中期","20091208","","茨城県","茨城県筑西市小栗","","内外大神宮","","36.37283420000000","140.01965768000000"
"102","00004371","内外大神宮","外宮本殿","国宝・重要文化財（建造物）","重要文化財","近世以前／神社","","江戸中期","20091208","","茨城県","茨城県筑西市小栗","","内外大神宮","","36.37284027000000","140.01952912000000"
"102","232","八幡宮本殿","","国宝・重要文化財（建造物）","重要文化財","近世以前／神社","","桃山","19540917","","茨城県","茨城県水戸市八幡町","","八幡宮","","36.38788220000000","140.45977845000000"
"102","484","飯香岡八幡宮本殿","","国宝・重要文化財（建造物）","重要文化財","近世以前／神社","","室町中期","19540917","","千葉県","千葉県市原市八幡","","飯香岡八幡宮","","35.53752073000000","140.11778724000000"
"102","470","香取神宮","楼門","国宝・重要文化財（建造物）","重要文化財","近世以前／神社","","江戸中期","19831226","","千葉県","千葉県香取市香取","","香取神宮","","35.88572987000000","140.52886187000000"
"102","469","香取神宮","本殿","国宝・重要文化財（建造物）","重要文化財","近世以前／神社","","江戸中期","19770627","","千葉県","千葉県香取市香取","","香取神宮","","35.88623409000000","140.52866887000000"
"102","549","浅草神社","拝殿","国宝・重要文化財（建造物）","重要文化財","近世以前／神社","","江戸前期","19461129","","東京都","東京都台東区浅草二丁目","","浅草神社","","35.71500861000000","139.79743146000000"
"102","548","浅草神社","本殿及び幣殿","国宝・重要文化財（建造物）","重要文化財","近世以前／神社","","江戸前期","19461129","","東京都","東京都台東区浅草二丁目","","浅草神社","","35.71511923000000","139.79744467000000"
"102","541","厳有院霊廟勅額門及び水盤舎","勅額門","国宝・重要文化財（建造物）","重要文化財","近世以前／神社","","江戸中期","19300523","","東京都","東京都台東区上野桜木一丁目","","寛永寺","","35.72028391000000","139.77696790000000"
"102","542","厳有院霊廟勅額門及び水盤舎","水盤舎","国宝・重要文化財（建造物）","重要文化財","近世以前／神社","","江戸中期","19300523","","東京都","東京都台東区上野桜木一丁目","","寛永寺","","35.72055392000000","139.77792705000000"
"102","543","常憲院霊廟勅額門及び水盤舎","勅額門","国宝・重要文化財（建造物）","重要文化財","近世以前／神社","","江戸中期","19300523","","東京都","東京都台東区上野桜木一丁目","","寛永寺","","35.72150099000000","139.77605710000000"
"102","544","常憲院霊廟勅額門及び水盤舎","水盤舎","国宝・重要文化財（建造物）","重要文化財","近世以前／神社","","江戸中期","19300523","","東京都","東京都台東区上野桜木一丁目","","寛永寺","","35.72166048000000","139.77614874000000"
"102","00004878","雑司ケ谷鬼子母神堂","","国宝・重要文化財（建造物）","重要文化財","近世以前／神社","","江戸中期","20160725","","東京都","東京都豊島区雑司が谷三丁目","","法明寺","","35.72210600000000","139.71334200000000"
"102","513","旧台徳院霊廟惣門","","国宝・重要文化財（建造物）","重要文化財","近世以前／神社","","江戸前期","19300523","","東京都","東京都港区芝公園四丁目8番2号","","","株式会社西武・プリンスホテルズワールドワイド","35.65613406000000","139.74983815000000"
"102","536","東照宮社殿","石造明神鳥居","国宝・重要文化財（建造物）","重要文化財","近世以前／神社","","江戸前期","19421222","","東京都","東京都台東区上野公園","","東照宮","","35.71531682000000","139.77104576000000"
"102","534","東照宮社殿","唐門","国宝・重要文化財（建造物）","重要文化財","近世以前／神社","","江戸前期","19110417","","東京都","東京都台東区上野公園","","東照宮","","35.71535462000000","139.77086036000000"
"102","533","東照宮社殿","本殿、幣殿、拝殿","国宝・重要文化財（建造物）","重要文化財","近世以前／神社","","江戸前期","19110417","","東京都","東京都台東区上野公園","","東照宮","","35.71537662000000","139.77059176000000"
"102","535","東照宮社殿","透塀","国宝・重要文化財（建造物）","重要文化財","近世以前／神社","","江戸前期","19110417","","東京都","東京都台東区上野公園","","東照宮","","35.71539242000000","139.77044277000000"
"102","528","根津神社","楼門","国宝・重要文化財（建造物）","重要文化財","近世以前／神社","","江戸中期","19560628","","東京都","東京都文京区根津一丁目","","根津神社","","35.71965152000000","139.76093094000000"
"102","526","根津神社","透塀（唐門西門間）","国宝・重要文化財（建造物）","重要文化財","近世以前／神社","","江戸中期","19560628","","東京都","東京都文京区根津一丁目","","根津神社","","35.71986217000000","139.76070081000000"
"102","523","根津神社","唐門","国宝・重要文化財（建造物）","重要文化財","近世以前／神社","","江戸中期","19311214","","東京都","東京都文京区根津一丁目","","根津神社","","35.71991905000000","139.76084430000000"
"102","525","根津神社","透塀（唐門東方）","国宝・重要文化財（建造物）","重要文化財","近世以前／神社","","江戸中期","19560628","","東京都","東京都文京区根津一丁目","","根津神社","","35.71993868000000","139.76100592000000"
"102","524","根津神社","西門","国宝・重要文化財（建造物）","重要文化財","近世以前／神社","","江戸中期","19560628","","東京都","東京都文京区根津一丁目","","根津神社","","35.72001767000000","139.76054086000000"
"102","522","根津神社","本殿、幣殿、拝殿","国宝・重要文化財（建造物）","重要文化財","近世以前／神社","","江戸中期","19311214","","東京都","東京都文京区根津一丁目","","根津神社","","35.72021331000000","139.76072423000000"
"102","527","根津神社","透塀（西門北方）","国宝・重要文化財（建造物）","重要文化財","近世以前／神社","","江戸中期","19560628","","東京都","東京都文京区根津一丁目","","根津神社","","35.72041549000000","139.76058067000000"
"102","514","有章院（徳川家継）霊廟二天門","","国宝・重要文化財（建造物）","重要文化財","近世以前／神社","","江戸中期","19300523","","東京都","東京都港区芝公園三丁目3番","","","","35.65915570000000","139.75036242000000"
"102","00003912","荏柄天神社本殿","","国宝・重要文化財（建造物）","重要文化財","近世以前／神社","","鎌倉後期","20050722","","神奈川県","神奈川県鎌倉市二階堂","","荏柄天神社","","35.32590929000000","139.56432536000000"
"102","607","鶴岡八幡宮上宮","本殿、幣殿及び拝殿","国宝・重要文化財（建造物）","重要文化財","近世以前／神社","","江戸後期","19960709","","神奈川県","神奈川県鎌倉市雪ノ下","","鶴岡八幡宮","","35.32611043000000","139.55642014000000"
"102","609","鶴岡八幡宮上宮","末社武内社本殿","国宝・重要文化財（建造物）","重要文化財","近世以前／神社","","江戸後期","19960709","","神奈川県","神奈川県鎌倉市雪ノ下","","鶴岡八幡宮","","35.32623782000000","139.55639851000000"
"102","608","鶴岡八幡宮上宮","回廊","国宝・重要文化財（建造物）","重要文化財","近世以前／神社","","江戸後期","19960709","","神奈川県","神奈川県鎌倉市雪ノ下","","鶴岡八幡宮","","35.32629791000000","139.55655354000000"
"102","604","鶴岡八幡宮大鳥居（一の鳥居）","","国宝・重要文化財（建造物）","重要文化財","近世以前／神社","","江戸中期","19040829","","神奈川県","神奈川県鎌倉市雪ノ下","","鶴岡八幡宮","","35.31323011000000","139.54852022000000"
"102","606","鶴岡八幡宮摂社若宮","本殿・弊殿・拝殿","国宝・重要文化財（建造物）","重要文化財","近世以前／神社","","江戸前期","19960709","","神奈川県","神奈川県鎌倉市雪ノ下","","鶴岡八幡宮","","35.32552203000000","139.55640814000000"
"102","605","鶴岡八幡宮末社丸山稲荷社本殿","","国宝・重要文化財（建造物）","重要文化財","近世以前／神社","","室町中期","19670615","","神奈川県","神奈川県鎌倉市雪ノ下","","鶴岡八幡宮","","35.32615839000000","139.55566401000000"
"102","702","小比叡神社","鳥居","国宝・重要文化財（建造物）","重要文化財","近世以前／神社","","桃山","19770128","","新潟県","新潟県佐渡市小比叡","","小比叡神社","","37.83593265000000","138.28760446000000"
"102","701","小比叡神社","本殿","国宝・重要文化財（建造物）","重要文化財","近世以前／神社","","江戸前期","19770128","","新潟県","新潟県佐渡市小比叡","","小比叡神社","","37.83598822000000","138.28722382000000"
"102","635","多多神社本殿","","国宝・重要文化財（建造物）","重要文化財","近世以前／神社","","室町後期","19580514","","新潟県","新潟県柏崎市曽地","","多多神社","","37.40458076000000","138.63915892000000"
"102","682","白山神社本殿","","国宝・重要文化財（建造物）","重要文化財","近世以前／神社","","室町後期","19580514","","新潟県","新潟県糸魚川市大字能生","","白山神社","","37.10703061000000","137.99409390000000"
"102","681","松苧神社本殿","","国宝・重要文化財（建造物）","重要文化財","近世以前／神社","","室町後期","19780531","","新潟県","新潟県十日町市犬伏","","松苧神社","","37.14768001000000","138.64638645000000"
"102","646","弥彦神社境内末社十柱神社社殿","","国宝・重要文化財（建造物）","重要文化財","近世以前／神社","","江戸中期","19170813","","新潟県","新潟県西蒲原郡弥彦村大字弥彦","","弥彦神社","","37.70660132000000","138.82713500000000"
"102","739","雄山神社前立社壇本殿","","国宝・重要文化財（建造物）","重要文化財","近世以前／神社","","室町後期","19060414","","富山県","富山県中新川郡立山町岩峅寺","","雄山神社","","36.60784467000000","137.31526501000000"
"102","720","気多神社本殿","","国宝・重要文化財（建造物）","重要文化財","近世以前／神社","","室町後期","19310119","","富山県","富山県高岡市伏木一ノ宮","","気多神社","","36.80021995000000","137.04460143000000"
"102","738","護国八幡宮","拝殿及び幣殿","国宝・重要文化財（建造物）","重要文化財","近世以前／神社","","江戸前期","19240415","","富山県","富山県小矢部市埴生","","護国八幡宮","","36.66682647000000","136.85200021000000"
"102","737","護国八幡宮","釣殿","国宝・重要文化財（建造物）","重要文化財","近世以前／神社","","江戸前期","19240415","","富山県","富山県小矢部市埴生","","護国八幡宮","","36.66690404000000","136.85197630000000"
"102","736","護国八幡宮","本殿","国宝・重要文化財（建造物）","重要文化財","近世以前／神社","","桃山","19240415","","富山県","富山県小矢部市埴生","","護国八幡宮","","36.66698764000000","136.85194562000000"
"102","743","白山宮本殿","","国宝・重要文化財（建造物）","重要文化財","近世以前／神社","","室町後期","19580514","","富山県","富山県南砺市上梨","","白山宮","","36.41130462000000","136.93081371000000"
"102","751","尾崎神社","透塀","国宝・重要文化財（建造物）","重要文化財","近世以前／神社","","江戸前期","19310119","","石川県","石川県金沢市丸の内","","尾崎神社","","36.56917475000000","136.65777021000000"
"102","749","尾崎神社","本殿","国宝・重要文化財（建造物）","重要文化財","近世以前／神社","","江戸前期","19310119","","石川県","石川県金沢市丸の内","","尾崎神社","","36.56919342000000","136.65767454000000"
"102","750","尾崎神社","中門","国宝・重要文化財（建造物）","重要文化財","近世以前／神社","","江戸前期","19310119","","石川県","石川県金沢市丸の内","","尾崎神社","","36.56920975000000","136.65758704000000"
"102","752","尾崎神社","拝殿及び幣殿","国宝・重要文化財（建造物）","重要文化財","近世以前／神社","","江戸前期","19310119","","石川県","石川県金沢市丸の内","","尾崎神社","","36.56923075000000","136.65746570000000"
"102","793","気多神社","摂社若宮神社本殿","国宝・重要文化財（建造物）","重要文化財","近世以前／神社","","室町後期","19060414","","石川県","石川県羽咋市寺家町","","気多大社","","36.92577367000000","136.76741846000000"
"102","794","気多神社","拝殿","国宝・重要文化財（建造物）","重要文化財","近世以前／神社","","江戸前期","19610607","","石川県","石川県羽咋市寺家町","","気多大社","","36.92589330000000","136.76752954000000"
"102","792","気多神社","摂社白山神社本殿","国宝・重要文化財（建造物）","重要文化財","近世以前／神社","","江戸後期","19820611","","石川県","石川県羽咋市寺家町","","気多大社","","36.92602574000000","136.76765557000000"
"102","791","気多神社","本殿","国宝・重要文化財（建造物）","重要文化財","近世以前／神社","","江戸後期","19820611","","石川県","石川県羽咋市寺家町","","気多大社","","36.92605351000000","136.76751031000000"
"102","795","気多神社","神門","国宝・重要文化財（建造物）","重要文化財","近世以前／神社","","室町後期","19610607","","石川県","石川県羽咋市寺家町","","気多大社","","36.92607487000000","136.76738428000000"
"102","782","小松天満宮","神門","国宝・重要文化財（建造物）","重要文化財","近世以前／神社","","江戸前期","19610607","","石川県","石川県小松市天神町1番地","","小松天満宮","","36.41595223000000","136.44911219000000"
"102","781","小松天満宮","本殿、石の間、幣殿及び拝殿","国宝・重要文化財（建造物）","重要文化財","近世以前／神社","","江戸前期","19610607","","石川県","石川県小松市天神町1番地","","小松天満宮","","36.41606977000000","136.44860169000000"
"102","00005615","總持寺祖院","伝燈院御霊屋","国宝・重要文化財（建造物）","重要文化財","近世以前／神社","","江戸後期","20241209","","石川県","石川県輪島市門前町門前","","宗教法人大本山總持寺祖院","","37.28680278000000","136.77074167000000"
"102","00005618","總持寺祖院","白山社本殿","国宝・重要文化財（建造物）","重要文化財","近世以前／神社","","江戸前期","20241209","","石川県","石川県輪島市門前町門前","","宗教法人大本山總持寺祖院","","37.28734722000000","136.76983333000000"
"102","00005612","總持寺祖院","放光堂","国宝・重要文化財（建造物）","重要文化財","近世以前／寺院","","江戸後期","20241209","","石川県","石川県輪島市門前町門前","","宗教法人大本山總持寺祖院","","37.28666111000000","136.77064167000000"
"102","00005621","總持寺祖院","三樹松関","国宝・重要文化財（建造物）","重要文化財","近世以前／寺院","","江戸後期","20241209","","石川県","石川県輪島市門前町門前","","宗教法人大本山總持寺祖院","","37.28683333000000","136.76859722000000"
"102","00005617","總持寺祖院","慈雲閣観音堂","国宝・重要文化財（建造物）","重要文化財","近世以前／寺院","","江戸後期","20241209","","石川県","石川県輪島市門前町門前","","宗教法人大本山總持寺祖院","","37.28691944000000","136.77088889000000"
"102","00005620","總持寺祖院","経蔵","国宝・重要文化財（建造物）","重要文化財","近世以前／寺院","","江戸中期","20241209","","石川県","石川県輪島市門前町門前","","宗教法人大本山總持寺祖院","","37.28702778000000","136.76942500000000"
"102","00005622","總持寺祖院","裏門","国宝・重要文化財（建造物）","重要文化財","近世以前／寺院","","江戸後期","20241209","","石川県","石川県輪島市門前町門前","","宗教法人大本山總持寺祖院","","37.28722222000000","136.76954444000000"
"102","00005619","總持寺祖院","白山蔵","国宝・重要文化財（建造物）","重要文化財","近世以前／その他","","江戸後期","20241209","","石川県","石川県輪島市門前町門前","","宗教法人大本山總持寺祖院","","37.28694722000000","136.76968889000000"
"102","00005608","總持寺祖院","仏殿","国宝・重要文化財（建造物）","重要文化財","近代／宗教","","大正","20241209","","石川県","石川県輪島市門前町門前","","宗教法人大本山總持寺祖院","","37.28606667000000","136.77002500000000"
"102","00005613","總持寺祖院","慧心廊","国宝・重要文化財（建造物）","重要文化財","近代／宗教","","大正","20241209","","石川県","石川県輪島市門前町門前","","宗教法人大本山總持寺祖院","","37.28610278000000","136.77035000000000"
"102","00005607","總持寺祖院","大祖堂","国宝・重要文化財（建造物）","重要文化財","近代／宗教","","大正","20241209","","石川県","石川県輪島市門前町門前","","宗教法人大本山總持寺祖院","","37.28637500000000","136.77047778000000"
"102","00005609","總持寺祖院","山門","国宝・重要文化財（建造物）","重要文化財","近代／宗教","","昭和","20241209","","石川県","石川県輪島市門前町門前","","宗教法人大本山總持寺祖院","","37.28671389000000","136.76981111000000"
"102","00005616","總持寺祖院","伝燈院唐門","国宝・重要文化財（建造物）","重要文化財","近代／宗教","","大正","20241209","","石川県","石川県輪島市門前町門前","","宗教法人大本山總持寺祖院","","37.28680278000000","136.77057500000000"
"102","00005614","總持寺祖院","玄風廊","国宝・重要文化財（建造物）","重要文化財","近代／宗教","","大正","20241209","","石川県","石川県輪島市門前町門前","","宗教法人大本山總持寺祖院","","37.28688056000000","136.77048889000000"
"102","00005611","總持寺祖院","鐘鼓楼及び回廊（回廊）","国宝・重要文化財（建造物）","重要文化財","近代／宗教","","大正","20241209","","石川県","石川県輪島市門前町門前","","宗教法人大本山總持寺祖院","","37.28696111000000","136.76985556000000"
"102","00005610","總持寺祖院","鐘鼓楼及び回廊（鐘鼓楼）","国宝・重要文化財（建造物）","重要文化財","近代／宗教","","大正","20241209","","石川県","石川県輪島市門前町門前","","宗教法人大本山總持寺祖院","","37.28696944000000","136.76985278000000"
"102","788","白山神社本殿","","国宝・重要文化財（建造物）","重要文化財","近世以前／神社","","室町後期","19740521","","石川県","石川県珠洲市宝立町春日野","","白山神社","","37.40941240000000","137.21388340000000"
"102","814","藤津比古神社本殿","","国宝・重要文化財（建造物）","重要文化財","近世以前／神社","","室町中期","19670615","","石川県","石川県七尾市中島町字藤瀬","","藤津比古神社","","37.14329448000000","136.81878062000000"
"102","809","松尾神社本殿","","国宝・重要文化財（建造物）","重要文化財","近世以前／神社","","室町後期","19800531","","石川県","石川県羽咋郡志賀町町居","","松尾神社","","37.10492281000000","136.77227418000000"
"102","802","妙成寺三十番神堂","","国宝・重要文化財（建造物）","重要文化財","近世以前／神社","","桃山","19170813","","石川県","石川県羽咋市滝谷町","","妙成寺","","36.95419406000000","136.77550133000000"
"102","819","大塩八幡宮拝殿","","国宝・重要文化財（建造物）","重要文化財","近世以前／神社","","室町後期","19780531","","福井県","福井県越前市国兼町","","大塩八幡宮","","35.84923089000000","136.17107865000000"
"102","833","大滝神社本殿及び拝殿","","国宝・重要文化財（建造物）","重要文化財","近世以前／神社","","江戸末期","19840521","","福井県","福井県越前市大滝町","","大滝神社","","35.90682056000000","136.25292016000000"
"102","829","春日神社本殿","","国宝・重要文化財（建造物）","重要文化財","近世以前／神社","","桃山","19780531","","福井県","福井県鯖江市鳥井町","","春日神社","","35.94449353000000","136.16766485000000"
"102","817","気比神宮大鳥居","","国宝・重要文化財（建造物）","重要文化財","近世以前／神社","","江戸前期","19010327","","福井県","福井県敦賀市曙町","","気比神宮","","35.65437134000000","136.07383585000000"
"102","834","須波阿須疑神社本殿","","国宝・重要文化財（建造物）","重要文化財","近世以前／神社","","室町後期","19411106","","福井県","福井県今立郡池田町稲荷","","須波阿須疑神社","","35.88560200000000","136.34785020000000"
"102","830","瀧谷寺","鎮守堂","国宝・重要文化財（建造物）","重要文化財","近世以前／神社","","室町後期","19620621","","福井県","福井県坂井市三国町滝谷","","滝谷寺","","36.22166193000000","136.14683937000000"
"102","00005028","瀧谷寺","本堂","国宝・重要文化財（建造物）","重要文化財","近世以前／寺院","","江戸中期","20170731","","福井県","福井県坂井市三国町滝谷","","瀧谷寺","","36.21910778000000","136.14902694000000"
"102","00005029","瀧谷寺","観音堂","国宝・重要文化財（建造物）","重要文化財","近世以前／寺院","","江戸中期","20170731","","福井県","福井県坂井市三国町滝谷","","瀧谷寺","","36.21910778000000","136.14902694000000"
"102","00005030","瀧谷寺","方丈及び庫裏","国宝・重要文化財（建造物）","重要文化財","近世以前／寺院","","江戸中期","20170731","","福井県","福井県坂井市三国町滝谷","","瀧谷寺","","36.21910778000000","136.14902694000000"
"102","00005031","瀧谷寺","開山堂","国宝・重要文化財（建造物）","重要文化財","近世以前／寺院","","室町後期","20170731","","福井県","福井県坂井市三国町滝谷","","瀧谷寺","","36.21910778000000","136.14902694000000"
"102","00005032","瀧谷寺","山門","国宝・重要文化財（建造物）","重要文化財","近世以前／寺院","","江戸中期","20170731","","福井県","福井県坂井市三国町滝谷","","瀧谷寺","","36.21910778000000","136.14902694000000"
"102","883","浅間神社摂社山宮神社本殿","","国宝・重要文化財（建造物）","重要文化財","近世以前／神社","","室町後期","19070828","","山梨県","山梨県笛吹市一宮町一ノ宮","","浅間神社","","35.63403806000000","138.71405905000000"
"102","840","穴切大神社本殿","","国宝・重要文化財（建造物）","重要文化財","近世以前／神社","","桃山","19350513","","山梨県","山梨県甲府市宝","","穴切大神社","","35.66265457000000","138.56102462000000"
"102","00005044","北口本宮冨士浅間神社","社務所","国宝・重要文化財（建造物）","重要文化財","近世以前／神社","","江戸中期","20171128","","山梨県","山梨県富士吉田市上吉田","","宗教法人北口本宮冨士浅間神社","","35.47060278000000","138.79289444000000"
"102","00005038","北口本宮冨士浅間神社","惠毘壽社及び透塀","国宝・重要文化財（建造物）","重要文化財","近世以前／神社","","江戸後期","20171128","","山梨県","山梨県富士吉田市上吉田","","宗教法人北口本宮冨士浅間神社","","35.47061111000000","138.79223611000000"
"102","00005037","北口本宮冨士浅間神社","拝殿及び幣殿","国宝・重要文化財（建造物）","重要文化財","近世以前／神社","","江戸中期","20171128","","山梨県","山梨県富士吉田市上吉田","","宗教法人北口本宮冨士浅間神社","","35.47079167000000","138.79238611000000"
"102","00005040","北口本宮冨士浅間神社","手水舎","国宝・重要文化財（建造物）","重要文化財","近世以前／神社","","江戸中期","20171128","","山梨県","山梨県富士吉田市上吉田","","宗教法人北口本宮冨士浅間神社","","35.47087500000000","138.79277222000000"
"102","00005039","北口本宮冨士浅間神社","神楽殿","国宝・重要文化財（建造物）","重要文化財","近世以前／神社","","江戸中期","20171128","","山梨県","山梨県富士吉田市上吉田","","宗教法人北口本宮冨士浅間神社","","35.47096944000000","138.79260556000000"
"102","00005042","北口本宮冨士浅間神社","福地八幡社","国宝・重要文化財（建造物）","重要文化財","近世以前／神社","","江戸中期","20171128","","山梨県","山梨県富士吉田市上吉田","","宗教法人北口本宮冨士浅間神社","","35.47109167000000","138.79306111000000"
"102","00005041","北口本宮冨士浅間神社","隨神門","国宝・重要文化財（建造物）","重要文化財","近世以前／神社","","江戸中期","20171128","","山梨県","山梨県富士吉田市上吉田","","宗教法人北口本宮冨士浅間神社","","35.47111389000000","138.79277222000000"
"102","00005043","北口本宮冨士浅間神社","諏訪神社拝殿","国宝・重要文化財（建造物）","重要文化財","近世以前／神社","","江戸中期","20171128","","山梨県","山梨県富士吉田市上吉田","","宗教法人北口本宮冨士浅間神社","","35.47142500000000","138.79197222000000"
"102","845","北口本宮富士浅間神社東宮本殿","","国宝・重要文化財（建造物）","重要文化財","近世以前／神社","","室町後期","19070828","","山梨県","山梨県富士吉田市上吉田諏訪内","","北口本宮富士浅間神社","","35.47050004000000","138.79239395000000"
"102","847","北口本宮富士浅間神社西宮本殿","","国宝・重要文化財（建造物）","重要文化財","近世以前／神社","","桃山","19530331","","山梨県","山梨県富士吉田市上吉田諏訪内","","北口本宮富士浅間神社","","35.47070617000000","138.79209458000000"
"102","846","北口本宮富士浅間神社本殿","","国宝・重要文化財（建造物）","重要文化財","近世以前／神社","","江戸前期","19530331","","山梨県","山梨県富士吉田市上吉田諏訪内","","北口本宮富士浅間神社","","35.47064482000000","138.79224917000000"
"102","873","窪八幡神社神門","","国宝・重要文化財（建造物）","重要文化財","近世以前／神社","","室町後期","19490218","","山梨県","山梨県山梨市北","","窪八幡神社","","35.70445405000000","138.69071721000000"
"102","869","窪八幡神社摂社若宮八幡神社拝殿","","国宝・重要文化財（建造物）","重要文化財","近世以前／神社","","室町後期","19490218","","山梨県","山梨県山梨市北","","窪八幡神社","","35.70490822000000","138.68997871000000"
"102","868","窪八幡神社摂社若宮八幡神社本殿","","国宝・重要文化財（建造物）","重要文化財","近世以前／神社","","室町中期","19490218","","山梨県","山梨県山梨市北","","窪八幡神社","","35.70493972000000","138.68988291000000"
"102","874","窪八幡神社鳥居","","国宝・重要文化財（建造物）","重要文化財","近世以前／神社","","室町後期","19490218","","山梨県","山梨県山梨市北","","窪八幡神社","","35.70385464000000","138.69214008000000"
"102","867","窪八幡神社拝殿（庁屋）","","国宝・重要文化財（建造物）","重要文化財","近世以前／神社","","室町後期","19490218","","山梨県","山梨県山梨市北","","窪八幡神社","","35.70476365000000","138.68989888000000"
"102","866","窪八幡神社本殿","","国宝・重要文化財（建造物）","重要文化財","近世以前／神社","","室町後期","19070828","","山梨県","山梨県山梨市北","","窪八幡神社","","35.70478451000000","138.68979759000000"
"102","871","窪八幡神社末社高良神社本殿","","国宝・重要文化財（建造物）","重要文化財","近世以前／神社","","室町後期","19490218","","山梨県","山梨県山梨市北","","窪八幡神社","","35.70458253000000","138.68984974000000"
"102","870","窪八幡神社末社武内大神本殿","","国宝・重要文化財（建造物）","重要文化財","近世以前／神社","","室町後期","19490218","","山梨県","山梨県山梨市北","","窪八幡神社","","35.70467389000000","138.68969519000000"
"102","872","窪八幡神社末社比咩三神本殿","","国宝・重要文化財（建造物）","重要文化財","近世以前／神社","","江戸前期","19490218","","山梨県","山梨県山梨市北","","窪八幡神社","","35.70452839000000","138.69039811000000"
"102","853","熊野神社拝殿","","国宝・重要文化財（建造物）","重要文化財","近世以前／神社","","室町後期","19490218","","山梨県","山梨県甲州市塩山熊野","","熊野神社","","35.69181189000000","138.72532601000000"
"102","852","熊野神社本殿","","国宝・重要文化財（建造物）","重要文化財","近世以前／神社","","室町中期","19490218","","山梨県","山梨県甲州市塩山熊野","","熊野神社","","35.69188595000000","138.72553949000000"
"102","851","熊野神社本殿","","国宝・重要文化財（建造物）","重要文化財","近世以前／神社","","室町中期","19490218","","山梨県","山梨県甲州市塩山熊野","","熊野神社","","35.69189031000000","138.72549157000000"
"102","879","武田八幡神社本殿","","国宝・重要文化財（建造物）","重要文化財","近世以前／神社","","室町後期","19290406","","山梨県","山梨県韮崎市神山町","","武田八幡神社","","35.70449421000000","138.41998942000000"
"102","875","天神社本殿","","国宝・重要文化財（建造物）","重要文化財","近世以前／神社","","室町後期","19530331","","山梨県","山梨県山梨市大工","","天神社","","35.71364203000000","138.66348693000000"
"102","881","中牧神社本殿","","国宝・重要文化財（建造物）","重要文化財","近世以前／神社","","室町後期","19531114","","山梨県","山梨県山梨市牧丘町千野野宮","","中牧神社","","35.75686432000000","138.70705703000000"
"102","905","富士御室浅間神社本殿","","国宝・重要文化財（建造物）","重要文化財","近世以前／神社","","桃山","19850518","","山梨県","山梨県南都留郡富士河口湖町浅川","","富士御室浅間神社","","35.51070659000000","138.74602359000000"
"102","880","山梨岡神社本殿","","国宝・重要文化財（建造物）","重要文化財","近世以前／神社","","室町後期","19070828","","山梨県","山梨県笛吹市春日居町鎮目","","山梨岡神社","","35.66460975000000","138.63873221000000"
"102","991","熱田神社本殿","","国宝・重要文化財（建造物）","重要文化財","近世以前／神社","","江戸後期","19931209","","長野県","長野県伊那市長谷溝口","","熱田神社","","35.78957785000000","138.08908055000000"
"102","1018","大宮熱田神社本殿","","国宝・重要文化財（建造物）","重要文化財","近世以前／神社","","室町後期","19490218","","長野県","長野県松本市梓川梓","","大宮熱田神社","","36.23101479000000","137.84514176000000"
"102","1019","大宮熱田神社若宮八幡宮本殿","","国宝・重要文化財（建造物）","重要文化財","近世以前／神社","","室町中期","19490218","","長野県","長野県松本市梓川梓","","大宮熱田神社","","36.23116571000000","137.84522135000000"
"102","996","大山田神社","相殿鎮西八郎為朝社本殿","国宝・重要文化財（建造物）","重要文化財","近世以前／神社","","江戸後期","19120208","","長野県","長野県下伊那郡下條村大字陽皐","","大山田神社","","35.37777522000000","137.78313363000000"
"102","995","大山田神社","相殿応神天皇社本殿","国宝・重要文化財（建造物）","重要文化財","近世以前／神社","","室町後期","19120208","","長野県","長野県下伊那郡下條村大字陽皐","","大山田神社","","35.37779819000000","137.78312471000000"
"102","910","葛山落合神社本殿","","国宝・重要文化財（建造物）","重要文化財","近世以前／神社","","室町中期","19360918","","長野県","長野県長野市大字入山","","葛山落合神社","","36.67136779000000","138.12978976000000"
"102","968","駒形神社本殿","","国宝・重要文化財（建造物）","重要文化財","近世以前／神社","","室町後期","19490530","","長野県","長野県佐久市塚原","","駒形神社","","36.26938955000000","138.43170261000000"
"102","911","真田信重霊屋","","国宝・重要文化財（建造物）","重要文化財","近世以前／神社","","江戸前期","19710622","","長野県","長野県長野市松代町西条","","西楽寺","","36.54255554000000","138.20178529000000"
"102","913","真田信之霊屋","表門","国宝・重要文化財（建造物）","重要文化財","近世以前／神社","","江戸前期","19760520","","長野県","長野県長野市松代町松代","","","宗教法人長国寺","36.56489849000000","138.20617555000000"
"102","912","真田信之霊屋","宝殿","国宝・重要文化財（建造物）","重要文化財","近世以前／神社","","江戸前期","19760520","","長野県","長野県長野市松代町松代","","","宗教法人長国寺","36.56491957000000","138.20634183000000"
"102","1027","佐野神社本殿","","国宝・重要文化財（建造物）","重要文化財","近世以前／神社","","桃山","19550622","","長野県","長野県下高井郡山ノ内町大字佐野","","佐野神社","","36.73414161000000","138.41302151000000"
"102","1028","白髯神社本殿","","国宝・重要文化財（建造物）","重要文化財","近世以前／神社","","桃山","19590627","","長野県","長野県長野市鬼無里日影","","白髯神社","","36.67231891000000","137.99123030000000"
"102","971","新海三社神社東本社","","国宝・重要文化財（建造物）","重要文化財","近世以前／神社","","室町後期","19370729","","長野県","長野県佐久市田口","","新海三社神社","","36.19592179000000","138.51254877000000"
"102","1014","神明社","舞台","国宝・重要文化財（建造物）","重要文化財","近世以前／神社","","江戸後期","19930420","","長野県","長野県東筑摩郡麻績村麻","","神明社","","36.45924864000000","138.05851650000000"
"102","1013","神明社","神楽殿","国宝・重要文化財（建造物）","重要文化財","近世以前／神社","","江戸中期","19930420","","長野県","長野県東筑摩郡麻績村麻","","神明社","","36.45950571000000","138.05856286000000"
"102","1011","神明社","拝殿","国宝・重要文化財（建造物）","重要文化財","近世以前／神社","","江戸末期","19930420","","長野県","長野県東筑摩郡麻績村麻","","神明社","","36.45959422000000","138.05877779000000"
"102","1010","神明社","本殿","国宝・重要文化財（建造物）","重要文化財","近世以前／神社","","江戸中期","19930420","","長野県","長野県東筑摩郡麻績村麻","","神明社","","36.45967850000000","138.05881151000000"
"102","1012","神明社","假殿","国宝・重要文化財（建造物）","重要文化財","近世以前／神社","","江戸後期","19930420","","長野県","長野県東筑摩郡麻績村麻","","神明社","","36.45970379000000","138.05851229000000"
"102","1022","神明社","本殿","国宝・重要文化財（建造物）","重要文化財","近世以前／神社","","桃山","19490530","","長野県","長野県北安曇郡白馬村大字神城","","神明宮","","36.65330897000000","137.84152295000000"
"102","1023","神明社","諏訪社本殿","国宝・重要文化財（建造物）","重要文化財","近世以前／神社","","桃山","19490530","","長野県","長野県北安曇郡白馬村大字神城","","神明宮","","36.65330897000000","137.84152295000000"
"102","997","諏訪社","本殿","国宝・重要文化財（建造物）","重要文化財","近世以前／神社","","桃山","19930420","","長野県","長野県下伊那郡泰阜村字家ノ上","","諏訪社","","35.36697621000000","137.84161858000000"
"102","998","諏訪社","若宮八幡宮本殿","国宝・重要文化財（建造物）","重要文化財","近世以前／神社","","桃山","19930420","","長野県","長野県下伊那郡泰阜村字家ノ上","","諏訪社","","35.36698182000000","137.84159352000000"
"102","988","諏訪社","拝殿","国宝・重要文化財（建造物）","重要文化財","近世以前／神社","","江戸前期","19300523","","長野県","長野県諏訪郡富士見町大字乙事","","諏訪社","","35.91441018000000","138.26643877000000"
"102","989","諏訪社","幣殿","国宝・重要文化財（建造物）","重要文化財","近世以前／神社","","江戸前期","19300523","","長野県","長野県諏訪郡富士見町大字乙事","","諏訪社","","35.91450252000000","138.26639260000000"
"102","00004861","諏訪大社上社本宮","文庫","国宝・重要文化財（建造物）","重要文化財","近世以前／神社","","江戸後期","20160209","","長野県","長野県諏訪市大字中州","","諏訪大社","","35.99811700000000","138.11902200000000"
"102","00004860","諏訪大社上社本宮","勅願殿","国宝・重要文化財（建造物）","重要文化財","近世以前／神社","","江戸末期","20160209","","長野県","長野県諏訪市大字中州","","諏訪大社","","35.99816000000000","138.11891200000000"
"102","00004868","諏訪大社上社本宮","入口御門","国宝・重要文化財（建造物）","重要文化財","近世以前／神社","","江戸後期","20160209","","長野県","長野県諏訪市大字中州","","諏訪大社","","35.99818000000000","138.11996200000000"
"102","00004864","諏訪大社上社本宮","摂末社遙拝所","国宝・重要文化財（建造物）","重要文化財","近世以前／神社","","江戸後期","20160209","","長野県","長野県諏訪市大字中州","","諏訪大社","","35.99818300000000","138.11975700000000"
"102","00004862","諏訪大社上社本宮","勅使殿","国宝・重要文化財（建造物）","重要文化財","近世以前／神社","","江戸末期","20160209","","長野県","長野県諏訪市大字中州","","諏訪大社","","35.99829400000000","138.11992200000000"
"102","00004859","諏訪大社上社本宮","布橋","国宝・重要文化財（建造物）","重要文化財","近世以前／神社","","江戸後期","20160209","","長野県","長野県諏訪市大字中州","","諏訪大社","","35.99830800000000","138.11963600000000"
"102","00004867","諏訪大社上社本宮","神馬舎","国宝・重要文化財（建造物）","重要文化財","近世以前／神社","","江戸末期","20160209","","長野県","長野県諏訪市大字中州","","諏訪大社","","35.99831500000000","138.12024500000000"
"102","00004863","諏訪大社上社本宮","五間廊","国宝・重要文化財（建造物）","重要文化財","近世以前／神社","","江戸後期","20160209","","長野県","長野県諏訪市大字中州","","諏訪大社","","35.99833500000000","138.11980800000000"
"102","947","諏訪大社上社本宮","脇片拝殿","国宝・重要文化財（建造物）","重要文化財","近世以前／神社","","江戸末期","19831226","","長野県","長野県諏訪市大字中洲","","諏訪大社","","35.99843143000000","138.11848658000000"
"102","00004866","諏訪大社上社本宮","天流水舎","国宝・重要文化財（建造物）","重要文化財","近世以前／神社","","江戸後期","20160209","","長野県","長野県諏訪市大字中州","","諏訪大社","","35.99845200000000","138.11948300000000"
"102","00004865","諏訪大社上社本宮","神楽殿","国宝・重要文化財（建造物）","重要文化財","近世以前／神社","","江戸後期","20160209","","長野県","長野県諏訪市大字中州","","諏訪大社","","35.99856300000000","138.11957700000000"
"102","945","諏訪大社上社本宮","左右片拝殿（左）","国宝・重要文化財（建造物）","重要文化財","近世以前／神社","","江戸末期","19831226","","長野県","長野県諏訪市大字中洲","","諏訪大社","","35.99869837000000","138.11853528000000"
"102","944","諏訪大社上社本宮","拝殿","国宝・重要文化財（建造物）","重要文化財","近世以前／神社","","江戸末期","19831226","","長野県","長野県諏訪市大字中洲","","諏訪大社","","35.99875608000000","138.11859119000000"
"102","948","諏訪大社上社本宮","四脚門","国宝・重要文化財（建造物）","重要文化財","近世以前／神社","","桃山","19831226","","長野県","長野県諏訪市大字中洲","","諏訪大社","","35.99880298000000","138.11847035000000"
"102","946","諏訪大社上社本宮","左右片拝殿（右）","国宝・重要文化財（建造物）","重要文化財","近世以前／神社","","江戸末期","19831226","","長野県","長野県諏訪市大字中洲","","諏訪大社","","35.99883184000000","138.11862726000000"
"102","943","諏訪大社上社本宮","幣殿","国宝・重要文化財（建造物）","重要文化財","近世以前／神社","","江戸末期","19831226","","長野県","長野県諏訪市大字中州","","諏訪大社","","35.99884987000000","138.11827014000000"
"102","987","諏訪大社下社","秋宮神楽殿","国宝・重要文化財（建造物）","重要文化財","近世以前／神社","","江戸末期","19831226","","長野県","長野県諏訪郡下諏訪町","","諏訪大社","","36.07526357000000","138.09111645000000"
"102","986","諏訪大社下社","秋宮左右片拝殿（右）","国宝・重要文化財（建造物）","重要文化財","近世以前／神社","","江戸後期","19831226","","長野県","長野県諏訪郡下諏訪町","","諏訪大社","","36.07534335000000","138.09138504000000"
"102","984","諏訪大社下社","秋宮幣拝殿","国宝・重要文化財（建造物）","重要文化財","近世以前／神社","","江戸後期","19831226","","長野県","長野県諏訪郡下諏訪町","","諏訪大社","","36.07539387000000","138.09129728000000"
"102","985","諏訪大社下社","秋宮左右片拝殿（左）","国宝・重要文化財（建造物）","重要文化財","近世以前／神社","","江戸後期","19831226","","長野県","長野県諏訪郡下諏訪町","","諏訪大社","","36.07545238000000","138.09121484000000"
"102","983","諏訪大社下社","春宮左右片拝殿（右）","国宝・重要文化財（建造物）","重要文化財","近世以前／神社","","江戸後期","19831226","","長野県","長野県諏訪郡下諏訪町","","諏訪大社","","36.08205909000000","138.08220755000000"
"102","981","諏訪大社下社","春宮幣拝殿","国宝・重要文化財（建造物）","重要文化財","近世以前／神社","","江戸後期","19831226","","長野県","長野県諏訪郡下諏訪町","","諏訪大社","","36.08205988000000","138.08212807000000"
"102","982","諏訪大社下社","春宮左右片拝殿（左）","国宝・重要文化財（建造物）","重要文化財","近世以前／神社","","江戸後期","19831226","","長野県","長野県諏訪郡下諏訪町","","諏訪大社","","36.08207021000000","138.08204859000000"
"102","961","健御名方富命彦神別神社末社若宮八幡神社本殿","","国宝・重要文化財（建造物）","重要文化財","近世以前／神社","","室町中期","19520719","","長野県","長野県飯山市大字豊田","","健御名方富命彦神別神社","","36.92121097000000","138.37473310000000"
"102","919","筑摩神社本殿","","国宝・重要文化財（建造物）","重要文化財","近世以前／神社","","室町中期","19300523","","長野県","長野県松本市筑摩","","筑摩神社","","36.22631724000000","137.98255705000000"
"102","958","仁科神明宮","中門（前殿）","国宝・重要文化財（建造物）","国宝","近世以前／神社","","江戸中期","19360918","19530331","長野県","長野県大町市社","","仁科神明宮","","36.44933526000000","137.87879476000000"
"102","957","仁科神明宮","本殿","国宝・重要文化財（建造物）","国宝","近世以前／神社","","江戸中期","19360918","19530331","長野県","長野県大町市社","","仁科神明宮","","36.44941622000000","137.87878033000000"
"102","956","若一王子神社本殿","","国宝・重要文化財（建造物）","重要文化財","近世以前／神社","","室町後期","19310119","","長野県","長野県大町市大町","","若一王子神社","","36.51588618000000","137.85358224000000"
"102","940","白山社奥社本殿","","国宝・重要文化財（建造物）","重要文化財","近世以前／神社","","室町後期","19340130","","長野県","長野県飯田市大字上飯田","","白山社","","35.54914601000000","137.78774011000000"
"102","1006","白山神社","境内社熊野神社本殿","国宝・重要文化財（建造物）","重要文化財","近世以前／神社","","室町前期","19370825","","長野県","長野県木曽郡大桑村大字殿","","白山神社","","35.69174638000000","137.66161007000000"
"102","1005","白山神社","境内社伊豆神社本殿","国宝・重要文化財（建造物）","重要文化財","近世以前／神社","","室町前期","19370825","","長野県","長野県木曽郡大桑村大字殿","","白山神社","","35.69176078000000","137.66163475000000"
"102","1003","白山神社","本殿","国宝・重要文化財（建造物）","重要文化財","近世以前／神社","","室町前期","19370825","","長野県","長野県木曽郡大桑村大字殿","","白山神社","","35.69177312000000","137.66165635000000"
"102","1004","白山神社","境内社蔵王神社本殿","国宝・重要文化財（建造物）","重要文化財","近世以前／神社","","室町前期","19370825","","長野県","長野県木曽郡大桑村大字殿","","白山神社","","35.69179164000000","137.66168104000000"
"102","960","白山神社本殿","","国宝・重要文化財（建造物）","重要文化財","近世以前／神社","","室町中期","19520329","","長野県","長野県飯山市大字照岡","","白山神社","宗教法人名立神社","36.97072806000000","138.44683328000000"
"102","976","八幡社境内神社高良社本殿（旧八幡社本殿）","","国宝・重要文化財（建造物）","重要文化財","近世以前／神社","","室町後期","19421222","","長野県","長野県佐久市蓬田","","八幡神社","","36.27616069000000","138.39816294000000"
"102","993","八幡神社","本殿","国宝・重要文化財（建造物）","重要文化財","近世以前／神社","","室町後期","19300523","","長野県","長野県下伊那郡阿南町大字富草","","八幡神社","","35.36669786000000","137.79565020000000"
"102","994","八幡神社","摂社諏訪神社本殿","国宝・重要文化財（建造物）","重要文化財","近世以前／神社","","室町後期","19300523","","長野県","長野県下伊那郡阿南町大字富草","","八幡神社","","35.36669810000000","137.79558069000000"
"102","1025","水上布奈山神社本殿","","国宝・重要文化財（建造物）","重要文化財","近世以前／神社","","江戸後期","19880511","","長野県","長野県千曲市大字戸倉","","水上布奈山神社","","36.48953953000000","138.15046230000000"
"102","925","若宮八幡社本殿","","国宝・重要文化財（建造物）","重要文化財","近世以前／神社","","桃山","19530829","","長野県","長野県松本市筑摩","","若宮八幡社","","36.22124521000000","137.98282316000000"
"102","1108","阿多由太神社本殿","","国宝・重要文化財（建造物）","重要文化財","近世以前／神社","","室町後期","19610607","","岐阜県","岐阜県高山市国府町木曽垣内","","阿多由多神社","","36.22122717000000","137.21807555000000"
"102","1106","荒城神社本殿","","国宝・重要文化財（建造物）","重要文化財","近世以前／神社","","室町前期","19090405","","岐阜県","岐阜県高山市国府町宮地","","荒城神社","","36.21887513000000","137.25962561000000"
"102","1057","大矢田神社","拝殿","国宝・重要文化財（建造物）","重要文化財","近世以前／神社","","江戸中期","19890519","","岐阜県","岐阜県美濃市大矢田","","大矢田神社","","35.55562866000000","136.86834416000000"
"102","1056","大矢田神社","本殿","国宝・重要文化財（建造物）","重要文化財","近世以前／神社","","江戸中期","19890519","","岐阜県","岐阜県美濃市大矢田","","大矢田神社","","35.55581515000000","136.86837583000000"
"102","1097","久津八幡宮拝殿","","国宝・重要文化財（建造物）","重要文化財","近世以前／神社","","桃山","19240415","","岐阜県","岐阜県下呂市萩原町上呂","","久津八幡宮","","35.88748437000000","137.21235598000000"
"102","1098","久津八幡宮本殿","","国宝・重要文化財（建造物）","重要文化財","近世以前／神社","","室町中期","19531114","","岐阜県","岐阜県下呂市萩原町上呂","","久津八幡宮","","35.88750379000000","137.21252773000000"
"102","1109","熊野神社本殿","","国宝・重要文化財（建造物）","重要文化財","近世以前／神社","","室町後期","19790203","","岐阜県","岐阜県高山市国府町西門前","","熊野神社","","36.22539745000000","137.24534223000000"
"102","1050","新長谷寺鎮守堂","","国宝・重要文化財（建造物）","重要文化財","近世以前／神社","","室町後期","19531114","","岐阜県","岐阜県関市長谷寺町","","新長谷寺","","35.48528871000000","136.92352008000000"
"102","1058","武並神社本殿","","国宝・重要文化財（建造物）","重要文化財","近世以前／神社","","室町後期","19890519","","岐阜県","岐阜県恵那市大井町","","武並神社","","35.45064468000000","137.42081965000000"
"102","1082","南宮神社","神輿舎","国宝・重要文化財（建造物）","重要文化財","近世以前／神社","","江戸前期","19660611","","岐阜県","岐阜県不破郡垂井町宮代","","南宮大社","","35.36027857000000","136.52521361000000"
"102","1081","南宮神社","楼門","国宝・重要文化財（建造物）","重要文化財","近世以前／神社","","江戸前期","19660611","","岐阜県","岐阜県不破郡垂井町宮代","","南宮大社","","35.36046152000000","136.52565830000000"
"102","1077","南宮神社","回廊　（左回廊）","国宝・重要文化財（建造物）","重要文化財","近世以前／神社","","江戸前期","19660611","","岐阜県","岐阜県不破郡垂井町宮代","","南宮大社","","35.36049544000000","136.52508086000000"
"102","1080","南宮神社","高舞殿","国宝・重要文化財（建造物）","重要文化財","近世以前／神社","","江戸前期","19660611","","岐阜県","岐阜県不破郡垂井町宮代","","南宮大社","","35.36059328000000","136.52536705000000"
"102","1075","南宮神社","摂社南大神神社本殿","国宝・重要文化財（建造物）","重要文化財","近世以前／神社","","江戸前期","19660611","","岐阜県","岐阜県不破郡垂井町宮代","","南宮大社","","35.36059743000000","136.52484370000000"
"102","1071","南宮神社","拝殿","国宝・重要文化財（建造物）","重要文化財","近世以前／神社","","江戸前期","19660611","","岐阜県","岐阜県不破郡垂井町宮代","","南宮大社","","35.36065664000000","136.52522372000000"
"102","1073","南宮神社","摂社高山神社本殿","国宝・重要文化財（建造物）","重要文化財","近世以前／神社","","江戸前期","19660611","","岐阜県","岐阜県不破郡垂井町宮代","","南宮大社","","35.36066494000000","136.52489549000000"
"102","1070","南宮神社","幣殿","国宝・重要文化財（建造物）","重要文化財","近世以前／神社","","江戸前期","19660611","","岐阜県","岐阜県不破郡垂井町宮代","","南宮大社","","35.36072612000000","136.52508737000000"
"102","1069","南宮神社","本殿","国宝・重要文化財（建造物）","重要文化財","近世以前／神社","","江戸前期","19660611","","岐阜県","岐阜県不破郡垂井町宮代","","南宮大社","","35.36076731000000","136.52498107000000"
"102","1078","南宮神社","回廊　（右回廊）","国宝・重要文化財（建造物）","重要文化財","近世以前／神社","","江戸前期","19660611","","岐阜県","岐阜県不破郡垂井町宮代","","南宮大社","","35.36078752000000","136.52529402000000"
"102","1076","南宮神社","摂社七王子神社本殿","国宝・重要文化財（建造物）","重要文化財","近世以前／神社","","江戸前期","19660611","","岐阜県","岐阜県不破郡垂井町宮代","","南宮大社","","35.36081022000000","136.52491362000000"
"102","1083","南宮神社","神官廊","国宝・重要文化財（建造物）","重要文化財","近世以前／神社","","江戸前期","19660611","","岐阜県","岐阜県不破郡垂井町宮代","","南宮大社","","35.36086529000000","136.52562210000000"
"102","1072","南宮神社","摂社樹下神社本殿","国宝・重要文化財（建造物）","重要文化財","近世以前／神社","","江戸前期","19660611","","岐阜県","岐阜県不破郡垂井町宮代","","南宮大社","","35.36089794000000","136.52505457000000"
"102","1074","南宮神社","摂社隼人神社本殿","国宝・重要文化財（建造物）","重要文化財","近世以前／神社","","江戸前期","19660611","","岐阜県","岐阜県不破郡垂井町宮代","","南宮大社","","35.36095897000000","136.52510727000000"
"102","1086","南宮神社","鳥居","国宝・重要文化財（建造物）","重要文化財","近世以前／神社","","江戸前期","19711228","","岐阜県","岐阜県不破郡垂井町宮代","","南宮大社","","35.37149086000000","136.52518927000000"
"102","1079","南宮神社","勅使殿","国宝・重要文化財（建造物）","重要文化財","近世以前／住宅","","江戸前期","19660611","","岐阜県","岐阜県不破郡垂井町宮代","","南宮大社","","35.36001770000000","136.52552654000000"
"102","1084","南宮神社","輪橋","国宝・重要文化財（建造物）","重要文化財","近世以前／その他","","江戸前期","19711228","","岐阜県","岐阜県不破郡垂井町宮代","","南宮大社","","35.36040403000000","136.52575047000000"
"102","1085","南宮神社","下向橋","国宝・重要文化財（建造物）","重要文化財","近世以前／その他","","江戸前期","19711228","","岐阜県","岐阜県不破郡垂井町宮代","","南宮大社","","35.36055163000000","136.52585535000000"
"102","1092","白山神社拝殿","","国宝・重要文化財（建造物）","重要文化財","近世以前／神社","","室町後期","19560628","","岐阜県","岐阜県山県市東深瀬","","白山神社","","35.45894635000000","136.83075660000000"
"102","1137","大歳御祖神社","中門","国宝・重要文化財（建造物）","重要文化財","近世以前／神社","","江戸後期","19710622","","静岡県","静岡県静岡市葵区宮ヶ崎町","","神部神社
浅間神社
大歳御祖神社","","34.98256871000000","138.37522446000000"
"102","1136","大歳御祖神社","本殿","国宝・重要文化財（建造物）","重要文化財","近世以前／神社","","江戸後期","19710622","","静岡県","静岡県静岡市葵区宮ヶ崎町","","神部神社
浅間神社
大歳御祖神社","","34.98263242000000","138.37517350000000"
"102","1138","大歳御祖神社","透塀","国宝・重要文化財（建造物）","重要文化財","近世以前／神社","","江戸後期","19710622","","静岡県","静岡県静岡市葵区宮ヶ崎町","","神部神社
浅間神社
大歳御祖神社","","34.98268606000000","138.37512595000000"
"102","1145","神部神社浅間神社","八千戈神社南透塀","国宝・重要文化財（建造物）","重要文化財","近世以前／神社","","江戸末期","19710622","","静岡県","静岡県静岡市葵区宮ヶ崎町","","神部神社
浅間神社
大歳御祖神社","","34.98308390000000","138.37551846000000"
"102","1144","神部神社浅間神社","八千戈神社中門","国宝・重要文化財（建造物）","重要文化財","近世以前／神社","","江戸末期","19710622","","静岡県","静岡県静岡市葵区宮ヶ崎町","","神部神社
浅間神社
大歳御祖神社","","34.98317653000000","138.37554357000000"
"102","1143","神部神社浅間神社","八千戈神社本殿","国宝・重要文化財（建造物）","重要文化財","近世以前／神社","","江戸末期","19710622","","静岡県","静岡県静岡市葵区宮ヶ崎町","","神部神社
浅間神社
大歳御祖神社","","34.98318221000000","138.37541945000000"
"102","1146","神部神社浅間神社","八千戈神社北透塀","国宝・重要文化財（建造物）","重要文化財","近世以前／神社","","江戸末期","19710622","","静岡県","静岡県静岡市葵区宮ヶ崎町","","神部神社
浅間神社
大歳御祖神社","","34.98327058000000","138.37551668000000"
"102","2076","神部神社浅間神社","宝庫","国宝・重要文化財（建造物）","重要文化財","近世以前／神社","","江戸末期","19990513","","静岡県","静岡県静岡市葵区宮ヶ崎町","","神部神社
浅間神社
大歳御祖神社","","34.98335150000000","138.37547157000000"
"102","1133","神部神社浅間神社","南回廊","国宝・重要文化財（建造物）","重要文化財","近世以前／神社","","江戸後期","19710622","","静岡県","静岡県静岡市葵区宮ヶ崎町","","神部神社
浅間神社
大歳御祖神社","","34.98356967000000","138.37595649000000"
"102","1127","神部神社浅間神社","南透塀","国宝・重要文化財（建造物）","重要文化財","近世以前／神社","","江戸後期","19710622","","静岡県","静岡県静岡市葵区宮ヶ崎町","","神部神社
浅間神社
大歳御祖神社","","34.98358447000000","138.37534855000000"
"102","1125","神部神社浅間神社","南中門","国宝・重要文化財（建造物）","重要文化財","近世以前／神社","","江戸後期","19710622","","静岡県","静岡県静岡市葵区宮ヶ崎町","","神部神社
浅間神社
大歳御祖神社","","34.98364197000000","138.37537429000000"
"102","1124","神部神社浅間神社","本殿","国宝・重要文化財（建造物）","重要文化財","近世以前／神社","","江戸後期","19710622","","静岡県","静岡県静岡市葵区宮ヶ崎町","","神部神社
浅間神社
大歳御祖神社","","34.98366824000000","138.37528490000000"
"102","1128","神部神社浅間神社","中透塀","国宝・重要文化財（建造物）","重要文化財","近世以前／神社","","江戸後期","19710622","","静岡県","静岡県静岡市葵区宮ヶ崎町","","神部神社
浅間神社
大歳御祖神社","","34.98369067000000","138.37536964000000"
"102","1130","神部神社浅間神社","拝殿","国宝・重要文化財（建造物）","重要文化財","近世以前／神社","","江戸後期","19710622","","静岡県","静岡県静岡市葵区宮ヶ崎町","","神部神社
浅間神社
大歳御祖神社","","34.98372686000000","138.37559351000000"
"102","1126","神部神社浅間神社","北中門","国宝・重要文化財（建造物）","重要文化財","近世以前／神社","","江戸後期","19710622","","静岡県","静岡県静岡市葵区宮ヶ崎町","","神部神社
浅間神社
大歳御祖神社","","34.98372887000000","138.37535007000000"
"102","1129","神部神社浅間神社","北透塀","国宝・重要文化財（建造物）","重要文化財","近世以前／神社","","江戸後期","19710622","","静岡県","静岡県静岡市葵区宮ヶ崎町","","神部神社
浅間神社
大歳御祖神社","","34.98375954000000","138.37528294000000"
"102","1131","神部神社浅間神社","舞殿","国宝・重要文化財（建造物）","重要文化財","近世以前／神社","","江戸後期","19710622","","静岡県","静岡県静岡市葵区宮ヶ崎町","","神部神社
浅間神社
大歳御祖神社","","34.98378117000000","138.37601937000000"
"102","1132","神部神社浅間神社","楼門","国宝・重要文化財（建造物）","重要文化財","近世以前／神社","","江戸後期","19710622","","静岡県","静岡県静岡市葵区宮ヶ崎町","","神部神社
浅間神社
大歳御祖神社","","34.98380403000000","138.37611083000000"
"102","1135","神部神社浅間神社","総門","国宝・重要文化財（建造物）","重要文化財","近世以前／神社","","江戸後期","19710622","","静岡県","静岡県静岡市葵区宮ヶ崎町","","神部神社
浅間神社
大歳御祖神社","","34.98384119000000","138.37632233000000"
"102","1142","神部神社浅間神社","麓山神社拝殿","国宝・重要文化財（建造物）","重要文化財","近世以前／神社","","江戸後期","19710622","","静岡県","静岡県静岡市葵区宮ヶ崎町","","神部神社
浅間神社
大歳御祖神社","","34.98395330000000","138.37482195000000"
"102","2075","神部神社浅間神社","神厩舎","国宝・重要文化財（建造物）","重要文化財","近世以前／神社","","江戸末期","19990513","","静岡県","静岡県静岡市葵区宮ヶ崎町","","神部神社
浅間神社
大歳御祖神社","","34.98396123000000","138.37632519000000"
"102","1134","神部神社浅間神社","北回廊","国宝・重要文化財（建造物）","重要文化財","近世以前／神社","","江戸後期","19710622","","静岡県","静岡県静岡市葵区宮ヶ崎町","","神部神社
浅間神社
大歳御祖神社","","34.98403840000000","138.37581359000000"
"102","1140","神部神社浅間神社","麓山神社中門","国宝・重要文化財（建造物）","重要文化財","近世以前／神社","","江戸後期","19710622","","静岡県","静岡県静岡市葵区宮ヶ崎町","","神部神社
浅間神社
大歳御祖神社","","34.98403907000000","138.37482906000000"
"102","1139","神部神社浅間神社","麓山神社本殿","国宝・重要文化財（建造物）","重要文化財","近世以前／神社","","江戸後期","19710622","","静岡県","静岡県静岡市葵区宮ヶ崎町","","神部神社
浅間神社
大歳御祖神社","","34.98411711000000","138.37482356000000"
"102","1141","神部神社浅間神社","麓山神社透塀","国宝・重要文化財（建造物）","重要文化財","近世以前／神社","","江戸後期","19710622","","静岡県","静岡県静岡市葵区宮ヶ崎町","","神部神社
浅間神社
大歳御祖神社","","34.98418663000000","138.37481869000000"
"102","1147","神部神社浅間神社","少彦名神社本殿","国宝・重要文化財（建造物）","重要文化財","近世以前／神社","","江戸末期","19710622","","静岡県","静岡県静岡市葵区宮ヶ崎町","","神部神社
浅間神社
大歳御祖神社","","34.98434739000000","138.37573896000000"
"102","1111","久能山東照宮","本殿、石の間、拝殿","国宝・重要文化財（建造物）","国宝","近世以前／神社","","江戸前期","19080801","20101224","静岡県","静岡県静岡市駿河区根古屋","","久能山東照宮","","34.96482136000000","138.46759094000000"
"102","1123","久能山東照宮","楼門","国宝・重要文化財（建造物）","重要文化財","近世以前／神社","","江戸前期","19550622","","静岡県","静岡県静岡市駿河区根古屋","","久能山東照宮","","34.96423496000000","138.46717655000000"
"102","1122","久能山東照宮","神厩","国宝・重要文化財（建造物）","重要文化財","近世以前／神社","","江戸前期","19550622","","静岡県","静岡県静岡市駿河区根古屋","","久能山東照宮","","34.96444155000000","138.46715210000000"
"102","1121","久能山東照宮","鼓楼","国宝・重要文化財（建造物）","重要文化財","近世以前／神社","","江戸前期","19550622","","静岡県","静岡県静岡市駿河区根古屋","","久能山東照宮","","34.96445388000000","138.46745411000000"
"102","1119","久能山東照宮","神庫","国宝・重要文化財（建造物）","重要文化財","近世以前／神社","","江戸前期","19550622","","静岡県","静岡県静岡市駿河区根古屋","","久能山東照宮","","34.96453697000000","138.46781030000000"
"102","1120","久能山東照宮","神楽殿","国宝・重要文化財（建造物）","重要文化財","近世以前／神社","","江戸前期","19550622","","静岡県","静岡県静岡市駿河区根古屋","","久能山東照宮","","34.96455409000000","138.46752795000000"
"102","00004487","久能山東照宮","神饌所","国宝・重要文化財（建造物）","重要文化財","近世以前／神社","","江戸前期","20101224","","静岡県","静岡県静岡市駿河区根古屋","","久能山東照宮","","34.96467415000000","138.46732046000000"
"102","1112","久能山東照宮","唐門","国宝・重要文化財（建造物）","重要文化財","近世以前／神社","","江戸前期","19120208","","静岡県","静岡県静岡市駿河区根古屋","","久能山東照宮","","34.96472753000000","138.46752839000000"
"102","1113","久能山東照宮","東門","国宝・重要文化財（建造物）","重要文化財","近世以前／神社","","江戸前期","19120208","","静岡県","静岡県静岡市駿河区根古屋","","久能山東照宮","","34.96472825000000","138.46769047000000"
"102","1116","久能山東照宮","渡廊","国宝・重要文化財（建造物）","重要文化財","近世以前／神社","","江戸前期","19120208","","静岡県","静岡県静岡市駿河区根古屋","","久能山東照宮","","34.96486645000000","138.46745711000000"
"102","1115","久能山東照宮","玉垣","国宝・重要文化財（建造物）","重要文化財","近世以前／神社","","江戸前期","19120208","","静岡県","静岡県静岡市駿河区根古屋","","久能山東照宮","","34.96492762000000","138.46775581000000"
"102","1114","久能山東照宮","廟門","国宝・重要文化財（建造物）","重要文化財","近世以前／神社","","江戸前期","19120208","","静岡県","静岡県静岡市駿河区根古屋","","久能山東照宮","","34.96499166000000","138.46759117000000"
"102","1118","久能山東照宮","末社日枝神社本殿（旧本地堂）","国宝・重要文化財（建造物）","重要文化財","近世以前／寺院","","江戸前期","19550622","","静岡県","静岡県静岡市駿河区根古屋","","久能山東照宮","","34.96476272000000","138.46779813000000"
"102","1117","久能山東照宮","廟所宝塔","国宝・重要文化財（建造物）","重要文化財","近世以前／その他","","江戸前期","19550622","","静岡県","静岡県静岡市駿河区根古屋","","久能山東照宮","","34.96524747000000","138.46815491000000"
"102","1181","浜名惣社神明宮本殿","","国宝・重要文化財（建造物）","重要文化財","近世以前／神社","","江戸後期","19930420","","静岡県","静岡県浜松市北区三ヶ日町三ヶ日","","浜名惣社神明宮","","34.81177113000000","137.55285338000000"
"102","1150","富士山本宮浅間神社本殿","","国宝・重要文化財（建造物）","重要文化財","近世以前／神社","","桃山","19070527","","静岡県","静岡県富士宮市大宮","","富士山本宮浅間大社","","35.22756129000000","138.61001630000000"
"102","1154","富士浅間宮本殿","","国宝・重要文化財（建造物）","重要文化財","近世以前／神社","","桃山","19070527","","静岡県","静岡県袋井市国本","","富士浅間宮","","34.76704589000000","137.95040270000000"
"102","1180","方広寺七尊菩薩堂","","国宝・重要文化財（建造物）","重要文化財","近世以前／神社","","室町中期","19540917","","静岡県","静岡県浜松市北区引佐町奥山","","方広寺","","34.84775529000000","137.61439630000000"
"102","3678","三嶋大社本殿、幣殿及び拝殿","","国宝・重要文化財（建造物）","重要文化財","近世以前／神社","","江戸末期","20000525","","静岡県","静岡県三島市大宮町二丁目1番5号","","三嶋大社","","35.12240093000000","138.91880769000000"
"102","1281","足助八幡宮本殿","","国宝・重要文化財（建造物）","重要文化財","近世以前／神社","","室町中期","19070527","","愛知県","愛知県豊田市足助町","","足助八幡宮","","35.13432870000000","137.31074260000000"
"102","1205","伊賀八幡宮","鳥居","国宝・重要文化財（建造物）","重要文化財","近世以前／神社","","江戸前期","19330123","","愛知県","愛知県岡崎市伊賀町","","伊賀八幡宮","","34.97061134000000","137.16464427000000"
"102","1203","伊賀八幡宮","随身門","国宝・重要文化財（建造物）","重要文化財","近世以前／神社","","江戸前期","19330123","","愛知県","愛知県岡崎市伊賀町","","伊賀八幡宮","","34.97101141000000","137.16467075000000"
"102","1202","伊賀八幡宮","御供所","国宝・重要文化財（建造物）","重要文化財","近世以前／神社","","江戸前期","19330123","","愛知県","愛知県岡崎市伊賀町","","伊賀八幡宮","","34.97131159000000","137.16429595000000"
"102","1200","伊賀八幡宮","本殿、幣殿、拝殿","国宝・重要文化財（建造物）","重要文化財","近世以前／神社","","江戸前期","19330123","","愛知県","愛知県岡崎市伊賀町","","伊賀八幡宮","","34.97145746000000","137.16468615000000"
"102","1201","伊賀八幡宮","透塀","国宝・重要文化財（建造物）","重要文化財","近世以前／神社","","江戸前期","19330123","","愛知県","愛知県岡崎市伊賀町","","伊賀八幡宮","","34.97161432000000","137.16468880000000"
"102","1204","伊賀八幡宮","神橋","国宝・重要文化財（建造物）","重要文化財","近世以前／その他","","江戸前期","19330123","","愛知県","愛知県岡崎市伊賀町","","伊賀八幡宮","","34.97031862000000","137.16463464000000"
"102","1252","大縣神社","本殿","国宝・重要文化財（建造物）","重要文化財","近世以前／神社","","江戸中期","19810605","","愛知県","愛知県犬山市字宮山","","大縣神社","","35.33029502000000","136.96740976000000"
"102","1253","大縣神社","祭文殿及び東西回廊","国宝・重要文化財（建造物）","重要文化財","近世以前／神社","","江戸中期","19810605","","愛知県","愛知県犬山市字宮山","","大縣神社","","35.33037105000000","136.96702562000000"
"102","1263","尾張大国霊神社拝殿","","国宝・重要文化財（建造物）","重要文化財","近世以前／神社","","江戸前期","19550622","","愛知県","愛知県稲沢市国府宮一丁目","","尾張大国霊神社","","35.25591489000000","136.80548003000000"
"102","1262","尾張大国霊神社楼門","","国宝・重要文化財（建造物）","重要文化財","近世以前／神社","","江戸前期","19550622","","愛知県","愛知県稲沢市国府宮一丁目","","尾張大国霊神社","","35.25574020000000","136.80547337000000"
"102","1238","久麻久神社本殿","","国宝・重要文化財（建造物）","重要文化財","近世以前／神社","","室町後期","19290406","","愛知県","愛知県西尾市八ツ面町","","久麻久神社","","34.87475532000000","137.07652887000000"
"102","1222","源敬公（徳川義直）廟","竜の門","国宝・重要文化財（建造物）","重要文化財","近世以前／神社","","江戸前期","19370825","","愛知県","愛知県瀬戸市定光寺町","","","","35.27995108000000","137.09207381000000"
"102","1224","源敬公（徳川義直）廟","獅子の門","国宝・重要文化財（建造物）","重要文化財","近世以前／神社","","江戸前期","19650529","","愛知県","愛知県瀬戸市定光寺町","","","","35.27999712000000","137.09167568000000"
"102","1221","源敬公（徳川義直）廟","宝蔵（祭器蔵）","国宝・重要文化財（建造物）","重要文化財","近世以前／神社","","江戸前期","19370825","","愛知県","愛知県瀬戸市定光寺町","","","","35.28019559000000","137.09229739000000"
"102","1220","源敬公（徳川義直）廟","焼香殿（祭文殿）","国宝・重要文化財（建造物）","重要文化財","近世以前／神社","","江戸前期","19370825","","愛知県","愛知県瀬戸市定光寺町","","","","35.28022175000000","137.09219031000000"
"102","1219","源敬公（徳川義直）廟","唐門","国宝・重要文化財（建造物）","重要文化財","近世以前／神社","","江戸前期","19370825","","愛知県","愛知県瀬戸市定光寺町","","","","35.28032011000000","137.09222937000000"
"102","1223","源敬公（徳川義直）廟","築地塀","国宝・重要文化財（建造物）","重要文化財","近世以前／神社","","江戸前期","19370825","","愛知県","愛知県瀬戸市定光寺町","","","","35.28045590000000","137.09229471000000"
"102","1218","源敬公（徳川義直）廟","源敬公墓","国宝・重要文化財（建造物）","重要文化財","近世以前／その他","","江戸前期","19370825","","愛知県","愛知県瀬戸市定光寺町","","","","35.28037382000000","137.09225344000000"
"102","00005647","建中寺徳川家御霊屋","唐門","国宝・重要文化財（建造物）","重要文化財","近世以前／神社","","江戸後期","20250827","","愛知県","愛知県名古屋市東区筒井一丁目","","宗教法人建中寺","","35.17941111000000","136.92706111000000"
"102","00005646","建中寺徳川家御霊屋","本殿・合間・経殿","国宝・重要文化財（建造物）","重要文化財","近世以前／神社","","江戸後期","20250827","","愛知県","愛知県名古屋市東区筒井一丁目","","宗教法人建中寺","","35.17963889000000","136.92711944000000"
"102","00005648","建中寺徳川家御霊屋","透塀","国宝・重要文化財（建造物）","重要文化財","近世以前／神社","","江戸後期","20250827","","愛知県","愛知県名古屋市東区筒井一丁目","","宗教法人建中寺","","35.17974167000000","136.92714722000000"
"102","1214","滝山東照宮","鳥居","国宝・重要文化財（建造物）","重要文化財","近世以前／神社","","江戸前期","19531114","","愛知県","愛知県岡崎市滝町","","滝山東照宮","","34.98812076000000","137.20581058000000"
"102","1215","滝山東照宮","水屋","国宝・重要文化財（建造物）","重要文化財","近世以前／神社","","江戸前期","19531114","","愛知県","愛知県岡崎市滝町","","滝山東照宮","","34.98817746000000","137.20581267000000"
"102","1212","滝山東照宮","拝殿、幣殿","国宝・重要文化財（建造物）","重要文化財","近世以前／神社","","江戸前期","19531114","","愛知県","愛知県岡崎市滝町","","滝山東照宮","","34.98822120000000","137.20591312000000"
"102","1213","滝山東照宮","中門","国宝・重要文化財（建造物）","重要文化財","近世以前／神社","","江戸前期","19531114","","愛知県","愛知県岡崎市滝町","","滝山東照宮","","34.98831816000000","137.20594801000000"
"102","1211","滝山東照宮","本殿","国宝・重要文化財（建造物）","重要文化財","近世以前／神社","","江戸前期","19531114","","愛知県","愛知県岡崎市滝町","","滝山東照宮","","34.98839906000000","137.20597380000000"
"102","1232","津島神社本殿","","国宝・重要文化財（建造物）","重要文化財","近世以前／神社","","桃山","19200415","","愛知県","愛知県津島市神明町","","津島神社","","35.17778759000000","136.71849305000000"
"102","1233","津島神社楼門","","国宝・重要文化財（建造物）","重要文化財","近世以前／神社","","桃山","19580514","","愛知県","愛知県津島市神明町","","津島神社","","35.17778759000000","136.71849305000000"
"102","1290","東照宮","水屋","国宝・重要文化財（建造物）","重要文化財","近世以前／神社","","江戸前期","19531114","","愛知県","愛知県新城市門谷","","東照宮","","34.97858800000000","137.58637283000000"
"102","1286","東照宮","拝殿、幣殿","国宝・重要文化財（建造物）","重要文化財","近世以前／神社","","江戸前期","19531114","","愛知県","愛知県新城市門谷","","東照宮","","34.97883201000000","137.58622175000000"
"102","1287","東照宮","中門","国宝・重要文化財（建造物）","重要文化財","近世以前／神社","","江戸前期","19531114","","愛知県","愛知県新城市門谷","","東照宮","","34.97899199000000","137.58628063000000"
"102","1289","東照宮","左右透塀（右）","国宝・重要文化財（建造物）","重要文化財","近世以前／神社","","江戸前期","19531114","","愛知県","愛知県新城市門谷","","東照宮","","34.97910976000000","137.58647583000000"
"102","1288","東照宮","左右透塀（左）","国宝・重要文化財（建造物）","重要文化財","近世以前／神社","","江戸前期","19531114","","愛知県","愛知県新城市門谷","","東照宮","","34.97917571000000","137.58620152000000"
"102","1285","東照宮","本殿","国宝・重要文化財（建造物）","重要文化財","近世以前／神社","","江戸前期","19531114","","愛知県","愛知県新城市門谷","","東照宮","","34.97922618000000","137.58640172000000"
"102","1192","富部神社本殿","","国宝・重要文化財（建造物）","重要文化財","近世以前／神社","","桃山","19570618","","愛知県","愛知県名古屋市南区呼続町神林","","富部神社","","35.10527722000000","136.93152781000000"
"102","1272","冨吉建速神社本殿","","国宝・重要文化財（建造物）","重要文化財","近世以前／神社","","室町後期","19530331","","愛知県","愛知県海部郡蟹江町大字須成","","冨吉建速神社八劔社","","35.14763522000000","136.78741883000000"
"102","00005447","幡頭神社","境内社熊野社本殿","国宝・重要文化財（建造物）","重要文化財","近世以前／神社","","江戸前期","20220920","","愛知県","愛知県西尾市吉良町宮崎宮前","","宗教法人幡頭神社","","34.77818056000000","137.08739722000000"
"102","00005448","幡頭神社","境内社神明社本殿","国宝・重要文化財（建造物）","重要文化財","近世以前／神社","","江戸前期","20220920","","愛知県","愛知県西尾市吉良町宮崎宮前","","宗教法人幡頭神社","","34.77818889000000","137.08753611000000"
"102","1278","幡頭神社","本殿","国宝・重要文化財（建造物）","重要文化財","近世以前／神社","","桃山","19210430","","愛知県","愛知県西尾市吉良町宮崎宮前","","宗教法人幡頭神社","","34.77818538000000","137.08745581000000"
"102","1229","八幡宮本殿","","国宝・重要文化財（建造物）","重要文化財","近世以前／神社","","室町後期","19070527","","愛知県","愛知県豊川市八幡町","","八幡宮（豊川）","","34.83832771000000","137.33982311000000"
"102","1206","八幡宮本殿","","国宝・重要文化財（建造物）","重要文化財","近世以前／神社","","室町後期","19260419","","愛知県","愛知県岡崎市上地町","","宗教法人上地八幡宮","","34.89759050000000","137.15170311000000"
"102","1207","八幡宮本殿","","国宝・重要文化財（建造物）","重要文化財","近世以前／神社","","江戸前期","19310119","","愛知県","愛知県岡崎市福岡町","","八幡宮（福岡）","","34.89759597000000","137.15170750000000"
"102","1273","八劔社本殿","","国宝・重要文化財（建造物）","重要文化財","近世以前／神社","","室町前期","19530331","","愛知県","愛知県海部郡蟹江町大字須成","","冨吉建速神社八劔社","","35.14763522000000","136.78737370000000"
"102","1257","万徳寺鎮守堂","","国宝・重要文化財（建造物）","重要文化財","近世以前／神社","","室町後期","19580514","","愛知県","愛知県稲沢市長野","","萬徳寺","","35.25609055000000","136.81631374000000"
"102","1208","六所神社","本殿、幣殿、拝殿","国宝・重要文化財（建造物）","重要文化財","近世以前／神社","","江戸前期","19350513","","愛知県","愛知県岡崎市明大寺町","","六所神社","","34.94943670000000","137.16847551000000"
"102","1210","六所神社","楼門","国宝・重要文化財（建造物）","重要文化財","近世以前／神社","","江戸前期","19350513","","愛知県","愛知県岡崎市明大寺町","","六所神社","","34.94950112000000","137.16824144000000"
"102","1209","六所神社","神供所","国宝・重要文化財（建造物）","重要文化財","近世以前／神社","","江戸前期","19350513","","愛知県","愛知県岡崎市明大寺町","","六所神社","","34.94963952000000","137.16832373000000"
"102","1302","猪田神社本殿","","国宝・重要文化財（建造物）","重要文化財","近世以前／神社","","室町後期","19391025","","三重県","三重県伊賀市猪田","","猪田神社","","34.71203750000000","136.14566506000000"
"102","1314","大村神社宝殿","","国宝・重要文化財（建造物）","重要文化財","近世以前／神社","","桃山","19200415","","三重県","三重県伊賀市阿保","","大村神社","","34.67034942000000","136.18372654000000"
"102","1307","庫蔵寺鎮守堂","","国宝・重要文化財（建造物）","重要文化財","近世以前／神社","","桃山","19560628","","三重県","三重県鳥羽市河内町丸山","","庫蔵寺","","34.44838768000000","136.81921826000000"
"102","1301","高倉神社","境内社春日社本殿","国宝・重要文化財（建造物）","重要文化財","近世以前／神社","","桃山","19260419","","三重県","三重県伊賀市西高倉","","高倉神社","","34.79635219000000","136.09047356000000"
"102","1299","高倉神社","本殿","国宝・重要文化財（建造物）","重要文化財","近世以前／神社","","桃山","19260419","","三重県","三重県伊賀市西高倉","","高倉神社","","34.79640858000000","136.09050415000000"
"102","1300","高倉神社","境内社八幡社本殿","国宝・重要文化財（建造物）","重要文化財","近世以前／神社","","桃山","19260419","","三重県","三重県伊賀市西高倉","","高倉神社","","34.79645446000000","136.09053091000000"
"102","1469","油日神社拝殿","","国宝・重要文化財（建造物）","重要文化財","近世以前／神社","","桃山","19580514","","滋賀県","滋賀県甲賀市甲賀町油日","","油日神社","","34.88688450000000","136.24958672000000"
"102","1465","油日神社本殿","","国宝・重要文化財（建造物）","重要文化財","近世以前／神社","","室町後期","19010327","","滋賀県","滋賀県甲賀市甲賀町油日","","油日神社","","34.88704705000000","136.24968139000000"
"102","1468","油日神社楼門及び廻廊","右廻廊","国宝・重要文化財（建造物）","重要文化財","近世以前／神社","","室町後期","19060414","","滋賀県","滋賀県甲賀市甲賀町油日","","油日神社","","34.88662907000000","136.24960994000000"
"102","1466","油日神社楼門及び廻廊","楼門","国宝・重要文化財（建造物）","重要文化財","近世以前／神社","","室町後期","19060414","","滋賀県","滋賀県甲賀市甲賀町油日","","油日神社","","34.88667015000000","136.24948668000000"
"102","1467","油日神社楼門及び廻廊","左廻廊","国宝・重要文化財（建造物）","重要文化財","近世以前／神社","","室町後期","19060414","","滋賀県","滋賀県甲賀市甲賀町油日","","油日神社","","34.88672374000000","136.24937058000000"
"102","1471","飯道神社本殿","","国宝・重要文化財（建造物）","重要文化財","近世以前／神社","","江戸前期","19250424","","滋賀県","滋賀県甲賀市信楽町宮町","","飯道神社","","34.94010037000000","136.10324255000000"
"102","1446","生和神社本殿","","国宝・重要文化財（建造物）","重要文化財","近世以前／神社","","室町前期","19020731","","滋賀県","滋賀県野洲市冨波乙","","生和神社","","35.07912892000000","136.03378316000000"
"102","1447","生和神社末社春日神社本殿","","国宝・重要文化財（建造物）","重要文化財","近世以前／神社","","鎌倉後期","19490218","","滋賀県","滋賀県野洲市冨波乙","","生和神社","","35.07910300000000","136.03384797000000"
"102","1420","伊砂砂神社本殿","","国宝・重要文化財（建造物）","重要文化財","近世以前／神社","","室町後期","19220413","","滋賀県","滋賀県草津市渋川二丁目","","伊砂砂神社","","35.02529622000000","135.96680237000000"
"102","1449","稲荷神社境内社古宮神社本殿","","国宝・重要文化財（建造物）","重要文化財","近世以前／神社","","室町中期","19170405","","滋賀県","滋賀県野洲市小篠原","","稲荷神社","","35.09058078000000","136.07483684000000"
"102","1434","宇和宮神社本殿","","国宝・重要文化財（建造物）","重要文化財","近世以前／神社","","室町後期","19130414","","滋賀県","滋賀県栗東市蜂屋","","宇和宮神社","","35.03516743000000","135.99715779000000"
"102","1418","老杉神社本殿","","国宝・重要文化財（建造物）","重要文化財","近世以前／神社","","室町中期","19060414","","滋賀県","滋賀県草津市下笠町","","老杉神社","","35.04086328000000","135.94036242000000"
"102","1474","奥石神社本殿","","国宝・重要文化財（建造物）","重要文化財","近世以前／神社","","桃山","19020417","","滋賀県","滋賀県近江八幡市安土町大字東老蘇","","奥石神社","","35.13048905000000","136.16169827000000"
"102","1445","大笹原神社境内社篠原神社本殿","","国宝・重要文化財（建造物）","重要文化財","近世以前／神社","","室町中期","19310119","","滋賀県","滋賀県野洲市大篠原","","大笹原神社","","35.07649740000000","136.06571355000000"
"102","1444","大笹原神社本殿","","国宝・重要文化財（建造物）","国宝","近世以前／神社","","室町中期","19010802","19610427","滋賀県","滋賀県野洲市大篠原","","大笹原神社","","35.07650332000000","136.06585331000000"
"102","1432","大野神社楼門","","国宝・重要文化財（建造物）","重要文化財","近世以前／神社","","鎌倉前期","19010327","","滋賀県","滋賀県栗東市荒張","","大野神社","","34.99005834000000","136.02281355000000"
"102","1503","押立神社大門","","国宝・重要文化財（建造物）","重要文化財","近世以前／神社","","室町前期","19110417","","滋賀県","滋賀県東近江市北菩提寺町","","押立神社","","35.14422957000000","136.23806402000000"
"102","1502","押立神社本殿","","国宝・重要文化財（建造物）","重要文化財","近世以前／神社","","室町前期","19020417","","滋賀県","滋賀県東近江市北菩提寺町","","押立神社","","35.14462802000000","136.23820772000000"
"102","1424","小津神社本殿","","国宝・重要文化財（建造物）","重要文化財","近世以前／神社","","室町後期","19060414","","滋賀県","滋賀県守山市杉江町","","小津神社","","35.07310780000000","135.95943525000000"
"102","1408","小田神社楼門","","国宝・重要文化財（建造物）","重要文化財","近世以前／神社","","室町前期","19170405","","滋賀県","滋賀県近江八幡市小田町","","小田神社","","35.11468496000000","136.04687249000000"
"102","1438","小槻大社本殿","","国宝・重要文化財（建造物）","重要文化財","近世以前／神社","","室町後期","19580514","","滋賀県","滋賀県栗東市下戸山","","小槻大社","","35.00677671000000","135.99248679000000"
"102","1430","小野神社境内社篁神社本殿","","国宝・重要文化財（建造物）","重要文化財","近世以前／神社","","室町前期","19070828","","滋賀県","滋賀県大津市小野","","小野神社","","35.15339914000000","135.91999203000000"
"102","1431","小野神社飛地境内社道風神社本殿","","国宝・重要文化財（建造物）","重要文化財","近世以前／神社","","室町前期","19070828","","滋賀県","滋賀県大津市小野","","小野神社","","35.15005990000000","135.92136358000000"
"102","1330","園城寺新羅善神堂","","国宝・重要文化財（建造物）","国宝","近世以前／神社","","室町前期","19010327","19530331","滋賀県","滋賀県大津市園城寺町","","園城寺","","35.01940718000000","135.85263984000000"
"102","1491","鏡神社本殿","","国宝・重要文化財（建造物）","重要文化財","近世以前／神社","","室町中期","19010802","","滋賀県","滋賀県蒲生郡竜王町大字鏡","","鏡神社","","35.08682610000000","136.07905016000000"
"102","1433","春日神社表門","","国宝・重要文化財（建造物）","重要文化財","近世以前／神社","","桃山","19040218","","滋賀県","滋賀県栗東市荒張","","春日神社","","34.98783632000000","136.02324257000000"
"102","1454","春日神社神門","","国宝・重要文化財（建造物）","重要文化財","近世以前／神社","","室町後期","19610607","","滋賀県","滋賀県野洲市高木","","春日神社","","35.09987492000000","136.05635555000000"
"102","1366","春日神社本殿","","国宝・重要文化財（建造物）","重要文化財","近世以前／神社","","鎌倉後期","19020417","","滋賀県","滋賀県大津市大石富川町","","春日神社","","34.90544668000000","135.94868449000000"
"102","1504","春日神社本殿","","国宝・重要文化財（建造物）","重要文化財","近世以前／神社","","室町中期","19110417","","滋賀県","滋賀県東近江市小八木町","","春日神社","","35.15417598000000","136.25524007000000"
"102","1499","勝手神社本殿","","国宝・重要文化財（建造物）","重要文化財","近世以前／神社","","室町中期","19150326","","滋賀県","滋賀県蒲生郡竜王町大字岡屋","","勝手神社","","35.04657223000000","136.12148218000000"
"102","1425","勝部神社本殿","","国宝・重要文化財（建造物）","重要文化財","近世以前／神社","","室町後期","19130414","","滋賀県","滋賀県守山市勝部町","","勝部神社","","35.05081495000000","135.99067170000000"
"102","1464","加茂神社本殿","","国宝・重要文化財（建造物）","重要文化財","近世以前／神社","","室町後期","19250424","","滋賀県","滋賀県甲賀市土山町青土","","加茂神社","","34.96279021000000","136.29117672000000"
"102","1374","神田神社本殿","","国宝・重要文化財（建造物）","重要文化財","近世以前／神社","","室町前期","19130414","","滋賀県","滋賀県大津市真野普門町","","神田神社","","35.13634114000000","135.90655683000000"
"102","1514","甲良神社権殿","","国宝・重要文化財（建造物）","重要文化財","近世以前／神社","","江戸前期","19150326","","滋賀県","滋賀県犬上郡甲良町大字尼子","","甲良神社","","35.21233894000000","136.25468064000000"
"102","00004820","思子淵神社","本殿","国宝・重要文化財（建造物）","重要文化財","近世以前／神社","","室町前期","20150708","","滋賀県","滋賀県高島市朽木小川","","思子淵神社","","35.28427222000000","135.84216667000000"
"102","00004821","思子淵神社","蔵王権現社","国宝・重要文化財（建造物）","重要文化財","近世以前／神社","","室町前期","20150708","","滋賀県","滋賀県高島市朽木小川","","思子淵神社","","35.35225700000000","135.97658700000000"
"102","00004822","思子淵神社","熊野社","国宝・重要文化財（建造物）","重要文化財","近世以前／神社","","室町前期","20150708","","滋賀県","滋賀県高島市朽木小川","","思子淵神社","","35.35234900000000","135.97661400000000"
"102","1372","地主神社幣殿","","国宝・重要文化財（建造物）","重要文化財","近世以前／神社","","室町後期","19030415","","滋賀県","滋賀県大津市葛川坊村町","","地主神社","","35.24692069000000","135.86913682000000"
"102","1371","地主神社本殿","","国宝・重要文化財（建造物）","重要文化財","近世以前／神社","","室町後期","19030415","","滋賀県","滋賀県大津市葛川坊村町","","地主神社","","35.24692315000000","135.86926231000000"
"102","1423","志那神社本殿","","国宝・重要文化財（建造物）","重要文化財","近世以前／神社","","鎌倉後期","19490218","","滋賀県","滋賀県草津市志那町","","志那神社","","35.05336664000000","135.93261719000000"
"102","1532","白鬚神社本殿","","国宝・重要文化財（建造物）","重要文化財","近世以前／神社","","桃山","19380704","","滋賀県","滋賀県高島市鵜川","","白鬚神社","","35.27452763000000","136.01107752000000"
"102","1470","新宮神社表門","","国宝・重要文化財（建造物）","重要文化財","近世以前／神社","","室町後期","19240415","","滋賀県","滋賀県甲賀市甲南町新治","","新宮神社","","34.92077258000000","136.16155862000000"
"102","1421","新宮神社本殿","","国宝・重要文化財（建造物）","重要文化財","近世以前／神社","","室町後期","19230328","","滋賀県","滋賀県草津市野路町","","新宮神社","","34.99981718000000","135.95360397000000"
"102","1450","大行事神社本殿","","国宝・重要文化財（建造物）","重要文化財","近世以前／神社","","室町中期","19430609","","滋賀県","滋賀県野洲市久野部","","大行事神社","","35.07366506000000","136.02587593000000"
"102","1508","大行社本殿","","国宝・重要文化財（建造物）","重要文化財","近世以前／神社","","室町中期","19110417","","滋賀県","滋賀県愛知郡愛荘町大字松尾寺","","大行社","","35.16002193000000","136.27649724000000"
"102","1448","大宝神社境内社追来神社本殿","","国宝・重要文化財（建造物）","重要文化財","近世以前／神社","","鎌倉後期","19060414","","滋賀県","滋賀県栗東市綣","","大宝神社","","35.04057048000000","135.98077572000000"
"102","1484","高木神社","境内社日吉神社本殿","国宝・重要文化財（建造物）","重要文化財","近世以前／神社","","室町後期","19150326","","滋賀県","滋賀県東近江市蒲生岡本町","","高木神社","","35.03765178000000","136.19629163000000"
"102","1483","高木神社","本殿","国宝・重要文化財（建造物）","重要文化財","近世以前／神社","","室町後期","19150326","","滋賀県","滋賀県東近江市蒲生岡本町","","高木神社","","35.03768835000000","136.19622370000000"
"102","1456","長寿寺弁天堂","","国宝・重要文化財（建造物）","重要文化財","近世以前／神社","","室町後期","19520329","","滋賀県","滋賀県湖南市東寺","","長寿寺","","34.98547342000000","136.06006948000000"
"102","1392","千代神社本殿","","国宝・重要文化財（建造物）","重要文化財","近世以前／神社","","江戸前期","19490218","","滋賀県","滋賀県彦根市京町一丁目","","千代神社","","35.26810345000000","136.25586692000000"
"102","1519","都久夫須麻神社本殿","","国宝・重要文化財（建造物）","国宝","近世以前／神社","","桃山","18990405","19530331","滋賀県","滋賀県長浜市早崎町","","都久夫須麻神社","","35.42072393000000","136.14410505000000"
"102","1429","天皇神社本殿","","国宝・重要文化財（建造物）","重要文化財","近世以前／神社","","鎌倉後期","19070828","","滋賀県","滋賀県大津市和邇中","","天皇神社","","35.15592634000000","135.91613396000000"
"102","1509","豊満神社四脚門","","国宝・重要文化財（建造物）","重要文化財","近世以前／神社","","鎌倉後期","19020417","","滋賀県","滋賀県愛知郡愛荘町大字豊満","","豊満神社","","35.16521138000000","136.21826287000000"
"102","1497","苗村神社境内社十禅師社本殿","","国宝・重要文化財（建造物）","重要文化財","近世以前／神社","","室町中期","19710622","","滋賀県","滋賀県蒲生郡竜王町大字綾戸","","苗村神社","","35.06428191000000","136.12771076000000"
"102","1494","苗村神社境内社八幡社本殿","","国宝・重要文化財（建造物）","重要文化財","近世以前／神社","","室町中期","19040218","","滋賀県","滋賀県蒲生郡竜王町大字綾戸","","苗村神社","","35.06428191000000","136.12771076000000"
"102","1498","苗村神社神輿庫","","国宝・重要文化財（建造物）","重要文化財","近世以前／神社","","室町後期","19710622","","滋賀県","滋賀県蒲生郡竜王町大字綾戸","","苗村神社","","35.06428191000000","136.12771076000000"
"102","1493","苗村神社西本殿","","国宝・重要文化財（建造物）","国宝","近世以前／神社","","鎌倉後期","19020417","19550202","滋賀県","滋賀県蒲生郡竜王町大字綾戸","","苗村神社","","35.06428191000000","136.12771076000000"
"102","1496","苗村神社東本殿","","国宝・重要文化財（建造物）","重要文化財","近世以前／神社","","室町中期","19240415","","滋賀県","滋賀県蒲生郡竜王町大字綾戸","","苗村神社","","35.06428191000000","136.12771076000000"
"102","1495","苗村神社楼門","","国宝・重要文化財（建造物）","重要文化財","近世以前／神社","","室町後期","19040218","","滋賀県","滋賀県蒲生郡竜王町大字綾戸","","苗村神社","","35.06428191000000","136.12771076000000"
"102","1460","白山神社拝殿","","国宝・重要文化財（建造物）","重要文化財","近世以前／神社","","室町後期","19590627","","滋賀県","滋賀県湖南市東寺","","白山神社","","34.98518531000000","136.05966646000000"
"102","1409","八幡社本殿","","国宝・重要文化財（建造物）","重要文化財","近世以前／神社","","桃山","19230328","","滋賀県","滋賀県近江八幡市馬淵町","","八幡社","","35.10388990000000","136.10968370000000"
"102","1451","日吉神社本殿","","国宝・重要文化財（建造物）","重要文化財","近世以前／神社","","鎌倉後期","19440905","","滋賀県","滋賀県野洲市小篠原","","日吉神社","","35.09054699000000","136.07489768000000"
"102","1354","日吉大社摂社牛尾神社本殿及び拝殿","本殿","国宝・重要文化財（建造物）","重要文化財","近世以前／神社","","桃山","19070828","","滋賀県","滋賀県大津市坂本本町","","日吉大社","","35.07402619000000","135.86031117000000"
"102","1355","日吉大社摂社牛尾神社本殿及び拝殿","拝殿","国宝・重要文化財（建造物）","重要文化財","近世以前／神社","","桃山","19830107","","滋賀県","滋賀県大津市坂本本町","","日吉大社","","35.07402619000000","135.86031117000000"
"102","1349","日吉大社摂社宇佐宮本殿及び拝殿","拝殿","国宝・重要文化財（建造物）","重要文化財","近世以前／神社","","桃山","19640526","","滋賀県","滋賀県大津市坂本本町","","日吉大社","","35.07178748000000","135.86261034000000"
"102","1348","日吉大社摂社宇佐宮本殿及び拝殿","本殿","国宝・重要文化財（建造物）","重要文化財","近世以前／神社","","桃山","19010802","","滋賀県","滋賀県大津市坂本本町","","日吉大社","","35.07196225000000","135.86257242000000"
"102","1356","日吉大社摂社三宮神社本殿及び拝殿","本殿","国宝・重要文化財（建造物）","重要文化財","近世以前／神社","","桃山","19070828","","滋賀県","滋賀県大津市坂本本町","","日吉大社","","35.07389548000000","135.86018874000000"
"102","1357","日吉大社摂社三宮神社本殿及び拝殿","拝殿","国宝・重要文化財（建造物）","重要文化財","近世以前／神社","","桃山","19830107","","滋賀県","滋賀県大津市坂本本町","","日吉大社","","35.07389548000000","135.86018874000000"
"102","1351","日吉大社摂社樹下神社本殿及び拝殿","拝殿","国宝・重要文化財（建造物）","重要文化財","近世以前／神社","","桃山","19640526","","滋賀県","滋賀県大津市坂本本町","","日吉大社","","35.07311052000000","135.86517032000000"
"102","1350","日吉大社摂社樹下神社本殿及び拝殿","本殿","国宝・重要文化財（建造物）","重要文化財","近世以前／神社","","桃山","19060414","","滋賀県","滋賀県大津市坂本本町","","日吉大社","","35.07311723000000","135.86493784000000"
"102","1353","日吉大社摂社白山姫神社本殿及び拝殿","拝殿","国宝・重要文化財（建造物）","重要文化財","近世以前／神社","","桃山","19640526","","滋賀県","滋賀県大津市坂本本町","","日吉大社","","35.07204873000000","135.86292649000000"
"102","1352","日吉大社摂社白山姫神社本殿及び拝殿","本殿","国宝・重要文化財（建造物）","重要文化財","近世以前／神社","","桃山","19060414","","滋賀県","滋賀県大津市坂本本町","","日吉大社","","35.07223741000000","135.86288805000000"
"102","1344","日吉大社西本宮本殿及び拝殿","本殿","国宝・重要文化財（建造物）","国宝","近世以前／神社","","桃山","19010802","19610427","滋賀県","滋賀県大津市坂本本町","","日吉大社","","35.07171726000000","135.86216832000000"
"102","1345","日吉大社西本宮本殿及び拝殿","拝殿","国宝・重要文化財（建造物）","重要文化財","近世以前／神社","","桃山","19640526","","滋賀県","滋賀県大津市坂本本町","","日吉大社","","35.07155684000000","135.86222472000000"
"102","1358","日吉大社西本宮楼門","","国宝・重要文化財（建造物）","重要文化財","近世以前／神社","","桃山","19170405","","滋賀県","滋賀県大津市坂本本町","","日吉大社","","35.07138639000000","135.86228487000000"
"102","1346","日吉大社東本宮本殿及び拝殿","本殿","国宝・重要文化財（建造物）","国宝","近世以前／神社","","桃山","19010802","19610427","滋賀県","滋賀県大津市坂本本町","","日吉大社","","35.07343611000000","135.86500164000000"
"102","1347","日吉大社東本宮本殿及び拝殿","拝殿","国宝・重要文化財（建造物）","重要文化財","近世以前／神社","","桃山","19640526","","滋賀県","滋賀県大津市坂本本町","","日吉大社","","35.07327823000000","135.86502182000000"
"102","1365","日吉大社東本宮楼門","","国宝・重要文化財（建造物）","重要文化財","近世以前／神社","","桃山","19230328","","滋賀県","滋賀県大津市坂本本町","","日吉大社","","35.07291168000000","135.86508714000000"
"102","1360","日吉大社末社東照宮","唐門","国宝・重要文化財（建造物）","重要文化財","近世以前／神社","","江戸前期","19560628","","滋賀県","滋賀県大津市坂本本町","","日吉大社","","35.06835812000000","135.86458784000000"
"102","1359","日吉大社末社東照宮","本殿・石の間・拝殿","国宝・重要文化財（建造物）","重要文化財","近世以前／神社","","江戸前期","19170405","","滋賀県","滋賀県大津市坂本本町","","日吉大社","","35.06837181000000","135.86442017000000"
"102","1361","日吉大社末社東照宮","透塀","国宝・重要文化財（建造物）","重要文化財","近世以前／神社","","江戸前期","19560628","","滋賀県","滋賀県大津市坂本本町","","日吉大社","","35.06838093000000","135.86426619000000"
"102","1413","布施神社本殿","（１）","国宝・重要文化財（建造物）","重要文化財","近世以前／神社","","鎌倉後期","19490218","","滋賀県","滋賀県東近江市布施町","","布施神社","","35.08637607000000","136.17830141000000"
"102","1414","布施神社本殿","（２）","国宝・重要文化財（建造物）","重要文化財","近世以前／神社","","鎌倉後期","19490218","","滋賀県","滋賀県東近江市布施町","","布施神社","","35.08637607000000","136.17830141000000"
"102","1415","布施神社本殿","（３）","国宝・重要文化財（建造物）","重要文化財","近世以前／神社","","鎌倉後期","19490218","","滋賀県","滋賀県東近江市布施町","","布施神社","","35.08637607000000","136.17830141000000"
"102","00004777","三尾神社本殿","","国宝・重要文化財（建造物）","重要文化財","近世以前／神社","","室町中期","20141210","","滋賀県","滋賀県大津市園城寺町","","三尾神社","","35.01157415000000","135.85499590000000"
"102","1443","御上神社摂社若宮神社本殿","","国宝・重要文化財（建造物）","重要文化財","近世以前／神社","","鎌倉後期","19310119","","滋賀県","滋賀県野洲市三上","","御上神社","","35.05000135000000","136.02724960000000"
"102","1441","御上神社拝殿","","国宝・重要文化財（建造物）","重要文化財","近世以前／神社","","鎌倉後期","18990405","","滋賀県","滋賀県野洲市三上","","御上神社","","35.04981869000000","136.02737217000000"
"102","1440","御上神社本殿","","国宝・重要文化財（建造物）","国宝","近世以前／神社","","鎌倉後期","18990405","19521122","滋賀県","滋賀県野洲市三上","","御上神社","","35.04999895000000","136.02738179000000"
"102","1442","御上神社楼門","","国宝・重要文化財（建造物）","重要文化財","近世以前／神社","","鎌倉後期","18990405","","滋賀県","滋賀県野洲市三上","","御上神社","","35.04962642000000","136.02736737000000"
"102","1463","八坂神社本殿（儀俄大宮）","","国宝・重要文化財（建造物）","重要文化財","近世以前／神社","","桃山","19060414","","滋賀県","滋賀県甲賀市水口町嶬峨","","八坂神社","","34.95128447000000","136.19692861000000"
"102","1459","吉御子神社本殿","","国宝・重要文化財（建造物）","重要文化財","近世以前／神社","","江戸後期","19210430","","滋賀県","滋賀県湖南市石部西","","吉御子神社","","35.01008198000000","136.05078630000000"
"102","1531","若宮神社本殿","","国宝・重要文化財（建造物）","重要文化財","近世以前／神社","","室町後期","19930420","","滋賀県","滋賀県高島市安曇川町北船木","","若宮神社","","35.32355587000000","136.06703268000000"
"102","1370","和田神社本殿","","国宝・重要文化財（建造物）","重要文化財","近世以前／神社","","鎌倉後期","19020731","","滋賀県","滋賀県大津市木下町","","和田神社","","34.99797195000000","135.89119978000000"
"102","2159","泉穴師神社摂社春日神社本殿","","国宝・重要文化財（建造物）","重要文化財","近世以前／神社","","桃山","19490218","","大阪府","大阪府泉大津市豊中","","泉穴師神社","","34.49661186000000","135.41994991000000"
"102","2160","泉穴師神社摂社住吉神社本殿","","国宝・重要文化財（建造物）","重要文化財","近世以前／神社","","鎌倉前期","19490218","","大阪府","大阪府泉大津市豊中","","泉穴師神社","","34.49670297000000","135.41974383000000"
"102","2158","泉穴師神社本殿","","国宝・重要文化財（建造物）","重要文化財","近世以前／神社","","桃山","19490218","","大阪府","大阪府泉大津市豊中","","泉穴師神社","","34.49666609000000","135.41984579000000"
"102","2201","泉井上神社境内社和泉五社総社本殿","","国宝・重要文化財（建造物）","重要文化財","近世以前／神社","","桃山","19240415","","大阪府","大阪府和泉市府中町","","泉井上神社","","34.48703917000000","135.42817834000000"
"102","2171","厳島神社末社春日神社本殿","","国宝・重要文化財（建造物）","重要文化財","近世以前／神社","","室町中期","19780531","","大阪府","大阪府枚方市尊延寺","","厳島神社","","34.80242929000000","135.72914528000000"
"102","2195","烏帽子形八幡神社本殿","","国宝・重要文化財（建造物）","重要文化財","近世以前／神社","","室町後期","19400514","","大阪府","大阪府河内長野市喜多町","","烏帽子形八幡神社","","34.44412967000000","135.56617530000000"
"102","2174","意賀美神社本殿","","国宝・重要文化財（建造物）","重要文化財","近世以前／神社","","室町中期","19240415","","大阪府","大阪府泉佐野市上之郷","","意賀美神社","","34.36882834000000","135.32816832000000"
"102","2168","片埜神社本殿","","国宝・重要文化財（建造物）","重要文化財","近世以前／神社","","桃山","19170405","","大阪府","大阪府枚方市牧野阪二丁目","","片埜神社","","34.84185411000000","135.66770165000000"
"102","2169","交野天神社本殿","","国宝・重要文化財（建造物）","重要文化財","近世以前／神社","","室町中期","19170405","","大阪府","大阪府枚方市楠葉丘二丁目","","交野天神社","","34.86781029000000","135.68984104000000"
"102","2170","交野天神社末社八幡神社本殿","","国宝・重要文化財（建造物）","重要文化財","近世以前／神社","","室町中期","19170405","","大阪府","大阪府枚方市楠葉丘二丁目","","交野天神社","","34.86781737000000","135.68989767000000"
"102","2186","観心寺訶梨帝母天堂","","国宝・重要文化財（建造物）","重要文化財","近世以前／神社","","室町後期","19230328","","大阪府","大阪府河内長野市寺元","","観心寺","","34.43696322000000","135.59858232000000"
"102","2131","日部神社本殿","","国宝・重要文化財（建造物）","重要文化財","近世以前／神社","","室町前期","19170405","","大阪府","大阪府堺市西区草部","","日部神社","","34.52102875000000","135.46570138000000"
"102","2101","杭全神社本殿(第一殿)","","国宝・重要文化財（建造物）","重要文化財","近世以前／神社","","江戸中期","19770128","","大阪府","大阪府大阪市平野区平野宮町二丁目","","杭全神社","","34.62923162000000","135.55481641000000"
"102","2100","杭全神社本殿(第三殿)","","国宝・重要文化財（建造物）","重要文化財","近世以前／神社","","室町後期","19490218","","大阪府","大阪府大阪市平野区平野宮町二丁目","","杭全神社","","34.62923029000000","135.55511802000000"
"102","2099","杭全神社本殿(第二殿)","","国宝・重要文化財（建造物）","重要文化財","近世以前／神社","","室町後期","19490218","","大阪府","大阪府大阪市平野区平野宮町二丁目","","杭全神社","","34.62923559000000","135.55496192000000"
"102","2130","桜井神社拝殿","","国宝・重要文化財（建造物）","国宝","近世以前／神社","","鎌倉後期","19170405","19531114","大阪府","大阪府堺市南区片蔵","","桜井神社","","34.48542945000000","135.50619630000000"
"102","2083","四天王寺鳥居","","国宝・重要文化財（建造物）","重要文化財","近世以前／神社","","鎌倉後期","19340130","","大阪府","大阪府大阪市天王寺区四天王寺一丁目","","四天王寺","","34.65292117000000","135.51715570000000"
"102","2095","住吉大社","南門","国宝・重要文化財（建造物）","重要文化財","近世以前／神社","","桃山","19740521","","大阪府","大阪府大阪市住吉区住吉二丁目","","住吉大社","","34.61109515000000","135.49194450000000"
"102","2096","住吉大社","東楽所","国宝・重要文化財（建造物）","重要文化財","近世以前／神社","","桃山","19740521","","大阪府","大阪府大阪市住吉区住吉二丁目","","住吉大社","","34.61174407000000","135.49361103000000"
"102","2097","住吉大社","西楽所","国宝・重要文化財（建造物）","重要文化財","近世以前／神社","","桃山","19740521","","大阪府","大阪府大阪市住吉区住吉二丁目","","住吉大社","","34.61174787000000","135.49390091000000"
"102","00004492","住吉大社","南高蔵","国宝・重要文化財（建造物）","重要文化財","近世以前／神社","","桃山","20101224","","大阪府","大阪府大阪市住吉区住吉二丁目","","住吉大社","","34.61231705000000","135.49412452000000"
"102","00004491","住吉大社","幣殿及び渡殿（四棟）　（第四殿）","国宝・重要文化財（建造物）","重要文化財","近世以前／神社","","江戸後期","20101224","","大阪府","大阪府大阪市住吉区住吉二丁目","","住吉大社","","34.61232599000000","135.49293059000000"
"102","00004488","住吉大社","幣殿及び渡殿（四棟）　（第一殿）","国宝・重要文化財（建造物）","重要文化財","近世以前／神社","","江戸後期","20101224","","大阪府","大阪府大阪市住吉区住吉二丁目","","住吉大社","","34.61239307000000","135.49375114000000"
"102","00004493","住吉大社","北高蔵","国宝・重要文化財（建造物）","重要文化財","近世以前／神社","","桃山","20101224","","大阪府","大阪府大阪市住吉区住吉二丁目","","住吉大社","","34.61243108000000","135.49412899000000"
"102","00004489","住吉大社","幣殿及び渡殿（四棟）　（第二殿）","国宝・重要文化財（建造物）","重要文化財","近世以前／神社","","江戸後期","20101224","","大阪府","大阪府大阪市住吉区住吉二丁目","","住吉大社","","34.61243779000000","135.49328609000000"
"102","00004490","住吉大社","幣殿及び渡殿（四棟）　（第三殿）","国宝・重要文化財（建造物）","重要文化財","近世以前／神社","","江戸後期","20101224","","大阪府","大阪府大阪市住吉区住吉二丁目","","住吉大社","","34.61246014000000","135.49293954000000"
"102","00004496","住吉大社","末社招魂社本殿（旧護摩堂）","国宝・重要文化財（建造物）","重要文化財","近世以前／神社","","江戸前期","20101224","","大阪府","大阪府大阪市住吉区住吉二丁目","","住吉大社","","34.61303251000000","135.49459851000000"
"102","00004494","住吉大社","摂社大海神社幣殿及び渡殿","国宝・重要文化財（建造物）","重要文化財","近世以前／神社","","江戸中期","20101224","","大阪府","大阪府大阪市住吉区住吉二丁目","","住吉大社","","34.61391119000000","135.49362593000000"
"102","00004495","住吉大社","摂社大海神社西門","国宝・重要文化財（建造物）","重要文化財","近世以前／神社","","江戸前期","20101224","","大阪府","大阪府大阪市住吉区住吉二丁目","","住吉大社","","34.61393802000000","135.49341353000000"
"102","2098","住吉大社","石舞台","国宝・重要文化財（建造物）","重要文化財","近世以前／その他","","桃山","19740521","","大阪府","大阪府大阪市住吉区住吉二丁目","","住吉大社","","34.61192796000000","135.49374672000000"
"102","2094","住吉大社摂社大海神社本殿","","国宝・重要文化財（建造物）","重要文化財","近世以前／神社","","江戸中期","19640526","","大阪府","大阪府大阪市住吉区住吉二丁目","","住吉大社","","34.61387648000000","135.49376284000000"
"102","2093","住吉大社本殿","第四殿","国宝・重要文化財（建造物）","国宝","近世以前／神社","","江戸後期","19020417","19531114","大阪府","大阪府大阪市住吉区住吉二丁目","","住吉大社","","34.61232037000000","135.49305895000000"
"102","2090","住吉大社本殿","第一殿","国宝・重要文化財（建造物）","国宝","近世以前／神社","","江戸後期","19020417","19531114","大阪府","大阪府大阪市住吉区住吉二丁目","","住吉大社","","34.61239942000000","135.49388168000000"
"102","2091","住吉大社本殿","第二殿","国宝・重要文化財（建造物）","国宝","近世以前／神社","","江戸後期","19020417","19531114","大阪府","大阪府大阪市住吉区住吉二丁目","","住吉大社","","34.61242836000000","135.49340159000000"
"102","2092","住吉大社本殿","第三殿","国宝・重要文化財（建造物）","国宝","近世以前／神社","","江戸後期","19020417","19531114","大阪府","大阪府大阪市住吉区住吉二丁目","","住吉大社","","34.61244138000000","135.49305895000000"
"102","2178","総福寺鎮守天満宮本殿","","国宝・重要文化財（建造物）","重要文化財","近世以前／神社","","桃山","19780531","","大阪府","大阪府泉佐野市日根野","","総福寺","","34.37771661000000","135.33966634000000"
"102","2234","建水分神社本殿","（右殿）","国宝・重要文化財（建造物）","重要文化財","近世以前／神社","","室町中期","19000407","","大阪府","大阪府南河内郡千早赤阪村大字水分","","建水分神社","","34.46023724000000","135.63203030000000"
"102","2232","建水分神社本殿","（中殿）","国宝・重要文化財（建造物）","重要文化財","近世以前／神社","","室町中期","19000407","","大阪府","大阪府南河内郡千早赤阪村大字水分","","建水分神社","","34.46029025000000","135.63203030000000"
"102","2233","建水分神社本殿","（左殿）","国宝・重要文化財（建造物）","重要文化財","近世以前／神社","","室町中期","19000407","","大阪府","大阪府南河内郡千早赤阪村大字水分","","建水分神社","","34.46035651000000","135.63203977000000"
"102","2132","多治速比売神社本殿","","国宝・重要文化財（建造物）","重要文化財","近世以前／神社","","室町後期","19490218","","大阪府","大阪府堺市南区宮山台二丁","","多治速比売神社","","34.50209515000000","135.49817338000000"
"102","2145","積川神社本殿","","国宝・重要文化財（建造物）","重要文化財","近世以前／神社","","桃山","19140417","","大阪府","大阪府岸和田市積川町","","積川神社","","34.42504545000000","135.43954783000000"
"102","2196","長野神社本殿","","国宝・重要文化財（建造物）","重要文化財","近世以前／神社","","桃山","19410703","","大阪府","大阪府河内長野市長野町","","長野神社","","34.45012172000000","135.57141595000000"
"102","2181","錦織神社","摂社春日社本殿","国宝・重要文化財（建造物）","重要文化財","近世以前／神社","","室町中期","19690620","","大阪府","大阪府富田林市宮甲田町","","錦織神社","","34.49521932000000","135.58852600000000"
"102","2180","錦織神社","本殿","国宝・重要文化財（建造物）","重要文化財","近世以前／神社","","室町中期","19120208","","大阪府","大阪府富田林市宮甲田町","","錦織神社","","34.49522001000000","135.58850037000000"
"102","2182","錦織神社","摂社天神社本殿","国宝・重要文化財（建造物）","重要文化財","近世以前／神社","","室町中期","19690620","","大阪府","大阪府富田林市宮甲田町","","錦織神社","","34.49522105000000","135.58847752000000"
"102","2223","波太神社","末社三神社本殿","国宝・重要文化財（建造物）","重要文化財","近世以前／神社","","江戸前期","19931209","","大阪府","大阪府阪南市石田","","波太神社","","34.34387349000000","135.24495637000000"
"102","2222","波太神社","本殿","国宝・重要文化財（建造物）","重要文化財","近世以前／神社","","江戸前期","19931209","","大阪府","大阪府阪南市石田","","波太神社","","34.34397572000000","135.24486865000000"
"102","2153","原田神社本殿","","国宝・重要文化財（建造物）","重要文化財","近世以前／神社","","江戸前期","19931209","","大阪府","大阪府豊中市中桜塚一丁目","","原田神社","","34.77943854000000","135.46570380000000"
"102","2203","聖神社","末社三神社本殿","国宝・重要文化財（建造物）","重要文化財","近世以前／神社","","桃山","19770128","","大阪府","大阪府和泉市王子町","","聖神社","","34.50093318000000","135.44726843000000"
"102","2204","聖神社","末社滝神社本殿","国宝・重要文化財（建造物）","重要文化財","近世以前／神社","","桃山","19770128","","大阪府","大阪府和泉市王子町","","聖神社","","34.50097992000000","135.44726386000000"
"102","2202","聖神社","本殿","国宝・重要文化財（建造物）","重要文化財","近世以前／神社","","桃山","19240415","","大阪府","大阪府和泉市王子町","","聖神社","","34.50118678000000","135.44694731000000"
"102","2179","火走神社摂社幸神社本殿","","国宝・重要文化財（建造物）","重要文化財","近世以前／神社","","室町後期","19930817","","大阪府","大阪府泉佐野市大木","","火走神社","","34.35187688000000","135.36940548000000"
"102","2146","兵主神社本殿","","国宝・重要文化財（建造物）","重要文化財","近世以前／神社","","桃山","19240415","","大阪府","大阪府岸和田市西之内町","","兵主神社","","34.47079299000000","135.39146261000000"
"102","2229","船守神社本殿","","国宝・重要文化財（建造物）","重要文化財","近世以前／神社","","桃山","19240415","","大阪府","大阪府泉南郡岬町淡輪","","船守神社","","34.33135797000000","135.17229190000000"
"102","2156","八坂神社本殿","","国宝・重要文化財（建造物）","重要文化財","近世以前／神社","","桃山","19710622","","大阪府","大阪府池田市神田四丁目","","八坂神社","","34.81275232000000","135.42198003000000"
"102","2429","赤淵神社本殿","","国宝・重要文化財（建造物）","重要文化財","近世以前／神社","","室町中期","19700617","","兵庫県","兵庫県朝来市和田山町枚田","","赤淵神社","","35.32681090000000","134.84198296000000"
"102","2396","天津神社本殿","","国宝・重要文化財（建造物）","重要文化財","近世以前／神社","","室町後期","19260419","","兵庫県","兵庫県三木市吉川町前田","","天津神社","","34.90921623000000","135.11645340000000"
"102","2391","一乗寺護法堂","","国宝・重要文化財（建造物）","重要文化財","近世以前／神社","","鎌倉後期","19130414","","兵庫県","兵庫県加西市坂本町","","一乗寺","","34.85960729000000","134.81884569000000"
"102","2390","一乗寺弁天堂","","国宝・重要文化財（建造物）","重要文化財","近世以前／神社","","室町中期","19130414","","兵庫県","兵庫県加西市坂本町","","一乗寺","","34.85953024000000","134.81854772000000"
"102","2389","一乗寺妙見堂","","国宝・重要文化財（建造物）","重要文化財","近世以前／神社","","室町後期","19130414","","兵庫県","兵庫県加西市坂本町","","一乗寺","","34.85954763000000","134.81860068000000"
"102","2399","稲荷神社本殿","","国宝・重要文化財（建造物）","重要文化財","近世以前／神社","","室町後期","19790521","","兵庫県","兵庫県三木市吉川町富岡","","稲荷神社","","34.91476177000000","135.12090589000000"
"102","2371","鶴林寺行者堂","","国宝・重要文化財（建造物）","重要文化財","近世以前／神社","","室町中期","19300523","","兵庫県","兵庫県加古川市加古川町","","鶴林寺","","34.75169368000000","134.83186925000000"
"102","2420","賀茂神社","東回廊","国宝・重要文化財（建造物）","重要文化財","近世以前／神社","","江戸中期","19740521","","兵庫県","兵庫県たつの市御津町室津","","賀茂神社","","34.76591516000000","134.50293433000000"
"102","2419","賀茂神社","唐門","国宝・重要文化財（建造物）","重要文化財","近世以前／神社","","江戸中期","19740521","","兵庫県","兵庫県たつの市御津町室津","","賀茂神社","","34.76594041000000","134.50283823000000"
"102","2417","賀茂神社","摂社榲尾社本殿","国宝・重要文化財（建造物）","重要文化財","近世以前／神社","","江戸中期","19740521","","兵庫県","兵庫県たつの市御津町室津","","賀茂神社","","34.76595304000000","134.50300588000000"
"102","2421","賀茂神社","西回廊","国宝・重要文化財（建造物）","重要文化財","近世以前／神社","","江戸中期","19740521","","兵庫県","兵庫県たつの市御津町室津","","賀茂神社","","34.76597478000000","134.50272740000000"
"102","2415","賀茂神社","摂社片岡社太田社本殿","国宝・重要文化財（建造物）","重要文化財","近世以前／神社","","江戸中期","19740521","","兵庫県","兵庫県たつの市御津町室津","","賀茂神社","","34.76597478000000","134.50294134000000"
"102","2414","賀茂神社","本殿","国宝・重要文化財（建造物）","重要文化財","近世以前／神社","","江戸中期","19740521","","兵庫県","兵庫県たつの市御津町室津","","賀茂神社","","34.76601056000000","134.50286208000000"
"102","2416","賀茂神社","摂社貴布祢社若宮社本殿","国宝・重要文化財（建造物）","重要文化財","近世以前／神社","","江戸中期","19740521","","兵庫県","兵庫県たつの市御津町室津","","賀茂神社","","34.76602178000000","134.50276948000000"
"102","2418","賀茂神社","権殿","国宝・重要文化財（建造物）","重要文化財","近世以前／神社","","江戸中期","19740521","","兵庫県","兵庫県たつの市御津町室津","","賀茂神社","","34.76603792000000","134.50268671000000"
"102","2376","伽耶院","三坂明神社本殿","国宝・重要文化財（建造物）","重要文化財","近世以前／神社","","江戸前期","19750623","","兵庫県","兵庫県三木市志染町大谷","","伽耶院","","34.80561324000000","135.05902972000000"
"102","2375","伽耶院","多宝塔","国宝・重要文化財（建造物）","重要文化財","近世以前／寺院","","江戸前期","19750623","","兵庫県","兵庫県三木市志染町大谷","","伽耶院","","34.80552854000000","135.05912135000000"
"102","2374","伽耶院","本堂","国宝・重要文化財（建造物）","重要文化財","近世以前／寺院","","江戸前期","19750623","","兵庫県","兵庫県三木市志染町大谷","","伽耶院","","34.80559581000000","135.05885021000000"
"102","2398","歓喜院聖天堂","","国宝・重要文化財（建造物）","重要文化財","近世以前／神社","","室町中期","19670615","","兵庫県","兵庫県三木市吉川町毘沙門","","歓喜院","","34.88151670000000","135.14746704000000"
"102","2365","久久比神社本殿","","国宝・重要文化財（建造物）","重要文化財","近世以前／神社","","室町後期","19580514","","兵庫県","兵庫県豊岡市下宮","","久久比神社","","35.55729786000000","134.84351393000000"
"102","2385","御霊神社本殿","","国宝・重要文化財（建造物）","重要文化財","近世以前／神社","","室町後期","19040218","","兵庫県","兵庫県三田市貴志","","御霊神社","","34.89970106000000","135.20303351000000"
"102","2364","酒垂神社本殿","","国宝・重要文化財（建造物）","重要文化財","近世以前／神社","","室町中期","19580514","","兵庫県","兵庫県豊岡市法花寺","","酒垂神社","","35.55552389000000","134.86950759000000"
"102","00005473","住吉神社","拝殿","国宝・重要文化財（建造物）","重要文化財","近世以前／神社","","江戸後期","20221212","","兵庫県","兵庫県加西市北条町北条","","宗教法人住吉神社","","34.93528333000000","134.82855833000000"
"102","00005471","住吉神社","中本殿","国宝・重要文化財（建造物）","重要文化財","近世以前／神社","","江戸末期","20221212","","兵庫県","兵庫県加西市北条町北条","","宗教法人住吉神社","","34.93545000000000","134.82856944000000"
"102","00005470","住吉神社","東本殿","国宝・重要文化財（建造物）","重要文化財","近世以前／神社","","江戸末期","20221212","","兵庫県","兵庫県加西市北条町北条","","宗教法人住吉神社","","34.93545556000000","134.82865556000000"
"102","00005472","住吉神社","西本殿","国宝・重要文化財（建造物）","重要文化財","近世以前／神社","","江戸末期","20221212","","兵庫県","兵庫県加西市北条町北条","","宗教法人住吉神社","","34.93545833000000","134.82848889000000"
"102","2387","住吉神社本殿","","国宝・重要文化財（建造物）","重要文化財","近世以前／神社","","室町中期","19130414","","兵庫県","兵庫県三田市大川瀬","","住吉神社","","34.94051012000000","135.11665651000000"
"102","2402","住吉神社本殿","","国宝・重要文化財（建造物）","重要文化財","近世以前／神社","","室町後期","19600609","","兵庫県","兵庫県加東市上鴨川","","住吉神社","","34.96676088000000","135.05966580000000"
"102","00005140","高座神社本殿","","国宝・重要文化財（建造物）","重要文化財","近世以前／神社","","江戸中期","20180817","","兵庫県","兵庫県丹波市山南町谷川","","宗教法人高座神社","","35.06941667000000","135.05070278000000"
"102","2386","高売布神社本殿","","国宝・重要文化財（建造物）","重要文化財","近世以前／神社","","室町後期","19040218","","兵庫県","兵庫県三田市酒井","","高売布神社","","34.95876440000000","135.26714809000000"
"102","2380","多田神社","随神門","国宝・重要文化財（建造物）","重要文化財","近世以前／神社","","江戸中期","19660611","","兵庫県","兵庫県川西市多田院","","多田神社","","34.86058229000000","135.40284180000000"
"102","2379","多田神社","拝殿","国宝・重要文化財（建造物）","重要文化財","近世以前／神社","","江戸中期","19660611","","兵庫県","兵庫県川西市多田院","","多田神社","","34.86102847000000","135.40274646000000"
"102","2378","多田神社","本殿","国宝・重要文化財（建造物）","重要文化財","近世以前／神社","","江戸中期","19660611","","兵庫県","兵庫県川西市多田院","","多田神社","","34.86124175000000","135.40271150000000"
"102","2405","天満神社本殿","","国宝・重要文化財（建造物）","重要文化財","近世以前／神社","","室町後期","19630701","","兵庫県","兵庫県たつの市新宮町宮内","","天満神社","","34.93037545000000","134.54423838000000"
"102","2395","戸隠神社本殿","","国宝・重要文化財（建造物）","重要文化財","近世以前／神社","","室町後期","19790521","","兵庫県","兵庫県川辺郡猪名川町肝川","","戸隠神社","","34.88336217000000","135.36783755000000"
"102","2243","豊歳神社本殿","","国宝・重要文化財（建造物）","重要文化財","近世以前／神社","","室町後期","19790521","","兵庫県","兵庫県神戸市北区大沢町","","豊歳神社","","34.87075125000000","135.16981450000000"
"102","2363","中島神社本殿","","国宝・重要文化財（建造物）","重要文化財","近世以前／神社","","室町中期","19120208","","兵庫県","兵庫県豊岡市三宅","","中島神社","","35.52542328000000","134.86262678000000"
"102","00004436","名草神社","拝殿","国宝・重要文化財（建造物）","重要文化財","近世以前／神社","","江戸後期","20100629","","兵庫県","兵庫県養父市八鹿町石原","","名草神社","","35.42222115000000","134.65552501000000"
"102","00004435","名草神社","本殿","国宝・重要文化財（建造物）","重要文化財","近世以前／神社","","江戸後期","20100629","","兵庫県","兵庫県養父市八鹿町石原","","名草神社","","35.42240549000000","134.65551425000000"
"102","2358","西宮神社大練塀","表大門南門間","国宝・重要文化財（建造物）","重要文化財","近世以前／神社","","室町中期","19380704","","兵庫県","兵庫県西宮市社家町","","西宮神社","","34.73414915000000","135.33555405000000"
"102","2359","西宮神社大練塀","南門の西","国宝・重要文化財（建造物）","重要文化財","近世以前／神社","","室町中期","19380704","","兵庫県","兵庫県西宮市社家町","","西宮神社","","34.73437506000000","135.33465953000000"
"102","2357","西宮神社大練塀","表大門の北","国宝・重要文化財（建造物）","重要文化財","近世以前／神社","","室町中期","19380704","","兵庫県","兵庫県西宮市社家町","","西宮神社","","34.73459328000000","135.33587743000000"
"102","2356","西宮神社表大門","","国宝・重要文化財（建造物）","重要文化財","近世以前／神社","","桃山","19260419","","兵庫県","兵庫県西宮市社家町","","西宮神社","","34.73436373000000","135.33576880000000"
"102","2381","八幡神社拝殿","","国宝・重要文化財（建造物）","重要文化財","近世以前／神社","","室町前期","19010327","","兵庫県","兵庫県小野市浄谷町","","八幡神社","","34.86430953000000","134.96156464000000"
"102","2373","八幡神社本殿","","国宝・重要文化財（建造物）","重要文化財","近世以前／神社","","室町後期","19801218","","兵庫県","兵庫県宝塚市中筋","","八幡神社","","34.81888812000000","135.37698646000000"
"102","2382","八幡神社本殿","","国宝・重要文化財（建造物）","重要文化財","近世以前／神社","","室町中期","19130414","","兵庫県","兵庫県小野市浄谷町","","八幡神社","","34.86442290000000","134.96159268000000"
"102","2372","八幡神社本殿","","国宝・重要文化財（建造物）","重要文化財","近世以前／神社","","室町中期","19150326","","兵庫県","兵庫県宝塚市波豆","","八幡神社","","34.90754291000000","135.28371126000000"
"102","2431","八幡神社本殿及び拝殿","","国宝・重要文化財（建造物）","重要文化財","近世以前／神社","","桃山","19130414","","兵庫県","兵庫県丹波市柏原町柏原","","八幡神社","","35.13095885000000","135.07940087000000"
"102","2427","日出神社本殿","","国宝・重要文化財（建造物）","重要文化財","近世以前／神社","","室町後期","19700617","","兵庫県","兵庫県豊岡市但東町畑山","","日出神社","","35.48837427000000","134.99318835000000"
"102","2348","広峯神社拝殿","","国宝・重要文化財（建造物）","重要文化財","近世以前／神社","","江戸前期","19600609","","兵庫県","兵庫県姫路市広嶺山","","広峯神社","","34.87379477000000","134.70039196000000"
"102","2347","広峯神社本殿","","国宝・重要文化財（建造物）","重要文化財","近世以前／神社","","室町中期","19600609","","兵庫県","兵庫県姫路市広嶺山","","広峯神社","","34.87392468000000","134.70035106000000"
"102","2350","本興寺三光堂","","国宝・重要文化財（建造物）","重要文化財","近世以前／神社","","室町後期","19140417","","兵庫県","兵庫県尼崎市開明町三丁目","","本興寺","","34.71713499000000","135.41393180000000"
"102","2424","御形神社本殿","","国宝・重要文化財（建造物）","重要文化財","近世以前／神社","","室町後期","19670615","","兵庫県","兵庫県宍粟市一宮町森添","","御形神社","","35.18947927000000","134.63008121000000"
"102","2238","若王子神社本殿","","国宝・重要文化財（建造物）","重要文化財","近世以前／神社","","室町中期","19140417","","兵庫県","兵庫県神戸市北区山田町","","若王子神社","","34.77107072000000","135.13654204000000"
"102","2403","若宮八幡宮本殿","","国宝・重要文化財（建造物）","重要文化財","近世以前／神社","","室町後期","19620621","","兵庫県","兵庫県加東市黒谷","","若宮八幡宮","","34.93443045000000","135.06546684000000"
"102","2738","伊弉冊命神社本殿","","国宝・重要文化財（建造物）","重要文化財","近世以前／神社","","桃山","19540917","","奈良県","奈良県生駒郡斑鳩町大字五百井","","伊弉冊命神社","","34.60570061000000","135.73274710000000"
"102","2596","石上神宮摂社出雲建雄神社拝殿","","国宝・重要文化財（建造物）","国宝","近世以前／神社","","鎌倉後期","19160524","19540320","奈良県","奈良県天理市布留町","","石上神宮","","34.59751546000000","135.85223780000000"
"102","2594","石上神宮拝殿","","国宝・重要文化財（建造物）","国宝","近世以前／神社","","鎌倉前期","19060414","19540320","奈良県","奈良県天理市布留町","","石上神宮","","34.59780917000000","135.85201441000000"
"102","2595","石上神宮楼門","","国宝・重要文化財（建造物）","重要文化財","近世以前／神社","","鎌倉後期","19060414","","奈良県","奈良県天理市布留町","","石上神宮","","34.59761725000000","135.85206149000000"
"102","2756","宇太水分神社本殿","（第一殿）","国宝・重要文化財（建造物）","国宝","近世以前／神社","","鎌倉後期","19110417","19540320","奈良県","奈良県宇陀市菟田野区古市場","","宇太水分神社","","34.47471337000000","135.97086164000000"
"102","2757","宇太水分神社本殿","（第二殿）","国宝・重要文化財（建造物）","国宝","近世以前／神社","","鎌倉後期","19110417","19540320","奈良県","奈良県宇陀市菟田野区古市場","","宇多水分神社","","34.47475467000000","135.97082785000000"
"102","2758","宇太水分神社本殿","（第三殿）","国宝・重要文化財（建造物）","国宝","近世以前／神社","","鎌倉後期","19110417","19540320","奈良県","奈良県宇陀市菟田野区古市場","","宇多水分神社","","34.47479346000000","135.97079407000000"
"102","2759","宇太水分神社末社春日神社本殿","","国宝・重要文化財（建造物）","重要文化財","近世以前／神社","","室町中期","19540320","","奈良県","奈良県宇陀市菟田野区古市場","","宇太水分神社","","34.47465706000000","135.97090544000000"
"102","2760","宇太水分神社末社宗像神社本殿","","国宝・重要文化財（建造物）","重要文化財","近世以前／神社","","室町後期","19540320","","奈良県","奈良県宇陀市菟田野区古市場","","宇太水分神社","","34.47462953000000","135.97093672000000"
"102","2518","宇奈多理座高御魂神社本殿","","国宝・重要文化財（建造物）","重要文化財","近世以前／神社","","室町前期","19080423","","奈良県","奈良県奈良市法華寺町","","宇奈多理坐高御魂神社","","34.69004982000000","135.80155198000000"
"102","2511","圓成寺","春日堂","国宝・重要文化財（建造物）","国宝","近世以前／神社","","鎌倉前期","19140417","19530331","奈良県","奈良県奈良市忍辱山町","","圓成寺","","34.69576991000000","135.91555583000000"
"102","2512","圓成寺","白山堂","国宝・重要文化財（建造物）","国宝","近世以前／神社","","鎌倉前期","19140417","19530331","奈良県","奈良県奈良市忍辱山町","","圓成寺","","34.69578167000000","135.91560871000000"
"102","2513","圓成寺宇賀神本殿","","国宝・重要文化財（建造物）","重要文化財","近世以前／神社","","鎌倉後期","19520329","","奈良県","奈良県奈良市忍辱山町","","圓成寺","","34.69580125000000","135.91567531000000"
"102","2642","大神神社拝殿","","国宝・重要文化財（建造物）","重要文化財","近世以前／神社","","江戸中期","19210430","","奈良県","奈良県桜井市大字三輪","","大神神社","","34.52877336000000","135.85302270000000"
"102","2603","橿原神宮本殿","","国宝・重要文化財（建造物）","重要文化財","近世以前／神社","","江戸末期","19020731","","奈良県","奈良県橿原市久米町","","橿原神宮","","34.48848532000000","135.78609138000000"
"102","2803","春日神社本殿","","国宝・重要文化財（建造物）","重要文化財","近世以前／神社","","室町中期","19230328","","奈良県","奈良県五條市西吉野町向賀名生","","春日神社","","34.28848397000000","135.72651753000000"
"102","2579","春日神社本殿","","国宝・重要文化財（建造物）","重要文化財","近世以前／神社","","室町後期","19200415","","奈良県","奈良県大和郡山市矢田町","","春日神社","","34.64991914000000","135.73671260000000"
"102","2563","春日大社摂社若宮神社","手水屋","国宝・重要文化財（建造物）","重要文化財","近世以前／神社","","江戸前期","19020731","","奈良県","奈良県奈良市春日野町","","春日大社","","34.67987088000000","135.84908337000000"
"102","2562","春日大社摂社若宮神社","細殿及び神楽殿","国宝・重要文化財（建造物）","重要文化財","近世以前／神社","","桃山","19010802","","奈良県","奈良県奈良市春日野町","","春日大社","","34.68012286000000","135.84899759000000"
"102","2561","春日大社摂社若宮神社","拝舎","国宝・重要文化財（建造物）","重要文化財","近世以前／神社","","江戸末期","19010802","","奈良県","奈良県奈良市春日野町","","春日大社","","34.68014967000000","135.84906729000000"
"102","2560","春日大社摂社若宮神社","本殿","国宝・重要文化財（建造物）","重要文化財","近世以前／神社","","江戸末期","19010802","","奈良県","奈良県奈良市春日野町","","春日大社","","34.68017173000000","135.84922697000000"
"102","2533","春日大社本社","本殿 （第一殿）","国宝・重要文化財（建造物）","国宝","近世以前／神社","","江戸末期","19010802","19560628","奈良県","奈良県奈良市春日野町","","春日大社","","34.68157872000000","135.84846589000000"
"102","2534","春日大社本社","本殿 （第二殿）","国宝・重要文化財（建造物）","国宝","近世以前／神社","","江戸末期","19010802","19560628","奈良県","奈良県奈良市春日野町","","春日大社","","34.68157872000000","135.84846589000000"
"102","2535","春日大社本社","本殿 （第三殿）","国宝・重要文化財（建造物）","国宝","近世以前／神社","","江戸末期","19010802","19560628","奈良県","奈良県奈良市春日野町","","春日大社","","34.68157872000000","135.84846589000000"
"102","2536","春日大社本社","本殿 （第四殿）","国宝・重要文化財（建造物）","国宝","近世以前／神社","","江戸末期","19010802","19560628","奈良県","奈良県奈良市春日野町","","春日大社","","34.68157872000000","135.84846589000000"
"102","2554","春日大社本社","車舎","国宝・重要文化財（建造物）","重要文化財","近世以前／神社","","江戸前期","19020731","","奈良県","奈良県奈良市春日野町","","春日大社","","34.68073170000000","135.84658906000000"
"102","2555","春日大社本社","着到殿","国宝・重要文化財（建造物）","重要文化財","近世以前／神社","","室町中期","19020731","","奈良県","奈良県奈良市春日野町","","春日大社","","34.68090398000000","135.84789661000000"
"102","2550","春日大社本社","廻廊（南門慶賀門間）","国宝・重要文化財（建造物）","重要文化財","近世以前／神社","","桃山","19010802","","奈良県","奈良県奈良市春日野町","","春日大社","","34.68107247000000","135.84817230000000"
"102","2545","春日大社本社","南門","国宝・重要文化財（建造物）","重要文化財","近世以前／神社","","室町前期","19010802","","奈良県","奈良県奈良市春日野町","","春日大社","","34.68108453000000","135.84840149000000"
"102","2546","春日大社本社","慶賀門","国宝・重要文化財（建造物）","重要文化財","近世以前／神社","","室町前期","19010802","","奈良県","奈良県奈良市春日野町","","春日大社","","34.68115691000000","135.84806675000000"
"102","2541","春日大社本社","幣殿","国宝・重要文化財（建造物）","重要文化財","近世以前／神社","","江戸前期","19010802","","奈良県","奈良県奈良市春日野町","","春日大社","","34.68125341000000","135.84835927000000"
"102","2542","春日大社本社","直会殿","国宝・重要文化財（建造物）","重要文化財","近世以前／神社","","江戸前期","19010802","","奈良県","奈良県奈良市春日野町","","春日大社","","34.68128960000000","135.84819944000000"
"102","2551","春日大社本社","廻廊（慶賀門清浄門間）","国宝・重要文化財（建造物）","重要文化財","近世以前／神社","","桃山","19010802","","奈良県","奈良県奈良市春日野町","","春日大社","","34.68130468000000","135.84805469000000"
"102","2549","春日大社本社","廻廊（南門東）","国宝・重要文化財（建造物）","重要文化財","近世以前／神社","","桃山","19010802","","奈良県","奈良県奈良市春日野町","","春日大社","","34.68130770000000","135.84871211000000"
"102","2556","春日大社本社","竈殿","国宝・重要文化財（建造物）","重要文化財","近世以前／神社","","室町前期","19020731","","奈良県","奈良県奈良市春日野町","","春日大社","","34.68131012000000","135.84787474000000"
"102","2547","春日大社本社","清浄門","国宝・重要文化財（建造物）","重要文化財","近世以前／神社","","室町前期","19010802","","奈良県","奈良県奈良市春日野町","","春日大社","","34.68142229000000","135.84804865000000"
"102","2539","春日大社本社","西及び北御廊","国宝・重要文化財（建造物）","重要文化財","近世以前／神社","","桃山","19010802","","奈良県","奈良県奈良市春日野町","","春日大社","","34.68149768000000","135.84835626000000"
"102","2537","春日大社本社","中門","国宝・重要文化財（建造物）","重要文化財","近世以前／神社","","桃山","19010802","","奈良県","奈良県奈良市春日野町","","春日大社","","34.68149869000000","135.84847085000000"
"102","2543","春日大社本社","移殿","国宝・重要文化財（建造物）","重要文化財","近世以前／神社","","室町前期","19010802","","奈良県","奈良県奈良市春日野町","","春日大社","","34.68150372000000","135.84819341000000"
"102","2538","春日大社本社","東御廊","国宝・重要文化財（建造物）","重要文化財","近世以前／神社","","桃山","19010802","","奈良県","奈良県奈良市春日野町","","春日大社","","34.68150372000000","135.84857640000000"
"102","2540","春日大社本社","捻廊","国宝・重要文化財（建造物）","重要文化財","近世以前／神社","","江戸中期","19010802","","奈良県","奈良県奈良市春日野町","","春日大社","","34.68151276000000","135.84827483000000"
"102","2552","春日大社本社","廻廊（清浄門内侍門間）","国宝・重要文化財（建造物）","重要文化財","近世以前／神社","","桃山","19010802","","奈良県","奈良県奈良市春日野町","","春日大社","","34.68151879000000","135.84804262000000"
"102","2557","春日大社本社","酒殿","国宝・重要文化財（建造物）","重要文化財","近世以前／神社","","江戸前期","19020731","","奈良県","奈良県奈良市春日野町","","春日大社","","34.68152257000000","135.84781226000000"
"102","2548","春日大社本社","内侍門","国宝・重要文化財（建造物）","重要文化財","近世以前／神社","","室町前期","19010802","","奈良県","奈良県奈良市春日野町","","春日大社","","34.68160625000000","135.84803659000000"
"102","2544","春日大社本社","宝庫","国宝・重要文化財（建造物）","重要文化財","近世以前／神社","","室町前期","19010802","","奈良県","奈良県奈良市春日野町","","春日大社","","34.68162736000000","135.84818738000000"
"102","2553","春日大社本社","廻廊（内侍門北）","国宝・重要文化財（建造物）","重要文化財","近世以前／神社","","桃山","19010802","","奈良県","奈良県奈良市春日野町","","春日大社","","34.68174497000000","135.84818436000000"
"102","2558","春日大社本社","板蔵","国宝・重要文化財（建造物）","重要文化財","近世以前／神社","","江戸前期","19020731","","奈良県","奈良県奈良市春日野町","","春日大社","","34.68189747000000","135.84803408000000"
"102","2559","春日大社本社","一の鳥居","国宝・重要文化財（建造物）","重要文化財","近世以前／神社","","江戸末期","19420626","","奈良県","奈良県奈良市春日野町","","春日大社","","34.68207109000000","135.83490853000000"
"102","2799","金峯山寺銅鳥居","","国宝・重要文化財（建造物）","重要文化財","近世以前／神社","","室町中期","19421222","","奈良県","奈良県吉野郡吉野町大字吉野山","","金峯山寺","","34.37079260000000","135.85779787000000"
"102","2578","小泉神社本殿","","国宝・重要文化財（建造物）","重要文化財","近世以前／神社","","室町後期","19200415","","奈良県","奈良県大和郡山市小泉町","","小泉神社","","34.62530913000000","135.75484811000000"
"102","2659","御霊神社","境内社他戸神社本殿","国宝・重要文化財（建造物）","重要文化財","近世以前／神社","","室町後期","19160524","","奈良県","奈良県五條市中之町","","御霊神社","","34.36155899000000","135.68015479000000"
"102","2657","御霊神社","本殿","国宝・重要文化財（建造物）","重要文化財","近世以前／神社","","室町後期","19160524","","奈良県","奈良県五條市中之町","","御霊神社","","34.36161126000000","135.68014624000000"
"102","2658","御霊神社","境内社早良神社本殿","国宝・重要文化財（建造物）","重要文化財","近世以前／神社","","室町後期","19160524","","奈良県","奈良県五條市中之町","","御霊神社","","34.36167778000000","135.68012723000000"
"102","00005416","十二社神社本殿","","国宝・重要文化財（建造物）","重要文化財","近世以前／神社","","室町中期","20220920","","奈良県","奈良県大和高田市大字藤森","","宗教法人十二社神社","","34.52925000000000","135.75211389000000"
"102","2504","十六所神社","境内社住吉神社本殿","国宝・重要文化財（建造物）","重要文化財","近世以前／神社","","室町前期","19130414","","奈良県","奈良県奈良市中町","","十六所神社","","34.67362815000000","135.74206434000000"
"102","2503","十六所神社","本殿","国宝・重要文化財（建造物）","重要文化財","近世以前／神社","","室町前期","19130414","","奈良県","奈良県奈良市中町","","十六所神社","","34.67366287000000","135.74211322000000"
"102","2505","十六所神社","境内社龍王神社本殿","国宝・重要文化財（建造物）","重要文化財","近世以前／神社","","室町前期","19130414","","奈良県","奈良県奈良市中町","","十六所神社","","34.67368916000000","135.74216020000000"
"102","2530","崇道天皇社本殿","","国宝・重要文化財（建造物）","重要文化財","近世以前／神社","","桃山","19490530","","奈良県","奈良県奈良市西紀寺町","","崇道天皇社","","34.67414749000000","135.83292760000000"
"102","2517","添御縣坐神社本殿","","国宝・重要文化財（建造物）","重要文化財","近世以前／神社","","室町前期","19070828","","奈良県","奈良県奈良市三碓町","","添御縣坐神社","","34.68758264000000","135.73956687000000"
"102","2661","高鴨神社本殿","","国宝・重要文化財（建造物）","重要文化財","近世以前／神社","","室町後期","19020731","","奈良県","奈良県御所市大字鴨神","","高鴨神社","","34.40830699000000","135.70760878000000"
"102","2674","高山八幡宮本殿","","国宝・重要文化財（建造物）","重要文化財","近世以前／神社","","室町後期","19780531","","奈良県","奈良県生駒市高山町","","高山八幡宮","","34.74517163000000","135.72232538000000"
"102","2523","手向山神社境内社住吉神社本殿","","国宝・重要文化財（建造物）","重要文化財","近世以前／神社","","鎌倉後期","19210430","","奈良県","奈良県奈良市雑司町","","手向山八幡宮","","34.68749819000000","135.84467970000000"
"102","2638","談山神社","末社惣社本殿","国宝・重要文化財（建造物）","重要文化財","近世以前／神社","","江戸中期","19770128","","奈良県","奈良県桜井市大字多武峰","","談山神社","","34.46560001000000","135.86066715000000"
"102","2639","談山神社","末社惣社拝殿","国宝・重要文化財（建造物）","重要文化財","近世以前／神社","","江戸中期","19770128","","奈良県","奈良県桜井市大字多武峰","","談山神社","","34.46562523000000","135.86075289000000"
"102","2636","談山神社","神廟拝所","国宝・重要文化財（建造物）","重要文化財","近世以前／神社","","江戸中期","19770128","","奈良県","奈良県桜井市大字多武峰","","談山神社","","34.46566305000000","135.86110341000000"
"102","2637","談山神社","閼伽井屋","国宝・重要文化財（建造物）","重要文化財","近世以前／神社","","江戸前期","19770128","","奈良県","奈良県桜井市大字多武峰","","談山神社","","34.46572862000000","135.86068228000000"
"102","2635","談山神社","摂社東殿","国宝・重要文化財（建造物）","重要文化財","近世以前／神社","","江戸前期","19770128","","奈良県","奈良県桜井市大字多武峰","","談山神社","","34.46583201000000","135.86228611000000"
"102","2640","談山神社","末社比叡神社本殿","国宝・重要文化財（建造物）","重要文化財","近世以前／神社","","江戸前期","19770128","","奈良県","奈良県桜井市大字多武峰","","談山神社","","34.46584210000000","135.86056628000000"
"102","2629","談山神社","拝殿","国宝・重要文化財（建造物）","重要文化財","近世以前／神社","","江戸前期","19770128","","奈良県","奈良県桜井市大字多武峰","","談山神社","","34.46591271000000","135.86171620000000"
"102","2632","談山神社","楼門","国宝・重要文化財（建造物）","重要文化財","近世以前／神社","","江戸前期","19770128","","奈良県","奈良県桜井市大字多武峰","","談山神社","","34.46594045000000","135.86158759000000"
"102","2634","談山神社","西宝庫","国宝・重要文化財（建造物）","重要文化財","近世以前／神社","","江戸前期","19770128","","奈良県","奈良県桜井市大字多武峰","","談山神社","","34.46600349000000","135.86140854000000"
"102","2631","談山神社","西透廊","国宝・重要文化財（建造物）","重要文化財","近世以前／神社","","江戸前期","19770128","","奈良県","奈良県桜井市大字多武峰","","談山神社","","34.46602366000000","135.86160776000000"
"102","2628","談山神社","本殿","国宝・重要文化財（建造物）","重要文化財","近世以前／神社","","江戸末期","19770128","","奈良県","奈良県桜井市大字多武峰","","談山神社","","34.46605140000000","135.86170611000000"
"102","2633","談山神社","東宝庫","国宝・重要文化財（建造物）","重要文化財","近世以前／神社","","江戸前期","19770128","","奈良県","奈良県桜井市大字多武峰","","談山神社","","34.46605140000000","135.86201881000000"
"102","2630","談山神社","東透廊","国宝・重要文化財（建造物）","重要文化財","近世以前／神社","","江戸前期","19770128","","奈良県","奈良県桜井市大字多武峰","","談山神社","","34.46605393000000","135.86181959000000"
"102","2626","談山神社権殿","","国宝・重要文化財（建造物）","重要文化財","近世以前／神社","","室町後期","19150326","","奈良県","奈良県桜井市大字多武峰","","談山神社","","34.46593036000000","135.86087141000000"
"102","2676","都祁水分神社本殿","","国宝・重要文化財（建造物）","重要文化財","近世以前／神社","","室町後期","19070828","","奈良県","奈良県奈良市都祁村大字友田","","都祁水分神社","","34.59733082000000","135.94718264000000"
"102","2678","天神社本殿","","国宝・重要文化財（建造物）","重要文化財","近世以前／神社","","室町中期","19230328","","奈良県","奈良県山辺郡山添村大字北野","","天神社","","34.68036861000000","135.99102470000000"
"102","2601","天皇神社本殿","","国宝・重要文化財（建造物）","重要文化財","近世以前／神社","","室町中期","19150326","","奈良県","奈良県天理市備前町","","天皇神社","","34.57416298000000","135.81743967000000"
"102","2532","長尾神社本殿","","国宝・重要文化財（建造物）","重要文化財","近世以前／神社","","桃山","19550622","","奈良県","奈良県奈良市阪原町","","長尾神社","","34.72266753000000","135.93775994000000"
"102","2525","丹生神社本殿","","国宝・重要文化財（建造物）","重要文化財","近世以前／神社","","室町中期","19270425","","奈良県","奈良県奈良市丹生町","","丹生神社","","34.69491551000000","135.96439726000000"
"102","2775","博西神社本殿","（２）","国宝・重要文化財（建造物）","重要文化財","近世以前／神社","","室町後期","19580514","","奈良県","奈良県葛城市寺口","","博西神社","","34.48568150000000","135.70956997000000"
"102","2774","博西神社本殿","（１）","国宝・重要文化財（建造物）","重要文化財","近世以前／神社","","室町後期","19580514","","奈良県","奈良県葛城市寺口","","博西神社","","34.48575287000000","135.70956903000000"
"102","2654","白山神社本殿","","国宝・重要文化財（建造物）","重要文化財","近世以前／神社","","室町後期","19200415","","奈良県","奈良県桜井市大字阿部","","文殊院","","34.50331131000000","135.84325547000000"
"102","2680","八幡神社本殿","","国宝・重要文化財（建造物）","重要文化財","近世以前／神社","","室町後期","19200415","","奈良県","奈良県生駒郡三郷町大字勢野","","八幡神社（生駒）","","34.60396738000000","135.69454412000000"
"102","2522","八幡神社本殿","","国宝・重要文化財（建造物）","重要文化財","近世以前／神社","","室町中期","19200415","","奈良県","奈良県奈良市西大寺町","","八幡神社","","34.69219801000000","135.77487791000000"
"102","2620","人麿神社本殿","","国宝・重要文化財（建造物）","重要文化財","近世以前／神社","","室町前期","19790521","","奈良県","奈良県橿原市地黄町","","人麿神社","","34.51473054000000","135.78472924000000"
"102","2531","夜支布山口神社摂社立磐神社本殿","","国宝・重要文化財（建造物）","重要文化財","近世以前／神社","","江戸中期","19530331","","奈良県","奈良県奈良市大柳生町","","夜支布山口神社","","34.70315324000000","135.92943874000000"
"102","2474","薬師寺休岡八幡神社社殿","東西脇殿（東）","国宝・重要文化財（建造物）","重要文化財","近世以前／神社","","桃山","19350513","","奈良県","奈良県奈良市西ノ京町","","薬師寺","","34.66689324000000","135.78403030000000"
"102","2473","薬師寺休岡八幡神社社殿","本殿","国宝・重要文化財（建造物）","重要文化財","近世以前／神社","","桃山","19350513","","奈良県","奈良県奈良市西ノ京町","","薬師寺","","34.66700762000000","135.78416692000000"
"102","2475","薬師寺休岡八幡神社社殿","東西脇殿（西）","国宝・重要文化財（建造物）","重要文化財","近世以前／神社","","桃山","19350513","","奈良県","奈良県奈良市西ノ京町","","薬師寺","","34.66711247000000","135.78400488000000"
"102","2472","薬師寺休岡若宮社社殿","","国宝・重要文化財（建造物）","重要文化財","近世以前／神社","","鎌倉後期","19130414","","奈良県","奈良県奈良市西ノ京町","","薬師寺","","34.66722132000000","135.78596475000000"
"102","2529","八阪神社本殿","","国宝・重要文化財（建造物）","重要文化財","近世以前／神社","","室町後期","19490218","","奈良県","奈良県奈良市大慈仙町","","八阪神社","","34.68794525000000","135.90441739000000"
"102","2576","矢田坐久志玉比古神社","本殿","国宝・重要文化財（建造物）","重要文化財","近世以前／神社","","室町前期","19080423","","奈良県","奈良県大和郡山市矢田町","","矢田坐久志玉比古神社","","34.65183662000000","135.74808847000000"
"102","2577","矢田坐久志玉比古神社","末社八幡神社社殿","国宝・重要文化財（建造物）","重要文化財","近世以前／神社","","室町中期","19080423","","奈良県","奈良県大和郡山市矢田町","","矢田坐久志玉比古神社","","34.65186862000000","135.74803795000000"
"102","2793","吉野水分神社","幣殿","国宝・重要文化財（建造物）","重要文化財","近世以前／神社","","桃山","19010327","","奈良県","奈良県吉野郡吉野町大字吉野山","","吉野水分神社","","34.35375619000000","135.87325688000000"
"102","2791","吉野水分神社","本殿","国宝・重要文化財（建造物）","重要文化財","近世以前／神社","","桃山","19010327","","奈良県","奈良県吉野郡吉野町大字吉野山","","吉野水分神社","","34.35379776000000","135.87303556000000"
"102","2792","吉野水分神社","拝殿","国宝・重要文化財（建造物）","重要文化財","近世以前／神社","","桃山","19010327","","奈良県","奈良県吉野郡吉野町大字吉野山","","吉野水分神社","","34.35394259000000","135.87316333000000"
"102","2795","吉野水分神社","回廊 （南）","国宝・重要文化財（建造物）","重要文化財","近世以前／神社","","桃山","19010327","","奈良県","奈良県吉野郡吉野町大字吉野山","","吉野水分神社","","34.35397620000000","135.87294878000000"
"102","2794","吉野水分神社","楼門","国宝・重要文化財（建造物）","重要文化財","近世以前／神社","","桃山","19010327","","奈良県","奈良県吉野郡吉野町大字吉野山","","吉野水分神社","","34.35400808000000","135.87298886000000"
"102","2796","吉野水分神社","回廊 （北）","国宝・重要文化財（建造物）","重要文化財","近世以前／神社","","桃山","19010327","","奈良県","奈良県吉野郡吉野町大字吉野山","","吉野水分神社","","34.35404078000000","135.87303386000000"
"102","2602","和爾下神社本殿","","国宝・重要文化財（建造物）","重要文化財","近世以前／神社","","桃山","19380826","","奈良県","奈良県天理市櫟本町","","和爾下神社","","34.62009834000000","135.83528430000000"
"102","2897","上杉謙信霊屋","","国宝・重要文化財（建造物）","重要文化財","近世以前／神社","","江戸前期","19650529","","和歌山県","和歌山県伊都郡高野町大字高野山","","清浄心院","財団法人高野山文化財保存会","34.21711865000000","135.59858373000000"
"102","2822","加太春日神社本殿","","国宝・重要文化財（建造物）","重要文化財","近世以前／神社","","桃山","19311214","","和歌山県","和歌山県和歌山市加太","","加太春日神社","","34.27527077000000","135.07461553000000"
"102","2924","熊野那智大社","御県彦社","国宝・重要文化財（建造物）","重要文化財","近世以前／神社","","江戸末期","19951226","","和歌山県","和歌山県東牟婁郡那智勝浦町","","熊野那智大社","","33.66855141000000","135.88997617000000"
"102","2923","熊野那智大社","第六殿（八社殿）","国宝・重要文化財（建造物）","重要文化財","近世以前／神社","","江戸末期","19951226","","和歌山県","和歌山県東牟婁郡那智勝浦町","","熊野那智大社","","33.66858188000000","135.88983524000000"
"102","2922","熊野那智大社","第五殿（若宮）","国宝・重要文化財（建造物）","重要文化財","近世以前／神社","","江戸末期","19951226","","和歌山県","和歌山県東牟婁郡那智勝浦町","","熊野那智大社","","33.66866840000000","135.88968887000000"
"102","2921","熊野那智大社","第四殿（西御前）","国宝・重要文化財（建造物）","重要文化財","近世以前／神社","","江戸末期","19951226","","和歌山県","和歌山県東牟婁郡那智勝浦町","","熊野那智大社","","33.66874839000000","135.88970519000000"
"102","2920","熊野那智大社","第三殿（中御前）","国宝・重要文化財（建造物）","重要文化財","近世以前／神社","","江戸末期","19951226","","和歌山県","和歌山県東牟婁郡那智勝浦町","","熊野那智大社","","33.66882674000000","135.88972152000000"
"102","2919","熊野那智大社","第二殿（証誠殿）","国宝・重要文化財（建造物）","重要文化財","近世以前／神社","","江戸末期","19951226","","和歌山県","和歌山県東牟婁郡那智勝浦町","","熊野那智大社","","33.66890510000000","135.88971336000000"
"102","2918","熊野那智大社","第一殿（滝宮）","国宝・重要文化財（建造物）","重要文化財","近世以前／神社","","江戸末期","19951226","","和歌山県","和歌山県東牟婁郡那智勝浦町","","熊野那智大社","","33.66896386000000","135.88973784000000"
"102","2925","熊野那智大社","鈴門及び瑞垣","国宝・重要文化財（建造物）","重要文化財","近世以前／神社","","江戸末期","19951226","","和歌山県","和歌山県東牟婁郡那智勝浦町","","熊野那智大社","","33.66897692000000","135.88987877000000"
"102","2926","熊野本宮大社","第一殿・第二殿（西御前・中御前）","国宝・重要文化財（建造物）","重要文化財","近世以前／神社","","江戸後期","19951226","","和歌山県","和歌山県田辺市本宮町","","熊野本宮大社","","33.84056107000000","135.77344586000000"
"102","2927","熊野本宮大社","第三殿（証誠殿）","国宝・重要文化財（建造物）","重要文化財","近世以前／神社","","江戸後期","19951226","","和歌山県","和歌山県田辺市本宮町","","熊野本宮大社","","33.84062635000000","135.77361628000000"
"102","2928","熊野本宮大社","第四殿（若一王子）","国宝・重要文化財（建造物）","重要文化財","近世以前／神社","","江戸後期","19951226","","和歌山県","和歌山県田辺市本宮町","","熊野本宮大社","","33.84066187000000","135.77374805000000"
"102","2893","金剛三昧院四所明神社本殿","","国宝・重要文化財（建造物）","重要文化財","近世以前／神社","","室町後期","19650529","","和歌山県","和歌山県伊都郡高野町大字高野山","","金剛三昧院","財団法人高野山文化財保存会","34.20978201000000","135.58659141000000"
"102","2887","金剛峯寺山王院本殿","高野明神社","国宝・重要文化財（建造物）","重要文化財","近世以前／神社","","室町後期","19650529","","和歌山県","和歌山県伊都郡高野町大字高野山","","金剛峯寺","財団法人高野山文化財保存会","34.21309158000000","135.57840602000000"
"102","2888","金剛峯寺山王院本殿","総社","国宝・重要文化財（建造物）","重要文化財","近世以前／神社","","室町後期","19650529","","和歌山県","和歌山県伊都郡高野町大字高野山","","金剛峯寺","財団法人高野山文化財保存会","34.21315601000000","135.57870733000000"
"102","2886","金剛峯寺山王院本殿","丹生明神社","国宝・重要文化財（建造物）","重要文化財","近世以前／神社","","室町後期","19650529","","和歌山県","和歌山県伊都郡高野町大字高野山","","金剛峯寺","財団法人高野山文化財保存会","34.21319012000000","135.57841834000000"
"102","2884","金剛峯寺徳川家霊台","家康霊屋","国宝・重要文化財（建造物）","重要文化財","近世以前／神社","","江戸前期","19260419","","和歌山県","和歌山県伊都郡高野町大字高野山","","金剛峯寺","財団法人高野山文化財保存会","34.21743709000000","135.58310398000000"
"102","2885","金剛峯寺徳川家霊台","秀忠霊屋","国宝・重要文化財（建造物）","重要文化財","近世以前／神社","","江戸前期","19260419","","和歌山県","和歌山県伊都郡高野町大字高野山","","金剛峯寺","財団法人高野山文化財保存会","34.21750442000000","135.58293374000000"
"102","2898","佐竹義重霊屋","","国宝・重要文化財（建造物）","重要文化財","近世以前／神社","","桃山","19650529","","和歌山県","和歌山県伊都郡高野町大字高野山","","清浄心院","財団法人高野山文化財保存会","34.21503326000000","135.59724079000000"
"102","2841","三郷八幡神社本殿","","国宝・重要文化財（建造物）","重要文化財","近世以前／神社","","室町後期","19440905","","和歌山県","和歌山県海南市下津町黒田","","三郷八幡神社","","34.12117431000000","135.16087682000000"
"102","2852","十三神社","摂社八幡神社本殿","国宝・重要文化財（建造物）","重要文化財","近世以前／神社","","室町後期","19690312","","和歌山県","和歌山県海草郡紀美野町野中","","十三神社","","34.14720144000000","135.35114692000000"
"102","2850","十三神社","本殿","国宝・重要文化財（建造物）","重要文化財","近世以前／神社","","桃山","19690312","","和歌山県","和歌山県海草郡紀美野町野中","","十三神社","","34.14724309000000","135.35117860000000"
"102","2851","十三神社","摂社丹生神社本殿","国宝・重要文化財（建造物）","重要文化財","近世以前／神社","","室町後期","19690312","","和歌山県","和歌山県海草郡紀美野町野中","","十三神社","","34.14728528000000","135.35120204000000"
"102","2909","白岩丹生神社本殿","","国宝・重要文化財（建造物）","重要文化財","近世以前／神社","","室町後期","19550622","","和歌山県","和歌山県有田郡有田川町小川白岩谷","","白岩丹生神社","","34.07113452000000","135.25938167000000"
"102","2839","長保寺鎮守堂","","国宝・重要文化財（建造物）","重要文化財","近世以前／神社","","鎌倉後期","19140417","","和歌山県","和歌山県海南市下津町上","","長保寺","","34.10922399000000","135.16597443000000"
"102","2820","天満神社","末社多賀神社本殿","国宝・重要文化財（建造物）","重要文化財","近世以前／神社","","桃山","19740521","","和歌山県","和歌山県和歌山市和歌浦","","天満神社","","34.19169633000000","135.16462387000000"
"102","2821","天満神社","末社天照皇太神宮豊受大神宮本殿","国宝・重要文化財（建造物）","重要文化財","近世以前／神社","","桃山","19740521","","和歌山県","和歌山県和歌山市和歌浦","","天満神社","","34.19174722000000","135.16444984000000"
"102","2818","天満神社本殿","","国宝・重要文化財（建造物）","重要文化財","近世以前／神社","","桃山","19160524","","和歌山県","和歌山県和歌山市和歌浦","","天満神社","","34.19162885000000","135.16424676000000"
"102","2819","天満神社楼門","","国宝・重要文化財（建造物）","重要文化財","近世以前／神社","","桃山","19350513","","和歌山県","和歌山県和歌山市和歌浦","","天満神社","","34.19140846000000","135.16434401000000"
"102","00004975","鬪雞神社","本殿","国宝・重要文化財（建造物）","重要文化財","近世以前／神社","","江戸中期","20170223","","和歌山県","和歌山県田辺市東陽","","宗教法人鬪鷄神社","","33.72799694000000","135.37771667000000"
"102","00004976","鬪雞神社","西殿","国宝・重要文化財（建造物）","重要文化財","近世以前／神社","","江戸中期","20170223","","和歌山県","和歌山県田辺市東陽","","宗教法人鬪鷄神社","","33.72799694000000","135.37771667000000"
"102","00004977","鬪雞神社","上殿","国宝・重要文化財（建造物）","重要文化財","近世以前／神社","","江戸前期","20170223","","和歌山県","和歌山県田辺市東陽","","宗教法人鬪鷄神社","","33.72799694000000","135.37771667000000"
"102","00004978","鬪雞神社","中殿","国宝・重要文化財（建造物）","重要文化財","近世以前／神社","","江戸中期","20170223","","和歌山県","和歌山県田辺市東陽","","宗教法人鬪鷄神社","","33.72799694000000","135.37771667000000"
"102","00004979","鬪雞神社","下殿","国宝・重要文化財（建造物）","重要文化財","近世以前／神社","","江戸中期","20170223","","和歌山県","和歌山県田辺市東陽","","宗教法人鬪鷄神社","","33.72799694000000","135.37771667000000"
"102","00004980","鬪雞神社","八百萬殿","国宝・重要文化財（建造物）","重要文化財","近世以前／神社","","江戸中期","20170223","","和歌山県","和歌山県田辺市東陽","","宗教法人鬪鷄神社","","33.72799694000000","135.37771667000000"
"102","2817","東照宮","東西廻廊（西）","国宝・重要文化財（建造物）","重要文化財","近世以前／神社","","江戸前期","19650529","","和歌山県","和歌山県和歌山市和歌浦","","東照宮","","34.19227780000000","135.16574321000000"
"102","2815","東照宮","楼門","国宝・重要文化財（建造物）","重要文化財","近世以前／神社","","江戸前期","19650529","","和歌山県","和歌山県和歌山市和歌浦","","東照宮","","34.19229903000000","135.16583261000000"
"102","2816","東照宮","東西廻廊（東）","国宝・重要文化財（建造物）","重要文化財","近世以前／神社","","江戸前期","19650529","","和歌山県","和歌山県和歌山市和歌浦","","東照宮","","34.19232610000000","135.16592418000000"
"102","2812","東照宮","唐門","国宝・重要文化財（建造物）","重要文化財","近世以前／神社","","江戸前期","19160524","","和歌山県","和歌山県和歌山市和歌浦","","東照宮","","34.19252709000000","135.16575033000000"
"102","2814","東照宮","東西瑞垣（西）","国宝・重要文化財（建造物）","重要文化財","近世以前／神社","","江戸前期","19160524","","和歌山県","和歌山県和歌山市和歌浦","","東照宮","","34.19256047000000","135.16558731000000"
"102","2813","東照宮","東西瑞垣（東）","国宝・重要文化財（建造物）","重要文化財","近世以前／神社","","江戸前期","19160524","","和歌山県","和歌山県和歌山市和歌浦","","東照宮","","34.19263798000000","135.16584934000000"
"102","2811","東照宮","本殿、石の間、拝殿","国宝・重要文化財（建造物）","重要文化財","近世以前／神社","","江戸前期","19160524","","和歌山県","和歌山県和歌山市和歌浦","","東照宮","","34.19272749000000","135.16567238000000"
"102","2854","鞆淵八幡神社本殿","","国宝・重要文化財（建造物）","重要文化財","近世以前／神社","","室町中期","19360420","","和歌山県","和歌山県紀の川市粉河町中鞆淵","","鞆淵八幡神社","","34.22033047000000","135.46024972000000"
"102","2880","丹生官省符神社本殿","（３）","国宝・重要文化財（建造物）","重要文化財","近世以前／神社","","室町後期","19650529","","和歌山県","和歌山県伊都郡九度山町字慈尊院","","丹生官省符神社","","34.29417621000000","135.54944143000000"
"102","2878","丹生官省符神社本殿","（１）","国宝・重要文化財（建造物）","重要文化財","近世以前／神社","","室町後期","19650529","","和歌山県","和歌山県伊都郡九度山町字慈尊院","","丹生官省符神社","","34.29418015000000","135.54932604000000"
"102","2879","丹生官省符神社本殿","（２）","国宝・重要文化財（建造物）","重要文化財","近世以前／神社","","室町後期","19650529","","和歌山県","和歌山県伊都郡九度山町字慈尊院","","丹生官省符神社","","34.29418146000000","135.54938242000000"
"102","2870","丹生都比売神社本殿","（１）","国宝・重要文化財（建造物）","重要文化財","近世以前／神社","","江戸中期","19650529","","和歌山県","和歌山県伊都郡かつらぎ町大字上天野","","丹生都比売神社","","34.26267441000000","135.52187248000000"
"102","2871","丹生都比売神社本殿","（２）","国宝・重要文化財（建造物）","重要文化財","近世以前／神社","","室町後期","19650529","","和歌山県","和歌山県伊都郡かつらぎ町大字上天野","","丹生都比売神社","","34.26271501000000","135.52196008000000"
"102","2872","丹生都比売神社本殿","（３）","国宝・重要文化財（建造物）","重要文化財","近世以前／神社","","明治","19650529","","和歌山県","和歌山県伊都郡かつらぎ町大字上天野","","丹生都比売神社","","34.26276220000000","135.52205077000000"
"102","2873","丹生都比売神社本殿","（４）","国宝・重要文化財（建造物）","重要文化財","近世以前／神社","","室町後期","19650529","","和歌山県","和歌山県伊都郡かつらぎ町大字上天野","","丹生都比売神社","","34.26279646000000","135.52213363000000"
"102","2869","丹生都比売神社楼門","","国宝・重要文化財（建造物）","重要文化財","近世以前／神社","","室町中期","19080423","","和歌山県","和歌山県伊都郡かつらぎ町大字上天野","","丹生都比売神社","","34.26286465000000","135.52187883000000"
"102","2849","野上八幡宮摂社高良玉垂神社本殿","","国宝・重要文化財（建造物）","重要文化財","近世以前／神社","","桃山","19440905","","和歌山県","和歌山県海草郡紀美野町小畑","","野上八幡宮","","34.16532585000000","135.29466419000000"
"102","2847","野上八幡宮摂社武内神社本殿","","国宝・重要文化財（建造物）","重要文化財","近世以前／神社","","室町後期","19440905","","和歌山県","和歌山県海草郡紀美野町小畑","","野上八幡宮","","34.16578316000000","135.29459331000000"
"102","2848","野上八幡宮摂社平野今木神社本殿","","国宝・重要文化財（建造物）","重要文化財","近世以前／神社","","室町後期","19440905","","和歌山県","和歌山県海草郡紀美野町小畑","","野上八幡宮","","34.16594037000000","135.29479148000000"
"102","2846","野上八幡宮拝殿","","国宝・重要文化財（建造物）","重要文化財","近世以前／神社","","桃山","19440905","","和歌山県","和歌山県海草郡紀美野町小畑","","野上八幡宮","","34.16569652000000","135.29468159000000"
"102","2845","野上八幡宮本殿","","国宝・重要文化財（建造物）","重要文化財","近世以前／神社","","室町後期","19440905","","和歌山県","和歌山県海草郡紀美野町小畑","","野上八幡宮","","34.16580348000000","135.29465883000000"
"102","2901","広八幡神社摂社高良社本殿","","国宝・重要文化財（建造物）","重要文化財","近世以前／神社","","室町後期","19290406","","和歌山県","和歌山県有田郡広川町大字上中野","","廣八幡宮","","34.01777877000000","135.17530896000000"
"102","2902","広八幡神社摂社天神社本殿","","国宝・重要文化財（建造物）","重要文化財","近世以前／神社","","江戸前期","19470226","","和歌山県","和歌山県有田郡広川町大字上中野","","廣八幡宮","","34.01783489000000","135.17532407000000"
"102","2900","広八幡神社摂社若宮社本殿","","国宝・重要文化財（建造物）","重要文化財","近世以前／神社","","室町後期","19290406","","和歌山県","和歌山県有田郡広川町大字上中野","","廣八幡宮","","34.01764170000000","135.17525824000000"
"102","2903","広八幡神社拝殿","","国宝・重要文化財（建造物）","重要文化財","近世以前／神社","","江戸中期","19470226","","和歌山県","和歌山県有田郡広川町大字上中野","","廣八幡宮","","34.01773668000000","135.17515247000000"
"102","2899","広八幡神社本殿","","国宝・重要文化財（建造物）","重要文化財","近世以前／神社","","室町中期","19290406","","和歌山県","和歌山県有田郡広川町大字上中野","","廣八幡宮","","34.01770862000000","135.17530357000000"
"102","2904","広八幡神社楼門","","国宝・重要文化財（建造物）","重要文化財","近世以前／神社","","室町後期","19470226","","和歌山県","和歌山県有田郡広川町大字上中野","","廣八幡宮","","34.01778308000000","135.17490317000000"
"102","2874","宝来山神社本殿","（第一殿）","国宝・重要文化財（建造物）","重要文化財","近世以前／神社","","桃山","19430609","","和歌山県","和歌山県伊都郡かつらぎ町大字萩原","","宝来山神社","","34.29183019000000","135.46883069000000"
"102","2876","宝来山神社本殿","（第三殿）","国宝・重要文化財（建造物）","重要文化財","近世以前／神社","","桃山","19430609","","和歌山県","和歌山県伊都郡かつらぎ町大字萩原","","宝来山神社","","34.29183019000000","135.46887108000000"
"102","2875","宝来山神社本殿","（第二殿）","国宝・重要文化財（建造物）","重要文化財","近世以前／神社","","桃山","19430609","","和歌山県","和歌山県伊都郡かつらぎ町大字萩原","","宝来山神社","","34.29183138000000","135.46878792000000"
"102","2877","宝来山神社本殿","（第四殿）","国宝・重要文化財（建造物）","重要文化財","近世以前／神社","","桃山","19430609","","和歌山県","和歌山県伊都郡かつらぎ町大字萩原","","宝来山神社","","34.29183257000000","135.46874278000000"
"102","2896","松平秀康及び同母霊屋","秀康母霊屋","国宝・重要文化財（建造物）","重要文化財","近世以前／神社","","桃山","19650529","","和歌山県","和歌山県伊都郡高野町大字高野山","","蓮花院","財団法人高野山文化財保存会","34.22045676000000","135.60556660000000"
"102","2895","松平秀康及び同母霊屋","秀康霊屋","国宝・重要文化財（建造物）","重要文化財","近世以前／神社","","桃山","19650529","","和歌山県","和歌山県伊都郡高野町大字高野山","","蓮花院","財団法人高野山文化財保存会","34.22055160000000","135.60557563000000"
"102","2862","三船神社","本殿","国宝・重要文化財（建造物）","重要文化財","近世以前／神社","","桃山","19690312","","和歌山県","和歌山県紀の川市桃山町神田","","三船神社","","34.23086120000000","135.35414342000000"
"102","2863","三船神社","摂社丹生明神社本殿","国宝・重要文化財（建造物）","重要文化財","近世以前／神社","","桃山","19690312","","和歌山県","和歌山県紀の川市桃山町神田","","三船神社","","34.23096695000000","135.35414902000000"
"102","2864","三船神社","摂社高野明神社本殿","国宝・重要文化財（建造物）","重要文化財","近世以前／神社","","桃山","19690312","","和歌山県","和歌山県紀の川市桃山町神田","","三船神社","","34.23103208000000","135.35414902000000"
"102","1985","愛宕神社本殿","","国宝・重要文化財（建造物）","重要文化財","近世以前／神社","","鎌倉後期","19770128","","京都府","京都府亀岡市千歳町国分","","愛宕神社","","35.04093223000000","135.58701004000000"
"102","1988","荒見神社本殿","","国宝・重要文化財（建造物）","重要文化財","近世以前／神社","","桃山","19060414","","京都府","京都府城陽市富野荒見田","","荒見神社","","34.84096835000000","135.78407307000000"
"102","1940","石田神社境内社恵比須神社本殿","","国宝・重要文化財（建造物）","重要文化財","近世以前／神社","","鎌倉後期","19870603","","京都府","京都府綾部市安国寺町宮ノ腰","","石田神社","","35.34027524000000","135.31131258000000"
"102","1979","出雲大神宮本殿","","国宝・重要文化財（建造物）","重要文化財","近世以前／神社","","室町前期","19060414","","京都府","京都府亀岡市千歳町","","出雲大神宮","","35.05943914000000","135.57841672000000"
"102","00005578","齋神社本殿","","国宝・重要文化財（建造物）","重要文化財","近世以前／神社","","室町中期","20240815","","京都府","京都府綾部市下原町布毛100番1","","宗教法人齋神社","","35.29003333000000","135.30981944000000"
"102","00004322","石清水八幡宮","西総門","国宝・重要文化財（建造物）","重要文化財","近世以前／神社","","江戸前期","20081202","","京都府","京都府八幡市八幡、同橋本狩尾","","石清水八幡宮","","34.87964763000000","135.69972500000000"
"102","00004321","石清水八幡宮","東総門","国宝・重要文化財（建造物）","重要文化財","近世以前／神社","","江戸前期","20081202","","京都府","京都府八幡市八幡、同橋本狩尾","","石清水八幡宮","","34.87975876000000","135.70048189000000"
"102","00004319","石清水八幡宮","摂社水若宮社本殿","国宝・重要文化財（建造物）","重要文化財","近世以前／神社","","江戸前期","20081202","","京都府","京都府八幡市八幡、同橋本狩尾","","石清水八幡宮","","34.87990199000000","135.70044485000000"
"102","00004320","石清水八幡宮","摂社住吉社本殿","国宝・重要文化財（建造物）","重要文化財","近世以前／神社","","江戸前期","20081202","","京都府","京都府八幡市八幡、同橋本狩尾","","石清水八幡宮","","34.87994891000000","135.69983489000000"
"102","00004323","石清水八幡宮","北総門","国宝・重要文化財（建造物）","重要文化財","近世以前／神社","","江戸前期","20081202","","京都府","京都府八幡市八幡、同橋本狩尾","","石清水八幡宮","","34.87999172000000","135.70001818000000"
"102","00004318","石清水八幡宮","摂社若宮殿社本殿","国宝・重要文化財（建造物）","重要文化財","近世以前／神社","","江戸前期","20081202","","京都府","京都府八幡市八幡、同橋本狩尾","","石清水八幡宮","","34.88000389000000","135.70037836000000"
"102","00004289","石清水八幡宮","摂社若宮社本殿","国宝・重要文化財（建造物）","重要文化財","近世以前／神社","","江戸前期","20081202","","京都府","京都府八幡市八幡、同橋本狩尾","","石清水八幡宮","","34.88002379000000","135.70025198000000"
"102","00004324","石清水八幡宮","摂社狩尾社本殿","国宝・重要文化財（建造物）","重要文化財","近世以前／神社","","桃山","20081202","","京都府","京都府八幡市八幡、同橋本狩尾","","石清水八幡宮","","34.88181810000000","135.68959621000000"
"102","1992","石清水八幡宮本社","楼門","国宝・重要文化財（建造物）","国宝","近世以前／神社","","江戸前期","18971228","20160209","京都府","京都府八幡市八幡高坊","","石清水八幡宮","","34.87949144000000","135.70004943000000"
"102","1996","石清水八幡宮本社","廻廊　（楼門西門間）","国宝・重要文化財（建造物）","国宝","近世以前／神社","","江戸前期","18971228","20160209","京都府","京都府八幡市八幡高坊","","石清水八幡宮","","34.87949475000000","135.69987761000000"
"102","1995","石清水八幡宮本社","廻廊　（楼門東門間）","国宝・重要文化財（建造物）","国宝","近世以前／神社","","江戸前期","18971228","20160209","京都府","京都府八幡市八幡高坊","","石清水八幡宮","","34.87949971000000","135.70024107000000"
"102","1991","石清水八幡宮本社","幣殿及び舞殿","国宝・重要文化財（建造物）","国宝","近世以前／神社","","江戸前期","18971228","20160209","京都府","京都府八幡市八幡高坊","","石清水八幡宮","","34.87959222000000","135.70004778000000"
"102","1994","石清水八幡宮本社","西門","国宝・重要文化財（建造物）","国宝","近世以前／神社","","江戸前期","18971228","20160209","京都府","京都府八幡市八幡高坊","","石清水八幡宮","","34.87965500000000","135.69984622000000"
"102","1993","石清水八幡宮本社","東門","国宝・重要文化財（建造物）","国宝","近世以前／神社","","江戸前期","18971228","20160209","京都府","京都府八幡市八幡高坊","","石清水八幡宮","","34.87968144000000","135.70024273000000"
"102","1990","石清水八幡宮本社","本殿","国宝・重要文化財（建造物）","国宝","近世以前／神社","","江戸前期","18971228","20160209","京都府","京都府八幡市八幡高坊","","石清水八幡宮","","34.87974606000000","135.70003918000000"
"102","1997","石清水八幡宮本社","廻廊　（背面）","国宝・重要文化財（建造物）","国宝","近世以前／神社","","江戸前期","18971228","20160209","京都府","京都府八幡市八幡高坊","","石清水八幡宮","","34.87984830000000","135.70002795000000"
"102","00004829","石清水八幡宮本社","瑞籬","国宝・重要文化財（建造物）","国宝","近世以前／神社","","江戸前期","19670615","20160209","京都府","京都府八幡市八幡高坊","","宗教法人石清水八幡宮","","34.88004194000000","135.70066389000000"
"102","00004828","石清水八幡宮本社","摂社武内社本殿","国宝・重要文化財（建造物）","国宝","近世以前／神社","","江戸前期","19670615","20160209","京都府","京都府八幡市八幡高坊","","石清水八幡宮","","34.88004194000000","135.70066389000000"
"102","1948","宇治上神社摂社春日神社本殿","","国宝・重要文化財（建造物）","重要文化財","近世以前／神社","","鎌倉後期","19120208","","京都府","京都府宇治市宇治山田","","宇治上神社","","34.89200261000000","135.81155872000000"
"102","1947","宇治上神社拝殿","","国宝・重要文化財（建造物）","国宝","近世以前／神社","","鎌倉前期","19020731","19521122","京都府","京都府宇治市宇治山田","","宇治上神社","","34.89197576000000","135.81130699000000"
"102","1946","宇治上神社本殿","","国宝・重要文化財（建造物）","国宝","近世以前／神社","","平安後期","19020417","19520329","京都府","京都府宇治市宇治山田","","宇治上神社","","34.89207517000000","135.81142019000000"
"102","1949","宇治神社本殿","","国宝・重要文化財（建造物）","重要文化財","近世以前／神社","","鎌倉後期","19020731","","京都府","京都府宇治市宇治山田","","宇治神社","","34.89107760000000","135.81072842000000"
"102","1981","梅田神社本殿","","国宝・重要文化財（建造物）","重要文化財","近世以前／神社","","室町前期","19410703","","京都府","京都府亀岡市旭町","","梅田神社","","35.08495662000000","135.55673610000000"
"102","2056","大山祗神社本殿","","国宝・重要文化財（建造物）","重要文化財","近世以前／神社","","室町中期","19580514","","京都府","京都府南丹市園部町大河内","","大山祇神社","","35.05464583000000","135.40639989000000"
"102","2048","春日神社本殿","","国宝・重要文化財（建造物）","重要文化財","近世以前／神社","","室町前期","19370729","","京都府","京都府相楽郡精華町大字菱田","","春日神社","","34.78165833000000","135.79368611000000"
"102","2055","春日神社本殿","","国宝・重要文化財（建造物）","重要文化財","近世以前／神社","","室町前期","19210430","","京都府","京都府南丹市園部町高屋","","春日神社","","35.12424444000000","135.50010000000000"
"102","1646","賀茂御祖神社","東本殿","国宝・重要文化財（建造物）","国宝","近世以前／神社","","江戸末期","19010802","19530331","京都府","京都府京都市左京区下鴨泉川町","","賀茂御祖神社","","35.03916087000000","135.77308677000000"
"102","1647","賀茂御祖神社","西本殿","国宝・重要文化財（建造物）","国宝","近世以前／神社","","江戸末期","19010802","19530331","京都府","京都府京都市左京区下鴨泉川町","","賀茂御祖神社","","35.03917025000000","135.77294615000000"
"102","1669","賀茂御祖神社","楼門東西廻廊（東）","国宝・重要文化財（建造物）","重要文化財","近世以前／神社","","江戸前期","19010802","","京都府","京都府京都市左京区下鴨泉川町","","賀茂御祖神社","","35.03850768000000","135.77318255000000"
"102","1668","賀茂御祖神社","楼門","国宝・重要文化財（建造物）","重要文化財","近世以前／神社","","江戸前期","19010802","","京都府","京都府京都市左京区下鴨泉川町","","賀茂御祖神社","","35.03852434000000","135.77296839000000"
"102","1670","賀茂御祖神社","楼門東西廻廊（西）","国宝・重要文化財（建造物）","重要文化財","近世以前／神社","","江戸前期","19010802","","京都府","京都府京都市左京区下鴨泉川町","","賀茂御祖神社","","35.03853862000000","135.77273045000000"
"102","1664","賀茂御祖神社","橋殿","国宝・重要文化財（建造物）","重要文化財","近世以前／神社","","江戸前期","19010802","","京都府","京都府京都市左京区下鴨泉川町","","賀茂御祖神社","","35.03863618000000","135.77325155000000"
"102","1671","賀茂御祖神社","摂社出雲井於神社本殿","国宝・重要文化財（建造物）","重要文化財","近世以前／神社","","江戸前期","19670615","","京都府","京都府京都市左京区下鴨泉川町","","賀茂御祖神社","","35.03866711000000","135.77244015000000"
"102","1665","賀茂御祖神社","細殿","国宝・重要文化財（建造物）","重要文化財","近世以前／神社","","江戸前期","19010802","","京都府","京都府京都市左京区下鴨泉川町","","賀茂御祖神社","","35.03870042000000","135.77342049000000"
"102","1662","賀茂御祖神社","舞殿","国宝・重要文化財（建造物）","重要文化財","近世以前／神社","","江戸前期","19010802","","京都府","京都府京都市左京区下鴨泉川町","","賀茂御祖神社","","35.03872590000000","135.77297615000000"
"102","1663","賀茂御祖神社","神服殿","国宝・重要文化財（建造物）","重要文化財","近世以前／神社","","江戸前期","19030415","","京都府","京都府京都市左京区下鴨泉川町","","賀茂御祖神社","","35.03873903000000","135.77271929000000"
"102","1666","賀茂御祖神社","供御所","国宝・重要文化財（建造物）","重要文化財","近世以前／神社","","江戸前期","19030415","","京都府","京都府京都市左京区下鴨泉川町","","賀茂御祖神社","","35.03879560000000","135.77242112000000"
"102","1658","賀茂御祖神社","中門東西回廊（東廻廊）","国宝・重要文化財（建造物）","重要文化財","近世以前／神社","","江戸前期","19010802","","京都府","京都府京都市左京区下鴨泉川町","","賀茂御祖神社","","35.03888527000000","135.77321613000000"
"102","1656","賀茂御祖神社","東西楽屋（東）","国宝・重要文化財（建造物）","重要文化財","近世以前／神社","","江戸前期","19010802","","京都府","京都府京都市左京区下鴨泉川町","","賀茂御祖神社","","35.03889839000000","135.77306989000000"
"102","1659","賀茂御祖神社","中門東西回廊（西廻廊）","国宝・重要文化財（建造物）","重要文化財","近世以前／神社","","江戸前期","19010802","","京都府","京都府京都市左京区下鴨泉川町","","賀茂御祖神社","","35.03890027000000","135.77285428000000"
"102","1657","賀茂御祖神社","東西楽屋（西）","国宝・重要文化財（建造物）","重要文化財","近世以前／神社","","江戸前期","19010802","","京都府","京都府京都市左京区下鴨泉川町","","賀茂御祖神社","","35.03890589000000","135.77291615000000"
"102","1655","賀茂御祖神社","四脚中門","国宝・重要文化財（建造物）","重要文化財","近世以前／神社","","江戸前期","19010802","","京都府","京都府京都市左京区下鴨泉川町","","賀茂御祖神社","","35.03890589000000","135.77299677000000"
"102","1677","賀茂御祖神社","摂社三井神社東西廊下（東廊下）","国宝・重要文化財（建造物）","重要文化財","近世以前／神社","","江戸前期","19670615","","京都府","京都府京都市左京区下鴨泉川町","","賀茂御祖神社","","35.03891219000000","135.77265431000000"
"102","1678","賀茂御祖神社","摂社三井神社東西廊下（西廊下）","国宝・重要文化財（建造物）","重要文化財","近世以前／神社","","江戸前期","19670615","","京都府","京都府京都市左京区下鴨泉川町","","賀茂御祖神社","","35.03892409000000","135.77246395000000"
"102","1660","賀茂御祖神社","預り屋","国宝・重要文化財（建造物）","重要文化財","近世以前／神社","","江戸前期","19010802","","京都府","京都府京都市左京区下鴨泉川町","","賀茂御祖神社","","35.03893026000000","135.77274554000000"
"102","1676","賀茂御祖神社","摂社三井神社棟門","国宝・重要文化財（建造物）","重要文化財","近世以前／神社","","江戸前期","19670615","","京都府","京都府京都市左京区下鴨泉川町","","賀茂御祖神社","","35.03893361000000","135.77258530000000"
"102","1661","賀茂御祖神社","西唐門","国宝・重要文化財（建造物）","重要文化財","近世以前／神社","","江戸前期","19010802","","京都府","京都府京都市左京区下鴨泉川町","","賀茂御祖神社","","35.03899026000000","135.77269492000000"
"102","1675","賀茂御祖神社","摂社三井神社拝殿","国宝・重要文化財（建造物）","重要文化財","近世以前／神社","","江戸前期","19670615","","京都府","京都府京都市左京区下鴨泉川町","","賀茂御祖神社","","35.03900975000000","135.77258768000000"
"102","1650","賀茂御祖神社","東西廊（東廊）","国宝・重要文化財（建造物）","重要文化財","近世以前／神社","","江戸前期","19010802","","京都府","京都府京都市左京区下鴨泉川町","","賀茂御祖神社","","35.03901088000000","135.77313551000000"
"102","1651","賀茂御祖神社","東西廊（西廊）","国宝・重要文化財（建造物）","重要文化財","近世以前／神社","","江戸前期","19010802","","京都府","京都府京都市左京区下鴨泉川町","","賀茂御祖神社","","35.03903151000000","135.77283554000000"
"102","1652","賀茂御祖神社","東西御料屋（東）","国宝・重要文化財（建造物）","重要文化財","近世以前／神社","","江戸前期","19010802","","京都府","京都府京都市左京区下鴨泉川町","","賀茂御祖神社","","35.03903713000000","135.77320676000000"
"102","1649","賀茂御祖神社","幣殿","国宝・重要文化財（建造物）","重要文化財","近世以前／神社","","江戸前期","19010802","","京都府","京都府京都市左京区下鴨泉川町","","賀茂御祖神社","","35.03903901000000","135.77300240000000"
"102","1653","賀茂御祖神社","東西御料屋（西）","国宝・重要文化財（建造物）","重要文化財","近世以前／神社","","江戸前期","19010802","","京都府","京都府京都市左京区下鴨泉川町","","賀茂御祖神社","","35.03906151000000","135.77273242000000"
"102","1648","賀茂御祖神社","祝詞舎","国宝・重要文化財（建造物）","重要文化財","近世以前／神社","","江戸前期","19010802","","京都府","京都府京都市左京区下鴨泉川町","","賀茂御祖神社","","35.03909900000000","135.77300990000000"
"102","1667","賀茂御祖神社","大炊所","国宝・重要文化財（建造物）","重要文化財","近世以前／神社","","江戸前期","19030415","","京都府","京都府京都市左京区下鴨泉川町","","賀茂御祖神社","","35.03911445000000","135.77223790000000"
"102","1674","賀茂御祖神社","摂社三井神社本殿（３）","国宝・重要文化財（建造物）","重要文化財","近世以前／神社","","江戸前期","19670615","","京都府","京都府京都市左京区下鴨泉川町","","賀茂御祖神社","","35.03911683000000","135.77265669000000"
"102","1673","賀茂御祖神社","摂社三井神社本殿（２）","国宝・重要文化財（建造物）","重要文化財","近世以前／神社","","江戸前期","19670615","","京都府","京都府京都市左京区下鴨泉川町","","賀茂御祖神社","","35.03912159000000","135.77259958000000"
"102","1672","賀茂御祖神社","摂社三井神社本殿（１）","国宝・重要文化財（建造物）","重要文化財","近世以前／神社","","江戸前期","19670615","","京都府","京都府京都市左京区下鴨泉川町","","賀茂御祖神社","","35.03912396000000","135.77254247000000"
"102","1654","賀茂御祖神社","叉蔵","国宝・重要文化財（建造物）","重要文化財","近世以前／神社","","江戸前期","19670615","","京都府","京都府京都市左京区下鴨泉川町","","賀茂御祖神社","","35.03922274000000","135.77278491000000"
"102","1551","賀茂別雷神社","権殿","国宝・重要文化財（建造物）","国宝","近世以前／神社","","江戸末期","19010802","19530331","京都府","京都府京都市北区上賀茂本山町","","賀茂別雷神社","","35.06049313000000","135.75264141000000"
"102","1550","賀茂別雷神社","本殿","国宝・重要文化財（建造物）","国宝","近世以前／神社","","江戸末期","19010802","19530331","京都府","京都府京都市北区上賀茂本山町","","賀茂別雷神社","","35.06051835000000","135.75272852000000"
"102","1585","賀茂別雷神社","北神饌所（庁屋）","国宝・重要文化財（建造物）","重要文化財","近世以前／神社","","江戸前期","19030415","","京都府","京都府京都市北区上賀茂本山町","","賀茂別雷神社","","35.05902601000000","135.75340248000000"
"102","1584","賀茂別雷神社","外幣殿","国宝・重要文化財（建造物）","重要文化財","近世以前／神社","","江戸前期","19030415","","京都府","京都府京都市北区上賀茂本山町","","賀茂別雷神社","","35.05912000000000","135.75271706000000"
"102","1583","賀茂別雷神社","楽屋","国宝・重要文化財（建造物）","重要文化財","近世以前／神社","","江戸前期","19030415","","京都府","京都府京都市北区上賀茂本山町","","賀茂別雷神社","","35.05956930000000","135.75261849000000"
"102","1582","賀茂別雷神社","土屋（到着殿）","国宝・重要文化財（建造物）","重要文化財","近世以前／神社","","江戸前期","19030415","","京都府","京都府京都市北区上賀茂本山町","","賀茂別雷神社","","35.05972519000000","135.75284085000000"
"102","1581","賀茂別雷神社","舞殿（橋殿）","国宝・重要文化財（建造物）","重要文化財","近世以前／神社","","江戸末期","19030415","","京都府","京都府京都市北区上賀茂本山町","","賀茂別雷神社","","35.05985356000000","135.75279959000000"
"102","1580","賀茂別雷神社","拝殿（細殿）","国宝・重要文化財（建造物）","重要文化財","近世以前／神社","","江戸前期","19030415","","京都府","京都府京都市北区上賀茂本山町","","賀茂別雷神社","","35.05986502000000","135.75262766000000"
"102","1578","賀茂別雷神社","摂社片岡神社本殿及び拝殿（拝殿）","国宝・重要文化財（建造物）","重要文化財","近世以前／神社","","江戸前期","19670615","","京都府","京都府京都市北区上賀茂本山町","","賀茂別雷神社","","35.06006904000000","135.75299444000000"
"102","1574","賀茂別雷神社","廻廊（西）","国宝・重要文化財（建造物）","重要文化財","近世以前／神社","","江戸前期","19010802","","京都府","京都府京都市北区上賀茂本山町","","賀茂別雷神社","","35.06009655000000","135.75270101000000"
"102","1577","賀茂別雷神社","摂社片岡神社本殿及び拝殿（本殿）","国宝・重要文化財（建造物）","重要文化財","近世以前／神社","","江戸前期","19670615","","京都府","京都府京都市北区上賀茂本山町","","賀茂別雷神社","","35.06009655000000","135.75308613000000"
"102","1572","賀茂別雷神社","楼門","国宝・重要文化財（建造物）","重要文化財","近世以前／神社","","江戸前期","19010802","","京都府","京都府京都市北区上賀茂本山町","","賀茂別雷神社","","35.06014927000000","135.75280646000000"
"102","1571","賀茂別雷神社","高倉殿","国宝・重要文化財（建造物）","重要文化財","近世以前／神社","","江戸前期","19010802","","京都府","京都府京都市北区上賀茂本山町","","賀茂別雷神社","","35.06016303000000","135.75261849000000"
"102","1573","賀茂別雷神社","廻廊（東）","国宝・重要文化財（建造物）","重要文化財","近世以前／神社","","江戸前期","19010802","","京都府","京都府京都市北区上賀茂本山町","","賀茂別雷神社","","35.06017449000000","135.75293713000000"
"102","1568","賀茂別雷神社","幣殿","国宝・重要文化財（建造物）","重要文化財","近世以前／神社","","江戸前期","19010802","","京都府","京都府京都市北区上賀茂本山町","","賀茂別雷神社","","35.06026389000000","135.75289128000000"
"102","1570","賀茂別雷神社","幣殿忌子殿取合廊","国宝・重要文化財（建造物）","重要文化財","近世以前／神社","","江戸前期","19010802","","京都府","京都府京都市北区上賀茂本山町","","賀茂別雷神社","","35.06026618000000","135.75295776000000"
"102","1566","賀茂別雷神社","直会所","国宝・重要文化財（建造物）","重要文化財","近世以前／神社","","江戸前期","19010802","","京都府","京都府京都市北区上賀茂本山町","","賀茂別雷神社","","35.06027765000000","135.75259786000000"
"102","1569","賀茂別雷神社","忌子殿","国宝・重要文化財（建造物）","重要文化財","近世以前／神社","","江戸前期","19010802","","京都府","京都府京都市北区上賀茂本山町","","賀茂別雷神社","","35.06030516000000","135.75301965000000"
"102","1561","賀茂別雷神社","四脚中門","国宝・重要文化財（建造物）","重要文化財","近世以前／神社","","江戸前期","19010802","","京都府","京都府京都市北区上賀茂本山町","","賀茂別雷神社","","35.06032579000000","135.75274915000000"
"102","1562","賀茂別雷神社","御籍屋","国宝・重要文化財（建造物）","重要文化財","近世以前／神社","","江戸前期","19010802","","京都府","京都府京都市北区上賀茂本山町","","賀茂別雷神社","","35.06036476000000","135.75287523000000"
"102","1556","賀茂別雷神社","渡廊","国宝・重要文化財（建造物）","重要文化財","近世以前／神社","","江戸前期","19010802","","京都府","京都府京都市北区上賀茂本山町","","賀茂別雷神社","","35.06037622000000","135.75268268000000"
"102","1567","賀茂別雷神社","楽所及び西御供所","国宝・重要文化財（建造物）","重要文化財","近世以前／神社","","江戸前期","19010802","","京都府","京都府京都市北区上賀茂本山町","","賀茂別雷神社","","35.06037851000000","135.75251992000000"
"102","1563","賀茂別雷神社","神宝庫","国宝・重要文化財（建造物）","重要文化財","近世以前／神社","","江戸前期","19010802","","京都府","京都府京都市北区上賀茂本山町","","賀茂別雷神社","","35.06040831000000","135.75301507000000"
"102","1555","賀茂別雷神社","透廊","国宝・重要文化財（建造物）","重要文化財","近世以前／神社","","江戸前期","19010802","","京都府","京都府京都市北区上賀茂本山町","","賀茂別雷神社","","35.06042207000000","135.75275832000000"
"102","1554","賀茂別雷神社","西渡廊","国宝・重要文化財（建造物）","重要文化財","近世以前／神社","","江戸前期","19010802","","京都府","京都府京都市北区上賀茂本山町","","賀茂別雷神社","","35.06042894000000","135.75255889000000"
"102","1557","賀茂別雷神社","祝詞舎","国宝・重要文化財（建造物）","重要文化財","近世以前／神社","","江戸前期","19010802","","京都府","京都府京都市北区上賀茂本山町","","賀茂別雷神社","","35.06043811000000","135.75283626000000"
"102","1552","賀茂別雷神社","本殿権殿取合廊","国宝・重要文化財（建造物）","重要文化財","近世以前／神社","","江戸末期","19010802","","京都府","京都府京都市北区上賀茂本山町","","賀茂別雷神社","","35.06044270000000","135.75269643000000"
"102","1558","賀茂別雷神社","塀中門","国宝・重要文化財（建造物）","重要文化財","近世以前／神社","","江戸前期","19010802","","京都府","京都府京都市北区上賀茂本山町","","賀茂別雷神社","","35.06046562000000","135.75281793000000"
"102","1564","賀茂別雷神社","唐門","国宝・重要文化財（建造物）","重要文化財","近世以前／神社","","江戸前期","19010802","","京都府","京都府京都市北区上賀茂本山町","","賀茂別雷神社","","35.06047479000000","135.75300361000000"
"102","1553","賀茂別雷神社","本殿東渡廊取合廊","国宝・重要文化財（建造物）","重要文化財","近世以前／神社","","江戸末期","19010802","","京都府","京都府京都市北区上賀茂本山町","","賀茂別雷神社","","35.06049542000000","135.75281334000000"
"102","1560","賀茂別雷神社","東渡廊","国宝・重要文化財（建造物）","重要文化財","近世以前／神社","","江戸前期","19010802","","京都府","京都府京都市北区上賀茂本山町","","賀茂別雷神社","","35.06052064000000","135.75291420000000"
"102","1576","賀茂別雷神社","摂社新宮神社本殿及び拝殿（拝殿）","国宝・重要文化財（建造物）","重要文化財","近世以前／神社","","江戸前期","19670615","","京都府","京都府京都市北区上賀茂本山町","","賀茂別雷神社","","35.06055273000000","135.75311364000000"
"102","1559","賀茂別雷神社","摂社若宮神社本殿","国宝・重要文化財（建造物）","重要文化財","近世以前／神社","","江戸前期","19670615","","京都府","京都府京都市北区上賀茂本山町","","賀茂別雷神社","","35.06055961000000","135.75284543000000"
"102","1565","賀茂別雷神社","東御供所","国宝・重要文化財（建造物）","重要文化財","近世以前／神社","","江戸前期","19010802","","京都府","京都府京都市北区上賀茂本山町","","賀茂別雷神社","","35.06056190000000","135.75296922000000"
"102","1575","賀茂別雷神社","摂社新宮神社本殿及び拝殿（本殿）","国宝・重要文化財（建造物）","重要文化財","近世以前／神社","","江戸前期","19670615","","京都府","京都府京都市北区上賀茂本山町","","賀茂別雷神社","","35.06061692000000","135.75312052000000"
"102","1579","賀茂別雷神社","片岡橋","国宝・重要文化財（建造物）","重要文化財","近世以前／その他","","昭和","19670615","","京都府","京都府京都市北区上賀茂本山町","","賀茂別雷神社","","35.06009655000000","135.75292567000000"
"102","1613","北野天満宮","本殿、石の間、拝殿及び楽の間","国宝・重要文化財（建造物）","国宝","近世以前／神社","","桃山","18971228","19590627","京都府","京都府京都市上京区馬喰町","","北野天満宮","","35.03124846000000","135.73509705000000"
"102","1614","北野天満宮","中門","国宝・重要文化財（建造物）","重要文化財","近世以前／神社","","桃山","18981228","","京都府","京都府京都市上京区馬喰町","","北野天満宮","","35.03091294000000","135.73509459000000"
"102","1615","北野天満宮","廻廊（左）","国宝・重要文化財（建造物）","重要文化財","近世以前／神社","","桃山","18981228","","京都府","京都府京都市上京区馬喰町","","北野天満宮","","35.03103849000000","135.73525953000000"
"102","1616","北野天満宮","廻廊（右）","国宝・重要文化財（建造物）","重要文化財","近世以前／神社","","桃山","18981228","","京都府","京都府京都市上京区馬喰町","","北野天満宮","","35.03104834000000","135.73494442000000"
"102","1620","北野天満宮","東門","国宝・重要文化財（建造物）","重要文化財","近世以前／神社","","桃山","19040218","","京都府","京都府京都市上京区馬喰町","","北野天満宮","","35.03133145000000","135.73580607000000"
"102","1619","北野天満宮","透塀（右）","国宝・重要文化財（建造物）","重要文化財","近世以前／神社","","桃山","18981228","","京都府","京都府京都市上京区馬喰町","","北野天満宮","","35.03137972000000","135.73490000000000"
"102","1618","北野天満宮","透塀（左）","国宝・重要文化財（建造物）","重要文化財","近世以前／神社","","桃山","18981228","","京都府","京都府京都市上京区馬喰町","","北野天満宮","","35.03137972000000","135.73519972000000"
"102","1617","北野天満宮","後門","国宝・重要文化財（建造物）","重要文化財","近世以前／神社","","桃山","18981228","","京都府","京都府京都市上京区馬喰町","","北野天満宮","","35.03144962000000","135.73509213000000"
"102","1740","清水寺","鎮守堂（春日社）","国宝・重要文化財（建造物）","重要文化財","近世以前／神社","","江戸前期","19660611","","京都府","京都府京都市東山区清水一丁目","","清水寺","","34.99543337000000","135.78418836000000"
"102","1744","清水寺","子安塔","国宝・重要文化財（建造物）","重要文化財","近世以前／寺院","","江戸前期","19660611","","京都府","京都府京都市東山区清水一丁目","","清水寺","","34.99292383000000","135.78495708000000"
"102","1743","清水寺","奥院","国宝・重要文化財（建造物）","重要文化財","近世以前／寺院","","江戸前期","19660611","","京都府","京都府京都市東山区清水一丁目","","清水寺","","34.99458705000000","135.78555208000000"
"102","1742","清水寺","阿弥陀堂","国宝・重要文化財（建造物）","重要文化財","近世以前／寺院","","江戸前期","19660611","","京都府","京都府京都市東山区清水一丁目","","清水寺","","34.99475727000000","135.78559659000000"
"102","1738","清水寺","轟門","国宝・重要文化財（建造物）","重要文化財","近世以前／寺院","","江戸前期","19660611","","京都府","京都府京都市東山区清水一丁目","","清水寺","","34.99478311000000","135.78446248000000"
"102","1737","清水寺","朝倉堂","国宝・重要文化財（建造物）","重要文化財","近世以前／寺院","","江戸前期","19660611","","京都府","京都府京都市東山区清水一丁目","","清水寺","","34.99490757000000","135.78458469000000"
"102","1741","清水寺","釈迦堂","国宝・重要文化財（建造物）","重要文化財","近世以前／寺院","","江戸前期","19660611","","京都府","京都府京都市東山区清水一丁目","","清水寺","","34.99492607000000","135.78563832000000"
"102","1736","清水寺","田村堂","国宝・重要文化財（建造物）","重要文化財","近世以前／寺院","","江戸前期","19660611","","京都府","京都府京都市東山区清水一丁目","","清水寺","","34.99495833000000","135.78432902000000"
"102","1735","清水寺","経堂","国宝・重要文化財（建造物）","重要文化財","近世以前／寺院","","江戸前期","19660611","","京都府","京都府京都市東山区清水一丁目","","清水寺","","34.99504044000000","135.78407233000000"
"102","1734","清水寺","三重塔","国宝・重要文化財（建造物）","重要文化財","近世以前／寺院","","江戸前期","19660611","","京都府","京都府京都市東山区清水一丁目","","清水寺","","34.99505928000000","135.78384236000000"
"102","1733","清水寺","西門","国宝・重要文化財（建造物）","重要文化財","近世以前／寺院","","江戸前期","19080423","","京都府","京都府京都市東山区清水一丁目","","清水寺","","34.99512169000000","135.78363112000000"
"102","1739","清水寺","本坊北総門","国宝・重要文化財（建造物）","重要文化財","近世以前／寺院","","江戸前期","19660611","","京都府","京都府京都市東山区清水一丁目","","清水寺","","34.99520503000000","135.78432555000000"
"102","1732","清水寺","鐘楼","国宝・重要文化財（建造物）","重要文化財","近世以前／寺院","","桃山","19080423","","京都府","京都府京都市東山区清水一丁目","","清水寺","","34.99534511000000","135.78361555000000"
"102","1730","清水寺","仁王門","国宝・重要文化財（建造物）","重要文化財","近世以前／寺院","","室町後期","19660611","","京都府","京都府京都市東山区清水一丁目","","清水寺","","34.99543375000000","135.78333826000000"
"102","1731","清水寺","馬駐","国宝・重要文化財（建造物）","重要文化財","近世以前／寺院","","室町後期","19520329","","京都府","京都府京都市東山区清水一丁目","","清水寺","","34.99563644000000","135.78319524000000"
"102","1986","久世神社本殿","","国宝・重要文化財（建造物）","重要文化財","近世以前／神社","","室町前期","19060414","","京都府","京都府城陽市久世芝ヶ原","","久世神社","","34.85971380000000","135.78015863000000"
"102","2059","九手神社本殿","","国宝・重要文化財（建造物）","重要文化財","近世以前／神社","","室町後期","19210430","","京都府","京都府船井郡京丹波町豊田","","九手神社","","35.17802496000000","135.39737993000000"
"102","1785","高台寺霊屋","","国宝・重要文化財（建造物）","重要文化財","近世以前／神社","","桃山","19000407","","京都府","京都府京都市東山区下河原通八坂鳥居前下る下河原町","","高台寺","","35.00092971000000","135.78215396000000"
"102","1923","御香宮神社表門","","国宝・重要文化財（建造物）","重要文化財","近世以前／神社","","江戸前期","19060414","","京都府","京都府京都市伏見区御香宮門前町","","御香宮神社","","34.93406244000000","135.76746087000000"
"102","1924","御香宮神社本殿","","国宝・重要文化財（建造物）","重要文化財","近世以前／神社","","桃山","19850518","","京都府","京都府京都市伏見区御香宮門前町","","御香宮神社","","34.93475380000000","135.76749482000000"
"102","1950","許波多神社本殿","","国宝・重要文化財（建造物）","重要文化財","近世以前／神社","","室町後期","19060414","","京都府","京都府宇治市五ヶ庄古川","","許波多神社","","34.91708588000000","135.79400065000000"
"102","2038","御靈神社本殿","","国宝・重要文化財（建造物）","重要文化財","近世以前／神社","","室町前期","19210430","","京都府","京都府木津川市加茂町大字兎並","","御靈神社","","34.74120962000000","135.82633279000000"
"102","2016","佐牙神社本殿","（１）","国宝・重要文化財（建造物）","重要文化財","近世以前／神社","","桃山","19230328","","京都府","京都府京田辺市宮津","","佐牙神社","","34.82130989000000","135.76065491000000"
"102","2017","佐牙神社本殿","（２）","国宝・重要文化財（建造物）","重要文化財","近世以前／神社","","桃山","19230328","","京都府","京都府京田辺市宮津","","佐牙神社","","34.82130989000000","135.76065491000000"
"102","2028","相樂神社本殿","","国宝・重要文化財（建造物）","重要文化財","近世以前／神社","","室町前期","19110417","","京都府","京都府木津川市木津町大字相楽","","相樂神社","","34.73663221000000","135.80008490000000"
"102","2023","雙栗神社本殿","","国宝・重要文化財（建造物）","重要文化財","近世以前／神社","","室町後期","19070828","","京都府","京都府久世郡久御山町大字佐山","","雙栗神社","","34.87626604000000","135.75756262000000"
"102","1810","地主神社","拝殿","国宝・重要文化財（建造物）","重要文化財","近世以前／神社","","江戸前期","19660611","","京都府","京都府京都市東山区清水一丁目","","地主神社","","34.99506990000000","135.78499527000000"
"102","1811","地主神社","総門","国宝・重要文化財（建造物）","重要文化財","近世以前／神社","","江戸前期","19660611","","京都府","京都府京都市東山区清水一丁目","","地主神社","","34.99509805000000","135.78482034000000"
"102","1809","地主神社","本殿","国宝・重要文化財（建造物）","重要文化財","近世以前／神社","","江戸前期","19660611","","京都府","京都府京都市東山区清水一丁目","","地主神社","","34.99521467000000","135.78496913000000"
"102","1935","島田神社本殿","","国宝・重要文化財（建造物）","重要文化財","近世以前／神社","","室町後期","19870603","","京都府","京都府福知山市字畑中","","島田神社","","35.28159729000000","135.04682841000000"
"102","1975","十八神社本殿","","国宝・重要文化財（建造物）","重要文化財","近世以前／神社","","室町後期","19230328","","京都府","京都府宇治市菟道奥ノ池","","十八神社","","34.90073055000000","135.81909485000000"
"102","1901","醍醐寺清滝宮拝殿","","国宝・重要文化財（建造物）","国宝","近世以前／神社","","室町中期","19010327","19540320","京都府","京都府京都市伏見区醍醐醍醐山","","醍醐寺","","34.94546350000000","135.83795153000000"
"102","1904","醍醐寺清滝宮本殿","","国宝・重要文化財（建造物）","重要文化財","近世以前／神社","","室町後期","19540917","","京都府","京都府京都市伏見区醍醐伽藍町","","醍醐寺","","34.95072655000000","135.82091091000000"
"102","2021","自玉手祭来酒解神社神輿庫","","国宝・重要文化財（建造物）","重要文化財","近世以前／神社","","鎌倉後期","19210430","","京都府","京都府乙訓郡大山崎町字大山崎","","自玉手祭来酒解神社","","34.90157157000000","135.67891257000000"
"102","2046","天満宮本殿","","国宝・重要文化財（建造物）","重要文化財","近世以前／神社","","室町前期","19410703","","京都府","京都府相楽郡和束町大字園","","天満宮","","34.80623773000000","135.91305910000000"
"102","1643","東照宮","本殿・石の間・拝殿","国宝・重要文化財（建造物）","重要文化財","近世以前／神社","","江戸前期","19560628","","京都府","京都府京都市左京区南禅寺福地町","","金地院","","35.00977872000000","135.79018593000000"
"102","1863","仁和寺","九所明神本殿　（左殿）","国宝・重要文化財（建造物）","重要文化財","近世以前／神社","","江戸前期","19730602","","京都府","京都府京都市右京区御室大内","","仁和寺","","35.03065720000000","135.71492522000000"
"102","1864","仁和寺","九所明神本殿　（右殿）","国宝・重要文化財（建造物）","重要文化財","近世以前／神社","","江戸前期","19730602","","京都府","京都府京都市右京区御室大内","","仁和寺","","35.03066106000000","135.71476408000000"
"102","1862","仁和寺","九所明神本殿 （中殿）","国宝・重要文化財（建造物）","重要文化財","近世以前／神社","","江戸前期","19730602","","京都府","京都府京都市右京区御室大内","","仁和寺","","35.03066230000000","135.71484459000000"
"102","1857","仁和寺","二王門","国宝・重要文化財（建造物）","重要文化財","近世以前／寺院","","江戸前期","19310119","","京都府","京都府京都市右京区御室大内","","仁和寺","","35.02821869000000","135.71378344000000"
"102","1865","仁和寺","本坊表門","国宝・重要文化財（建造物）","重要文化財","近世以前／寺院","","桃山","19730602","","京都府","京都府京都市右京区御室大内","","仁和寺","","35.02840580000000","135.71357044000000"
"102","1854","仁和寺","五重塔","国宝・重要文化財（建造物）","重要文化財","近世以前／寺院","","江戸前期","19000407","","京都府","京都府京都市右京区御室大内","","仁和寺","","35.03023544000000","135.71439991000000"
"102","1855","仁和寺","観音堂","国宝・重要文化財（建造物）","重要文化財","近世以前／寺院","","江戸前期","19730602","","京都府","京都府京都市右京区御室大内","","仁和寺","","35.03029919000000","135.71329062000000"
"102","1856","仁和寺","中門","国宝・重要文化財（建造物）","重要文化財","近世以前／寺院","","江戸前期","19730602","","京都府","京都府京都市右京区御室大内","","仁和寺","","35.03075642000000","135.71381268000000"
"102","1861","仁和寺","御影堂中門","国宝・重要文化財（建造物）","重要文化財","近世以前／寺院","","江戸前期","19730602","","京都府","京都府京都市右京区御室大内","","仁和寺","","35.03088506000000","135.71286541000000"
"102","1858","仁和寺","鐘楼","国宝・重要文化財（建造物）","重要文化財","近世以前／寺院","","江戸前期","19730602","","京都府","京都府京都市右京区御室大内","","仁和寺","","35.03094882000000","135.71323101000000"
"102","1859","仁和寺","経蔵","国宝・重要文化財（建造物）","重要文化財","近世以前／寺院","","江戸前期","19730602","","京都府","京都府京都市右京区御室大内","","仁和寺","","35.03097862000000","135.71448512000000"
"102","1860","仁和寺","御影堂","国宝・重要文化財（建造物）","重要文化財","近世以前／寺院","","江戸前期","19080801","","京都府","京都府京都市右京区御室大内","","仁和寺","","35.03120660000000","135.71286207000000"
"102","1867","仁和寺","飛濤亭","国宝・重要文化財（建造物）","重要文化財","近世以前／住宅","","江戸末期","19370729","","京都府","京都府京都市右京区御室大内","","仁和寺","","35.02934472000000","135.71351447000000"
"102","1866","仁和寺","遼廓亭","国宝・重要文化財（建造物）","重要文化財","近世以前／住宅","","江戸中期","19370729","","京都府","京都府京都市右京区御室大内","","仁和寺","","35.02949369000000","135.71275182000000"
"102","1951","白山神社拝殿","","国宝・重要文化財（建造物）","重要文化財","近世以前／神社","","鎌倉後期","19100829","","京都府","京都府宇治市白川娑婆山","","白山神社","","34.87714578000000","135.81287259000000"
"102","2040","白山神社本殿","","国宝・重要文化財（建造物）","重要文化財","近世以前／神社","","室町中期","19530331","","京都府","京都府木津川市加茂町大字岩船","","白山神社","","34.72054563000000","135.88547529000000"
"102","2015","白山神社本殿","","国宝・重要文化財（建造物）","重要文化財","近世以前／神社","","室町後期","19230328","","京都府","京都府京田辺市宮津","","白山神社","","34.82130989000000","135.76065491000000"
"102","1597","平野神社本殿","（第三・四殿）","国宝・重要文化財（建造物）","重要文化財","近世以前／神社","","江戸前期","19220413","","京都府","京都府京都市北区平野宮本町","","平野神社","","35.03257125000000","135.73198575000000"
"102","1596","平野神社本殿","（第一・二殿）","国宝・重要文化財（建造物）","重要文化財","近世以前／神社","","江戸前期","19220413","","京都府","京都府京都市北区平野宮本町","","平野神社","","35.03267045000000","135.73198929000000"
"102","1899","福王子神社","鳥居","国宝・重要文化財（建造物）","重要文化財","近世以前／神社","","江戸前期","19730602","","京都府","京都府京都市右京区宇多野福王子町","","福王子神社","","35.02885182000000","135.70907704000000"
"102","1898","福王子神社","拝殿","国宝・重要文化財（建造物）","重要文化財","近世以前／神社","","江戸前期","19730602","","京都府","京都府京都市右京区宇多野福王子町","","福王子神社","","35.02895388000000","135.70910180000000"
"102","1897","福王子神社","本殿","国宝・重要文化財（建造物）","重要文化財","近世以前／神社","","江戸前期","19730602","","京都府","京都府京都市右京区宇多野福王子町","","福王子神社","","35.02907430000000","135.70912591000000"
"102","1921","藤森神社境内社大将軍社社殿","","国宝・重要文化財（建造物）","重要文化財","近世以前／神社","","室町後期","19060414","","京都府","京都府京都市伏見区深草鳥居崎町","","藤森神社","","34.95151438000000","135.77147143000000"
"102","1922","藤森神社境内社八幡宮本殿","","国宝・重要文化財（建造物）","重要文化財","近世以前／神社","","室町後期","19060414","","京都府","京都府京都市伏見区深草鳥居崎町","","藤森神社","","34.95152531000000","135.77160263000000"
"102","00004718","伏見稲荷大社","南北廻廊（南廻廊）","国宝・重要文化財（建造物）","重要文化財","近世以前／神社","","江戸中期","20140127","","京都府","京都府京都市伏見区深草薮ノ内町","","伏見稲荷大社","","34.96702449000000","135.77266268000000"
"102","00004717","伏見稲荷大社","楼門","国宝・重要文化財（建造物）","重要文化財","近世以前／神社","","桃山","20140127","","京都府","京都府京都市伏見区深草薮ノ内町","","伏見稲荷大社","","34.96712918000000","135.77265078000000"
"102","00004716","伏見稲荷大社","外拝殿","国宝・重要文化財（建造物）","重要文化財","近世以前／神社","","江戸末期","20140127","","京都府","京都府京都市伏見区深草薮ノ内町","","伏見稲荷大社","","34.96714346000000","135.77287445000000"
"102","1925","伏見稲荷大社","本殿","国宝・重要文化財（建造物）","重要文化財","近世以前／神社","","室町後期","19090405","","京都府","京都府京都市伏見区深草薮ノ内町","","伏見稲荷大社","","34.96718359000000","135.77336096000000"
"102","00004724","伏見稲荷大社","南北廻廊（北廻廊）","国宝・重要文化財（建造物）","重要文化財","近世以前／神社","","江戸中期","20140117","","京都府","京都府京都市伏見区深草薮ノ内町","","伏見稲荷大社","","34.96722853000000","135.77263889000000"
"102","00004719","伏見稲荷大社","奥宮","国宝・重要文化財（建造物）","重要文化財","近世以前／神社","","桃山","20140127","","京都府","京都府京都市伏見区深草薮ノ内町","","伏見稲荷大社","","34.96729099000000","135.77404991000000"
"102","00004715","伏見稲荷大社","権殿","国宝・重要文化財（建造物）","重要文化財","近世以前／神社","","江戸前期","20140127","","京都府","京都府京都市伏見区深草薮ノ内町","","伏見稲荷大社","","34.96733382000000","135.77348835000000"
"102","00004720","伏見稲荷大社","白狐社","国宝・重要文化財（建造物）","重要文化財","近世以前／神社","","平安前期","20140127","","京都府","京都府京都市伏見区深草薮ノ内町","","伏見稲荷大社","","34.96738379000000","135.77405466000000"
"102","1746","豊国神社唐門","","国宝・重要文化財（建造物）","国宝","近世以前／神社","","桃山","18971228","19530331","京都府","京都府京都市東山区大和大路通正面東入","","豊国神社","","34.99160790000000","135.77205112000000"
"102","2024","松尾神社本殿","","国宝・重要文化財（建造物）","重要文化財","近世以前／神社","","室町後期","19130414","","京都府","京都府木津川市山城町椿井","","松尾神社","","34.75972910000000","135.82049160000000"
"102","1931","松尾大社本殿","","国宝・重要文化財（建造物）","重要文化財","近世以前／神社","","室町後期","19070828","","京都府","京都府京都市西京区嵐山宮町","","松尾大社","","34.99983262000000","135.68522722000000"
"102","1987","水度神社本殿","","国宝・重要文化財（建造物）","重要文化財","近世以前／神社","","室町中期","19060414","","京都府","京都府城陽市寺田水度坂","","水度神社","","34.85482819000000","135.78959740000000"
"102","1989","向日神社本殿","","国宝・重要文化財（建造物）","重要文化財","近世以前／神社","","室町中期","19020731","","京都府","京都府向日市向日町北山","","向日神社","","34.94414801000000","135.69704617000000"
"102","00005333","八坂神社","大政所社本殿","国宝・重要文化財（建造物）","重要文化財","近世以前／神社","","明治","20201223","","京都府","京都府京都市下京区烏丸通仏光寺下る大政所町","","宗教法人八坂神社","","35.00106389000000","135.75987778000000"
"102","00005349","八坂神社","石鳥居","国宝・重要文化財（建造物）","重要文化財","近世以前／神社","","江戸前期","19110417","","京都府","京都府京都市東山区祇園町北側","","宗教法人八坂神社","","35.00275278000000","135.77847222000000"
"102","00005341","八坂神社","神輿庫","国宝・重要文化財（建造物）","重要文化財","近世以前／神社","","昭和","20201223","","京都府","京都府京都市東山区祇園町北側","","宗教法人八坂神社","","35.00308889000000","135.77825833000000"
"102","00005347","八坂神社","南楼門","国宝・重要文化財（建造物）","重要文化財","近世以前／神社","","明治","20201223","","京都府","京都府京都市東山区祇園町北側","","宗教法人八坂神社","","35.00309444000000","135.77850278000000"
"102","00005344","八坂神社","南手水舎","国宝・重要文化財（建造物）","重要文化財","近世以前／神社","","明治","20201223","","京都府","京都府京都市東山区祇園町北側","","宗教法人八坂神社","","35.00319722000000","135.77841389000000"
"102","00005326","八坂神社","玉光稲荷社本殿","国宝・重要文化財（建造物）","重要文化財","近世以前／神社","","","20201223","","京都府","京都府京都市東山区祇園町北側","","宗教法人八坂神社","","35.00326389000000","135.77905556000000"
"102","00005350","八坂神社","蛭子社本殿","国宝・重要文化財（建造物）","重要文化財","近世以前／神社","","江戸前期","19110417","","京都府","京都府京都市東山区祇園町北側","","宗教法人八坂神社","","35.00332778000000","135.77794722000000"
"102","00005337","八坂神社","舞殿","国宝・重要文化財（建造物）","重要文化財","近世以前／神社","","明治","20201223","","京都府","京都府京都市東山区祇園町北側","","宗教法人八坂神社","","35.00338333000000","135.77853889000000"
"102","00005325","八坂神社","大国主社本殿","国宝・重要文化財（建造物）","重要文化財","近世以前／神社","","明治","20201223","","京都府","京都府京都市東山区祇園町北側","","宗教法人八坂神社","","35.00353611000000","135.77814167000000"
"102","00005323","八坂神社","悪王子社本殿","国宝・重要文化財（建造物）","重要文化財","近世以前／神社","","明治","20201223","","京都府","京都府京都市東山区祇園町北側","","宗教法人八坂神社","","35.00353611000000","135.77902222000000"
"102","00005331","八坂神社","冠者殿社本殿","国宝・重要文化財（建造物）","重要文化財","近世以前／神社","","明治","20201223","","京都府","京都府京都市下京区寺町通四条下る貞安前之町","","宗教法人八坂神社","","35.00355556000000","135.76708889000000"
"102","00005332","八坂神社","四条旅所本殿(西殿)","国宝・重要文化財（建造物）","重要文化財","近世以前／神社","","明治","20201223","","京都府","京都府京都市下京区寺町通四条下る貞安前之町","","宗教法人八坂神社","","35.00355556000000","135.76711944000000"
"102","00005335","八坂神社","四条旅所本殿(東殿)","国宝・重要文化財（建造物）","重要文化財","近世以前／神社","","江戸末期","20201223","","京都府","京都府京都市下京区寺町通四条下る貞安前之町","","宗教法人八坂神社","","35.00356667000000","135.76737222000000"
"102","00005328","八坂神社","太田社本殿","国宝・重要文化財（建造物）","重要文化財","近世以前／神社","","大正","20201223","","京都府","京都府京都市東山区祇園町北側","","宗教法人八坂神社","","35.00357500000000","135.77795833000000"
"102","00005346","八坂神社","西楼門翼廊(南翼廊)","国宝・重要文化財（建造物）","重要文化財","近世以前／神社","","大正","20201223","","京都府","京都府京都市東山区祇園町北側","","宗教法人八坂神社","","35.00362778000000","135.77750000000000"
"102","00005334","八坂神社","大年社本殿","国宝・重要文化財（建造物）","重要文化財","近世以前／神社","","江戸前期","20201223","","京都府","京都府京都市東山区祇園町北側","","宗教法人八坂神社","","35.00365000000000","135.77823889000000"
"102","00005339","八坂神社","透塀","国宝・重要文化財（建造物）","重要文化財","近世以前／神社","","明治","20201223","","京都府","京都府京都市東山区祇園町北側","","宗教法人八坂神社","","35.00367500000000","135.77887500000000"
"102","00005338","八坂神社","神饌所","国宝・重要文化財（建造物）","重要文化財","近世以前／神社","","明治","20201223","","京都府","京都府京都市東山区祇園町北側","","宗教法人八坂神社","","35.00368333000000","135.77878889000000"
"102","00005322","八坂神社","疫神社本殿","国宝・重要文化財（建造物）","重要文化財","近世以前／神社","","","20201223","","京都府","京都府京都市東山区祇園町北側","","宗教法人八坂神社","","35.00370000000000","135.77793611000000"
"102","00005348","八坂神社","西楼門","国宝・重要文化財（建造物）","重要文化財","近世以前／神社","","室町後期","19110417","","京都府","京都府京都市東山区祇園町北側","","宗教法人八坂神社","","35.00372222000000","135.77752222000000"
"102","00005329","八坂神社","十社本殿","国宝・重要文化財（建造物）","重要文化財","近世以前／神社","","明治","20201223","","京都府","京都府京都市東山区祇園町北側","","宗教法人八坂神社","","35.00372500000000","135.77821389000000"
"102","00005343","八坂神社","西手水舎","国宝・重要文化財（建造物）","重要文化財","近世以前／神社","","昭和","20201223","","京都府","京都府京都市東山区祇園町北側","","宗教法人八坂神社","","35.00381111000000","135.77765556000000"
"102","00005345","八坂神社","西楼門翼廊(北翼廊)","国宝・重要文化財（建造物）","重要文化財","近世以前／神社","","大正","20201223","","京都府","京都府京都市東山区祇園町北側","","宗教法人八坂神社","","35.00381667000000","135.77752778000000"
"102","00005340","八坂神社","神馬舎","国宝・重要文化財（建造物）","重要文化財","近世以前／神社","","昭和","20201223","","京都府","京都府京都市東山区祇園町北側","","宗教法人八坂神社","","35.00387778000000","135.77838333000000"
"102","00005342","八坂神社","絵馬堂","国宝・重要文化財（建造物）","重要文化財","近世以前／神社","","江戸中期","20201223","","京都府","京都府京都市東山区祇園町北側","","宗教法人八坂神社","","35.00402222000000","135.77790000000000"
"102","00005330","八坂神社","五社本殿","国宝・重要文化財（建造物）","重要文化財","近世以前／神社","","昭和","20201223","","京都府","京都府京都市東山区祇園町北側","","宗教法人八坂神社","","35.00402222000000","135.77873333000000"
"102","00005324","八坂神社","美御前社本殿","国宝・重要文化財（建造物）","重要文化財","近世以前／神社","","","20201223","","京都府","京都府京都市東山区祇園町北側","","宗教法人八坂神社","","35.00403694000000","135.77377083000000"
"102","00005327","八坂神社","日吉社本殿","国宝・重要文化財（建造物）","重要文化財","近世以前／神社","","","20201223","","京都府","京都府京都市東山区祇園町北側","","宗教法人八坂神社","","35.00405833000000","135.77896389000000"
"102","00005336","八坂神社","又旅社本殿","国宝・重要文化財（建造物）","重要文化財","近世以前／神社","","江戸中期","20201223","","京都府","京都府京都市中京区三条通猪熊西入御供町","","宗教法人八坂神社","","35.00863889000000","135.74956944000000"
"102","1791","八坂神社本殿","","国宝・重要文化財（建造物）","国宝","近世以前／神社","","江戸前期","19110417","20201223","京都府","京都府京都市東山区祇園町北側","","宗教法人八坂神社","","35.00366615000000","135.77854333000000"
"102","1683","由岐神社拝殿","","国宝・重要文化財（建造物）","重要文化財","近世以前／神社","","桃山","19070828","","京都府","京都府京都市左京区鞍馬本町","","由岐神社","","35.11593935000000","135.77171446000000"
"102","1679","吉田神社斎場所太元宮","","国宝・重要文化財（建造物）","重要文化財","近世以前／神社","","桃山","19020731","","京都府","京都府京都市左京区吉田神楽岡町","","吉田神社","","35.02383859000000","135.78486718000000"
"102","1928","与杼神社拝殿","","国宝・重要文化財（建造物）","重要文化財","近世以前／神社","","桃山","19710622","","京都府","京都府京都市伏見区淀本町","","与杼神社","","34.90535670000000","135.71784443000000"
"102","00004845","龍光院黒田家霊屋","","国宝・重要文化財（建造物）","重要文化財","近世以前／神社","","桃山","20160209","","京都府","京都府京都市北区紫野大徳寺町","","龍光院","","35.04166800000000","135.74315500000000"
"102","2931","樗谿神社","拝殿及び幣殿","国宝・重要文化財（建造物）","重要文化財","近世以前／神社","","江戸前期","19520719","","鳥取県","鳥取県鳥取市上町","","鳥取東照宮","","35.50098810000000","134.24604287000000"
"102","2930","樗谿神社","唐門","国宝・重要文化財（建造物）","重要文化財","近世以前／神社","","江戸前期","19520719","","鳥取県","鳥取県鳥取市上町","","鳥取東照宮","","35.50110617000000","134.24607452000000"
"102","2929","樗谿神社","本殿","国宝・重要文化財（建造物）","重要文化財","近世以前／神社","","江戸前期","19520719","","鳥取県","鳥取県鳥取市上町","","鳥取東照宮","","35.50117151000000","134.24609146000000"
"102","2949","大神山神社奥宮","本殿・幣殿・拝殿","国宝・重要文化財（建造物）","重要文化財","近世以前／神社","","江戸後期","19881219","","鳥取県","鳥取県西伯郡大山町大字大山","","大神山神社","","35.38864953000000","133.53876017000000"
"102","2950","大神山神社奥宮","末社下山神社本殿・幣殿・拝殿","国宝・重要文化財（建造物）","重要文化財","近世以前／神社","","江戸後期","19881219","","鳥取県","鳥取県西伯郡大山町大字大山","","大神山神社","","35.38906112000000","133.53889088000000"
"102","2940","三仏寺奥院(投入堂)","","国宝・重要文化財（建造物）","国宝","近世以前／神社","","平安後期","19040218","19520329","鳥取県","鳥取県東伯郡三朝町大字三徳","","三仏寺","","35.39652590000000","133.95942470000000"
"102","2941","三仏寺納経堂","","国宝・重要文化財（建造物）","重要文化財","近世以前／神社","","鎌倉後期","19040218","","鳥取県","鳥取県東伯郡三朝町大字三徳","","三仏寺","","35.39655193000000","133.95934993000000"
"102","00003868","出雲大社","会所","国宝・重要文化財（建造物）","重要文化財","近世以前／神社","","江戸中期","20040706","","島根県","島根県出雲市大社町大字杵築東","","出雲大社","","35.40050996000000","132.68635719000000"
"102","00003869","出雲大社","銅鳥居","国宝・重要文化財（建造物）","重要文化財","近世以前／神社","","江戸中期","20040706","","島根県","島根県出雲市大社町大字杵築東","","出雲大社","","35.40086500000000","132.68564599000000"
"102","00003866","出雲大社","末社十九社本殿（西）","国宝・重要文化財（建造物）","重要文化財","近世以前／神社","","江戸中期","20040706","","島根県","島根県出雲市大社町大字杵築東","","出雲大社","","35.40150023000000","132.68609127000000"
"102","00003911","出雲大社","末社十九社本殿（東）","国宝・重要文化財（建造物）","重要文化財","近世以前／神社","","江戸中期","20040706","","島根県","島根県出雲市大社町大字杵築東","","出雲大社","","35.40150389000000","132.68488819000000"
"102","00003861","出雲大社","西廻廊","国宝・重要文化財（建造物）","重要文化財","近世以前／神社","","江戸中期","20040706","","島根県","島根県出雲市大社町大字杵築東","","出雲大社","","35.40156365000000","132.68526175000000"
"102","00003860","出雲大社","観祭楼及び廻廊","国宝・重要文化財（建造物）","重要文化財","近世以前／神社","","江戸中期","20040706","","島根県","島根県出雲市大社町大字杵築東","","出雲大社","","35.40160552000000","132.68580240000000"
"102","00003859","出雲大社","八足門","国宝・重要文化財（建造物）","重要文化財","近世以前／神社","","江戸中期","20040706","","島根県","島根県出雲市大社町大字杵築東","","出雲大社","","35.40161544000000","132.68550587000000"
"102","00003909","出雲大社","摂社門神社本殿（東）","国宝・重要文化財（建造物）","重要文化財","近世以前／神社","","江戸中期","20040706","","島根県","島根県出雲市大社町大字杵築東","","出雲大社","","35.40166320000000","132.68517354000000"
"102","00003865","出雲大社","末社釜社本殿","国宝・重要文化財（建造物）","重要文化財","近世以前／神社","","江戸中期","20040706","","島根県","島根県出雲市大社町大字杵築東","","出雲大社","","35.40169752000000","132.68606524000000"
"102","00003858","出雲大社","摂社門神社本殿（西）","国宝・重要文化財（建造物）","重要文化財","近世以前／神社","","江戸中期","20040706","","島根県","島根県出雲市大社町大字杵築東","","出雲大社","","35.40170037000000","132.68588145000000"
"102","00003864","出雲大社","摂社氏社本殿（南）","国宝・重要文化財（建造物）","重要文化財","近世以前／神社","","江戸中期","20040706","","島根県","島根県出雲市大社町大字杵築東","","出雲大社","","35.40171866000000","132.68486861000000"
"102","00003908","出雲大社","神饌所（西）","国宝・重要文化財（建造物）","重要文化財","近世以前／神社","","江戸中期","20040706","","島根県","島根県出雲市大社町大字杵築東","","出雲大社","","35.40178574000000","132.68532814000000"
"102","00003852","出雲大社","楼門","国宝・重要文化財（建造物）","重要文化財","近世以前／神社","","江戸中期","20040706","","島根県","島根県出雲市大社町大字杵築東","","出雲大社","","35.40178690000000","132.68547735000000"
"102","00003982","出雲大社","摂社氏社本殿（北）","国宝・重要文化財（建造物）","重要文化財","近世以前／神社","","江戸中期","20040706","","島根県","島根県出雲市大社町大字杵築東","","出雲大社","","35.40180806000000","132.68486622000000"
"102","00003853","出雲大社","神饌所（東）","国宝・重要文化財（建造物）","重要文化財","近世以前／神社","","江戸中期","20040706","","島根県","島根県出雲市大社町大字杵築東","","出雲大社","","35.40181420000000","132.68563483000000"
"102","00003867","出雲大社","宝庫","国宝・重要文化財（建造物）","重要文化財","近世以前／神社","","江戸中期","20040706","","島根県","島根県出雲市大社町大字杵築東","","出雲大社","","35.40194650000000","132.68493936000000"
"102","00003856","出雲大社","摂社神魂御子神社本殿","国宝・重要文化財（建造物）","重要文化財","近世以前／神社","","江戸中期","20040706","","島根県","島根県出雲市大社町大字杵築東","","出雲大社","","35.40197108000000","132.68515832000000"
"102","00003855","出雲大社","摂社大神大后神社本殿","国宝・重要文化財（建造物）","重要文化財","近世以前／神社","","江戸中期","20040706","","島根県","島根県出雲市大社町大字杵築東","","出雲大社","","35.40201956000000","132.68574308000000"
"102","00003857","出雲大社","摂社神魂伊能知比売神社本殿","国宝・重要文化財（建造物）","重要文化財","近世以前／神社","","江戸中期","20040706","","島根県","島根県出雲市大社町大字杵築東","","出雲神社","","35.40202769000000","132.68584847000000"
"102","00003854","出雲大社","玉垣","国宝・重要文化財（建造物）","重要文化財","近世以前／神社","","江戸中期","20040706","","島根県","島根県出雲市大社町大字杵築東","","出雲大社","","35.40214272000000","132.68544694000000"
"102","00003862","出雲大社","瑞垣","国宝・重要文化財（建造物）","重要文化財","近世以前／神社","","江戸中期","20040706","","島根県","島根県出雲市大社町大字杵築東","","出雲大社","","35.40223742000000","132.68550627000000"
"102","00003863","出雲大社","摂社素鵞社本殿","国宝・重要文化財（建造物）","重要文化財","近世以前／神社","","江戸中期","20040706","","島根県","島根県出雲市大社町大字杵築東","","出雲大社","","35.40268374000000","132.68554512000000"
"102","2971","出雲大社本殿","","国宝・重要文化財（建造物）","国宝","近世以前／神社","","江戸中期","19000407","19520329","島根県","島根県出雲市大社町大字杵築東","","出雲大社","","35.40203892000000","132.68546850000000"
"102","2951","神魂神社本殿","","国宝・重要文化財（建造物）","国宝","近世以前／神社","","桃山","19000407","19520329","島根県","島根県松江市大庭町","","神魂神社","","35.42550324000000","133.08424995000000"
"102","2952","神魂神社末社貴布祢稲荷両神社本殿","","国宝・重要文化財（建造物）","重要文化財","近世以前／神社","","桃山","19520329","","島根県","島根県松江市大庭町","","神魂神社","","35.42541412000000","133.08419659000000"
"102","2967","佐太神社","南殿","国宝・重要文化財（建造物）","重要文化財","近世以前／神社","","江戸後期","19820216","","島根県","島根県松江市鹿島町大字佐陀宮内","","佐太神社","","35.50877912000000","133.00645151000000"
"102","2965","佐太神社","正中殿","国宝・重要文化財（建造物）","重要文化財","近世以前／神社","","江戸後期","19820216","","島根県","島根県松江市鹿島町大字佐陀宮内、出雲市杵築東99番地4","","佐太神社","","35.50889295000000","133.00638322000000"
"102","2966","佐太神社","北殿","国宝・重要文化財（建造物）","重要文化財","近世以前／神社","","江戸後期","19820216","","島根県","島根県松江市鹿島町大字佐陀宮内","","佐太神社","","35.50899255000000","133.00634053000000"
"102","2956","染羽天石勝神社本殿","","国宝・重要文化財（建造物）","重要文化財","近世以前／神社","","桃山","19290406","","島根県","島根県益田市染羽町","","染羽天石勝神社","","34.68030416000000","131.86091980000000"
"102","2992","焼火神社本殿・通殿・拝殿","","国宝・重要文化財（建造物）","重要文化財","近世以前／神社","","江戸中期","19920810","","島根県","島根県隠岐郡西ノ島町大字美田","","焼火神社","","36.07320912000000","133.02774613000000"
"102","2988","玉若酢命神社","随神門","国宝・重要文化財（建造物）","重要文化財","近世以前／神社","","江戸末期","19920121","","島根県","島根県隠岐郡隠岐の島町下西","","玉若酢命神社
億岐正彦","","36.20709260000000","133.31308730000000"
"102","2987","玉若酢命神社","本殿","国宝・重要文化財（建造物）","重要文化財","近世以前／神社","","江戸後期","19920121","","島根県","島根県隠岐郡隠岐の島町下西","","玉若酢命神社
億岐正彦","","36.20713126000000","133.31238566000000"
"102","2989","玉若酢命神社","社家億岐家住宅","国宝・重要文化財（建造物）","重要文化財","近世以前／民家","","江戸後期","19920121","","島根県","島根県隠岐郡隠岐の島町下西","","","","36.20655527000000","133.31370274000000"
"102","00004549","八幡宮","楼門","国宝・重要文化財（建造物）","重要文化財","近世以前／神社","","鎌倉後期","20111129","","島根県","島根県鹿足郡津和野町鷲原","","宗教法人八幡宮","","34.45425605000000","131.75669605000000"
"102","00004548","八幡宮","拝殿","国宝・重要文化財（建造物）","重要文化財","近世以前／神社","","江戸中期","20111129","","島根県","島根県鹿足郡津和野町鷲原","","宗教法人八幡宮","","34.45432975000000","131.75669835000000"
"102","00004547","八幡宮","本殿","国宝・重要文化財（建造物）","重要文化財","近世以前／神社","","室町後期","20111129","","島根県","島根県鹿足郡津和野町鷲原","","宗教法人八幡宮","","34.45444796000000","131.75671063000000"
"102","2984","日御碕神社","神の宮(上の宮)鳥居","国宝・重要文化財（建造物）","重要文化財","近世以前／神社","","江戸前期","19530331","","島根県","島根県出雲市大社町大字日御碕","","日御碕神社","","35.42929592000000","132.63051545000000"
"102","2985","日御碕神社","神の宮(上の宮)鳥居","国宝・重要文化財（建造物）","重要文化財","近世以前／神社","","江戸前期","19530331","","島根県","島根県出雲市大社町大字日御碕","","日御碕神社","","35.42929592000000","132.63051545000000"
"102","2976","日御碕神社","日沈宮(下の宮)廻廊","国宝・重要文化財（建造物）","重要文化財","近世以前／神社","","江戸前期","19530331","","島根県","島根県出雲市大社町大字日御碕","","日御碕神社","","35.42935666000000","132.62953992000000"
"102","2975","日御碕神社","日沈宮(下の宮)禊所","国宝・重要文化財（建造物）","重要文化財","近世以前／神社","","江戸前期","19530331","","島根県","島根県出雲市大社町大字日御碕","","日御碕神社","","35.42943650000000","132.62922013000000"
"102","2978","日御碕神社","日沈宮(下の宮)門客人社　（１）","国宝・重要文化財（建造物）","重要文化財","近世以前／神社","","江戸前期","19530331","","島根県","島根県出雲市大社町大字日御碕","","日御碕神社","","35.42944875000000","132.62965483000000"
"102","2977","日御碕神社","日沈宮(下の宮)楼門","国宝・重要文化財（建造物）","重要文化財","近世以前／神社","","江戸前期","19530331","","島根県","島根県出雲市大社町大字日御碕","","日御碕神社","","35.42945484000000","132.62976551000000"
"102","2979","日御碕神社","日沈宮(下の宮)門客人社　（２）","国宝・重要文化財（建造物）","重要文化財","近世以前／神社","","江戸前期","19530331","","島根県","島根県出雲市大社町大字日御碕","","日御碕神社","","35.42955409000000","132.62970574000000"
"102","2973","日御碕神社","日沈宮(下の宮)幣殿、拝殿","国宝・重要文化財（建造物）","重要文化財","近世以前／神社","","江戸前期","19530331","","島根県","島根県出雲市大社町大字日御碕","","日御碕神社","","35.42961417000000","132.62931666000000"
"102","2972","日御碕神社","日沈宮(下の宮)本殿","国宝・重要文化財（建造物）","重要文化財","近世以前／神社","","江戸前期","19530331","","島根県","島根県出雲市大社町大字日御碕","","日御碕神社","","35.42967702000000","132.62909669000000"
"102","2981","日御碕神社","神の宮(上の宮)幣殿、拝殿","国宝・重要文化財（建造物）","重要文化財","近世以前／神社","","江戸前期","19530331","","島根県","島根県出雲市大社町大字日御碕","","日御碕神社","","35.42967958000000","132.62971944000000"
"102","2974","日御碕神社","日沈宮(下の宮)玉垣","国宝・重要文化財（建造物）","重要文化財","近世以前／神社","","江戸前期","19530331","","島根県","島根県出雲市大社町大字日御碕","","日御碕神社","","35.42970844000000","132.62902038000000"
"102","2980","日御碕神社","神の宮(上の宮)本殿","国宝・重要文化財（建造物）","重要文化財","近世以前／神社","","江戸前期","19530331","","島根県","島根県出雲市大社町大字日御碕","","日御碕神社","","35.42972949000000","132.62983901000000"
"102","2982","日御碕神社","神の宮(上の宮)玉垣","国宝・重要文化財（建造物）","重要文化財","近世以前／神社","","江戸前期","19530331","","島根県","島根県出雲市大社町大字日御碕","","日御碕神社","","35.42974089000000","132.62988931000000"
"102","2983","日御碕神社","神の宮(上の宮)宝庫","国宝・重要文化財（建造物）","重要文化財","近世以前／神社","","江戸前期","19530331","","島根県","島根県出雲市大社町大字日御碕","","日御碕神社","","35.42987952000000","132.62943319000000"
"102","2991","水若酢神社本殿","","国宝・重要文化財（建造物）","重要文化財","近世以前／神社","","江戸後期","19920121","","島根県","島根県隠岐郡隠岐の島町郡","","水若酢神社","","36.28023941000000","133.24904909000000"
"102","2968","美保神社本殿","","国宝・重要文化財（建造物）","重要文化財","近世以前／神社","","江戸後期","19820216","","島根県","島根県松江市美保関町大字美保関","","美保神社","","35.56234695000000","133.30608114000000"
"102","2996","吉備津神社御釜殿","","国宝・重要文化財（建造物）","重要文化財","近世以前／神社","","桃山","19800126","","岡山県","岡山県岡山市吉備津","","吉備津神社","","34.66967360000000","133.84962602000000"
"102","2995","吉備津神社北随神門","","国宝・重要文化財（建造物）","重要文化財","近世以前／神社","","室町後期","19130414","","岡山県","岡山県岡山市吉備津","","吉備津神社","","34.67113062000000","133.85065689000000"
"102","2993","吉備津神社本殿及び拝殿","","国宝・重要文化財（建造物）","国宝","近世以前／神社","","室町中期","19020417","19520329","岡山県","岡山県岡山市吉備津","","吉備津神社","","34.67066230000000","133.85061406000000"
"102","2994","吉備津神社南随神門","","国宝・重要文化財（建造物）","重要文化財","近世以前／神社","","室町前期","19110417","","岡山県","岡山県岡山市吉備津","","吉備津神社","","34.67054959000000","133.85042612000000"
"102","3005","熊野神社本殿","","国宝・重要文化財（建造物）","重要文化財","近世以前／神社","","室町後期","19210430","","岡山県","岡山県倉敷市林","","熊野神社","","34.54024846000000","133.81964258000000"
"102","3046","旧閑谷学校聖廟","外門","国宝・重要文化財（建造物）","重要文化財","近世以前／神社","","江戸中期","19380704","","岡山県","岡山県備前市閑谷","","","岡山県","34.79656359000000","134.22004905000000"
"102","3049","旧閑谷学校聖廟","厨屋","国宝・重要文化財（建造物）","重要文化財","近世以前／神社","","江戸中期","19380704","","岡山県","岡山県備前市閑谷","","","岡山県","34.79661548000000","134.21995572000000"
"102","3045","旧閑谷学校聖廟","中庭","国宝・重要文化財（建造物）","重要文化財","近世以前／神社","","江戸中期","19380704","","岡山県","岡山県備前市閑谷","","","岡山県","34.79665151000000","134.22007915000000"
"102","3048","旧閑谷学校聖廟","文庫","国宝・重要文化財（建造物）","重要文化財","近世以前／神社","","江戸中期","19380704","","岡山県","岡山県備前市閑谷","","","岡山県","34.79667787000000","134.21995489000000"
"102","3043","旧閑谷学校聖廟","東階・西階（東階）","国宝・重要文化財（建造物）","重要文化財","近世以前／神社","","江戸中期","19380704","","岡山県","岡山県備前市閑谷","","","岡山県","34.79668824000000","134.22013212000000"
"102","3044","旧閑谷学校聖廟","東階・西階（西階）","国宝・重要文化財（建造物）","重要文化財","近世以前／神社","","江戸中期","19380704","","岡山県","岡山県備前市閑谷","","","岡山県","34.79668995000000","134.22004128000000"
"102","3042","旧閑谷学校聖廟","大成殿","国宝・重要文化財（建造物）","重要文化財","近世以前／神社","","江戸中期","19380704","","岡山県","岡山県備前市閑谷","","","岡山県","34.79674026000000","134.22008318000000"
"102","3047","旧閑谷学校聖廟","練塀","国宝・重要文化財（建造物）","重要文化財","近世以前／神社","","江戸中期","19380704","","岡山県","岡山県備前市閑谷","","","岡山県","34.79677984000000","134.22009061000000"
"102","3052","旧閑谷学校聖廟","校門（鶴鳴門）","国宝・重要文化財（建造物）","重要文化財","近世以前／その他","","江戸中期","19380704","","岡山県","岡山県備前市閑谷","","","岡山県","34.79614310000000","134.22003079000000"
"102","3051","旧閑谷学校聖廟","石階","国宝・重要文化財（建造物）","重要文化財","近世以前／その他","","江戸中期","19380704","","岡山県","岡山県備前市閑谷","","","岡山県","34.79648422000000","134.22004592000000"
"102","3050","旧閑谷学校聖廟","繋牲石","国宝・重要文化財（建造物）","重要文化財","近世以前／その他","","江戸中期","19380704","","岡山県","岡山県備前市閑谷","","","岡山県","34.79673541000000","134.21995276000000"
"102","3037","閑谷神社(旧閑谷学校芳烈祠)","中門（外門）","国宝・重要文化財（建造物）","重要文化財","近世以前／神社","","江戸中期","19380704","","岡山県","岡山県備前市閑谷","","閑谷神社","岡山県","34.79652746000000","134.22033125000000"
"102","3038","閑谷神社(旧閑谷学校芳烈祠)","神庫（庫）","国宝・重要文化財（建造物）","重要文化財","近世以前／神社","","江戸中期","19380704","","岡山県","岡山県備前市閑谷","","閑谷神社","岡山県","34.79658665000000","134.22027312000000"
"102","3036","閑谷神社(旧閑谷学校芳烈祠)","拝殿（中庭）","国宝・重要文化財（建造物）","重要文化財","近世以前／神社","","江戸中期","19380704","","岡山県","岡山県備前市閑谷","","閑谷神社","岡山県","34.79660403000000","134.22033645000000"
"102","3035","閑谷神社(旧閑谷学校芳烈祠)","幣殿（階）","国宝・重要文化財（建造物）","重要文化財","近世以前／神社","","江戸中期","19380704","","岡山県","岡山県備前市閑谷","","閑谷神社","岡山県","34.79664750000000","134.22034515000000"
"102","3034","閑谷神社(旧閑谷学校芳烈祠)","本殿(芳烈祠)","国宝・重要文化財（建造物）","重要文化財","近世以前／神社","","江戸中期","19380704","","岡山県","岡山県備前市閑谷","","閑谷神社","岡山県","34.79670338000000","134.22034515000000"
"102","3040","閑谷神社(旧閑谷学校芳烈祠)","練塀","国宝・重要文化財（建造物）","重要文化財","近世以前／神社","","江戸中期","19380704","","岡山県","岡山県備前市閑谷","","閑谷神社","岡山県","34.79677734000000","134.22033452000000"
"102","3039","閑谷神社(旧閑谷学校芳烈祠)","石階","国宝・重要文化財（建造物）","重要文化財","近世以前／その他","","江戸中期","19380704","","岡山県","岡山県備前市閑谷","","閑谷神社","岡山県","34.79645005000000","134.22033397000000"
"102","3041","閑谷神社(旧閑谷学校芳烈祠)","繋牲石","国宝・重要文化財（建造物）","重要文化財","近世以前／その他","","江戸中期","19380704","","岡山県","岡山県備前市閑谷","","閑谷神社","岡山県","34.79670089000000","134.22026940000000"
"102","3023","総社本殿","","国宝・重要文化財（建造物）","重要文化財","近世以前／神社","","江戸前期","19140417","","岡山県","岡山県津山市総社","","総社","","35.07407672000000","133.99427462000000"
"102","3025","鶴山八幡宮本殿","","国宝・重要文化財（建造物）","重要文化財","近世以前／神社","","江戸中期","19800531","","岡山県","岡山県津山市山北","","鶴山八幡宮","","35.06924980000000","133.99837503000000"
"102","3024","中山神社本殿","","国宝・重要文化財（建造物）","重要文化財","近世以前／神社","","室町後期","19140417","","岡山県","岡山県津山市一宮","","中山神社","","35.10028877000000","133.99446070000000"
"102","3000","八幡神社鳥居","","国宝・重要文化財（建造物）","重要文化財","近世以前／神社","","室町前期","19560628","","岡山県","岡山県岡山市下足守","","葦守八幡宮","","34.72006814000000","133.80754474000000"
"102","3008","本荘八幡宮鳥居","","国宝・重要文化財（建造物）","重要文化財","近世以前／神社","","室町中期","19560628","","岡山県","岡山県倉敷市児島通生","","本荘八幡宮","","34.46350359000000","133.77062613000000"
"102","3062","本蓮寺番神堂","東祠","国宝・重要文化財（建造物）","重要文化財","近世以前／神社","","室町後期","19580514","","岡山県","岡山県瀬戸内市牛窓町牛窓","","本蓮寺","","34.61640733000000","134.16482246000000"
"102","3063","本蓮寺番神堂","中祠","国宝・重要文化財（建造物）","重要文化財","近世以前／神社","","室町後期","19580514","","岡山県","岡山県瀬戸内市牛窓町牛窓","","本蓮寺","","34.61642358000000","134.16480375000000"
"102","3064","本蓮寺番神堂","西祠","国宝・重要文化財（建造物）","重要文化財","近世以前／神社","","室町後期","19580514","","岡山県","岡山県瀬戸内市牛窓町牛窓","","本蓮寺","","34.61643754000000","134.16478599000000"
"102","3091","妙本寺番神堂","","国宝・重要文化財（建造物）","重要文化財","近世以前／神社","","江戸前期","19270425","","岡山県","岡山県上房郡吉備中央町北","","妙本寺","","34.80976043000000","133.70436306000000"
"102","3090","吉川八幡宮本殿","","国宝・重要文化財（建造物）","重要文化財","近世以前／神社","","室町後期","19250424","","岡山県","岡山県加賀郡吉備中央町吉川","","吉川八幡宮","","34.81978646000000","133.75174463000000"
"102","3169","厳島神社","廻廊　（西廻廊）","国宝・重要文化財（建造物）","国宝","近世以前／神社","","桃山","18990405","19520329","広島県","広島県廿日市市宮島町","","厳島神社","","34.29561368000000","132.31956273000000"
"102","3164","厳島神社","本社本殿、幣殿、拝殿","国宝・重要文化財（建造物）","国宝","近世以前／神社","","室町後期","18990405","19520329","広島県","広島県廿日市市宮島町","","厳島神社","","34.29589023000000","132.31998288000000"
"102","3165","厳島神社","本社祓殿","国宝・重要文化財（建造物）","国宝","近世以前／神社","","鎌倉前期","18990405","19520329","広島県","広島県廿日市市宮島町","","厳島神社","","34.29613487000000","132.31967974000000"
"102","3168","厳島神社","廻廊　（東廻廊）","国宝・重要文化財（建造物）","国宝","近世以前／神社","","桃山","18990405","19520329","広島県","広島県廿日市市宮島町","","厳島神社","","34.29615615000000","132.32016902000000"
"102","3167","厳島神社","摂社客神社祓殿","国宝・重要文化財（建造物）","国宝","近世以前／神社","","鎌倉前期","18990405","19520329","広島県","広島県廿日市市宮島町","","厳島神社","","34.29644334000000","132.31994565000000"
"102","3166","厳島神社","摂社客神社本殿、幣殿、拝殿","国宝・重要文化財（建造物）","国宝","近世以前／神社","","鎌倉前期","18990405","19520329","広島県","広島県廿日市市宮島町","","厳島神社","","34.29662416000000","132.32018498000000"
"102","3170","厳島神社","朝坐屋","国宝・重要文化財（建造物）","重要文化財","近世以前／神社","","桃山","18990405","","広島県","広島県廿日市市宮島町","","厳島神社","","34.29620401000000","132.32038707000000"
"102","3174","厳島神社","反橋","国宝・重要文化財（建造物）","重要文化財","近世以前／その他","","室町後期","18990405","","広島県","広島県廿日市市宮島町","","厳島神社","","34.29535308000000","132.31958401000000"
"102","3173","厳島神社","長橋","国宝・重要文化財（建造物）","重要文化財","近世以前／その他","","桃山","18990405","","広島県","広島県廿日市市宮島町","","厳島神社","","34.29558709000000","132.31995097000000"
"102","3171","厳島神社","能舞台","国宝・重要文化財（建造物）","重要文化財","近世以前／その他","","江戸中期","18990405","","広島県","広島県廿日市市宮島町","","厳島神社","","34.29574132000000","132.31938723000000"
"102","3172","厳島神社","揚水橋","国宝・重要文化財（建造物）","重要文化財","近世以前／その他","","桃山","18990405","","広島県","広島県廿日市市宮島町","","厳島神社","","34.29606042000000","132.32019029000000"
"102","3182","厳島神社摂社大元神社本殿","","国宝・重要文化財（建造物）","重要文化財","近世以前／神社","","室町後期","19490218","","広島県","広島県廿日市市宮島町","","厳島神社","","34.29470126000000","132.31396650000000"
"102","3176","厳島神社摂社大国神社本殿","","国宝・重要文化財（建造物）","重要文化財","近世以前／神社","","室町後期","18990405","","広島県","広島県廿日市市宮島町","","厳島神社","","34.29567590000000","132.31981361000000"
"102","3177","厳島神社摂社天神社本殿","","国宝・重要文化財（建造物）","重要文化財","近世以前／神社","","室町後期","18990405","","広島県","広島県廿日市市宮島町","","厳島神社","","34.29551020000000","132.31972156000000"
"102","3180","厳島神社末社荒胡子神社本殿","","国宝・重要文化財（建造物）","重要文化財","近世以前／神社","","室町中期","19040218","","広島県","広島県廿日市市宮島町","","厳島神社","","34.29704853000000","132.32065217000000"
"102","3163","桂濱神社本殿","","国宝・重要文化財（建造物）","重要文化財","近世以前／神社","","室町後期","19820611","","広島県","広島県呉市倉橋町字前宮の浦","","桂濱神社","","34.10148619000000","132.51324740000000"
"102","3193","吉備津神社本殿","","国宝・重要文化財（建造物）","重要文化財","近世以前／神社","","江戸前期","19650529","","広島県","広島県福山市新市町宮内","","吉備津神社","","34.56929399000000","133.27104451000000"
"102","3186","竜山八幡神社本殿","","国宝・重要文化財（建造物）","重要文化財","近世以前／神社","","室町後期","19620621","","広島県","広島県山県郡北広島町新庄","","竜山八幡神社","","34.76590283000000","132.49061038000000"
"102","3205","今八幡宮拝殿","","国宝・重要文化財（建造物）","重要文化財","近世以前／神社","","室町後期","19070527","","山口県","山口県山口市八幡馬場","","今八幡宮","","34.18721914000000","131.48151512000000"
"102","3204","今八幡宮本殿","","国宝・重要文化財（建造物）","重要文化財","近世以前／神社","","室町後期","19070527","","山口県","山口県山口市八幡馬場","","今八幡宮","","34.18731191000000","131.48142415000000"
"102","3206","今八幡宮楼門","","国宝・重要文化財（建造物）","重要文化財","近世以前／神社","","室町後期","19070527","","山口県","山口県山口市八幡馬場","","今八幡宮","","34.18715714000000","131.48158071000000"
"102","3238","石城神社本殿","","国宝・重要文化財（建造物）","重要文化財","近世以前／神社","","室町後期","19070527","","山口県","山口県光市大字塩田","","石城神社","","33.98743688000000","132.03567167000000"
"102","00003899","吉香神社","鳥居","国宝・重要文化財（建造物）","重要文化財","近世以前／神社","","江戸中期","20041210","","山口県","山口県岩国市横山","","吉香神社","","34.17139087000000","132.17598627000000"
"102","00003898","吉香神社","神門","国宝・重要文化財（建造物）","重要文化財","近世以前／神社","","江戸中期","20041210","","山口県","山口県岩国市横山","","吉香神社","","34.17187472000000","132.17651525000000"
"102","00003897","吉香神社","拝殿及び幣殿","国宝・重要文化財（建造物）","重要文化財","近世以前／神社","","江戸中期","20041210","","山口県","山口県岩国市横山","","吉香神社","","34.17202239000000","132.17666377000000"
"102","00003896","吉香神社","本殿","国宝・重要文化財（建造物）","重要文化財","近世以前／神社","","江戸中期","20041210","","山口県","山口県岩国市横山","","吉香神社","","34.17212571000000","132.17678518000000"
"102","3242","正八幡宮","楼門及び庁屋","国宝・重要文化財（建造物）","重要文化財","近世以前／神社","","江戸中期","19890902","","山口県","山口県山口市秋穂町西","","正八幡宮","","34.03521879000000","131.43245645000000"
"102","3241","正八幡宮","拝殿","国宝・重要文化財（建造物）","重要文化財","近世以前／神社","","江戸中期","19890902","","山口県","山口県山口市秋穂町西","","正八幡宮","","34.03523600000000","131.43254823000000"
"102","3240","正八幡宮","本殿","国宝・重要文化財（建造物）","重要文化財","近世以前／神社","","江戸中期","19890902","","山口県","山口県山口市秋穂町西","","正八幡宮","","34.03524747000000","131.43268399000000"
"102","3200","住吉神社拝殿","","国宝・重要文化財（建造物）","重要文化財","近世以前／神社","","室町後期","19540917","","山口県","山口県下関市楠乃","","住吉神社","","33.99956779000000","130.95655526000000"
"102","3199","住吉神社本殿","","国宝・重要文化財（建造物）","国宝","近世以前／神社","","室町前期","19030415","19531114","山口県","山口県下関市楠乃","","住吉神社","","33.99966573000000","130.95654437000000"
"102","3207","平清水八幡宮本殿","","国宝・重要文化財（建造物）","重要文化財","近世以前／神社","","室町中期","19070527","","山口県","山口県山口市平井","","平清水八幡宮","","34.14288728000000","131.47109558000000"
"102","3209","古熊神社拝殿","","国宝・重要文化財（建造物）","重要文化財","近世以前／神社","","江戸中期","19490218","","山口県","山口県山口市古熊一丁目","","古熊神社","","34.17869263000000","131.48866248000000"
"102","3208","古熊神社本殿","","国宝・重要文化財（建造物）","重要文化財","近世以前／神社","","江戸前期","19170813","","山口県","山口県山口市古熊一丁目","","古熊神社","","34.17869263000000","131.48873103000000"
"102","3212","八坂神社本殿","","国宝・重要文化財（建造物）","重要文化財","近世以前／神社","","室町後期","19170813","","山口県","山口県山口市上堅小路","","八坂神社","","34.18594920000000","131.47833622000000"
"102","3248","一宮神社本殿","","国宝・重要文化財（建造物）","重要文化財","近世以前／神社","","江戸前期","19930420","","徳島県","徳島県徳島市一宮町西丁","","一宮神社","","34.03787400000000","134.46255414000000"
"102","3695","宇志比古神社本殿","","国宝・重要文化財（建造物）","重要文化財","近世以前／神社","","桃山","20001204","","徳島県","徳島県鳴門市大麻町大谷字山田","","宇志比古神社","","34.16210283000000","134.53690184000000"
"102","3287","神谷神社本殿","","国宝・重要文化財（建造物）","国宝","近世以前／神社","","鎌倉前期","19040829","19550202","香川県","香川県坂出市神谷町","","神谷神社","","34.32483935000000","133.91676072000000"
"102","3346","伊佐爾波神社","楼門","国宝・重要文化財（建造物）","重要文化財","近世以前／神社","","江戸中期","19670615","","愛媛県","愛媛県松山市桜谷町","","伊佐爾波神社","","33.85072971000000","132.78878592000000"
"102","3345","伊佐爾波神社","申殿及び廊下","国宝・重要文化財（建造物）","重要文化財","近世以前／神社","","江戸中期","19670615","","愛媛県","愛媛県松山市桜谷町","","伊佐爾波神社","","33.85073636000000","132.78888568000000"
"102","3344","伊佐爾波神社","本殿","国宝・重要文化財（建造物）","重要文化財","近世以前／神社","","江戸中期","19560628","","愛媛県","愛媛県松山市桜谷町","","伊佐爾波神社","","33.85075853000000","132.78901648000000"
"102","3347","伊佐爾波神社","廻廊","国宝・重要文化財（建造物）","重要文化財","近世以前／神社","","江戸中期","19670615","","愛媛県","愛媛県松山市桜谷町","","伊佐爾波神社","","33.85076518000000","132.78916057000000"
"102","3315","石手寺訶梨帝母天堂","","国宝・重要文化財（建造物）","重要文化財","近世以前／神社","","鎌倉後期","19530331","","愛媛県","愛媛県松山市石手二丁目","","石手寺","","33.84764670000000","132.79629785000000"
"102","3388","大山祇神社本殿(宝殿)","","国宝・重要文化財（建造物）","重要文化財","近世以前／神社","","室町中期","19040829","","愛媛県","愛媛県今治市大三島町宮浦","","大山祇神社","","34.24783381000000","133.00598880000000"
"102","3392","大山祇神社拝殿","","国宝・重要文化財（建造物）","重要文化財","近世以前／神社","","江戸前期","19530331","","愛媛県","愛媛県今治市大三島町宮浦","","大山祇神社","","34.24789431000000","133.00580492000000"
"102","3394","三島神社本殿","","国宝・重要文化財（建造物）","重要文化財","近世以前／神社","","室町前期","19920810","","愛媛県","愛媛県東温市北方","","三島神社","","33.79415548000000","132.91493580000000"
"102","3434","朝倉神社本殿","","国宝・重要文化財（建造物）","重要文化財","近世以前／神社","","江戸前期","19490218","","高知県","高知県高知市朝倉","","朝倉神社","","33.55351696000000","133.48164575000000"
"102","3441","鳴無神社","本殿","国宝・重要文化財（建造物）","重要文化財","近世以前／神社","","江戸中期","19530331","","高知県","高知県須崎市浦ノ内奥浦東分","","鳴無神社","","33.41416069000000","133.36898923000000"
"102","3442","鳴無神社","幣殿、拝殿","国宝・重要文化財（建造物）","重要文化財","近世以前／神社","","江戸中期","19530331","","高知県","高知県須崎市浦ノ内奥浦東分","","鳴無神社","","33.41422636000000","133.36886727000000"
"102","3415","土佐神社本殿、幣殿及び拝殿","幣殿及び拝殿","国宝・重要文化財（建造物）","重要文化財","近世以前／神社","","室町後期","19040829","","高知県","高知県高知市一宮","","土佐神社","","33.59261089000000","133.57700971000000"
"102","3414","土佐神社本殿、幣殿及び拝殿","本殿","国宝・重要文化財（建造物）","重要文化財","近世以前／神社","","室町後期","19040829","","高知県","高知県高知市一宮","","土佐神社","","33.59280794000000","133.57700750000000"
"102","3417","土佐神社楼門","","国宝・重要文化財（建造物）","重要文化財","近世以前／神社","","江戸前期","19820216","","高知県","高知県高知市一宮","","土佐神社","","33.58952509000000","133.57708007000000"
"102","3443","不破八幡宮本殿","","国宝・重要文化財（建造物）","重要文化財","近世以前／神社","","室町後期","19630701","","高知県","高知県四万十市不破","","不破八幡宮","","32.98078540000000","132.93736734000000"
"102","00005174","有馬家霊屋","梅林院霊屋","国宝・重要文化財（建造物）","重要文化財","近世以前／神社","","江戸前期","20181225","","福岡県","福岡県久留米市京町","","宗教法人梅林寺","","33.32242194000000","130.49873083000000"
"102","00005175","有馬家霊屋","春林院霊屋","国宝・重要文化財（建造物）","重要文化財","近世以前／神社","","江戸前期","20181225","","福岡県","福岡県久留米市京町","","宗教法人梅林寺","","33.32242194000000","130.49873083000000"
"102","00005176","有馬家霊屋","春林院位牌廟","国宝・重要文化財（建造物）","重要文化財","近世以前／神社","","江戸前期","20181225","","福岡県","福岡県久留米市京町","","宗教法人梅林寺","","33.32242194000000","130.49873083000000"
"102","00005177","有馬家霊屋","長壽院位牌廟","国宝・重要文化財（建造物）","重要文化財","近世以前／神社","","江戸前期","20181225","","福岡県","福岡県久留米市京町","","宗教法人梅林寺","","33.32242194000000","130.49873083000000"
"102","00005178","有馬家霊屋","瓊林院位牌廟","国宝・重要文化財（建造物）","重要文化財","近世以前／神社","","江戸前期","20181225","","福岡県","福岡県久留米市京町","","宗教法人梅林寺","","33.32242194000000","130.49873083000000"
"102","3490","岩屋神社","本殿","国宝・重要文化財（建造物）","重要文化財","近世以前／神社","","江戸中期","19881219","","福岡県","福岡県朝倉郡東峰村大字宝珠山","","岩屋神社","","33.43283161000000","130.87463126000000"
"102","3491","岩屋神社","境内社熊野神社本殿","国宝・重要文化財（建造物）","重要文化財","近世以前／神社","","江戸中期","19881219","","福岡県","福岡県朝倉郡東峰村大字宝珠山","","岩屋神社","","33.43322473000000","130.87436347000000"
"102","3463","香椎宮本殿","","国宝・重要文化財（建造物）","重要文化財","近世以前／神社","","江戸後期","19220413","","福岡県","福岡県福岡市東区香椎","","香椎宮","","33.65465116000000","130.44343603000000"
"102","3470","高良大社","本殿・幣殿・拝殿","国宝・重要文化財（建造物）","重要文化財","近世以前／神社","","江戸中期","19720515","","福岡県","福岡県久留米市御井町","","高良大社","","33.30163037000000","130.56587176000000"
"102","3471","高良大社","大鳥居","国宝・重要文化財（建造物）","重要文化財","近世以前／神社","","江戸前期","19720515","","福岡県","福岡県久留米市御井町","","高良大社","","33.30605522000000","130.55440960000000"
"102","00005499","櫻井神社","楼門","国宝・重要文化財（建造物）","重要文化財","近世以前／神社","","江戸前期","20230925","","福岡県","福岡県糸島市志摩櫻井","","宗教法人櫻井神社","","33.62813889000000","130.19193333000000"
"102","00005498","櫻井神社","拝殿","国宝・重要文化財（建造物）","重要文化財","近世以前／神社","","江戸前期","20230925","","福岡県","福岡県糸島市志摩櫻井","","宗教法人櫻井神社","","33.62823333000000","130.19198611000000"
"102","00005497","櫻井神社","本殿","国宝・重要文化財（建造物）","重要文化財","近世以前／神社","","江戸前期","20230925","","福岡県","福岡県糸島市志摩櫻井","","宗教法人櫻井神社","","33.62833889000000","130.19205278000000"
"102","3464","住吉神社本殿","","国宝・重要文化財（建造物）","重要文化財","近世以前／神社","","江戸前期","19220413","","福岡県","福岡県福岡市博多区住吉三丁目","","住吉神社","","33.58593625000000","130.41380895000000"
"102","00005500","髙祖神社本殿","","国宝・重要文化財（建造物）","重要文化財","近世以前／神社","","室町後期","20230925","","福岡県","福岡県糸島市高祖","","宗教法人髙祖神社","","33.54477778000000","130.26051111000000"
"102","3483","太宰府天満宮本殿","","国宝・重要文化財（建造物）","重要文化財","近世以前／神社","","桃山","19070527","","福岡県","福岡県太宰府市宰府","","太宰府天満宮","","33.52147705000000","130.53483115000000"
"102","3484","太宰府天満宮末社志賀社本殿","","国宝・重要文化財（建造物）","重要文化財","近世以前／神社","","室町中期","19070527","","福岡県","福岡県太宰府市宰府","","太宰府天満宮","","33.51997653000000","130.53477244000000"
"102","3462","筥崎宮鳥居","","国宝・重要文化財（建造物）","重要文化財","近世以前／神社","","桃山","19550622","","福岡県","福岡県福岡市東区箱崎一丁目","","筥崎宮","","33.61494415000000","130.42247022000000"
"102","3461","筥崎宮拝殿","","国宝・重要文化財（建造物）","重要文化財","近世以前／神社","","室町後期","19070527","","福岡県","福岡県福岡市東区箱崎一丁目","","筥崎宮","","33.61462785000000","130.42333264000000"
"102","3460","筥崎宮本殿","","国宝・重要文化財（建造物）","重要文化財","近世以前／神社","","室町後期","19070527","","福岡県","福岡県福岡市東区箱崎一丁目","","筥崎宮","","33.61455864000000","130.42348704000000"
"102","3459","筥崎宮楼門","","国宝・重要文化財（建造物）","重要文化財","近世以前／神社","","桃山","19020417","","福岡県","福岡県福岡市東区箱崎一丁目","","筥崎宮","","33.61467220000000","130.42322042000000"
"102","3497","英彦山神社銅鳥居","","国宝・重要文化財（建造物）","重要文化財","近世以前／神社","","江戸前期","19391025","","福岡県","福岡県田川郡添田町大字英彦山","","英彦山神宮","","33.48562500000000","130.90239999000000"
"102","3480","風浪神社本殿","","国宝・重要文化財（建造物）","重要文化財","近世以前／神社","","室町後期","19070527","","福岡県","福岡県大川市大字酒見字宮内","","風浪神社","","33.21120221000000","130.38681212000000"
"102","3488","宗像神社辺津宮拝殿","","国宝・重要文化財（建造物）","重要文化財","近世以前／神社","","桃山","19070527","","福岡県","福岡県宗像市田島","","宗像大社","","33.81844862000000","130.51162215000000"
"102","3487","宗像神社辺津宮本殿","","国宝・重要文化財（建造物）","重要文化財","近世以前／神社","","桃山","19070527","","福岡県","福岡県宗像市田島","","宗像大社","","33.81844862000000","130.51162215000000"
"102","3509","多久聖廟","","国宝・重要文化財（建造物）","重要文化財","近世以前／神社","","江戸中期","19330123","","佐賀県","佐賀県多久市多久町","","多久市","","33.26000147000000","130.09779370000000"
"102","3511","田嶋神社本殿","","国宝・重要文化財（建造物）","重要文化財","近世以前／神社","","室町前期","19870603","","佐賀県","佐賀県伊万里市波多津町畑津","","田嶋神社","","33.36510887000000","129.87511267000000"
"102","3504","与賀神社三の鳥居及び石橋","三の鳥居","国宝・重要文化財（建造物）","重要文化財","近世以前／神社","","桃山","19700617","","佐賀県","佐賀県佐賀市与賀町","","与賀神社","","33.24876430000000","130.29437213000000"
"102","3505","与賀神社三の鳥居及び石橋","石橋","国宝・重要文化財（建造物）","重要文化財","近世以前／その他","","桃山","19700617","","佐賀県","佐賀県佐賀市与賀町","","与賀神社","","33.24877005000000","130.29442395000000"
"102","3503","与賀神社楼門","","国宝・重要文化財（建造物）","重要文化財","近世以前／神社","","桃山","19130414","","佐賀県","佐賀県佐賀市与賀町","","与賀神社","","33.24877197000000","130.29449879000000"
"102","3569","青井阿蘇神社","楼門","国宝・重要文化財（建造物）","国宝","近世以前／神社","","桃山","19330123","20080609","熊本県","熊本県人吉市上青井町","","青井阿蘇神社","","32.21313050000000","130.75300499000000"
"102","3568","青井阿蘇神社","拝殿","国宝・重要文化財（建造物）","国宝","近世以前／神社","","桃山","19330123","20080609","熊本県","熊本県人吉市上青井町","","青井阿蘇神社","","32.21336344000000","130.75291658000000"
"102","3567","青井阿蘇神社","幣殿","国宝・重要文化財（建造物）","国宝","近世以前／神社","","桃山","19330123","20080609","熊本県","熊本県人吉市上青井町","","青井阿蘇神社","","32.21345625000000","130.75287973000000"
"102","3566","青井阿蘇神社","廊","国宝・重要文化財（建造物）","国宝","近世以前／神社","","桃山","19330123","20080609","熊本県","熊本県人吉市上青井町","","青井阿蘇神社","","32.21353405000000","130.75285106000000"
"102","3565","青井阿蘇神社","本殿","国宝・重要文化財（建造物）","国宝","近世以前／神社","","桃山","19330123","20080609","熊本県","熊本県人吉市上青井町","","青井阿蘇神社","","32.21357500000000","130.75283741000000"
"102","00004213","阿蘇神社","還御門","国宝・重要文化財（建造物）","重要文化財","近世以前／神社","","江戸末期","20070618","","熊本県","熊本県阿蘇市一の宮町宮地","","阿蘇神社","","32.94770532000000","131.11646133000000"
"102","00004208","阿蘇神社","一の神殿","国宝・重要文化財（建造物）","重要文化財","近世以前／神社","","江戸末期","20070618","","熊本県","熊本県阿蘇市一の宮町宮地","","阿蘇神社","","32.94787713000000","131.11583629000000"
"102","00004211","阿蘇神社","楼門","国宝・重要文化財（建造物）","重要文化財","近世以前／神社","","江戸末期","20070618","","熊本県","熊本県阿蘇市一の宮町宮地","","阿蘇神社","","32.94794526000000","131.11644652000000"
"102","00004210","阿蘇神社","三の神殿","国宝・重要文化財（建造物）","重要文化財","近世以前／神社","","江戸末期","20070618","","熊本県","熊本県阿蘇市一の宮町宮地","","阿蘇神社","","32.94804598000000","131.11567633000000"
"102","00004209","阿蘇神社","二の神殿","国宝・重要文化財（建造物）","重要文化財","近世以前／神社","","江戸末期","20070618","","熊本県","熊本県阿蘇市一の宮町宮地","","阿蘇神社","","32.94817336000000","131.11587184000000"
"102","00004212","阿蘇神社","神幸門","国宝・重要文化財（建造物）","重要文化財","近世以前／神社","","江戸末期","20070618","","熊本県","熊本県阿蘇市一の宮町宮地","","阿蘇神社","","32.94820002000000","131.11651465000000"
"102","3772","岩屋熊野座神社","鳥居","国宝・重要文化財（建造物）","重要文化財","近世以前／神社","","江戸中期","20021226","","熊本県","熊本県人吉市東間上町","","岩屋熊野座神社","","32.19204542000000","130.76991476000000"
"102","3768","岩屋熊野座神社","左殿","国宝・重要文化財（建造物）","重要文化財","近世以前／神社","","桃山","20021226","","熊本県","熊本県人吉市東間上町","","岩屋熊野座神社","","32.19233834000000","130.77274850000000"
"102","3770","岩屋熊野座神社","拝殿","国宝・重要文化財（建造物）","重要文化財","近世以前／神社","","江戸後期","20021226","","熊本県","熊本県人吉市東間上町","","岩屋熊野座神社","","32.19234420000000","130.77263878000000"
"102","3771","岩屋熊野座神社","覆屋","国宝・重要文化財（建造物）","重要文化財","近世以前／神社","","江戸後期","20021226","","熊本県","熊本県人吉市東間上町","","岩屋熊野座神社","","32.19236194000000","130.77272557000000"
"102","3767","岩屋熊野座神社","中央殿","国宝・重要文化財（建造物）","重要文化財","近世以前／神社","","桃山","20021226","","熊本県","熊本県人吉市東間上町","","岩屋熊野座神社","","32.19236545000000","130.77274069000000"
"102","3769","岩屋熊野座神社","右殿","国宝・重要文化財（建造物）","重要文化財","近世以前／神社","","江戸中期","20021226","","熊本県","熊本県人吉市東間上町","","岩屋熊野座神社","","32.19239117000000","130.77272973000000"
"102","3571","老神神社","拝殿及び神供所","国宝・重要文化財（建造物）","重要文化財","近世以前／神社","","江戸中期","19900911","","熊本県","熊本県人吉市老神町","","老神神社","","32.21052351000000","130.75868442000000"
"102","3570","老神神社","本殿","国宝・重要文化財（建造物）","重要文化財","近世以前／神社","","江戸前期","19900911","","熊本県","熊本県人吉市老神町","","老神神社","","32.21054318000000","130.75855344000000"
"102","3587","十島菅原神社","拝殿","国宝・重要文化財（建造物）","重要文化財","近世以前／神社","","江戸中期","19940712","","熊本県","熊本県球磨郡相良村柳瀬","","十島菅原神社","","32.21037012000000","130.78492428000000"
"102","3586","十島菅原神社","本殿","国宝・重要文化財（建造物）","重要文化財","近世以前／神社","","桃山","19940712","","熊本県","熊本県球磨郡相良村柳瀬","","十島菅原神社","","32.21050862000000","130.78486859000000"
"102","3589","山田大王神社","拝殿及び神供所","国宝・重要文化財（建造物）","重要文化財","近世以前／神社","","江戸後期","19900911","","熊本県","熊本県球磨郡山江村大字山田","","山田大王神社","","32.24872703000000","130.76536010000000"
"102","3588","山田大王神社","本殿","国宝・重要文化財（建造物）","重要文化財","近世以前／神社","","室町後期","19900911","","熊本県","熊本県球磨郡山江村大字山田","","山田大王神社","","32.24873428000000","130.76523566000000"
"102","3575","六殿神社楼門","","国宝・重要文化財（建造物）","重要文化財","近世以前／神社","","室町後期","19070527","","熊本県","熊本県熊本市南区富合町木原","","六殿神社","","32.70052984000000","130.70839307000000"
"102","3600","宇佐神宮本殿","（第二殿）","国宝・重要文化財（建造物）","国宝","近世以前／神社","","江戸末期","19070527","19521122","大分県","大分県宇佐市大字南宇佐","","宇佐神宮","","33.52347852000000","131.37715972000000"
"102","3601","宇佐神宮本殿","（第三殿）","国宝・重要文化財（建造物）","国宝","近世以前／神社","","江戸末期","19070527","19521122","大分県","大分県宇佐市大字南宇佐","","宇佐神宮","","33.52349243000000","131.37730800000000"
"102","3599","宇佐神宮本殿","（第一殿）","国宝・重要文化財（建造物）","国宝","近世以前／神社","","江戸末期","19070527","19521122","大分県","大分県宇佐市大字南宇佐","","宇佐神宮","","33.52345557000000","131.37700998000000"
"102","3617","大野老松天満社旧本殿","","国宝・重要文化財（建造物）","重要文化財","近世以前／神社","","室町後期","19780531","","大分県","大分県日田市前津江町大野","","大野老松天満社","","33.20627433000000","130.91419246000000"
"102","3590","薦神社神門","","国宝・重要文化財（建造物）","重要文化財","近世以前／神社","","江戸前期","19881219","","大分県","大分県中津市大字大貞","","薦神社","","33.56711996000000","131.21828165000000"
"102","00004540","柞原八幡宮","南大門","国宝・重要文化財（建造物）","重要文化財","近世以前／神社","","明治","20110620","","大分県","大分県大分市大字八幡","","","","33.23719109000000","131.55113662000000"
"102","00004534","柞原八幡宮","楼門","国宝・重要文化財（建造物）","重要文化財","近世以前／神社","","江戸後期","20110620","","大分県","大分県大分市大字八幡","","","","33.23815486000000","131.55103004000000"
"102","00004537","柞原八幡宮","東回廊","国宝・重要文化財（建造物）","重要文化財","近世以前／神社","","江戸後期","20110620","","大分県","大分県大分市大字八幡","","","","33.23818053000000","131.55116988000000"
"102","00004538","柞原八幡宮","西回廊","国宝・重要文化財（建造物）","重要文化財","近世以前／神社","","江戸後期","20110620","","大分県","大分県大分市大字八幡","","","","33.23818661000000","131.55091988000000"
"102","00004533","柞原八幡宮","拝殿","国宝・重要文化財（建造物）","重要文化財","近世以前／神社","","江戸後期","20110620","","大分県","大分県大分市大字八幡","","","","33.23824403000000","131.55103274000000"
"102","00004539","柞原八幡宮","西門","国宝・重要文化財（建造物）","重要文化財","近世以前／神社","","江戸後期","20110620","","大分県","大分県大分市大字八幡","","","","33.23829945000000","131.55078597000000"
"102","00004532","柞原八幡宮","申殿","国宝・重要文化財（建造物）","重要文化財","近世以前／神社","","江戸後期","20110620","","大分県","大分県大分市大字八幡","","","","33.23831159000000","131.55103544000000"
"102","00004531","柞原八幡宮","本殿","国宝・重要文化財（建造物）","重要文化財","近世以前／神社","","江戸後期","20110620","","大分県","大分県大分市大字八幡","","","","33.23843048000000","131.55103544000000"
"102","00004535","柞原八幡宮","東宝殿","国宝・重要文化財（建造物）","重要文化財","近世以前／神社","","江戸後期","20110620","","大分県","大分県大分市大字八幡","","","","33.23845750000000","131.55117596000000"
"102","00004536","柞原八幡宮","西宝殿","国宝・重要文化財（建造物）","重要文化財","近世以前／神社","","江戸後期","20110620","","大分県","大分県大分市大字八幡","","","","33.23846831000000","131.55090034000000"
"102","3625","巨田神社本殿","","国宝・重要文化財（建造物）","重要文化財","近世以前／神社","","室町中期","19780531","","宮崎県","宮崎県宮崎市佐土原町巨田","","巨田神社","","32.05781143000000","131.40371098000000"
"102","3624","興玉神社内神殿","","国宝・重要文化財（建造物）","重要文化財","近世以前／神社","","室町中期","19830602","","宮崎県","宮崎県都城市安久町","","興玉神社","","31.68882383000000","131.09280932000000"
"102","00003883","高千穂神社本殿","","国宝・重要文化財（建造物）","重要文化財","近世以前／神社","","江戸後期","20040706","","宮崎県","宮崎県西臼杵郡高千穂町大字三田井","","高千穂神社","","32.70648799000000","131.30191029000000"
"102","3696","神門神社本殿","","国宝・重要文化財（建造物）","重要文化財","近世以前／神社","","江戸中期","20001204","","宮崎県","宮崎県東臼杵郡美郷町南郷神門","","神門神社","","32.38664374000000","131.33073758000000"
"102","00005392","鹿児島神宮","勅使殿","国宝・重要文化財（建造物）","重要文化財","近世以前／神社","","江戸後期","20220209","","鹿児島県","鹿児島県霧島市隼人町内2496番地","","宗教法人鹿児島神宮","","31.75353611000000","130.73787222000000"
"102","00005391","鹿児島神宮","本殿及び拝殿","国宝・重要文化財（建造物）","重要文化財","近世以前／神社","","江戸後期","20220209","","鹿児島県","鹿児島県霧島市隼人町内2496番地","","宗教法人鹿児島神宮","","31.75373056000000","130.73791111000000"
"102","00005393","鹿児島神宮","摂社四所神社本殿","国宝・重要文化財（建造物）","重要文化財","近世以前／神社","","江戸後期","20220209","","鹿児島県","鹿児島県霧島市隼人町内2496番地","","宗教法人鹿児島神宮","","31.75374444000000","130.73808889000000"
"102","3636","霧島神宮","勅使殿","国宝・重要文化財（建造物）","重要文化財","近世以前／神社","","江戸中期","19890519","","鹿児島県","鹿児島県霧島市霧島田口","","霧島神宮","","31.85872550000000","130.87141455000000"
"102","3635","霧島神宮","登廊下","国宝・重要文化財（建造物）","重要文化財","近世以前／神社","","江戸中期","19890519","","鹿児島県","鹿児島県霧島市霧島田口","","霧島神宮","","31.85878689000000","130.87150760000000"
"102","3634","霧島神宮　本殿・幣殿・拝殿","","国宝・重要文化財（建造物）","国宝","近世以前／神社","","江戸中期","19890519","20220209","鹿児島県","鹿児島県霧島市霧島田口2608番地5
","","宗教法人霧島神宮
","","31.85892971000000","130.87172195000000"
"102","3633","箱崎神社本殿","","国宝・重要文化財（建造物）","重要文化財","近世以前／神社","","室町後期","19890519","","鹿児島県","鹿児島県伊佐市菱刈市山","","箱崎神社","","32.04929232000000","130.63951629000000"
"102","3629","八幡神社本殿","","国宝・重要文化財（建造物）","重要文化財","近世以前／神社","","室町後期","19490530","","鹿児島県","鹿児島県伊佐市大口大田","","八幡神社","","32.08303457000000","130.59813897000000"
"102","3657","権現堂","神殿","国宝・重要文化財（建造物）","重要文化財","近世以前／神社","","江戸後期","19810605","","沖縄県","沖縄県石垣市字石垣285番地","","石垣市","","24.34354062000000","124.15595924000000"
"102","3658","権現堂","拝殿","国宝・重要文化財（建造物）","重要文化財","近世以前／神社","","江戸後期","19810605","","沖縄県","沖縄県石垣市字石垣285番地","","石垣市","","24.34354062000000","124.15595924000000"
