"台帳ID","管理対象ID","名称","棟名","文化財種類","種別1","種別2","国","時代","重文指定年月日","国宝指定年月日","都道府県","所在地","保管施設の名称","所有者名","管理団体又は責任者","緯度","経度"
"102","40","正行寺本堂","","国宝・重要文化財（建造物）","重要文化財","近世以前／寺院","","江戸後期","19920121","","北海道","北海道厚岸郡厚岸町梅香町","","正行寺","","43.03596184000000","144.84669424000000"
"102","37","上國寺本堂","","国宝・重要文化財（建造物）","重要文化財","近世以前／寺院","","江戸後期","19930420","","北海道","北海道檜山郡上ノ国町字勝山","","上国寺","","41.80337205000000","140.10331830000000"
"102","31","法源寺山門","","国宝・重要文化財（建造物）","重要文化財","近世以前／寺院","","江戸中期","19930420","","北海道","北海道松前郡松前町字松城","","法源寺","","41.43151527000000","140.10755473000000"
"102","28","龍雲院","惣門","国宝・重要文化財（建造物）","重要文化財","近世以前／寺院","","江戸末期","19920121","","北海道","北海道松前郡松前町字松城","","龍雲院","","41.43099663000000","140.10703993000000"
"102","30","龍雲院","土蔵","国宝・重要文化財（建造物）","重要文化財","近世以前／寺院","","江戸末期","19920121","","北海道","北海道松前郡松前町字松城","","龍雲院","","41.43102632000000","140.10734729000000"
"102","29","龍雲院","鐘楼","国宝・重要文化財（建造物）","重要文化財","近世以前／寺院","","江戸末期","19920121","","北海道","北海道松前郡松前町字松城","","龍雲院","","41.43111888000000","140.10691069000000"
"102","27","龍雲院","庫裏","国宝・重要文化財（建造物）","重要文化財","近世以前／寺院","","江戸末期","19920121","","北海道","北海道松前郡松前町字松城","","龍雲院","","41.43130226000000","140.10726347000000"
"102","26","龍雲院","本堂","国宝・重要文化財（建造物）","重要文化財","近世以前／寺院","","江戸末期","19920121","","北海道","北海道松前郡松前町字松城","","龍雲院","","41.43131623000000","140.10701897000000"
"102","80","岩木山神社拝殿","","国宝・重要文化財（建造物）","重要文化財","近世以前／寺院","","桃山","19080423","","青森県","青森県弘前市百沢","","岩木山神社","","40.62153196000000","140.34108105000000"
"102","79","円覚寺薬師堂内厨子","","国宝・重要文化財（建造物）","重要文化財","近世以前／寺院","","室町後期","19530829","","青森県","青森県西津軽郡深浦町大字深浦","円覚寺","円覚寺","","40.64233309000000","139.92287183000000"
"102","65","革秀寺本堂","","国宝・重要文化財（建造物）","重要文化財","近世以前／寺院","","桃山","19930817","","青森県","青森県弘前市大字藤代一丁目","","革秀寺","","40.61271881000000","140.45011663000000"
"102","41","最勝院五重塔","","国宝・重要文化財（建造物）","重要文化財","近世以前／寺院","","江戸中期","19080423","","青森県","青森県弘前市大字銅屋町","","最勝院","","40.59704513000000","140.46896440000000"
"102","62","誓願寺山門","","国宝・重要文化財（建造物）","重要文化財","近世以前／寺院","","江戸中期","19380826","","青森県","青森県弘前市大字新町","","誓願寺","","40.60998751000000","140.45747951000000"
"102","70","清水寺観音堂","","国宝・重要文化財（建造物）","重要文化財","近世以前／寺院","","桃山","19800126","","青森県","青森県八戸市大字是川","","清水寺","","40.47160083000000","141.49014948000000"
"102","49","長勝寺","本堂","国宝・重要文化財（建造物）","重要文化財","近世以前／寺院","","桃山","19930817","","青森県","青森県弘前市大字西茂森一丁目","","長勝寺","","40.59874366000000","140.45065986000000"
"102","50","長勝寺","庫裏","国宝・重要文化財（建造物）","重要文化財","近世以前／寺院","","江戸前期","19930817","","青森県","青森県弘前市大字西茂森一丁目","","長勝寺","","40.59893851000000","140.45100134000000"
"102","42","長勝寺三門","","国宝・重要文化財（建造物）","重要文化財","近世以前／寺院","","江戸前期","19360918","","青森県","青森県弘前市大字西茂森一丁目","","長勝寺","","40.59873909000000","140.45144916000000"
"102","43","長勝寺御影堂","","国宝・重要文化財（建造物）","重要文化財","近世以前／寺院","","江戸前期","19860122","","青森県","青森県弘前市大字西茂森一丁目","","長勝寺","","40.59870771000000","140.45033131000000"
"102","110","金色堂覆堂","","国宝・重要文化財（建造物）","重要文化財","近世以前／寺院","","室町中期","19170405","","岩手県","岩手県西磐井郡平泉町平泉","","金色院","宗教法人中尊寺","39.00206866000000","141.09920031000000"
"102","99","正法寺","惣門","国宝・重要文化財（建造物）","重要文化財","近世以前／寺院","","江戸中期","19900911","","岩手県","岩手県奥州市水沢区黒石町","","正法寺","","39.06746346000000","141.22412021000000"
"102","98","正法寺","庫裏","国宝・重要文化財（建造物）","重要文化財","近世以前／寺院","","江戸後期","19900911","","岩手県","岩手県奥州市水沢区黒石町","","正法寺","","39.06754208000000","141.22488965000000"
"102","97","正法寺","本堂","国宝・重要文化財（建造物）","重要文化財","近世以前／寺院","","江戸後期","19900911","","岩手県","岩手県奥州市水沢区黒石町","","正法寺","","39.06812004000000","141.22491826000000"
"102","111","中尊寺経蔵","","国宝・重要文化財（建造物）","重要文化財","近世以前／寺院","","平安後期","19080423","","岩手県","岩手県西磐井郡平泉町平泉","","大長寿院","宗教法人中尊寺","39.00154415000000","141.09951737000000"
"102","109","中尊寺金色堂","","国宝・重要文化財（建造物）","国宝","近世以前／寺院","","平安後期","18971228","19510609","岩手県","岩手県西磐井郡平泉町平泉","","金色院","宗教法人中尊寺","39.00127743000000","141.09985301000000"
"102","115","天台寺","仁王門","国宝・重要文化財（建造物）","重要文化財","近世以前／寺院","","江戸前期","19900911","","岩手県","岩手県二戸市浄法寺町御山","","天台寺","","40.19772688000000","141.18638164000000"
"102","114","天台寺","本堂","国宝・重要文化財（建造物）","重要文化財","近世以前／寺院","","江戸前期","19900911","","岩手県","岩手県二戸市浄法寺町御山","","天台寺","","40.19832723000000","141.18656037000000"
"102","108","毘沙門堂","","国宝・重要文化財（建造物）","重要文化財","近世以前／寺院","","室町後期","19900911","","岩手県","岩手県花巻市東和町北成島","","毘沙門堂","","39.36605541000000","141.19818162000000"
"102","126","高蔵寺阿弥陀堂","","国宝・重要文化財（建造物）","重要文化財","近世以前／寺院","","平安後期","19080423","","宮城県","宮城県角田市高倉","","高蔵寺","","37.99992304000000","140.71827563000000"
"102","133","瑞巖寺御成門","","国宝・重要文化財（建造物）","重要文化財","近世以前／寺院","","桃山","19000407","","宮城県","宮城県宮城郡松島町松島","","瑞巖寺","","38.37176809000000","141.05980943000000"
"102","136","瑞巖寺庫裏及び廊下","庫裏","国宝・重要文化財（建造物）","国宝","近世以前／寺院","","桃山","19030415","19590627","宮城県","宮城県宮城郡松島町松島","","瑞巖寺","","38.37223258000000","141.06018359000000"
"102","137","瑞巖寺庫裏及び廊下","廊下","国宝・重要文化財（建造物）","国宝","近世以前／寺院","","桃山","19030415","19590627","宮城県","宮城県宮城郡松島町松島","","瑞巖寺","","38.37228128000000","141.05989735000000"
"102","135","瑞巖寺五大堂","","国宝・重要文化財（建造物）","重要文化財","近世以前／寺院","","桃山","19010327","","宮城県","宮城県宮城郡松島町松島","","瑞巖寺","","38.36971887000000","141.06417316000000"
"102","134","瑞巖寺中門","","国宝・重要文化財（建造物）","重要文化財","近世以前／寺院","","桃山","19000407","","宮城県","宮城県宮城郡松島町松島","","瑞巖寺","","38.37192678000000","141.05991502000000"
"102","132","瑞巖寺本堂（元方丈）","","国宝・重要文化財（建造物）","国宝","近世以前／寺院","","桃山","19000407","19530331","宮城県","宮城県宮城郡松島町松島","","瑞巖寺","","38.37213496000000","141.05957674000000"
"102","123","陸奥国分寺薬師堂","","国宝・重要文化財（建造物）","重要文化財","近世以前／寺院","","桃山","19030415","","宮城県","宮城県仙台市若林区木ノ下","","陸奥国分寺","","38.25130000000000","140.90278373000000"
"102","154","天徳寺","総門","国宝・重要文化財（建造物）","重要文化財","近世以前／寺院","","桃山","19900319","","秋田県","秋田県秋田市泉三嶽根","","天徳寺","","39.73769451000000","140.11891084000000"
"102","153","天徳寺","山門","国宝・重要文化財（建造物）","重要文化財","近世以前／寺院","","江戸中期","19900319","","秋田県","秋田県秋田市泉三嶽根","","天徳寺","","39.73828390000000","140.11952489000000"
"102","152","天徳寺","書院","国宝・重要文化財（建造物）","重要文化財","近世以前／寺院","","江戸後期","19900319","","秋田県","秋田県秋田市泉三嶽根","","天徳寺","","39.73865008000000","140.12032131000000"
"102","151","天徳寺","本堂","国宝・重要文化財（建造物）","重要文化財","近世以前／寺院","","江戸中期","19900319","","秋田県","秋田県秋田市泉三嶽根","","天徳寺","","39.73866812000000","140.12001659000000"
"102","204","阿弥陀堂（白水阿弥陀堂）","","国宝・重要文化財（建造物）","国宝","近世以前／寺院","","平安後期","19020731","19520329","福島県","福島県いわき市内郷白水町広畑","","願成寺","","37.03651945000000","140.83728373000000"
"102","219","恵隆寺観音堂","","国宝・重要文化財（建造物）","重要文化財","近世以前／寺院","","鎌倉後期","19040218","","福島県","福島県河沼郡会津坂下町大字塔寺字松原","","恵隆寺","","37.57481474000000","139.79936202000000"
"102","214","円満寺観音堂","","国宝・重要文化財（建造物）","重要文化財","近世以前／寺院","","室町後期","19660805","","福島県","福島県耶麻郡西会津町下谷字宮ノ後","","円満寺","","37.54446414000000","139.66770217000000"
"102","223","延命寺地蔵堂","","国宝・重要文化財（建造物）","重要文化財","近世以前／寺院","","室町中期","19030415","","福島県","福島県会津若松市河東町大字倉橋字藤倉","","延命寺","","37.53400134000000","139.93187734000000"
"102","222","奥之院弁天堂","","国宝・重要文化財（建造物）","重要文化財","近世以前／寺院","","室町後期","19170405","","福島県","福島県河沼郡柳津町大字柳津字門前町","","奥之院","","37.53197409000000","139.72701922000000"
"102","211","観音堂","","国宝・重要文化財（建造物）","重要文化財","近世以前／寺院","","室町前期","19600609","","福島県","福島県南会津郡下郷町大字観音前","","旭田寺","","37.25565193000000","139.87209790000000"
"102","202","旧正宗寺三匝堂","","国宝・重要文化財（建造物）","重要文化財","近世以前／寺院","","江戸後期","19950627","","福島県","福島県会津若松市一箕町大字八幡字弁天下1404番2","","","","37.50447729000000","139.95390230000000"
"102","228","弘安寺旧観音堂厨子","","国宝・重要文化財（建造物）","重要文化財","近世以前／寺院","","鎌倉後期","19600609","","福島県","福島県大沼郡会津美里町大字米田字堂ノ後","","弘安寺","","37.50223670000000","139.82265691000000"
"102","221","勝常寺薬師堂","","国宝・重要文化財（建造物）","重要文化財","近世以前／寺院","","室町前期","19030415","","福島県","福島県河沼郡湯川村大字勝常字代舞","","勝常寺","","37.56350274000000","139.87002336000000"
"102","227","常福院薬師堂","","国宝・重要文化財（建造物）","重要文化財","近世以前／寺院","","室町中期","19040218","","福島県","福島県大沼郡会津美里町大字新屋敷字山王塚","","常福院","","37.52199471000000","139.83426804000000"
"102","208","勝福寺観音堂","","国宝・重要文化財（建造物）","重要文化財","近世以前／寺院","","室町後期","19820611","","福島県","福島県喜多方市関柴町","","勝福寺","","37.64823733000000","139.89685973000000"
"102","212","成法寺観音堂","","国宝・重要文化財（建造物）","重要文化財","近世以前／寺院","","室町後期","19630701","","福島県","福島県南会津郡只見町大字梁取字仏地","","成法寺","","37.29495831000000","139.47565799000000"
"102","00003846","専称寺","本堂","国宝・重要文化財（建造物）","重要文化財","近世以前／寺院","","江戸中期","20040706","","福島県","福島県いわき市平山崎字梅福山","","専称寺","","37.05708017000000","140.92653659000000"
"102","00003847","専称寺","庫裏","国宝・重要文化財（建造物）","重要文化財","近世以前／寺院","","江戸中期","20040706","","福島県","福島県いわき市平山崎字梅福山","","専称寺","","37.05730953000000","140.92660158000000"
"102","00003848","専称寺","総門","国宝・重要文化財（建造物）","重要文化財","近世以前／寺院","","江戸中期","20040706","","福島県","福島県いわき市平山崎字梅福山","","専称寺","","37.05770601000000","140.92793501000000"
"102","231","堂山王子神社本殿","","国宝・重要文化財（建造物）","重要文化財","近世以前／寺院","","室町後期","19170405","","福島県","福島県田村市船引町大字門沢字堂山","","堂山王子神社","","37.38028535000000","140.58336182000000"
"102","224","八葉寺阿弥陀堂","","国宝・重要文化財（建造物）","重要文化財","近世以前／寺院","","桃山","19040218","","福島県","福島県会津若松市河東町大字広野字権現塚","","八葉寺","","37.56265649000000","139.93311666000000"
"102","226","福生寺観音堂","","国宝・重要文化財（建造物）","重要文化財","近世以前／寺院","","室町後期","19790203","","福島県","福島県大沼郡会津美里町大字冨川","","福生寺","","37.44112602000000","139.84525950000000"
"102","225","法用寺本堂内厨子及び仏壇","","国宝・重要文化財（建造物）","重要文化財","近世以前／寺院","","鎌倉後期","19600609","","福島県","福島県大沼郡会津美里町大字雀林字3番山下","","法用寺","","37.48823361000000","139.81418050000000"
"102","197","観音寺観音堂","","国宝・重要文化財（建造物）","重要文化財","近世以前／寺院","","室町後期","19530331","","山形県","山形県西置賜郡白鷹町大字深山","","観音寺","","38.21767808000000","140.07002656000000"
"102","00005874","幸徳院観音堂","","国宝・重要文化財（建造物）","重要文化財","近世以前／寺院","","江戸末期","20260115","","山形県","山形県米沢市笹野本町","","幸徳院","","37.87981944000000","140.09591667000000"
"102","183","旧松應寺観音堂","","国宝・重要文化財（建造物）","重要文化財","近世以前／寺院","","室町後期","19861220","","山形県","山形県山形市蔵王半郷字松尾山","","","","38.18406004000000","140.32402131000000"
"102","199","羽黒山五重塔","","国宝・重要文化財（建造物）","国宝","近世以前／寺院","","室町前期","19080423","19660611","山形県","山形県鶴岡市羽黒町大字手向","","月山神社
出羽神社
湯殿山神社","","38.70478301000000","139.96762620000000"
"102","198","羽黒山正善院黄金堂","","国宝・重要文化財（建造物）","重要文化財","近世以前／寺院","","桃山","19080423","","山形県","山形県鶴岡市羽黒町大字手向","","羽黒山正善院","","38.71552557000000","139.95805073000000"
"102","192","本山慈恩寺本堂","","国宝・重要文化財（建造物）","重要文化財","近世以前／寺院","","江戸前期","19080423","","山形県","山形県寒河江市大字慈恩寺","","本山慈恩寺","","38.41024585000000","140.25081582000000"
"102","177","立石寺三重小塔","","国宝・重要文化財（建造物）","重要文化財","近世以前／寺院","","室町後期","19520719","","山形県","山形県山形市大字山寺","","立石寺","","38.31499283000000","140.43413135000000"
"102","176","立石寺中堂","","国宝・重要文化財（建造物）","重要文化財","近世以前／寺院","","室町中期","19080423","","山形県","山形県山形市大字山寺","","立石寺","","38.31259495000000","140.43739009000000"
"102","194","若松寺観音堂","","国宝・重要文化財（建造物）","重要文化財","近世以前／寺院","","室町後期","19630701","","山形県","山形県天童市大字山元","","若松寺","","38.36317337000000","140.41936142000000"
"102","392","円通寺表門","","国宝・重要文化財（建造物）","重要文化財","近世以前／寺院","","室町後期","19160524","","栃木県","栃木県芳賀郡益子町大字大沢","","円通寺","","36.48680636000000","140.12379284000000"
"102","389","西明寺三重塔","","国宝・重要文化財（建造物）","重要文化財","近世以前／寺院","","室町後期","19080801","","栃木県","栃木県芳賀郡益子町大字益子","","西明寺","","36.45250106000000","140.11716170000000"
"102","391","西明寺本堂内厨子","","国宝・重要文化財（建造物）","重要文化財","近世以前／寺院","","室町中期","19620621","","栃木県","栃木県芳賀郡益子町大字益子","","西明寺","","36.45280842000000","140.11737965000000"
"102","390","西明寺楼門","","国宝・重要文化財（建造物）","重要文化財","近世以前／寺院","","室町後期","19080801","","栃木県","栃木県芳賀郡益子町大字益子","","西明寺","","36.45247871000000","140.11702758000000"
"102","395","地蔵院本堂","","国宝・重要文化財（建造物）","重要文化財","近世以前／寺院","","室町後期","19160524","","栃木県","栃木県芳賀郡益子町大字上大羽","","地蔵院","","36.45073730000000","140.13892258000000"
"102","388","専修寺","総門","国宝・重要文化財（建造物）","重要文化財","近世以前／寺院","","江戸前期","19810605","","栃木県","栃木県真岡市高田","","専修寺","","36.39346682000000","140.02379223000000"
"102","387","専修寺","楼門","国宝・重要文化財（建造物）","重要文化財","近世以前／寺院","","江戸中期","19810605","","栃木県","栃木県真岡市高田","","専修寺","","36.39352794000000","140.02321320000000"
"102","386","専修寺","如来堂","国宝・重要文化財（建造物）","重要文化財","近世以前／寺院","","江戸中期","19810605","","栃木県","栃木県真岡市高田","","専修寺","","36.39362744000000","140.02272438000000"
"102","385","専修寺","御影堂","国宝・重要文化財（建造物）","重要文化財","近世以前／寺院","","江戸中期","19810605","","栃木県","栃木県真岡市高田","","専修寺","","36.39422073000000","140.02324593000000"
"102","00004991","大雄寺","本堂","国宝・重要文化財（建造物）","重要文化財","近世以前／寺院","","江戸中期","20170731","","栃木県","栃木県大田原市黒羽田町字黒羽山","","大雄寺","","36.87076944000000","140.01560250000000"
"102","00004992","大雄寺","庫裏","国宝・重要文化財（建造物）","重要文化財","近世以前／寺院","","江戸末期","20170731","","栃木県","栃木県大田原市黒羽田町字黒羽山","","大雄寺","","36.87076944000000","140.01560250000000"
"102","00004993","大雄寺","禅堂","国宝・重要文化財（建造物）","重要文化財","近世以前／寺院","","江戸中期","20170731","","栃木県","栃木県大田原市黒羽田町字黒羽山","","大雄寺","","36.87076944000000","140.01560250000000"
"102","00004994","大雄寺","鐘楼","国宝・重要文化財（建造物）","重要文化財","近世以前／寺院","","江戸中期","20170731","","栃木県","栃木県大田原市黒羽田町字黒羽山","","大雄寺","","36.87076944000000","140.01560250000000"
"102","00004995","大雄寺","経蔵","国宝・重要文化財（建造物）","重要文化財","近世以前／寺院","","江戸中期","20170731","","栃木県","栃木県大田原市黒羽田町字黒羽山","","大雄寺","","36.87076944000000","140.01560250000000"
"102","00004996","大雄寺","総門","国宝・重要文化財（建造物）","重要文化財","近世以前／寺院","","江戸末期","20170731","","栃木県","栃木県大田原市黒羽田町字黒羽山","","大雄寺","","36.87076944000000","140.01560250000000"
"102","00004997","大雄寺","北東廻廊","国宝・重要文化財（建造物）","重要文化財","近世以前／寺院","","江戸末期","20170731","","栃木県","栃木県大田原市黒羽田町字黒羽山","","大雄寺","","36.87076944000000","140.01560250000000"
"102","00004998","大雄寺","南東廻廊","国宝・重要文化財（建造物）","重要文化財","近世以前／寺院","","江戸末期","20170731","","栃木県","栃木県大田原市黒羽田町字黒羽山","","大雄寺","","36.87076944000000","140.01560250000000"
"102","00004999","大雄寺","南西廻廊","国宝・重要文化財（建造物）","重要文化財","近世以前／寺院","","江戸末期","20170731","","栃木県","栃木県大田原市黒羽田町字黒羽山","","大雄寺","","36.87076944000000","140.01560250000000"
"102","308","東照宮","御旅所神饌所","国宝・重要文化財（建造物）","重要文化財","近世以前／神社","","江戸中期","19440905","","栃木県","栃木県日光市山内","","東照宮","","36.75354846000000","139.60300526000000"
"102","307","東照宮","御旅所拝殿","国宝・重要文化財（建造物）","重要文化財","近世以前／神社","","江戸中期","19440905","","栃木県","栃木県日光市山内","","東照宮","","36.75360059000000","139.60325776000000"
"102","306","東照宮","御旅所本殿","国宝・重要文化財（建造物）","重要文化財","近世以前／神社","","江戸中期","19440905","","栃木県","栃木県日光市山内","","東照宮","","36.75365435000000","139.60341577000000"
"102","291","東照宮","石鳥居","国宝・重要文化財（建造物）","重要文化財","近世以前／神社","","江戸前期","19080801","","栃木県","栃木県日光市山内","","東照宮","","36.75643516000000","139.59959403000000"
"102","304","東照宮","仮殿鳥居","国宝・重要文化財（建造物）","重要文化財","近世以前／神社","","江戸前期","19440905","","栃木県","栃木県日光市山内","","東照宮","","36.75647046000000","139.60026906000000"
"102","301","東照宮","仮殿唐門","国宝・重要文化財（建造物）","重要文化財","近世以前／神社","","江戸前期","19440905","","栃木県","栃木県日光市山内","","東照宮","","36.75667261000000","139.60023874000000"
"102","302","東照宮","仮殿掖門及び透塀　（掖門）","国宝・重要文化財（建造物）","重要文化財","近世以前／神社","","江戸前期","19440905","","栃木県","栃木県日光市山内","","東照宮","","36.75678716000000","139.60009919000000"
"102","300","東照宮","仮殿本殿、仮殿相の間、仮殿拝殿","国宝・重要文化財（建造物）","重要文化財","近世以前／神社","","江戸前期","19440905","","栃木県","栃木県日光市山内","","東照宮","","36.75679854000000","139.60020237000000"
"102","303","東照宮","仮殿掖門及び透塀　（透塀）","国宝・重要文化財（建造物）","重要文化財","近世以前／神社","","江戸前期","19440905","","栃木県","栃木県日光市山内","","東照宮","","36.75682086000000","139.60031182000000"
"102","289","東照宮","表門","国宝・重要文化財（建造物）","重要文化財","近世以前／神社","","江戸前期","19080801","","栃木県","栃木県日光市山内","","東照宮","","36.75697635000000","139.59940928000000"
"102","288","東照宮","神厩","国宝・重要文化財（建造物）","重要文化財","近世以前／神社","","江戸前期","19080801","","栃木県","栃木県日光市山内","","東照宮","","36.75705496000000","139.59903304000000"
"102","286","東照宮","下神庫","国宝・重要文化財（建造物）","重要文化財","近世以前／神社","","江戸前期","19080801","","栃木県","栃木県日光市山内","","東照宮","","36.75718878000000","139.59946671000000"
"102","287","東照宮","水屋","国宝・重要文化財（建造物）","重要文化財","近世以前／神社","","江戸前期","19080801","","栃木県","栃木県日光市山内","","東照宮","","36.75724701000000","139.59866467000000"
"102","284","東照宮","上神庫","国宝・重要文化財（建造物）","重要文化財","近世以前／神社","","江戸前期","19080801","","栃木県","栃木県日光市山内","","東照宮","","36.75738441000000","139.59903825000000"
"102","285","東照宮","中神庫","国宝・重要文化財（建造物）","重要文化財","近世以前／神社","","江戸前期","19080801","","栃木県","栃木県日光市山内","","東照宮","","36.75740462000000","139.59933061000000"
"102","275","東照宮","神楽殿","国宝・重要文化財（建造物）","重要文化財","近世以前／神社","","江戸前期","19080801","","栃木県","栃木県日光市山内","","東照宮","","36.75776813000000","139.59901507000000"
"102","276","東照宮","神輿舎","国宝・重要文化財（建造物）","重要文化財","近世以前／神社","","江戸前期","19080801","","栃木県","栃木県日光市山内","","東照宮","","36.75780407000000","139.59848946000000"
"102","292","東照宮","坂下門","国宝・重要文化財（建造物）","重要文化財","近世以前／神社","","江戸前期","19080801","","栃木県","栃木県日光市山内","","東照宮","","36.75787296000000","139.59921564000000"
"102","274","東照宮","上社務所","国宝・重要文化財（建造物）","重要文化財","近世以前／神社","","江戸前期","19080801","","栃木県","栃木県日光市山内","","東照宮","","36.75790268000000","139.59909355000000"
"102","298","東照宮","奥社鳥居","国宝・重要文化財（建造物）","重要文化財","近世以前／神社","","江戸中期","19440905","","栃木県","栃木県日光市山内","","東照宮","","36.75874063000000","139.59856463000000"
"102","297","東照宮","奥社銅神庫","国宝・重要文化財（建造物）","重要文化財","近世以前／神社","","江戸前期","19440905","","栃木県","栃木県日光市山内","","東照宮","","36.75878984000000","139.59857673000000"
"102","296","東照宮","奥社拝殿","国宝・重要文化財（建造物）","重要文化財","近世以前／神社","","江戸前期","19080801","","栃木県","栃木県日光市山内","","東照宮","","36.75891770000000","139.59848050000000"
"102","295","東照宮","奥社石玉垣","国宝・重要文化財（建造物）","重要文化財","近世以前／神社","","江戸前期","19440905","","栃木県","栃木県日光市山内","","東照宮","","36.75903130000000","139.59859077000000"
"102","299","東照宮","奥社石柵","国宝・重要文化財（建造物）","重要文化財","近世以前／神社","","江戸前期","19440905","","栃木県","栃木県日光市山内","","東照宮","","36.75916381000000","139.59849401000000"
"102","290","東照宮","五重塔","国宝・重要文化財（建造物）","重要文化財","近世以前／寺院","","江戸後期","19080801","","栃木県","栃木県日光市山内","","東照宮","","36.75651327000000","139.59916805000000"
"102","305","東照宮","仮殿鐘楼","国宝・重要文化財（建造物）","重要文化財","近世以前／寺院","","江戸前期","19440905","","栃木県","栃木県日光市山内","","東照宮","","36.75655806000000","139.60005005000000"
"102","283","東照宮","経蔵","国宝・重要文化財（建造物）","重要文化財","近世以前／寺院","","江戸前期","19080801","","栃木県","栃木県日光市山内","","","財団法人日光社寺文化財保存会","36.75737954000000","139.59852091000000"
"102","281","東照宮","鼓楼","国宝・重要文化財（建造物）","重要文化財","近世以前／寺院","","江戸前期","19080801","","栃木県","栃木県日光市山内","","東照宮","","36.75755250000000","139.59854786000000"
"102","280","東照宮","鐘楼","国宝・重要文化財（建造物）","重要文化財","近世以前／寺院","","江戸前期","19080801","","栃木県","栃木県日光市山内","","東照宮","","36.75757047000000","139.59894769000000"
"102","282","東照宮","本地堂","国宝・重要文化財（建造物）","重要文化財","近世以前／寺院","","江戸前期","19080801","","栃木県","栃木県日光市山内","","","財団法人日光社寺文化財保存会","36.75760191000000","139.59819296000000"
"102","294","東照宮","奥社唐門","国宝・重要文化財（建造物）","重要文化財","近世以前／その他","","江戸前期","19080801","","栃木県","栃木県日光市山内","","東照宮","","36.75899464000000","139.59849075000000"
"102","293","東照宮","奥社宝塔","国宝・重要文化財（建造物）","重要文化財","近世以前／その他","","江戸中期","19080801","","栃木県","栃木県日光市山内","","東照宮","","36.75906271000000","139.59849105000000"
"102","268","鑁阿寺経堂","","国宝・重要文化財（建造物）","重要文化財","近世以前／寺院","","江戸前期","19841228","","栃木県","栃木県足利市家富町","","鑁阿寺","","36.33759621000000","139.45168648000000"
"102","267","鑁阿寺鐘楼","","国宝・重要文化財（建造物）","重要文化財","近世以前／寺院","","鎌倉後期","19080801","","栃木県","栃木県足利市家富町","","鑁阿寺","","36.33704093000000","139.45253969000000"
"102","266","鑁阿寺本堂","","国宝・重要文化財（建造物）","国宝","近世以前／寺院","","鎌倉後期","19080801","20130807","栃木県","栃木県足利市家富町","","鑁阿寺","","36.33754921000000","139.45226988000000"
"102","378","二荒山神社","別宮本宮神社鳥居","国宝・重要文化財（建造物）","重要文化財","近世以前／神社","","江戸後期","19730602","","栃木県","栃木県日光市山内","","二荒山神社","","36.75412186000000","139.60455885000000"
"102","377","二荒山神社","別宮本宮神社拝殿","国宝・重要文化財（建造物）","重要文化財","近世以前／神社","","江戸中期","19730602","","栃木県","栃木県日光市山内","","二荒山神社","","36.75446126000000","139.60449054000000"
"102","375","二荒山神社","末社朋友神社本殿","国宝・重要文化財（建造物）","重要文化財","近世以前／神社","","江戸後期","19730602","","栃木県","栃木県日光市山内","","二荒山神社","","36.75877005000000","139.59599212000000"
"102","376","二荒山神社","末社日枝神社本殿","国宝・重要文化財（建造物）","重要文化財","近世以前／寺院","","江戸前期","19730602","","栃木県","栃木県日光市山内","","二荒山神社","","36.75835959000000","139.59600126000000"
"102","373","二荒山神社","神輿舎","国宝・重要文化財（建造物）","重要文化財","近世以前／寺院","","江戸前期","19730602","","栃木県","栃木県日光市山内","","二荒山神社","","36.75849284000000","139.59595194000000"
"102","374","二荒山神社","大国殿","国宝・重要文化財（建造物）","重要文化財","近世以前／寺院","","江戸中期","19730602","","栃木県","栃木県日光市山内","","二荒山神社","","36.75858868000000","139.59607470000000"
"102","344","輪王寺","児玉堂","国宝・重要文化財（建造物）","重要文化財","近世以前／神社","","江戸前期","19440905","","栃木県","栃木県日光市山内","","輪王寺","","36.75640122000000","139.60336755000000"
"102","340","輪王寺","慈眼堂拝殿","国宝・重要文化財（建造物）","重要文化財","近世以前／神社","","江戸前期","19440905","","栃木県","栃木県日光市山内","","輪王寺","","36.75710105000000","139.59525360000000"
"102","334","輪王寺","本坊表門","国宝・重要文化財（建造物）","重要文化財","近世以前／寺院","","江戸中期","19440905","","栃木県","栃木県日光市山内","","輪王寺","","36.75456226000000","139.60008506000000"
"102","346","輪王寺","観音堂","国宝・重要文化財（建造物）","重要文化財","近世以前／寺院","","江戸中期","19730602","","栃木県","栃木県日光市山内","","輪王寺","","36.75489099000000","139.60426685000000"
"102","347","輪王寺","三重塔","国宝・重要文化財（建造物）","重要文化財","近世以前／寺院","","江戸中期","19730602","","栃木県","栃木県日光市山内","","輪王寺","","36.75493131000000","139.60446844000000"
"102","332","輪王寺","本堂（三仏堂）","国宝・重要文化財（建造物）","重要文化財","近世以前／寺院","","江戸前期","19170405","","栃木県","栃木県日光市山内","","輪王寺","","36.75513754000000","139.60043468000000"
"102","345","輪王寺","護法天堂","国宝・重要文化財（建造物）","重要文化財","近世以前／寺院","","江戸前期","19730602","","栃木県","栃木県日光市山内","","輪王寺","","36.75556362000000","139.60048514000000"
"102","343","輪王寺","慈眼堂阿弥陀堂","国宝・重要文化財（建造物）","重要文化財","近世以前／寺院","","江戸前期","19440905","","栃木県","栃木県日光市山内","","輪王寺","","36.75682541000000","139.59515143000000"
"102","342","輪王寺","慈眼堂鐘楼","国宝・重要文化財（建造物）","重要文化財","近世以前／寺院","","江戸前期","19440905","","栃木県","栃木県日光市山内","","輪王寺","","36.75682862000000","139.59535180000000"
"102","341","輪王寺","慈眼堂経蔵","国宝・重要文化財（建造物）","重要文化財","近世以前／寺院","","江戸前期","19440905","","栃木県","栃木県日光市山内","","輪王寺","","36.75693874000000","139.59536015000000"
"102","336","輪王寺","常行堂","国宝・重要文化財（建造物）","重要文化財","近世以前／寺院","","江戸前期","19440905","","栃木県","栃木県日光市山内","","輪王寺","","36.75760561000000","139.59634509000000"
"102","338","輪王寺","常行堂法華堂渡廊","国宝・重要文化財（建造物）","重要文化財","近世以前／寺院","","江戸前期","19440905","","栃木県","栃木県日光市山内","","輪王寺","","36.75771373000000","139.59612370000000"
"102","337","輪王寺","法華堂","国宝・重要文化財（建造物）","重要文化財","近世以前／寺院","","江戸前期","19440905","","栃木県","栃木県日光市山内","","輪王寺","","36.75782700000000","139.59602073000000"
"102","348","輪王寺","大猷院霊廟別当所竜光院","国宝・重要文化財（建造物）","重要文化財","近世以前／寺院","","江戸中期","19730602","","栃木県","栃木県日光市山内","","輪王寺","","36.75913683000000","139.59466080000000"
"102","335","輪王寺","開山堂","国宝・重要文化財（建造物）","重要文化財","近世以前／寺院","","江戸中期","19440905","","栃木県","栃木県日光市山内","","輪王寺","","36.75969609000000","139.59922952000000"
"102","333","輪王寺","相輪橖","国宝・重要文化財（建造物）","重要文化財","近世以前／その他","","江戸前期","19170813","","栃木県","栃木県日光市山内","","輪王寺","","36.75522977000000","139.60000010000000"
"102","339","輪王寺","慈眼堂廟塔","国宝・重要文化財（建造物）","重要文化財","近世以前／その他","","江戸前期","19440905","","栃木県","栃木県日光市山内","","輪王寺","","36.75725459000000","139.59524875000000"
"102","315","輪王寺大猷院霊廟","御供所","国宝・重要文化財（建造物）","重要文化財","近世以前／神社","","江戸前期","19440905","","栃木県","栃木県日光市山内","","輪王寺","","36.75743227000000","139.59403548000000"
"102","316","輪王寺大猷院霊廟","御供所渡廊","国宝・重要文化財（建造物）","重要文化財","近世以前／神社","","江戸前期","19440905","","栃木県","栃木県日光市山内","","輪王寺","","36.75753827000000","139.59415255000000"
"102","313","輪王寺大猷院霊廟","瑞垣","国宝・重要文化財（建造物）","重要文化財","近世以前／神社","","江戸前期","19080801","","栃木県","栃木県日光市山内","","輪王寺","","36.75761291000000","139.59391519000000"
"102","314","輪王寺大猷院霊廟","掖門","国宝・重要文化財（建造物）","重要文化財","近世以前／神社","","江戸前期","19440905","","栃木県","栃木県日光市山内","","輪王寺","","36.75769819000000","139.59385963000000"
"102","327","輪王寺大猷院霊廟","皇嘉門","国宝・重要文化財（建造物）","重要文化財","近世以前／神社","","江戸前期","19080801","","栃木県","栃木県日光市山内","","輪王寺","","36.75778615000000","139.59373671000000"
"102","312","輪王寺大猷院霊廟","唐門","国宝・重要文化財（建造物）","重要文化財","近世以前／神社","","江戸前期","19080801","","栃木県","栃木県日光市山内","","輪王寺","","36.75789113000000","139.59434129000000"
"102","328","輪王寺大猷院霊廟","銅包宝蔵","国宝・重要文化財（建造物）","重要文化財","近世以前／神社","","江戸前期","19440905","","栃木県","栃木県日光市山内","","輪王寺","","36.75790484000000","139.59341553000000"
"102","318","輪王寺大猷院霊廟","夜叉門左右廻廊（左廻廊）","国宝・重要文化財（建造物）","重要文化財","近世以前／神社","","江戸前期","19080801","","栃木県","栃木県日光市山内","","輪王寺","","36.75795474000000","139.59459151000000"
"102","317","輪王寺大猷院霊廟","夜叉門","国宝・重要文化財（建造物）","重要文化財","近世以前／神社","","江戸前期","19080801","","栃木県","栃木県日光市山内","","輪王寺","","36.75802684000000","139.59447276000000"
"102","325","輪王寺大猷院霊廟","宝庫","国宝・重要文化財（建造物）","重要文化財","近世以前／神社","","江戸前期","19080801","","栃木県","栃木県日光市山内","","輪王寺","","36.75809774000000","139.59554330000000"
"102","331","輪王寺大猷院霊廟","奥院拝殿","国宝・重要文化財（建造物）","重要文化財","近世以前／神社","","江戸前期","19080801","","栃木県","栃木県日光市山内","","輪王寺","","36.75811082000000","139.59378689000000"
"102","319","輪王寺大猷院霊廟","夜叉門左右廻廊（右廻廊）","国宝・重要文化財（建造物）","重要文化財","近世以前／神社","","江戸前期","19080801","","栃木県","栃木県日光市山内","","輪王寺","","36.75812226000000","139.59436462000000"
"102","326","輪王寺大猷院霊廟","仁王門","国宝・重要文化財（建造物）","重要文化財","近世以前／神社","","江戸前期","19080801","","栃木県","栃木県日光市山内","","輪王寺","","36.75827102000000","139.59561618000000"
"102","322","輪王寺大猷院霊廟","二天門","国宝・重要文化財（建造物）","重要文化財","近世以前／神社","","江戸前期","19080801","","栃木県","栃木県日光市山内","","輪王寺","","36.75828765000000","139.59513858000000"
"102","323","輪王寺大猷院霊廟","西浄","国宝・重要文化財（建造物）","重要文化財","近世以前／神社","","江戸前期","19440905","","栃木県","栃木県日光市山内","","輪王寺","","36.75837671000000","139.59459575000000"
"102","324","輪王寺大猷院霊廟","水屋","国宝・重要文化財（建造物）","重要文化財","近世以前／神社","","江戸前期","19080801","","栃木県","栃木県日光市山内","","輪王寺","","36.75850606000000","139.59538668000000"
"102","321","輪王寺大猷院霊廟","鼓楼","国宝・重要文化財（建造物）","重要文化財","近世以前／寺院","","江戸前期","19080801","","栃木県","栃木県日光市山内","","輪王寺","","36.75801623000000","139.59472934000000"
"102","320","輪王寺大猷院霊廟","鐘楼","国宝・重要文化財（建造物）","重要文化財","近世以前／寺院","","江戸前期","19080801","","栃木県","栃木県日光市山内","","輪王寺","","36.75820495000000","139.59449397000000"
"102","330","輪王寺大猷院霊廟","奥院鋳抜門","国宝・重要文化財（建造物）","重要文化財","近世以前／その他","","江戸前期","19080801","","栃木県","栃木県日光市山内","","輪王寺","","36.75816726000000","139.59370568000000"
"102","329","輪王寺大猷院霊廟","奥院宝塔","国宝・重要文化財（建造物）","重要文化財","近世以前／その他","","江戸中期","19080801","","栃木県","栃木県日光市山内","","輪王寺","","36.75824015000000","139.59364183000000"
"102","00005150","曹源寺栄螺堂","","国宝・重要文化財（建造物）","重要文化財","近世以前／寺院","","江戸後期","20181225","","群馬県","群馬県太田市東今泉町","","宗教法人曹源寺","","36.32226000000000","139.38565194000000"
"102","422","薬師堂","","国宝・重要文化財（建造物）","重要文化財","近世以前／寺院","","桃山","19120208","","群馬県","群馬県吾妻郡中之条町大字四万","","宗本寺","","36.61412397000000","138.79898212000000"
"102","461","金鑽神社多宝塔","","国宝・重要文化財（建造物）","重要文化財","近世以前／寺院","","室町後期","19120208","","埼玉県","埼玉県児玉郡神川町大字二ノ宮","","金鑽神社","","36.18151327000000","139.07340866000000"
"102","434","喜多院","慈眼堂","国宝・重要文化財（建造物）","重要文化財","近世以前／寺院","","江戸前期","19461129","","埼玉県","埼玉県川越市小仙波町一丁目","","喜多院","","35.91724385000000","139.48952176000000"
"102","435","喜多院","鐘楼門","国宝・重要文化財（建造物）","重要文化財","近世以前／寺院","","江戸中期","19461129","","埼玉県","埼玉県川越市小仙波町一丁目","","喜多院","","35.91782887000000","139.49008678000000"
"102","436","喜多院","山門","国宝・重要文化財（建造物）","重要文化財","近世以前／寺院","","江戸前期","19461129","","埼玉県","埼玉県川越市小仙波町一丁目","","喜多院","","35.91804388000000","139.48946175000000"
"102","433","喜多院","庫裏","国宝・重要文化財（建造物）","重要文化財","近世以前／寺院","","江戸前期","19461129","","埼玉県","埼玉県川越市小仙波町一丁目","","喜多院","","35.91836389000000","139.48885673000000"
"102","432","喜多院","書院","国宝・重要文化財（建造物）","重要文化財","近世以前／住宅","","江戸前期","19461129","","埼玉県","埼玉県川越市小仙波町一丁目","","喜多院","","35.91800888000000","139.48851672000000"
"102","431","喜多院","客殿","国宝・重要文化財（建造物）","重要文化財","近世以前／住宅","","江戸前期","19461129","","埼玉県","埼玉県川越市小仙波町一丁目","","喜多院","","35.91838389000000","139.48857172000000"
"102","454","高倉寺観音堂","","国宝・重要文化財（建造物）","重要文化財","近世以前／寺院","","室町前期","19490530","","埼玉県","埼玉県入間市高倉","","高倉寺","","35.83918989000000","139.37848358000000"
"102","459","広徳寺大御堂","","国宝・重要文化財（建造物）","重要文化財","近世以前／寺院","","室町後期","19380704","","埼玉県","埼玉県比企郡川島町大字表","","広徳寺","","35.97739857000000","139.50422858000000"
"102","458","慈光寺開山塔","","国宝・重要文化財（建造物）","重要文化財","近世以前／寺院","","室町後期","19530829","","埼玉県","埼玉県比企郡ときがわ町大字西平","","慈光寺","","36.01136230000000","139.23326041000000"
"102","451","福徳寺阿弥陀堂","","国宝・重要文化財（建造物）","重要文化財","近世以前／寺院","","鎌倉後期","19490218","","埼玉県","埼玉県飯能市大字虎秀","","福徳寺","","35.89780777000000","139.26044638000000"
"102","259","小山寺三重塔","","国宝・重要文化財（建造物）","重要文化財","近世以前／寺院","","室町中期","19060414","","茨城県","茨城県桜川市富谷","","小山寺","","36.38337936000000","140.09977110000000"
"102","261","西蓮寺仁王門","","国宝・重要文化財（建造物）","重要文化財","近世以前／寺院","","室町後期","19170405","","茨城県","茨城県行方市西蓮寺","","西蓮寺","","36.07131001000000","140.43761122000000"
"102","243","佐竹寺本堂","","国宝・重要文化財（建造物）","重要文化財","近世以前／寺院","","室町後期","19060414","","茨城県","茨城県常陸太田市大字天神林","","佐竹寺","","36.52602649000000","140.50466785000000"
"102","265","善光寺楼門","","国宝・重要文化財（建造物）","重要文化財","近世以前／寺院","","室町後期","19831226","","茨城県","茨城県石岡市太田","","善光寺","","36.30467388000000","140.19874622000000"
"102","237","佛性寺本堂","","国宝・重要文化財（建造物）","重要文化財","近世以前／寺院","","桃山","19880113","","茨城県","茨城県水戸市栗崎","","佛性寺","","36.34551899000000","140.51628853000000"
"102","236","薬王院本堂","","国宝・重要文化財（建造物）","重要文化財","近世以前／寺院","","室町後期","19660611","","茨城県","茨城県水戸市元吉田町","","薬王院","","36.35603047000000","140.47766483000000"
"102","00004146","来迎院多宝塔","","国宝・重要文化財（建造物）","重要文化財","近世以前／寺院","","室町後期","20061219","","茨城県","茨城県龍ケ崎市馴馬町","","来迎院","","35.91766410000000","140.17156243000000"
"102","247","竜禅寺三仏堂","","国宝・重要文化財（建造物）","重要文化財","近世以前／寺院","","室町後期","19760520","","茨城県","茨城県取手市大字米ノ井","","竜禅寺","","35.92253801000000","140.02347846000000"
"102","245","楞厳寺山門","","国宝・重要文化財（建造物）","重要文化財","近世以前／寺院","","室町中期","19170405","","茨城県","茨城県笠間市大字片庭","","楞厳寺","","36.40379456000000","140.20829918000000"
"102","496","石堂寺","多宝塔","国宝・重要文化財（建造物）","重要文化財","近世以前／寺院","","室町後期","19920810","","千葉県","千葉県南房総市石堂","","石堂寺","","35.05198780000000","139.95803885000000"
"102","495","石堂寺","本堂","国宝・重要文化財（建造物）","重要文化財","近世以前／寺院","","室町後期","19160524","","千葉県","千葉県南房総市石堂","","石堂寺","","35.05205687000000","139.95785403000000"
"102","497","石堂寺薬師堂","","国宝・重要文化財（建造物）","重要文化財","近世以前／寺院","","桃山","19680425","","千葉県","千葉県南房総市石堂","","石堂寺","","35.05211082000000","139.95838652000000"
"102","489","栄福寺薬師堂","","国宝・重要文化財（建造物）","重要文化財","近世以前／寺院","","室町後期","19540917","","千葉県","千葉県印西市角田","","栄福寺","","35.78815068000000","140.19348011000000"
"102","00005875","大山寺","不動堂","国宝・重要文化財（建造物）","重要文化財","近世以前／寺院","","江戸後期","20260115","","千葉県","千葉県鴨川市平塚1718番地1","","大山寺","","35.13737778000000","139.96649167000000"
"102","00005876","大山寺","宮殿","国宝・重要文化財（建造物）","重要文化財","近世以前／寺院","","江戸中期","20260115","","千葉県","千葉県鴨川市平塚1718番地1","","大山寺","","35.13737778000000","139.96649167000000"
"102","492","笠森寺観音堂","","国宝・重要文化財（建造物）","重要文化財","近世以前／寺院","","桃山","19080801","","千葉県","千葉県長生郡長南町笠森","","笠森寺","","35.39962177000000","140.19897063000000"
"102","482","西願寺阿弥陀堂","","国宝・重要文化財（建造物）","重要文化財","近世以前／寺院","","室町後期","19160524","","千葉県","千葉県市原市平蔵","","西願寺","","35.34159816000000","140.20392184000000"
"102","476","新勝寺","仁王門","国宝・重要文化財（建造物）","重要文化財","近世以前／寺院","","江戸末期","19800531","","千葉県","千葉県成田市成田","","新勝寺","","35.78509738000000","140.31816149000000"
"102","475","新勝寺","三重塔","国宝・重要文化財（建造物）","重要文化財","近世以前／寺院","","江戸中期","19800531","","千葉県","千葉県成田市成田","","新勝寺","","35.78559334000000","140.31854103000000"
"102","474","新勝寺","釈迦堂","国宝・重要文化財（建造物）","重要文化財","近世以前／寺院","","江戸末期","19800531","","千葉県","千葉県成田市成田","","新勝寺","","35.78641300000000","140.31717403000000"
"102","477","新勝寺","額堂","国宝・重要文化財（建造物）","重要文化財","近世以前／寺院","","江戸末期","19800531","","千葉県","千葉県成田市成田","","新勝寺","","35.78691648000000","140.31825818000000"
"102","473","新勝寺","光明堂","国宝・重要文化財（建造物）","重要文化財","近世以前／寺院","","江戸中期","19800531","","千葉県","千葉県成田市成田","","新勝寺","","35.78706409000000","140.31855303000000"
"102","485","神野寺表門","","国宝・重要文化財（建造物）","重要文化財","近世以前／寺院","","室町後期","19160524","","千葉県","千葉県君津市鹿野山","","神野寺","","35.25429680000000","139.96335513000000"
"102","487","泉福寺薬師堂","","国宝・重要文化財（建造物）","重要文化財","近世以前／寺院","","室町後期","19770627","","千葉県","千葉県印西市岩戸","","泉福寺","","35.76546408000000","140.17046030000000"
"102","494","大聖寺不動堂","","国宝・重要文化財（建造物）","重要文化財","近世以前／寺院","","室町後期","19160524","","千葉県","千葉県いすみ市井大原","","大聖寺","","35.24841555000000","140.40025414000000"
"102","481","飯高寺","総門","国宝・重要文化財（建造物）","重要文化財","近世以前／寺院","","江戸中期","19800531","","千葉県","千葉県匝瑳市飯高","","飯高寺","","35.74244365000000","140.52851855000000"
"102","480","飯高寺","鼓楼","国宝・重要文化財（建造物）","重要文化財","近世以前／寺院","","江戸中期","19800531","","千葉県","千葉県匝瑳市飯高","","飯高寺","","35.74406363000000","140.52927011000000"
"102","479","飯高寺","鐘楼","国宝・重要文化財（建造物）","重要文化財","近世以前／寺院","","江戸前期","19800531","","千葉県","千葉県匝瑳市飯高","","飯高寺","","35.74431417000000","140.52903550000000"
"102","478","飯高寺","講堂","国宝・重要文化財（建造物）","重要文化財","近世以前／寺院","","江戸前期","19800531","","千葉県","千葉県匝瑳市飯高","","飯高寺","","35.74441570000000","140.52929417000000"
"102","486","宝珠院観音堂","","国宝・重要文化財（建造物）","重要文化財","近世以前／寺院","","室町後期","19340130","","千葉県","千葉県印西市小倉三門口","","宝珠院","","35.81573058000000","140.11516215000000"
"102","483","鳳来寺観音堂","","国宝・重要文化財（建造物）","重要文化財","近世以前／寺院","","室町後期","19311214","","千葉県","千葉県市原市吉沢","","鳳来寺","","35.33721296000000","140.18962337000000"
"102","464","法華経寺五重塔","","国宝・重要文化財（建造物）","重要文化財","近世以前／寺院","","江戸前期","19160524","","千葉県","千葉県市川市中山町","","法華教寺","","35.72001319000000","139.94880355000000"
"102","466","法華経寺四足門","","国宝・重要文化財（建造物）","重要文化財","近世以前／寺院","","室町後期","19160524","","千葉県","千葉県市川市中山町","","法華教寺","","35.72047474000000","139.94794333000000"
"102","467","法華経寺祖師堂","","国宝・重要文化財（建造物）","重要文化財","近世以前／寺院","","江戸中期","19850518","","千葉県","千葉県市川市中山町","","法華教寺","","35.72031169000000","139.94820058000000"
"102","465","法華経寺法華堂","","国宝・重要文化財（建造物）","重要文化財","近世以前／寺院","","室町後期","19160524","","千葉県","千葉県市川市中山町","","法華教寺","","35.72057739000000","139.94786241000000"
"102","490","竜正院仁王門","","国宝・重要文化財（建造物）","重要文化財","近世以前／寺院","","室町後期","19160524","","千葉県","千葉県成田市下総町滑川","","竜正院","","35.86667230000000","140.34164811000000"
"102","00004464","池上本門寺宝塔","","国宝・重要文化財（建造物）","重要文化財","近世以前／寺院","","江戸後期","20101224","","東京都","東京都大田区池上一丁目","","池上本門寺","","35.58006717000000","139.70419986000000"
"102","556","円融寺本堂","","国宝・重要文化財（建造物）","重要文化財","近世以前／寺院","","室町中期","19110417","","東京都","東京都目黒区碑文谷一丁目","","円融寺","","35.61960146000000","139.68969887000000"
"102","546","寛永寺旧本坊表門（黒門）","","国宝・重要文化財（建造物）","重要文化財","近世以前／寺院","","江戸前期","19461129","","東京都","東京都台東区上野公園","","宗教法人　輪王寺","","35.71679587000000","139.77736253000000"
"102","545","寛永寺清水堂","","国宝・重要文化財（建造物）","重要文化財","近世以前／寺院","","江戸前期","19461129","","東京都","東京都台東区上野公園","","寛永寺","","35.71258744000000","139.77356987000000"
"102","532","旧寛永寺五重塔","","国宝・重要文化財（建造物）","重要文化財","近世以前／寺院","","江戸前期","19110417","","東京都","東京都台東区上野公園","","東京都","","35.71544950000000","139.77136136000000"
"102","566","観音寺阿弥陀堂","","国宝・重要文化財（建造物）","重要文化財","近世以前／寺院","","室町後期","19461129","","東京都","東京都青梅市塩船","","観音寺","","35.80365822000000","139.28174482000000"
"102","567","観音寺仁王門","","国宝・重要文化財（建造物）","重要文化財","近世以前／寺院","","室町後期","19461129","","東京都","東京都青梅市塩船","","観音寺","","35.80325894000000","139.28204388000000"
"102","565","観音寺本堂","","国宝・重要文化財（建造物）","重要文化財","近世以前／寺院","","室町後期","19461129","","東京都","東京都青梅市塩船","","観音寺","","35.80422190000000","139.28125159000000"
"102","518","護国寺本堂","","国宝・重要文化財（建造物）","重要文化財","近世以前／寺院","","江戸中期","19310119","","東京都","東京都文京区大塚五丁目","","護国寺","","35.72182412000000","139.72559266000000"
"102","571","金剛寺仁王門","","国宝・重要文化財（建造物）","重要文化財","近世以前／寺院","","室町後期","19461129","","東京都","東京都日野市高幡","","金剛寺","","35.66204055000000","139.41103132000000"
"102","570","金剛寺不動堂","","国宝・重要文化財（建造物）","重要文化財","近世以前／寺院","","室町前期","19461129","","東京都","東京都日野市高幡","","金剛寺","","35.66207027000000","139.41064547000000"
"102","551","旧十輪院宝蔵","","国宝・重要文化財（建造物）","重要文化財","近世以前／寺院","","鎌倉前期","19530829","","東京都","東京都台東区上野公園13番9号東京国立博物館構内","","独立行政法人国立博物館","","35.71888074000000","139.77464047000000"
"102","572","正福寺地蔵堂","","国宝・重要文化財（建造物）","国宝","近世以前／寺院","","室町中期","19280404","19520329","東京都","東京都東村山市野口町四丁目","","正福寺","","35.76409603000000","139.45917189000000"
"102","512","瑞聖寺大雄宝殿","","国宝・重要文化財（建造物）","重要文化財","近世以前／寺院","","江戸後期","19920810","","東京都","東京都港区白金台三丁目","","瑞聖寺","","35.63729375000000","139.72693305000000"
"102","00004802","浅草寺伝法院","玄関","国宝・重要文化財（建造物）","重要文化財","近世以前／寺院","","江戸後期","20150708","","東京都","東京都台東区浅草二丁目四九番地","","浅草寺","","35.71307800000000","139.79545400000000"
"102","00004806","浅草寺伝法院","台所","国宝・重要文化財（建造物）","重要文化財","近世以前／寺院","","明治","20150708","","東京都","東京都台東区浅草二丁目四九番地","","浅草寺","","35.71319300000000","139.79526400000000"
"102","00004805","浅草寺伝法院","新書院","国宝・重要文化財（建造物）","重要文化財","近世以前／寺院","","大正","20150708","","東京都","東京都台東区浅草二丁目四九番地","","浅草寺","","35.71323000000000","139.79509900000000"
"102","00004801","浅草寺伝法院","客殿","国宝・重要文化財（建造物）","重要文化財","近世以前／寺院","","江戸後期","20150708","","東京都","東京都台東区浅草二丁目四九番地","","浅草寺","","35.71326000000000","139.79547300000000"
"102","00004804","浅草寺伝法院","小書院","国宝・重要文化財（建造物）","重要文化財","近世以前／寺院","","明治","20150708","","東京都","東京都台東区浅草二丁目四九番地","","浅草寺","","35.71334800000000","139.79522200000000"
"102","00004803","浅草寺伝法院","大書院","国宝・重要文化財（建造物）","重要文化財","近世以前／寺院","","明治","20150708","","東京都","東京都台東区浅草二丁目四九番地","","浅草寺","","35.71342900000000","139.79506000000000"
"102","547","浅草寺二天門","","国宝・重要文化財（建造物）","重要文化財","近世以前／寺院","","江戸前期","19461129","","東京都","東京都台東区浅草二丁目","","浅草寺","","35.71439810000000","139.79760552000000"
"102","511","増上寺三解脱門","","国宝・重要文化財（建造物）","重要文化財","近世以前／寺院","","江戸前期","19150326","","東京都","東京都港区芝公園四丁目7番35号","","増上寺","","35.65724511000000","139.75002732000000"
"102","557","本門寺五重塔","","国宝・重要文化財（建造物）","重要文化財","近世以前／寺院","","桃山","19110417","","東京都","東京都大田区池上一丁目","","池上本門寺","","35.57812994000000","139.70632763000000"
"102","00004636","英勝寺","鐘楼","国宝・重要文化財（建造物）","重要文化財","近世以前／寺院","","江戸前期","20130807","","神奈川県","神奈川県鎌倉市扇ガ谷一丁目","","英勝寺","","35.32478735000000","139.55012290000000"
"102","00004635","英勝寺","山門","国宝・重要文化財（建造物）","重要文化財","近世以前／寺院","","江戸前期","20130807","","神奈川県","神奈川県鎌倉市扇ガ谷一丁目","","英勝寺","","35.32481828000000","139.54987781000000"
"102","00004637","英勝寺","祠堂","国宝・重要文化財（建造物）","重要文化財","近世以前／寺院","","江戸前期","20130807","","神奈川県","神奈川県鎌倉市扇ガ谷一丁目","","英勝寺","","35.32487539000000","139.54969935000000"
"102","00004638","英勝寺","祠堂門","国宝・重要文化財（建造物）","重要文化財","近世以前／寺院","","江戸前期","20130807","","神奈川県","神奈川県鎌倉市扇ガ谷一丁目","","英勝寺","","35.32492536000000","139.54977787000000"
"102","00004634","英勝寺","仏殿","国宝・重要文化財（建造物）","重要文化財","近世以前／寺院","","江戸前期","20130807","","神奈川県","神奈川県鎌倉市扇ガ谷一丁目","","英勝寺","","35.32500626000000","139.54988495000000"
"102","603","円覚寺舎利殿","","国宝・重要文化財（建造物）","国宝","近世以前／寺院","","室町中期","18990405","19510609","神奈川県","神奈川県鎌倉市山ノ内","","円覚寺","","35.33930548000000","139.54895116000000"
"102","612","建長寺唐門","","国宝・重要文化財（建造物）","重要文化財","近世以前／寺院","","江戸前期","19220413","","神奈川県","神奈川県鎌倉市山ノ内","","建長寺","","35.33182273000000","139.55500856000000"
"102","00003913","建長寺山門","","国宝・重要文化財（建造物）","重要文化財","近世以前／寺院","","江戸後期","20050722","","神奈川県","神奈川県鎌倉市山ノ内","","建長寺","","35.33090301000000","139.55418507000000"
"102","611","建長寺昭堂","","国宝・重要文化財（建造物）","重要文化財","近世以前／寺院","","室町後期","19220413","","神奈川県","神奈川県鎌倉市山ノ内","","建長寺","","35.33059173000000","139.55560487000000"
"102","00003914","建長寺法堂","","国宝・重要文化財（建造物）","重要文化財","近世以前／寺院","","江戸後期","20050722","","神奈川県","神奈川県鎌倉市山ノ内","","建長寺","","35.33139483000000","139.55490667000000"
"102","610","建長寺仏殿","","国宝・重要文化財（建造物）","重要文化財","近世以前／寺院","","江戸前期","19220413","","神奈川県","神奈川県鎌倉市山ノ内","","建長寺","","35.33126179000000","139.55466882000000"
"102","2079","光明寺本堂","","国宝・重要文化財（建造物）","重要文化財","近世以前／寺院","","江戸中期","19991201","","神奈川県","神奈川県鎌倉市材木座六丁目854番","","光明寺","","35.30327750000000","139.55472570000000"
"102","602","光明寺本堂内厨子","","国宝・重要文化財（建造物）","重要文化財","近世以前／寺院","","室町後期","19700617","","神奈川県","神奈川県平塚市南金目","","光明寺","","35.35876775000000","139.28877418000000"
"102","586","天授院","","国宝・重要文化財（建造物）","重要文化財","近世以前／寺院","","江戸前期","19600609","","神奈川県","神奈川県横浜市中区本牧三之谷58番1号","","公益財団法人三溪園保勝会","","35.41758294000000","139.65726438000000"
"102","581","旧天瑞寺寿塔覆堂","","国宝・重要文化財（建造物）","重要文化財","近世以前／寺院","","桃山","19311214","","神奈川県","神奈川県横浜市中区本牧三之谷58番1号","","公益財団法人三溪園保勝会","","35.41677491000000","139.65790784000000"
"102","583","旧東慶寺仏殿","","国宝・重要文化財（建造物）","重要文化財","近世以前／寺院","","江戸前期","19311214","","神奈川県","神奈川県横浜市中区本牧三之谷58番1号","","公益財団法人三溪園保勝会","","35.41512877000000","139.65942705000000"
"102","584","旧燈明寺三重塔","","国宝・重要文化財（建造物）","重要文化財","近世以前／寺院","","室町前期","19311214","","神奈川県","神奈川県横浜市中区本牧三之谷58番1号","","公益財団法人三溪園保勝会","","35.41636298000000","139.65922888000000"
"102","575","旧燈明寺本堂","","国宝・重要文化財（建造物）","重要文化財","近世以前／寺院","","室町前期","19210430","","神奈川県","神奈川県横浜市中区本牧三之谷58番1号","","公益財団法人三溪園保勝会","","35.41623356000000","139.66039370000000"
"102","625","宝城坊旧本堂内厨子","","国宝・重要文化財（建造物）","重要文化財","近世以前／寺院","","室町前期","19680425","","神奈川県","神奈川県伊勢原市日向","宝城坊","宝城坊","","35.43971260000000","139.27519783000000"
"102","626","宝城坊本堂","","国宝・重要文化財（建造物）","重要文化財","近世以前／寺院","","江戸前期","19951226","","神奈川県","神奈川県伊勢原市日向","","宝城坊","","35.43956998000000","139.27518769000000"
"102","639","魚沼神社阿弥陀堂","","国宝・重要文化財（建造物）","重要文化財","近世以前／寺院","","室町後期","19060414","","新潟県","新潟県小千谷市土川二丁目","","魚沼神社","","37.30481101000000","138.78798013000000"
"102","644","乙宝寺三重塔","","国宝・重要文化財（建造物）","重要文化財","近世以前／寺院","","江戸前期","19230328","","新潟県","新潟県胎内市乙","","乙宝寺","","38.11998653000000","139.40369265000000"
"102","659","護徳寺観音堂","","国宝・重要文化財（建造物）","重要文化財","近世以前／寺院","","室町後期","19630701","","新潟県","新潟県東蒲原郡阿賀町大字日出谷甲","","護徳寺","","37.71777593000000","139.52575127000000"
"102","645","種月寺本堂","","国宝・重要文化財（建造物）","重要文化財","近世以前／寺院","","江戸中期","19890902","","新潟県","新潟県新潟市西蒲区石瀬","","種月寺","","37.72729079000000","138.83476747000000"
"102","643","浄興寺本堂","","国宝・重要文化財（建造物）","重要文化財","近世以前／寺院","","江戸中期","19890902","","新潟県","新潟県上越市寺町二丁目","","浄興寺","","37.11234018000000","138.23732287000000"
"102","641","浄念寺本堂","","国宝・重要文化財（建造物）","重要文化財","近世以前／寺院","","江戸後期","19910531","","新潟県","新潟県村上市寺町","","浄念寺","","38.22490932000000","139.47640711000000"
"102","634","大泉寺観音堂","","国宝・重要文化財（建造物）","重要文化財","近世以前／寺院","","桃山","19060414","","新潟県","新潟県柏崎市大字大清水","","大泉寺","","37.30104733000000","138.42358911000000"
"102","662","平等寺薬師堂","","国宝・重要文化財（建造物）","重要文化財","近世以前／寺院","","室町後期","19230328","","新潟県","新潟県東蒲原郡阿賀町岩谷","","平等寺","","37.72067937000000","139.36017724000000"
"102","697","妙宣寺五重塔","","国宝・重要文化財（建造物）","重要文化財","近世以前／寺院","","江戸後期","19861220","","新潟県","新潟県佐渡市阿仏坊","","妙宣寺","","37.97142015000000","138.37297857000000"
"102","699","蓮華峰寺弘法堂","","国宝・重要文化財（建造物）","重要文化財","近世以前／寺院","","桃山","19060414","","新潟県","新潟県佐渡市小比叡","","蓮華峰寺","","37.83679117000000","138.28687653000000"
"102","700","蓮華峰寺骨堂","","国宝・重要文化財（建造物）","重要文化財","近世以前／寺院","","室町前期","19890902","","新潟県","新潟県佐渡市小比叡","","蓮華峰寺","","37.83638275000000","138.28779061000000"
"102","698","蓮華峰寺金堂","","国宝・重要文化財（建造物）","重要文化財","近世以前／寺院","","室町中期","19060414","","新潟県","新潟県佐渡市小比叡","","蓮華峰寺","","37.83604934000000","138.28785174000000"
"102","722","勝興寺","本堂","国宝・重要文化財（建造物）","国宝","近世以前／寺院","","江戸後期","19880113","20221212","富山県","富山県高岡市伏木古国府","","宗教法人勝興寺","","36.79234024000000","137.05308136000000"
"102","730","勝興寺","大広間及び式台","国宝・重要文化財（建造物）","国宝","近世以前／寺院","","江戸中期","19951226","20221212","富山県","富山県高岡市伏木古国府","","宗教法人勝興寺","","36.79308436000000","137.05321959000000"
"102","724","勝興寺","経堂","国宝・重要文化財（建造物）","重要文化財","近世以前／寺院","","江戸後期","19951226","","富山県","富山県高岡市伏木古国府","","勝興寺","","36.79206083000000","137.05354018000000"
"102","723","勝興寺","唐門","国宝・重要文化財（建造物）","重要文化財","近世以前／寺院","","江戸後期","19880113","","富山県","富山県高岡市伏木古国府","","勝興寺","","36.79243730000000","137.05396959000000"
"102","725","勝興寺","御霊屋","国宝・重要文化財（建造物）","重要文化財","近世以前／寺院","","江戸後期","19951226","","富山県","富山県高岡市伏木古国府","","勝興寺","","36.79266083000000","137.05273136000000"
"102","733","勝興寺","御内仏","国宝・重要文化財（建造物）","重要文化財","近世以前／寺院","","江戸中期","19951226","","富山県","富山県高岡市伏木古国府","","勝興寺","","36.79276671000000","137.05273724000000"
"102","726","勝興寺","鼓堂","国宝・重要文化財（建造物）","重要文化財","近世以前／寺院","","江戸中期","19951226","","富山県","富山県高岡市伏木古国府","","勝興寺","","36.79276671000000","137.05404606000000"
"102","728","勝興寺","総門","国宝・重要文化財（建造物）","重要文化財","近世以前／寺院","","江戸末期","19951226","","富山県","富山県高岡市伏木古国府","","勝興寺","","36.79280495000000","137.05440782000000"
"102","727","勝興寺","宝蔵","国宝・重要文化財（建造物）","重要文化財","近世以前／寺院","","江戸末期","19951226","","富山県","富山県高岡市伏木古国府","","勝興寺","","36.79280789000000","137.05363724000000"
"102","732","勝興寺","書院及び奥書院","国宝・重要文化財（建造物）","重要文化財","近世以前／寺院","","江戸中期","19951226","","富山県","富山県高岡市伏木古国府","","勝興寺","","36.79295201000000","137.05278136000000"
"102","729","勝興寺","式台門","国宝・重要文化財（建造物）","重要文化財","近世以前／寺院","","江戸後期","19951226","","富山県","富山県高岡市伏木古国府","","勝興寺","","36.79311671000000","137.05364312000000"
"102","731","勝興寺","台所","国宝・重要文化財（建造物）","重要文化財","近世以前／寺院","","江戸末期","19951226","","富山県","富山県高岡市伏木古国府","","勝興寺","","36.79326671000000","137.05318724000000"
"102","712","瑞龍寺","山門","国宝・重要文化財（建造物）","国宝","近世以前／寺院","","江戸後期","19820611","19971203","富山県","富山県高岡市関本町","","瑞龍寺","","36.73555094000000","137.01152326000000"
"102","710","瑞龍寺","仏殿","国宝・重要文化財（建造物）","国宝","近世以前／寺院","","江戸前期","19090405","19971203","富山県","富山県高岡市関本町","","瑞龍寺","","36.73560000000000","137.01086848000000"
"102","711","瑞龍寺","法堂","国宝・重要文化財（建造物）","国宝","近世以前／寺院","","江戸前期","19280404","19971203","富山県","富山県高岡市関本町","","瑞龍寺","","36.73567464000000","137.01039500000000"
"102","714","瑞龍寺","禅堂","国宝・重要文化財（建造物）","重要文化財","近世以前／寺院","","江戸末期","19820611","","富山県","富山県高岡市関本町","","瑞龍寺","","36.73526941000000","137.01116921000000"
"102","718","瑞龍寺","南東回廊","国宝・重要文化財（建造物）","重要文化財","近世以前／寺院","","江戸中期","19820611","","富山県","富山県高岡市関本町","","瑞龍寺","","36.73533126000000","137.01139955000000"
"102","719","瑞龍寺","南西回廊","国宝・重要文化財（建造物）","重要文化財","近世以前／寺院","","江戸中期","19820611","","富山県","富山県高岡市関本町","","瑞龍寺","","36.73537392000000","137.01061681000000"
"102","713","瑞龍寺","総門","国宝・重要文化財（建造物）","重要文化財","近世以前／寺院","","江戸前期","19280404","","富山県","富山県高岡市関本町","","瑞龍寺","","36.73551042000000","137.01213964000000"
"102","716","瑞龍寺","高廊下","国宝・重要文化財（建造物）","重要文化財","近世以前／寺院","","江戸前期","19820611","","富山県","富山県高岡市関本町","","瑞龍寺","","36.73581541000000","137.01051870000000"
"102","717","瑞龍寺","北回廊","国宝・重要文化財（建造物）","重要文化財","近世以前／寺院","","江戸中期","19820611","","富山県","富山県高岡市関本町","","瑞龍寺","","36.73585593000000","137.01100925000000"
"102","715","瑞龍寺","大茶堂","国宝・重要文化財（建造物）","重要文化財","近世以前／寺院","","江戸末期","19971203","","富山県","富山県高岡市関本町","","瑞龍寺","","36.73593271000000","137.01053790000000"
"102","00005615","總持寺祖院","伝燈院御霊屋","国宝・重要文化財（建造物）","重要文化財","近世以前／神社","","江戸後期","20241209","","石川県","石川県輪島市門前町門前","","宗教法人大本山總持寺祖院","","37.28680278000000","136.77074167000000"
"102","00005618","總持寺祖院","白山社本殿","国宝・重要文化財（建造物）","重要文化財","近世以前／神社","","江戸前期","20241209","","石川県","石川県輪島市門前町門前","","宗教法人大本山總持寺祖院","","37.28734722000000","136.76983333000000"
"102","00005612","總持寺祖院","放光堂","国宝・重要文化財（建造物）","重要文化財","近世以前／寺院","","江戸後期","20241209","","石川県","石川県輪島市門前町門前","","宗教法人大本山總持寺祖院","","37.28666111000000","136.77064167000000"
"102","00005621","總持寺祖院","三樹松関","国宝・重要文化財（建造物）","重要文化財","近世以前／寺院","","江戸後期","20241209","","石川県","石川県輪島市門前町門前","","宗教法人大本山總持寺祖院","","37.28683333000000","136.76859722000000"
"102","00005617","總持寺祖院","慈雲閣観音堂","国宝・重要文化財（建造物）","重要文化財","近世以前／寺院","","江戸後期","20241209","","石川県","石川県輪島市門前町門前","","宗教法人大本山總持寺祖院","","37.28691944000000","136.77088889000000"
"102","00005620","總持寺祖院","経蔵","国宝・重要文化財（建造物）","重要文化財","近世以前／寺院","","江戸中期","20241209","","石川県","石川県輪島市門前町門前","","宗教法人大本山總持寺祖院","","37.28702778000000","136.76942500000000"
"102","00005622","總持寺祖院","裏門","国宝・重要文化財（建造物）","重要文化財","近世以前／寺院","","江戸後期","20241209","","石川県","石川県輪島市門前町門前","","宗教法人大本山總持寺祖院","","37.28722222000000","136.76954444000000"
"102","00005619","總持寺祖院","白山蔵","国宝・重要文化財（建造物）","重要文化財","近世以前／その他","","江戸後期","20241209","","石川県","石川県輪島市門前町門前","","宗教法人大本山總持寺祖院","","37.28694722000000","136.76968889000000"
"102","00005608","總持寺祖院","仏殿","国宝・重要文化財（建造物）","重要文化財","近代／宗教","","大正","20241209","","石川県","石川県輪島市門前町門前","","宗教法人大本山總持寺祖院","","37.28606667000000","136.77002500000000"
"102","00005613","總持寺祖院","慧心廊","国宝・重要文化財（建造物）","重要文化財","近代／宗教","","大正","20241209","","石川県","石川県輪島市門前町門前","","宗教法人大本山總持寺祖院","","37.28610278000000","136.77035000000000"
"102","00005607","總持寺祖院","大祖堂","国宝・重要文化財（建造物）","重要文化財","近代／宗教","","大正","20241209","","石川県","石川県輪島市門前町門前","","宗教法人大本山總持寺祖院","","37.28637500000000","136.77047778000000"
"102","00005609","總持寺祖院","山門","国宝・重要文化財（建造物）","重要文化財","近代／宗教","","昭和","20241209","","石川県","石川県輪島市門前町門前","","宗教法人大本山總持寺祖院","","37.28671389000000","136.76981111000000"
"102","00005616","總持寺祖院","伝燈院唐門","国宝・重要文化財（建造物）","重要文化財","近代／宗教","","大正","20241209","","石川県","石川県輪島市門前町門前","","宗教法人大本山總持寺祖院","","37.28680278000000","136.77057500000000"
"102","00005614","總持寺祖院","玄風廊","国宝・重要文化財（建造物）","重要文化財","近代／宗教","","大正","20241209","","石川県","石川県輪島市門前町門前","","宗教法人大本山總持寺祖院","","37.28688056000000","136.77048889000000"
"102","00005611","總持寺祖院","鐘鼓楼及び回廊（回廊）","国宝・重要文化財（建造物）","重要文化財","近代／宗教","","大正","20241209","","石川県","石川県輪島市門前町門前","","宗教法人大本山總持寺祖院","","37.28696111000000","136.76985556000000"
"102","00005610","總持寺祖院","鐘鼓楼及び回廊（鐘鼓楼）","国宝・重要文化財（建造物）","重要文化財","近代／宗教","","大正","20241209","","石川県","石川県輪島市門前町門前","","宗教法人大本山總持寺祖院","","37.28696944000000","136.76985278000000"
"102","770","大乗寺仏殿","","国宝・重要文化財（建造物）","重要文化財","近世以前／寺院","","江戸中期","19830602","","石川県","石川県金沢市長坂町","","大乗寺","","36.53276212000000","136.65879617000000"
"102","778","那谷寺護摩堂","","国宝・重要文化財（建造物）","重要文化財","近世以前／寺院","","江戸前期","19411106","","石川県","石川県小松市那谷町","","那谷寺","","36.31178435000000","136.41974825000000"
"102","777","那谷寺三重塔","","国宝・重要文化財（建造物）","重要文化財","近世以前／寺院","","江戸前期","19411106","","石川県","石川県小松市那谷町","","那谷寺","","36.31100065000000","136.42097420000000"
"102","780","那谷寺書院及び庫裏","","国宝・重要文化財（建造物）","重要文化財","近世以前／寺院","","江戸前期","19531114","","石川県","石川県小松市那谷町","","那谷寺","","36.31327541000000","136.42060603000000"
"102","779","那谷寺鐘楼","","国宝・重要文化財（建造物）","重要文化財","近世以前／寺院","","江戸前期","19411106","","石川県","石川県小松市那谷町","","那谷寺","","36.31225541000000","136.41970935000000"
"102","774","那谷寺本堂","本殿","国宝・重要文化財（建造物）","重要文化財","近世以前／寺院","","桃山","19411106","","石川県","石川県小松市那谷町","","那谷寺","","36.31154444000000","136.42140489000000"
"102","775","那谷寺本堂","唐門","国宝・重要文化財（建造物）","重要文化財","近世以前／寺院","","桃山","19411106","","石川県","石川県小松市那谷町","","那谷寺","","36.31156102000000","136.42138534000000"
"102","776","那谷寺本堂","拝殿","国宝・重要文化財（建造物）","重要文化財","近世以前／寺院","","桃山","19411106","","石川県","石川県小松市那谷町","","那谷寺","","36.31158278000000","136.42135617000000"
"102","804","妙成寺経堂","","国宝・重要文化財（建造物）","重要文化財","近世以前／寺院","","江戸中期","19170813","","石川県","石川県羽咋市滝谷町","","妙成寺","","36.95359318000000","136.77584229000000"
"102","805","妙成寺庫裏","","国宝・重要文化財（建造物）","重要文化財","近世以前／寺院","","江戸前期","19650529","","石川県","石川県羽咋市滝谷町","","妙成寺","","36.95412978000000","136.77702170000000"
"102","798","妙成寺五重塔","","国宝・重要文化財（建造物）","重要文化財","近世以前／寺院","","江戸前期","19060414","","石川県","石川県羽咋市滝谷町","","妙成寺","","36.95383074000000","136.77565504000000"
"102","803","妙成寺三光堂","","国宝・重要文化財（建造物）","重要文化財","近世以前／寺院","","江戸前期","19170813","","石川県","石川県羽咋市滝谷町","","妙成寺","","36.95441765000000","136.77574448000000"
"102","801","妙成寺鐘楼","","国宝・重要文化財（建造物）","重要文化財","近世以前／寺院","","江戸前期","19170813","","石川県","石川県羽咋市滝谷町","","妙成寺","","36.95400961000000","136.77625034000000"
"102","797","妙成寺祖師堂","","国宝・重要文化財（建造物）","重要文化財","近世以前／寺院","","桃山","19060414","","石川県","石川県羽咋市滝谷町","","妙成寺","","36.95442883000000","136.77625034000000"
"102","799","妙成寺二王門","","国宝・重要文化財（建造物）","重要文化財","近世以前／寺院","","江戸前期","19170813","","石川県","石川県羽咋市滝谷町","","妙成寺","","36.95385589000000","136.77628387000000"
"102","796","妙成寺本堂","","国宝・重要文化財（建造物）","重要文化財","近世以前／寺院","","桃山","19060414","","石川県","石川県羽咋市滝谷町","","妙成寺","","36.95443721000000","136.77599042000000"
"102","00005070","永平寺","仏殿","国宝・重要文化財（建造物）","重要文化財","近世以前／寺院","","明治","20190930","","福井県","福井県吉田郡永平寺町志比","","宗教法人
大本山永平寺","","36.09617750000000","136.32872472000000"
"102","00005071","永平寺","法堂","国宝・重要文化財（建造物）","重要文化財","近世以前／寺院","","江戸末期","20190930","","福井県","福井県吉田郡永平寺町志比","","宗教法人
大本山永平寺","","36.09617750000000","136.32872472000000"
"102","00005072","永平寺","山門","国宝・重要文化財（建造物）","重要文化財","近世以前／寺院","","江戸中期","20190930","","福井県","福井県吉田郡永平寺町志比","","宗教法人
大本山永平寺","","36.09617750000000","136.32872472000000"
"102","00005073","永平寺","中雀門","国宝・重要文化財（建造物）","重要文化財","近世以前／寺院","","江戸後期","20190930","","福井県","福井県吉田郡永平寺町志比","","宗教法人
大本山永平寺","","36.09617750000000","136.32872472000000"
"102","00005074","永平寺","僧堂","国宝・重要文化財（建造物）","重要文化財","近世以前／寺院","","明治","20190930","","福井県","福井県吉田郡永平寺町志比","","宗教法人
大本山永平寺","","36.09617750000000","136.32872472000000"
"102","00005075","永平寺","大庫院","国宝・重要文化財（建造物）","重要文化財","近世以前／寺院","","昭和","20190930","","福井県","福井県吉田郡永平寺町志比","","宗教法人
大本山永平寺","","36.09617750000000","136.32872472000000"
"102","00005076","永平寺","大光明蔵","国宝・重要文化財（建造物）","重要文化財","近世以前／寺院","","昭和","20190930","","福井県","福井県吉田郡永平寺町志比","","宗教法人
大本山永平寺","","36.09617750000000","136.32872472000000"
"102","00005077","永平寺","監院寮","国宝・重要文化財（建造物）","重要文化財","近世以前／寺院","","昭和","20190930","","福井県","福井県吉田郡永平寺町志比","","宗教法人
大本山永平寺","","36.09617750000000","136.32872472000000"
"102","00005078","永平寺","廻廊","国宝・重要文化財（建造物）","重要文化財","近世以前／寺院","","昭和","20190930","","福井県","福井県吉田郡永平寺町志比","","宗教法人
大本山永平寺","","36.09617750000000","136.32872472000000"
"102","00005079","永平寺","承陽殿本殿及び拝殿","国宝・重要文化財（建造物）","重要文化財","近世以前／寺院","","明治","20190930","","福井県","福井県吉田郡永平寺町志比","","宗教法人
大本山永平寺","","36.09617750000000","136.32872472000000"
"102","00005080","永平寺","承陽門","国宝・重要文化財（建造物）","重要文化財","近世以前／寺院","","明治","20190930","","福井県","福井県吉田郡永平寺町志比","","宗教法人
大本山永平寺","","36.09617750000000","136.32872472000000"
"102","00005081","永平寺","経蔵","国宝・重要文化財（建造物）","重要文化財","近世以前／寺院","","江戸末期","20190930","","福井県","福井県吉田郡永平寺町志比","","宗教法人
大本山永平寺","","36.09617750000000","136.32872472000000"
"102","00005082","永平寺","松平家廟所門","国宝・重要文化財（建造物）","重要文化財","近世以前／寺院","","江戸前期","20190930","","福井県","福井県吉田郡永平寺町志比","","宗教法人
大本山永平寺","","36.09617750000000","136.32872472000000"
"102","00005083","永平寺","舎利殿及び祠堂殿","国宝・重要文化財（建造物）","重要文化財","近世以前／寺院","","江戸末期","20190930","","福井県","福井県吉田郡永平寺町志比","","宗教法人
大本山永平寺","","36.09617750000000","136.32872472000000"
"102","00005084","永平寺","勅使門","国宝・重要文化財（建造物）","重要文化財","近世以前／寺院","","江戸末期","20190930","","福井県","福井県吉田郡永平寺町志比","","宗教法人
大本山永平寺","","36.09617750000000","136.32872472000000"
"102","00004274","西福寺","書院及び庫裏","国宝・重要文化財（建造物）","重要文化財","近世以前／寺院","","江戸中期","20080609","","福井県","福井県敦賀市原","","西福寺","","35.65670640000000","136.03154590000000"
"102","00004273","西福寺","阿弥陀堂","国宝・重要文化財（建造物）","重要文化財","近世以前／寺院","","桃山","20080609","","福井県","福井県敦賀市原","","西福寺","","35.65676442000000","136.03183185000000"
"102","00004272","西福寺","御影堂","国宝・重要文化財（建造物）","重要文化財","近世以前／寺院","","江戸後期","20080609","","福井県","福井県敦賀市原","","西福寺","","35.65697210000000","136.03215971000000"
"102","824","神宮寺仁王門","","国宝・重要文化財（建造物）","重要文化財","近世以前／寺院","","鎌倉後期","19240415","","福井県","福井県小浜市神宮寺","","神宮寺","","35.45995031000000","135.78326508000000"
"102","823","神宮寺本堂","","国宝・重要文化財（建造物）","重要文化財","近世以前／寺院","","室町後期","19240415","","福井県","福井県小浜市神宮寺","","神宮寺","","35.45969167000000","135.78301433000000"
"102","00004270","大安寺","開基堂","国宝・重要文化財（建造物）","重要文化財","近世以前／寺院","","江戸中期","20080609","","福井県","福井県福井市田ノ谷町","","大安寺","","36.10182428000000","136.16757233000000"
"102","00004269","大安寺","開山堂","国宝・重要文化財（建造物）","重要文化財","近世以前／寺院","","江戸中期","20080609","","福井県","福井県福井市田ノ谷町","","大安寺","","36.10197842000000","136.16747642000000"
"102","00004267","大安寺","本堂","国宝・重要文化財（建造物）","重要文化財","近世以前／寺院","","江戸前期","20080609","","福井県","福井県福井市田ノ谷町","","大安寺","","36.10202980000000","136.16782580000000"
"102","00004268","大安寺","庫裏","国宝・重要文化財（建造物）","重要文化財","近世以前／寺院","","江戸前期","20080609","","福井県","福井県福井市田ノ谷町","","大安寺","","36.10230040000000","136.16775387000000"
"102","00004271","大安寺","鐘楼","国宝・重要文化財（建造物）","重要文化財","近世以前／寺院","","江戸中期","20080609","","福井県","福井県福井市田ノ谷町","","大安寺","","36.10241941000000","136.16803595000000"
"102","830","瀧谷寺","鎮守堂","国宝・重要文化財（建造物）","重要文化財","近世以前／神社","","室町後期","19620621","","福井県","福井県坂井市三国町滝谷","","滝谷寺","","36.22166193000000","136.14683937000000"
"102","00005028","瀧谷寺","本堂","国宝・重要文化財（建造物）","重要文化財","近世以前／寺院","","江戸中期","20170731","","福井県","福井県坂井市三国町滝谷","","瀧谷寺","","36.21910778000000","136.14902694000000"
"102","00005029","瀧谷寺","観音堂","国宝・重要文化財（建造物）","重要文化財","近世以前／寺院","","江戸中期","20170731","","福井県","福井県坂井市三国町滝谷","","瀧谷寺","","36.21910778000000","136.14902694000000"
"102","00005030","瀧谷寺","方丈及び庫裏","国宝・重要文化財（建造物）","重要文化財","近世以前／寺院","","江戸中期","20170731","","福井県","福井県坂井市三国町滝谷","","瀧谷寺","","36.21910778000000","136.14902694000000"
"102","00005031","瀧谷寺","開山堂","国宝・重要文化財（建造物）","重要文化財","近世以前／寺院","","室町後期","20170731","","福井県","福井県坂井市三国町滝谷","","瀧谷寺","","36.21910778000000","136.14902694000000"
"102","00005032","瀧谷寺","山門","国宝・重要文化財（建造物）","重要文化財","近世以前／寺院","","江戸中期","20170731","","福井県","福井県坂井市三国町滝谷","","瀧谷寺","","36.21910778000000","136.14902694000000"
"102","838","中山寺本堂","","国宝・重要文化財（建造物）","重要文化財","近世以前／寺院","","室町前期","19620621","","福井県","福井県大飯郡高浜町中山","","中山寺","","35.49619304000000","135.50069771000000"
"102","825","羽賀寺本堂","","国宝・重要文化財（建造物）","重要文化財","近世以前／寺院","","室町中期","19620621","","福井県","福井県小浜市羽賀","","羽賀寺","","35.51887922000000","135.76444152000000"
"102","826","飯盛寺本堂","","国宝・重要文化財（建造物）","重要文化財","近世以前／寺院","","室町後期","19830107","","福井県","福井県小浜市飯盛","","飯盛寺","","35.46422322000000","135.67070613000000"
"102","821","明通寺三重塔","","国宝・重要文化財（建造物）","国宝","近世以前／寺院","","鎌倉前期","19170813","19531114","福井県","福井県小浜市門前","","明通寺","","35.45333038000000","135.80417826000000"
"102","820","明通寺本堂","","国宝・重要文化財（建造物）","国宝","近世以前／寺院","","鎌倉前期","19010327","19531114","福井県","福井県小浜市門前","","明通寺","","35.45350795000000","135.80451063000000"
"102","822","妙楽寺本堂","","国宝・重要文化財（建造物）","重要文化財","近世以前／寺院","","室町前期","19010327","","福井県","福井県小浜市野代","","妙楽寺","","35.47308642000000","135.75441756000000"
"102","856","雲峰寺庫裏","","国宝・重要文化財（建造物）","重要文化財","近世以前／寺院","","江戸前期","19490218","","山梨県","山梨県甲州市塩山上萩原","","雲峰寺","","35.73935869000000","138.80458300000000"
"102","857","雲峰寺仁王門","","国宝・重要文化財（建造物）","重要文化財","近世以前／寺院","","室町後期","19490218","","山梨県","山梨県甲州市塩山上萩原","","雲峰寺","","35.73891344000000","138.80437063000000"
"102","854","雲峰寺本堂","","国宝・重要文化財（建造物）","重要文化財","近世以前／寺院","","室町後期","19490218","","山梨県","山梨県甲州市塩山上萩原","","雲峰寺","","35.73924960000000","138.80437412000000"
"102","850","恵林寺四脚門","","国宝・重要文化財（建造物）","重要文化財","近世以前／寺院","","桃山","19070828","","山梨県","山梨県甲州市塩山小屋敷","","恵林寺","","35.72816736000000","138.71394259000000"
"102","841","塩沢寺地蔵堂","","国宝・重要文化財（建造物）","重要文化財","近世以前／寺院","","江戸前期","19490218","","山梨県","山梨県甲府市湯村","","塩沢寺","","35.68470634000000","138.54746330000000"
"102","906","観音堂","","国宝・重要文化財（建造物）","重要文化財","近世以前／寺院","","鎌倉後期","19461129","","山梨県","山梨県北都留郡小菅村長作","","長作観世音礼拝所","","35.72382760000000","138.98799397000000"
"102","864","向岳寺中門","","国宝・重要文化財（建造物）","重要文化財","近世以前／寺院","","室町後期","19710622","","山梨県","山梨県甲州市塩山上於曽","","向岳寺","","35.71009703000000","138.72242432000000"
"102","897","光照寺薬師堂","","国宝・重要文化財（建造物）","重要文化財","近世以前／寺院","","室町後期","19710622","","山梨県","山梨県甲斐市岩森","","光照寺","","35.69007802000000","138.48588979000000"
"102","890","最恩寺仏殿","","国宝・重要文化財（建造物）","重要文化財","近世以前／寺院","","室町中期","19530331","","山梨県","山梨県南巨摩郡南部町福士","","最恩寺","","35.23424080000000","138.47184876000000"
"102","885","慈眼寺","鐘楼門","国宝・重要文化財（建造物）","重要文化財","近世以前／寺院","","江戸前期","19860122","","山梨県","山梨県笛吹市一宮町末木","","慈眼寺","","35.64309799000000","138.69274897000000"
"102","884","慈眼寺","本堂","国宝・重要文化財（建造物）","重要文化財","近世以前／寺院","","江戸前期","19860122","","山梨県","山梨県笛吹市一宮町末木","","慈眼寺","","35.64313927000000","138.69217309000000"
"102","886","慈眼寺","庫裏","国宝・重要文化財（建造物）","重要文化財","近世以前／寺院","","江戸前期","19860122","","山梨県","山梨県笛吹市一宮町末木","","慈眼寺","","35.64331616000000","138.69221436000000"
"102","00003915","清白寺庫裏","","国宝・重要文化財（建造物）","重要文化財","近世以前／寺院","","江戸中期","20050722","","山梨県","山梨県山梨市三ヶ所","","清白寺","","35.69396797000000","138.70836096000000"
"102","865","清白寺仏殿","","国宝・重要文化財（建造物）","国宝","近世以前／寺院","","室町中期","19070828","19550622","山梨県","山梨県山梨市三ケ所","","清白寺","","35.69403284000000","138.70861948000000"
"102","843","善光寺山門","","国宝・重要文化財（建造物）","重要文化財","近世以前／寺院","","江戸後期","19550622","","山梨県","山梨県甲府市善光寺町","","善光寺","","35.66458580000000","138.59247580000000"
"102","842","善光寺本堂","","国宝・重要文化財（建造物）","重要文化財","近世以前／寺院","","江戸後期","19550622","","山梨県","山梨県甲府市善光寺町","","善光寺","","35.66588059000000","138.59286906000000"
"102","882","大善寺本堂","","国宝・重要文化財（建造物）","国宝","近世以前／寺院","","鎌倉後期","19070828","19550622","山梨県","山梨県甲州市勝沼町","","大善寺","","35.65710784000000","138.74300053000000"
"102","891","長谷寺本堂","","国宝・重要文化財（建造物）","重要文化財","近世以前／寺院","","室町後期","19070828","","山梨県","山梨県南アルプス市榎原","","長谷寺","","35.65661577000000","138.48064529000000"
"102","839","東光寺仏殿","","国宝・重要文化財（建造物）","重要文化財","近世以前／寺院","","室町後期","19270425","","山梨県","山梨県甲府市東光寺町","","東光寺","","35.66818519000000","138.58831486000000"
"102","889","本遠寺","鐘楼堂","国宝・重要文化財（建造物）","重要文化財","近世以前／寺院","","江戸前期","19860122","","山梨県","山梨県南巨摩郡身延町大野","","本遠寺","","35.36200113000000","138.44639495000000"
"102","888","本遠寺","本堂","国宝・重要文化財（建造物）","重要文化財","近世以前／寺院","","江戸前期","19860122","","山梨県","山梨県南巨摩郡身延町大野","","本遠寺","","35.36214337000000","138.44568043000000"
"102","933","安楽寺八角三重塔","","国宝・重要文化財（建造物）","国宝","近世以前／寺院","","鎌倉後期","18981228","19520329","長野県","長野県上田市大字別所","","安楽寺","","36.35240094000000","138.15229368000000"
"102","990","遠照寺釈迦堂","","国宝・重要文化財（建造物）","重要文化財","近世以前／寺院","","室町後期","19300523","","長野県","長野県伊那市高遠町山室","","遠照寺","","35.84572756000000","138.10109878000000"
"102","942","開善寺山門","","国宝・重要文化財（建造物）","重要文化財","近世以前／寺院","","室町前期","19520329","","長野県","長野県飯田市大字上川路","","開善寺","","35.46154649000000","137.81468239000000"
"102","955","光前寺弁天堂","","国宝・重要文化財（建造物）","重要文化財","近世以前／寺院","","桃山","19710622","","長野県","長野県駒ヶ根市赤穂","","光前寺","","35.73512486000000","137.89592133000000"
"102","934","国分寺三重塔","","国宝・重要文化財（建造物）","重要文化財","近世以前／寺院","","室町中期","19070828","","長野県","長野県上田市大字国分","","国分寺","","36.38268515000000","138.27135662000000"
"102","962","小菅神社奥社本殿","","国宝・重要文化財（建造物）","重要文化財","近世以前／寺院","","室町後期","19640526","","長野県","長野県飯山市大字瑞穂","","小菅神社","","36.89723685000000","138.43445685000000"
"102","949","釈尊寺観音堂宮殿","","国宝・重要文化財（建造物）","重要文化財","近世以前／寺院","","鎌倉前期","19360918","","長野県","長野県小諸市大久保","","釈尊寺","","36.33037768000000","138.38575304000000"
"102","1026","浄光寺薬師堂","","国宝・重要文化財（建造物）","重要文化財","近世以前／寺院","","室町中期","19070828","","長野県","長野県上高井郡小布施町大字雁田","","浄光寺","","36.69319941000000","138.33327816000000"
"102","1008","定勝寺庫裏","","国宝・重要文化財（建造物）","重要文化財","近世以前／寺院","","江戸前期","19520329","","長野県","長野県木曽郡大桑村大字須原","","定勝寺","","35.69478532000000","137.68867799000000"
"102","1009","定勝寺山門","","国宝・重要文化財（建造物）","重要文化財","近世以前／寺院","","江戸中期","19520329","","長野県","長野県木曽郡大桑村大字須原","","定勝寺","","35.69493331000000","137.68822184000000"
"102","1007","定勝寺本堂","","国宝・重要文化財（建造物）","重要文化財","近世以前／寺院","","江戸前期","19520329","","長野県","長野県木曽郡大桑村大字須原","","定勝寺","","35.69496170000000","137.68853608000000"
"102","959","盛蓮寺観音堂","","国宝・重要文化財（建造物）","重要文化財","近世以前／寺院","","室町後期","19490530","","長野県","長野県大町市社","","盛蓮寺","","36.45886666000000","137.87187422000000"
"102","970","新海三社神社三重塔","","国宝・重要文化財（建造物）","重要文化財","近世以前／寺院","","室町後期","19070828","","長野県","長野県佐久市田口","","新海三社神社","","36.19609585000000","138.51260821000000"
"102","909","善光寺経蔵","","国宝・重要文化財（建造物）","重要文化財","近世以前／寺院","","江戸後期","19650529","","長野県","長野県長野市大字長野元善町","","善光寺","","36.66124917000000","138.18708565000000"
"102","908","善光寺三門","","国宝・重要文化財（建造物）","重要文化財","近世以前／寺院","","江戸中期","19650529","","長野県","長野県長野市大字長野元善町","","善光寺","","36.66074976000000","138.18765191000000"
"102","907","善光寺本堂","","国宝・重要文化財（建造物）","国宝","近世以前／寺院","","江戸中期","19080423","19530331","長野県","長野県長野市大字長野元善町","","善光寺","","36.66155967000000","138.18767618000000"
"102","935","前山寺三重塔","","国宝・重要文化財（建造物）","重要文化財","近世以前／寺院","","室町後期","19220413","","長野県","長野県上田市大字前山","","前山寺","","36.34075037000000","138.19740046000000"
"102","980","大法寺観音堂厨子及び須弥壇","","国宝・重要文化財（建造物）","重要文化財","近世以前／寺院","","室町前期","19520719","","長野県","長野県小県郡青木村大字当郷","","大法寺","","36.38192423000000","138.14856670000000"
"102","979","大法寺三重塔","","国宝・重要文化財（建造物）","国宝","近世以前／寺院","","室町前期","18990405","19530331","長野県","長野県小県郡青木村大字当郷","","大法寺","","36.38221701000000","138.14842442000000"
"102","1015","田村堂","","国宝・重要文化財（建造物）","重要文化財","近世以前／寺院","","室町後期","19530829","","長野県","長野県松本市波田上波田","","松本市","","36.19190705000000","137.84015925000000"
"102","1024","智識寺大御堂","","国宝・重要文化財（建造物）","重要文化財","近世以前／寺院","","室町後期","19070828","","長野県","長野県千曲市大字上山田","","智識寺","","36.46620276000000","138.14012577000000"
"102","936","中禅寺薬師堂","","国宝・重要文化財（建造物）","重要文化財","近世以前／寺院","","鎌倉前期","19360918","","長野県","長野県上田市大字前山","","中禅寺","","36.33611958000000","138.18555756000000"
"102","999","福徳寺本堂","","国宝・重要文化財（建造物）","重要文化財","近世以前／寺院","","室町前期","19120208","","長野県","長野県下伊那郡大鹿村大字大河原字上蔵2004番地","","大鹿村","","35.55064644000000","138.05388109000000"
"102","977","法住寺虚空蔵堂","","国宝・重要文化財（建造物）","重要文化財","近世以前／寺院","","室町後期","19220413","","長野県","長野県上田市東内","","法住寺","","36.30372090000000","138.19528136000000"
"102","1016","松尾寺本堂","","国宝・重要文化財（建造物）","重要文化財","近世以前／寺院","","室町後期","19590627","","長野県","長野県安曇野市穂高有明","","松尾寺","","36.37190271000000","137.82835375000000"
"102","1107","安国寺経蔵","","国宝・重要文化財（建造物）","国宝","近世以前／寺院","","室町中期","19090405","19630701","岐阜県","岐阜県高山市国府町西門前","","安国寺","","36.22496297000000","137.24489168000000"
"102","1043","永保寺開山堂","","国宝・重要文化財（建造物）","国宝","近世以前／寺院","","室町前期","19010327","19520329","岐阜県","岐阜県多治見市虎渓山町","","永保寺","","35.34614385000000","137.12922297000000"
"102","1044","永保寺観音堂","","国宝・重要文化財（建造物）","国宝","近世以前／寺院","","室町前期","19010327","19520329","岐阜県","岐阜県多治見市虎渓山町","","永保寺","","35.34641407000000","137.13013923000000"
"102","1091","円鏡寺楼門","","国宝・重要文化財（建造物）","重要文化財","近世以前／寺院","","鎌倉後期","19090405","","岐阜県","岐阜県本巣郡北方町北方","","円鏡寺","","35.43626060000000","136.68846230000000"
"102","1096","願興寺本堂","","国宝・重要文化財（建造物）","重要文化財","近世以前／寺院","","桃山","19860524","","岐阜県","岐阜県可児郡御嵩町御嵩","","願興寺","","35.43141964000000","137.14399767000000"
"102","1029","国分寺本堂","","国宝・重要文化財（建造物）","重要文化財","近世以前／寺院","","室町中期","19090405","","岐阜県","岐阜県高山市総和町","","国分寺","","36.14350346000000","137.25387520000000"
"102","1030","照蓮寺本堂","","国宝・重要文化財（建造物）","重要文化財","近世以前／寺院","","室町後期","19560628","","岐阜県","岐阜県高山市堀端町","","照蓮寺","","36.13930109000000","137.26237738000000"
"102","1087","真禅院","本地堂","国宝・重要文化財（建造物）","重要文化財","近世以前／寺院","","江戸前期","19770627","","岐阜県","岐阜県不破郡垂井町宮代","","真禅院","","35.36184641000000","136.51605349000000"
"102","1088","真禅院","三重塔","国宝・重要文化財（建造物）","重要文化財","近世以前／寺院","","江戸前期","19770627","","岐阜県","岐阜県不破郡垂井町宮代","","真禅院","","35.36244606000000","136.51632240000000"
"102","1048","新長谷寺阿弥陀堂","","国宝・重要文化財（建造物）","重要文化財","近世以前／寺院","","室町後期","19531114","","岐阜県","岐阜県関市長谷寺町","","新長谷寺","","35.48491021000000","136.92311143000000"
"102","1046","新長谷寺三重塔","","国宝・重要文化財（建造物）","重要文化財","近世以前／寺院","","室町中期","19090405","","岐阜県","岐阜県関市長谷寺町","","新長谷寺","","35.48485226000000","136.92350489000000"
"102","1047","新長谷寺釈迦堂","","国宝・重要文化財（建造物）","重要文化財","近世以前／寺院","","室町後期","19531114","","岐阜県","岐阜県関市長谷寺町","","新長谷寺","","35.48479144000000","136.92309361000000"
"102","1049","新長谷寺大師堂","","国宝・重要文化財（建造物）","重要文化財","近世以前／寺院","","室町後期","19531114","","岐阜県","岐阜県関市長谷寺町","","新長谷寺","","35.48504217000000","136.92312683000000"
"102","1045","新長谷寺本堂","","国宝・重要文化財（建造物）","重要文化財","近世以前／寺院","","室町中期","19090405","","岐阜県","岐阜県関市長谷寺町","","新長谷寺","","35.48504381000000","136.92331306000000"
"102","1051","新長谷寺薬師堂","","国宝・重要文化財（建造物）","重要文化財","近世以前／寺院","","室町後期","19531114","","岐阜県","岐阜県関市長谷寺町","","新長谷寺","","35.48501314000000","136.92356867000000"
"102","1053","長蔵寺舎利塔及び須弥壇","","国宝・重要文化財（建造物）","重要文化財","近世以前／寺院","","室町後期","19790203","","岐阜県","岐阜県美濃市上野","","長蔵寺","","35.58842380000000","136.86771089000000"
"102","1093","日竜峯寺多宝塔","","国宝・重要文化財（建造物）","重要文化財","近世以前／寺院","","鎌倉後期","19010327","","岐阜県","岐阜県関市下之保","","日竜峯寺","","35.55727019000000","136.99202278000000"
"102","1089","日吉神社三重塔","","国宝・重要文化財（建造物）","重要文化財","近世以前／寺院","","室町後期","19140417","","岐阜県","岐阜県安八郡神戸町大字神戸","","日吉神社","","35.42474966000000","136.60470601000000"
"102","1094","明鏡寺観音堂","","国宝・重要文化財（建造物）","重要文化財","近世以前／寺院","","室町後期","19770627","","岐阜県","岐阜県加茂郡八百津町伊岐津志","","明鏡寺","","35.46477443000000","137.12594218000000"
"102","1110","薬師堂","","国宝・重要文化財（建造物）","重要文化財","近世以前／寺院","","室町前期","19711228","","岐阜県","岐阜県飛騨市神岡町小萱","","瑞岸寺","","36.29994233000000","137.30712907000000"
"102","1054","鹿苑寺地蔵堂","","国宝・重要文化財（建造物）","重要文化財","近世以前／寺院","","室町後期","19790203","","岐阜県","岐阜県美濃市立花","","鹿苑寺","","35.57907006000000","136.94251787000000"
"102","1175","応声教院山門","","国宝・重要文化財（建造物）","重要文化財","近世以前／寺院","","江戸前期","19540917","","静岡県","静岡県菊川市中内田","","応声教院","","34.73695310000000","138.07054444000000"
"102","1123","久能山東照宮","楼門","国宝・重要文化財（建造物）","重要文化財","近世以前／神社","","江戸前期","19550622","","静岡県","静岡県静岡市駿河区根古屋","","久能山東照宮","","34.96423496000000","138.46717655000000"
"102","1122","久能山東照宮","神厩","国宝・重要文化財（建造物）","重要文化財","近世以前／神社","","江戸前期","19550622","","静岡県","静岡県静岡市駿河区根古屋","","久能山東照宮","","34.96444155000000","138.46715210000000"
"102","1121","久能山東照宮","鼓楼","国宝・重要文化財（建造物）","重要文化財","近世以前／神社","","江戸前期","19550622","","静岡県","静岡県静岡市駿河区根古屋","","久能山東照宮","","34.96445388000000","138.46745411000000"
"102","1119","久能山東照宮","神庫","国宝・重要文化財（建造物）","重要文化財","近世以前／神社","","江戸前期","19550622","","静岡県","静岡県静岡市駿河区根古屋","","久能山東照宮","","34.96453697000000","138.46781030000000"
"102","1120","久能山東照宮","神楽殿","国宝・重要文化財（建造物）","重要文化財","近世以前／神社","","江戸前期","19550622","","静岡県","静岡県静岡市駿河区根古屋","","久能山東照宮","","34.96455409000000","138.46752795000000"
"102","00004487","久能山東照宮","神饌所","国宝・重要文化財（建造物）","重要文化財","近世以前／神社","","江戸前期","20101224","","静岡県","静岡県静岡市駿河区根古屋","","久能山東照宮","","34.96467415000000","138.46732046000000"
"102","1112","久能山東照宮","唐門","国宝・重要文化財（建造物）","重要文化財","近世以前／神社","","江戸前期","19120208","","静岡県","静岡県静岡市駿河区根古屋","","久能山東照宮","","34.96472753000000","138.46752839000000"
"102","1113","久能山東照宮","東門","国宝・重要文化財（建造物）","重要文化財","近世以前／神社","","江戸前期","19120208","","静岡県","静岡県静岡市駿河区根古屋","","久能山東照宮","","34.96472825000000","138.46769047000000"
"102","1116","久能山東照宮","渡廊","国宝・重要文化財（建造物）","重要文化財","近世以前／神社","","江戸前期","19120208","","静岡県","静岡県静岡市駿河区根古屋","","久能山東照宮","","34.96486645000000","138.46745711000000"
"102","1115","久能山東照宮","玉垣","国宝・重要文化財（建造物）","重要文化財","近世以前／神社","","江戸前期","19120208","","静岡県","静岡県静岡市駿河区根古屋","","久能山東照宮","","34.96492762000000","138.46775581000000"
"102","1114","久能山東照宮","廟門","国宝・重要文化財（建造物）","重要文化財","近世以前／神社","","江戸前期","19120208","","静岡県","静岡県静岡市駿河区根古屋","","久能山東照宮","","34.96499166000000","138.46759117000000"
"102","1118","久能山東照宮","末社日枝神社本殿（旧本地堂）","国宝・重要文化財（建造物）","重要文化財","近世以前／寺院","","江戸前期","19550622","","静岡県","静岡県静岡市駿河区根古屋","","久能山東照宮","","34.96476272000000","138.46779813000000"
"102","1117","久能山東照宮","廟所宝塔","国宝・重要文化財（建造物）","重要文化財","近世以前／その他","","江戸前期","19550622","","静岡県","静岡県静岡市駿河区根古屋","","久能山東照宮","","34.96524747000000","138.46815491000000"
"102","1158","尊永寺仁王門","","国宝・重要文化財（建造物）","重要文化財","近世以前／寺院","","室町後期","19540917","","静岡県","静岡県袋井市豊沢","","尊永寺","","34.73459843000000","137.97311075000000"
"102","1151","大石寺五重塔","","国宝・重要文化財（建造物）","重要文化財","近世以前／寺院","","江戸中期","19660611","","静岡県","静岡県富士宮市上条","","大石寺","","35.28179377000000","138.59062769000000"
"102","1152","智満寺本堂","","国宝・重要文化財（建造物）","重要文化財","近世以前／寺院","","桃山","19660611","","静岡県","静岡県島田市千葉","","智満寺","","34.89124810000000","138.16198274000000"
"102","1178","寶林寺","仏殿","国宝・重要文化財（建造物）","重要文化財","近世以前／寺院","","江戸中期","19810605","","静岡県","静岡県浜松市北区細江町中川","","寶林寺","","34.81700431000000","137.69176923000000"
"102","1179","寶林寺","方丈","国宝・重要文化財（建造物）","重要文化財","近世以前／寺院","","江戸中期","19810605","","静岡県","静岡県浜松市北区細江町中川","","寶林寺","","34.81736098000000","137.69196859000000"
"102","1160","本興寺本堂","","国宝・重要文化財（建造物）","重要文化財","近世以前／寺院","","室町後期","19070527","","静岡県","静岡県湖西市鷲津","","本興寺","","34.71715921000000","137.53819397000000"
"102","1156","油山寺三重塔","","国宝・重要文化財（建造物）","重要文化財","近世以前／寺院","","桃山","19540917","","静岡県","静岡県袋井市村松","","油山寺","","34.78739537000000","137.93572173000000"
"102","1157","油山寺本堂内厨子","","国宝・重要文化財（建造物）","重要文化財","近世以前／寺院","","桃山","19540917","","静岡県","静岡県袋井市村松","","油山寺","","34.78777799000000","137.93564452000000"
"102","1148","臨済寺本堂","","国宝・重要文化財（建造物）","重要文化財","近世以前／寺院","","江戸前期","19830107","","静岡県","静岡県静岡市葵区大岩","","臨済寺","","34.99299507000000","138.37583063000000"
"102","1149","霊山寺仁王門","","国宝・重要文化財（建造物）","重要文化財","近世以前／寺院","","室町後期","19310119","","静岡県","静岡県静岡市清水区大内","","霊山寺","","35.02839062000000","138.43634286000000"
"102","1191","観音寺多宝塔","","国宝・重要文化財（建造物）","重要文化財","近世以前／寺院","","室町後期","19210430","","愛知県","愛知県名古屋市中川区荒子町","","観音寺","","35.13643557000000","136.85840663000000"
"102","1266","観福寺本堂内宮殿","","国宝・重要文化財（建造物）","重要文化財","近世以前／寺院","","鎌倉前期","19840521","","愛知県","愛知県東海市大田町天神下ノ上","","観福寺","","35.01286871000000","136.89797743000000"
"102","00005645","建中寺本堂","","国宝・重要文化財（建造物）","重要文化財","近世以前／寺院","","江戸後期","20250827","","愛知県","愛知県名古屋市東区筒井一丁目","","宗教法人建中寺","","35.17920278000000","136.92694167000000"
"102","1190","興正寺五重塔","","国宝・重要文化財（建造物）","重要文化財","近世以前／寺院","","江戸後期","19820216","","愛知県","愛知県名古屋市昭和区八事本町","","興正寺","","35.14051264000000","136.96354649000000"
"102","1268","高田寺本堂","","国宝・重要文化財（建造物）","重要文化財","近世以前／寺院","","室町中期","19200415","","愛知県","愛知県北名古屋市高田寺","","高田寺","","35.24165043000000","136.89179735000000"
"102","1277","金蓮寺弥陀堂","","国宝・重要文化財（建造物）","国宝","近世以前／寺院","","鎌倉後期","19200415","19550622","愛知県","愛知県西尾市吉良町饗庭七度ケ入1","","金蓮寺","","34.80901664000000","137.07266468000000"
"102","1230","財賀寺","仁王門","国宝・重要文化財（建造物）","重要文化財","近世以前／寺院","","室町後期","19900319","","愛知県","愛知県豊川市財賀町","","財賀寺","","34.87082935000000","137.35731699000000"
"102","1231","財賀寺","本堂内厨子","国宝・重要文化財（建造物）","重要文化財","近世以前／寺院","","室町後期","19900319","","愛知県","愛知県豊川市財賀町","","財賀寺","","34.87475418000000","137.35683240000000"
"102","1227","三明寺三重塔","","国宝・重要文化財（建造物）","重要文化財","近世以前／寺院","","室町後期","19070527","","愛知県","愛知県豊川市豊川町","","三明寺","","34.82021453000000","137.39956595000000"
"102","1228","三明寺本堂内宮殿","","国宝・重要文化財（建造物）","重要文化財","近世以前／寺院","","室町後期","19530331","","愛知県","愛知県豊川市豊川町","","三明寺","","34.82058609000000","137.39940110000000"
"102","1270","甚目寺","三重塔","国宝・重要文化財（建造物）","重要文化財","近世以前／寺院","","江戸前期","19531114","","愛知県","愛知県あま市甚目寺","","甚目寺","","35.19443773000000","136.82273642000000"
"102","1271","甚目寺","東門","国宝・重要文化財（建造物）","重要文化財","近世以前／寺院","","江戸前期","19531114","","愛知県","愛知県あま市甚目寺","","甚目寺","","35.19473058000000","136.82347079000000"
"102","1269","甚目寺南大門","","国宝・重要文化財（建造物）","重要文化財","近世以前／寺院","","鎌倉後期","19000407","","愛知県","愛知県あま市甚目寺","","甚目寺","","35.19404127000000","136.82307432000000"
"102","1258","性海寺多宝塔","","国宝・重要文化財（建造物）","重要文化財","近世以前／寺院","","室町中期","19030415","","愛知県","愛知県稲沢市大塚南一丁目","","性海寺","","35.23967561000000","136.79332646000000"
"102","1259","性海寺本堂及び宝塔","本堂","国宝・重要文化財（建造物）","重要文化財","近世以前／寺院","","江戸前期","19690620","","愛知県","愛知県稲沢市大塚南一丁目","","性海寺","","35.23989194000000","136.79309096000000"
"102","1260","性海寺本堂及び宝塔","宝塔","国宝・重要文化財（建造物）","重要文化財","近世以前／寺院","","鎌倉後期","19690620","","愛知県","愛知県稲沢市大塚南一丁目","","性海寺","","35.23989194000000","136.79309096000000"
"102","1217","定光寺本堂","","国宝・重要文化財（建造物）","重要文化財","近世以前／寺院","","室町後期","19260419","","愛知県","愛知県瀬戸市定光寺町","","定光寺","","35.28038165000000","137.09096979000000"
"102","1199","信光明寺観音堂","","国宝・重要文化財（建造物）","重要文化財","近世以前／寺院","","室町後期","19040218","","愛知県","愛知県岡崎市岩津町","","信光明寺","","35.00306899000000","137.17474435000000"
"102","1198","大樹寺多宝塔","","国宝・重要文化財（建造物）","重要文化財","近世以前／寺院","","室町後期","19040218","","愛知県","愛知県岡崎市鴨田町","","大樹寺","","34.98389456000000","137.16423889000000"
"102","1195","滝山寺三門","","国宝・重要文化財（建造物）","重要文化財","近世以前／寺院","","室町前期","19010327","","愛知県","愛知県岡崎市滝町","","滝山寺","","34.98415652000000","137.19949481000000"
"102","1196","滝山寺本堂","","国宝・重要文化財（建造物）","重要文化財","近世以前／寺院","","室町前期","19040218","","愛知県","愛知県岡崎市滝町","","滝山寺","","34.98818144000000","137.20561807000000"
"102","1261","長光寺地蔵堂","","国宝・重要文化財（建造物）","重要文化財","近世以前／寺院","","室町後期","19060414","","愛知県","愛知県稲沢市六角堂東町","","長光寺","","35.23317814000000","136.83133275000000"
"102","1267","知立神社多宝塔","","国宝・重要文化財（建造物）","重要文化財","近世以前／寺院","","室町後期","19070527","","愛知県","愛知県知立市西町","","知立神社","","35.01270268000000","137.04139443000000"
"102","1280","天恩寺山門","","国宝・重要文化財（建造物）","重要文化財","近世以前／寺院","","室町後期","19070527","","愛知県","愛知県岡崎市片寄町","","天恩寺","","34.92413643000000","137.31383990000000"
"102","1279","天恩寺仏殿","","国宝・重要文化財（建造物）","重要文化財","近世以前／寺院","","室町前期","19070527","","愛知県","愛知県岡崎市片寄町","","天恩寺","","34.92420302000000","137.31373321000000"
"102","1194","東観音寺多宝塔","","国宝・重要文化財（建造物）","重要文化財","近世以前／寺院","","室町後期","19070527","","愛知県","愛知県豊橋市小松原町","","東観音寺","","34.68301504000000","137.43930786000000"
"102","1291","鳳来寺仁王門","","国宝・重要文化財（建造物）","重要文化財","近世以前／寺院","","江戸前期","19531114","","愛知県","愛知県新城市門谷","","鳳来寺","","34.97390178000000","137.58152638000000"
"102","1254","曼陀羅寺正堂","","国宝・重要文化財（建造物）","重要文化財","近世以前／寺院","","江戸前期","19570618","","愛知県","愛知県江南市大字前飛保","","曼陀羅寺","","35.34921798000000","136.85652312000000"
"102","1256","万徳寺多宝塔","","国宝・重要文化財（建造物）","重要文化財","近世以前／寺院","","室町後期","19010327","","愛知県","愛知県稲沢市長野","","萬徳寺","","35.25597766000000","136.81628600000000"
"102","1226","密蔵院多宝塔","","国宝・重要文化財（建造物）","重要文化財","近世以前／寺院","","室町中期","19200415","","愛知県","愛知県春日井市熊野町","","密蔵院","","35.24320183000000","137.00322533000000"
"102","1197","妙源寺柳堂","","国宝・重要文化財（建造物）","重要文化財","近世以前／寺院","","鎌倉後期","19030415","","愛知県","愛知県岡崎市大和町","","妙源寺","","34.94824080000000","137.12422043000000"
"102","1216","妙興寺勅使門","","国宝・重要文化財（建造物）","重要文化財","近世以前／寺院","","室町前期","19200415","","愛知県","愛知県一宮市大和町","","妙興報恩禅寺","","35.28500363000000","136.80042863000000"
"102","1193","竜泉寺仁王門","","国宝・重要文化財（建造物）","重要文化財","近世以前／寺院","","桃山","19280404","","愛知県","愛知県名古屋市守山区吉根","","竜泉寺","","35.22291293000000","136.98461647000000"
"102","1312","観菩提寺本堂","","国宝・重要文化財（建造物）","重要文化財","近世以前／寺院","","室町前期","19070527","","三重県","三重県伊賀市島ヶ原","","観菩提寺","","34.78070805000000","136.05215300000000"
"102","1313","観菩提寺楼門","","国宝・重要文化財（建造物）","重要文化財","近世以前／寺院","","室町前期","19070527","","三重県","三重県伊賀市島ヶ原","","観菩提寺","","34.78053454000000","136.05217288000000"
"102","1306","庫蔵寺本堂","","国宝・重要文化財（建造物）","重要文化財","近世以前／寺院","","室町後期","19200415","","三重県","三重県鳥羽市河内町丸山","","庫蔵寺","","34.44844580000000","136.81950033000000"
"102","1295","金剛證寺本堂","","国宝・重要文化財（建造物）","重要文化財","近世以前／寺院","","桃山","19200415","","三重県","三重県伊勢市朝熊町","","金剛証寺","","34.45742400000000","136.78545413000000"
"102","1310","地蔵院","鐘楼","国宝・重要文化財（建造物）","重要文化財","近世以前／寺院","","江戸前期","19880511","","三重県","三重県亀山市関町新所","","地蔵院","","34.85282378000000","136.38943174000000"
"102","1309","地蔵院","愛染堂","国宝・重要文化財（建造物）","重要文化財","近世以前／寺院","","江戸前期","19200415","","三重県","三重県亀山市関町新所","","地蔵院","","34.85299369000000","136.38911955000000"
"102","1308","地蔵院","本堂","国宝・重要文化財（建造物）","重要文化財","近世以前／寺院","","江戸中期","19880511","","三重県","三重県亀山市関町新所","","地蔵院","","34.85306125000000","136.38930584000000"
"102","00004662","専修寺","太鼓門","国宝・重要文化財（建造物）","重要文化財","近世以前／寺院","","江戸末期","20130807","","三重県","三重県津市一身田町","","専修寺","","34.76113983000000","136.50537103000000"
"102","00004655","専修寺","山門","国宝・重要文化財（建造物）","重要文化財","近世以前／寺院","","江戸中期","20130807","","三重県","三重県津市一身田町","","専修寺","","34.76139681000000","136.50319620000000"
"102","00004661","専修寺","茶所","国宝・重要文化財（建造物）","重要文化財","近世以前／寺院","","江戸後期","20130807","","三重県","三重県津市一身田町","","専修寺","","34.76142536000000","136.50371017000000"
"102","00004660","専修寺","鐘楼","国宝・重要文化財（建造物）","重要文化財","近世以前／寺院","","江戸後期","20130807","","三重県","三重県津市一身田町","","専修寺","","34.76150627000000","136.50399095000000"
"102","00004656","専修寺","唐門","国宝・重要文化財（建造物）","重要文化財","近世以前／寺院","","江戸末期","20130807","","三重県","三重県津市一身田町","","専修寺","","34.76166807000000","136.50246809000000"
"102","00004663","専修寺","大玄関","国宝・重要文化財（建造物）","重要文化財","近世以前／寺院","","江戸後期","20130807","","三重県","三重県津市一身田町","","専修寺","","34.76226293000000","136.50445732000000"
"102","00004657","専修寺","通天橋","国宝・重要文化財（建造物）","重要文化財","近世以前／寺院","","江戸後期","20130807","","三重県","三重県津市一身田町","","専修寺","","34.76230101000000","136.50311530000000"
"102","00004664","専修寺","対面所","国宝・重要文化財（建造物）","重要文化財","近世以前／寺院","","江戸後期","20130807","","三重県","三重県津市一身田町","","専修寺","","34.76231052000000","136.50486183000000"
"102","00004665","専修寺","賜春館","国宝・重要文化財（建造物）","重要文化財","近世以前／寺院","","明治","20130807","","三重県","三重県津市一身田町","","専修寺","","34.76249612000000","136.50459533000000"
"102","00004659","専修寺","御廟唐門及び透塀","国宝・重要文化財（建造物）","重要文化財","近世以前／寺院","","江戸末期","20130807","","三重県","三重県津市一身田町","","専修寺","","34.76255323000000","136.50221111000000"
"102","00004658","専修寺","御廟拝堂","国宝・重要文化財（建造物）","重要文化財","近世以前／寺院","","江戸末期","20130807","","三重県","三重県津市一身田町","","専修寺","","34.76276738000000","136.50232056000000"
"102","1293","専修寺如来堂","","国宝・重要文化財（建造物）","国宝","近世以前／寺院","","江戸中期","19610607","20171128","三重県","三重県津市一身田町","","宗教法人専修寺","","34.76245239000000","136.50292563000000"
"102","1292","専修寺御影堂","","国宝・重要文化財（建造物）","国宝","近世以前／寺院","","江戸中期","19610607","20171128","三重県","三重県津市一身田町","","宗教法人専修寺","","34.76221162000000","136.50355418000000"
"102","1296","来迎寺本堂","","国宝・重要文化財（建造物）","重要文化財","近世以前／寺院","","江戸中期","19880511","","三重県","三重県松阪市白粉町","","来迎寺","","34.57115651000000","136.53230232000000"
"102","00004311","石山寺","蓮如堂","国宝・重要文化財（建造物）","重要文化財","近世以前／寺院","","桃山","20081202","","滋賀県","滋賀県大津市石山寺","","石山寺","","34.96042492000000","135.90592651000000"
"102","00004312","石山寺","三十八所権現社本殿","国宝・重要文化財（建造物）","重要文化財","近世以前／寺院","","桃山","20081202","","滋賀県","滋賀県大津市石山寺","","石山寺","","34.96061619000000","135.90586912000000"
"102","00004293","石山寺","御影堂","国宝・重要文化財（建造物）","重要文化財","近世以前／寺院","","室町中期","20081202","","滋賀県","滋賀県大津市石山寺","","石山寺","","34.96062576000000","135.90625644000000"
"102","00004313","石山寺","経蔵","国宝・重要文化財（建造物）","重要文化財","近世以前／寺院","","桃山","20081202","","滋賀県","滋賀県大津市石山寺","","石山寺","","34.96077399000000","135.90578784000000"
"102","1318","石山寺鐘楼","","国宝・重要文化財（建造物）","重要文化財","近世以前／寺院","","鎌倉後期","19070828","","滋賀県","滋賀県大津市石山寺","","石山寺","","34.96082775000000","135.90620303000000"
"102","1316","石山寺多宝塔","","国宝・重要文化財（建造物）","国宝","近世以前／寺院","","鎌倉前期","18990405","19510609","滋賀県","滋賀県大津市石山寺","","石山寺","","34.96096835000000","135.90593592000000"
"102","1317","石山寺東大門","","国宝・重要文化財（建造物）","重要文化財","近世以前／寺院","","桃山","19070828","","滋賀県","滋賀県大津市石山寺","","石山寺","","34.96069762000000","135.90773505000000"
"102","1315","石山寺本堂","","国宝・重要文化財（建造物）","国宝","近世以前／寺院","","平安後期","18981228","19521122","滋賀県","滋賀県大津市石山寺","","石山寺","","34.96045194000000","135.90561513000000"
"102","1452","圓光寺本堂","","国宝・重要文化財（建造物）","重要文化財","近世以前／寺院","","鎌倉前期","19530331","","滋賀県","滋賀県野洲市久野部","","圓光寺","","35.07354564000000","136.02582896000000"
"102","00004897","延暦寺","阿弥陀堂鐘楼","国宝・重要文化財（建造物）","重要文化財","近世以前／寺院","","江戸前期","20160725","","滋賀県","滋賀県大津市坂本本町、同坂本四丁目","","延暦寺","","35.06885100000000","135.83865500000000"
"102","00004902","延暦寺","慈眼堂","国宝・重要文化財（建造物）","重要文化財","近世以前／寺院","","江戸前期","20160725","","滋賀県","滋賀県大津市坂本本町、同坂本四丁目","","延暦寺","","35.06901500000000","135.86653600000000"
"102","00004893","延暦寺","山王社","国宝・重要文化財（建造物）","重要文化財","近世以前／寺院","","江戸前期","20160725","","滋賀県","滋賀県大津市坂本本町、同坂本四丁目","","延暦寺","","35.07010700000000","135.84245100000000"
"102","00004892","延暦寺","文殊楼","国宝・重要文化財（建造物）","重要文化財","近世以前／寺院","","江戸中期","20160725","","滋賀県","滋賀県大津市坂本本町、同坂本四丁目","","延暦寺","","35.07041500000000","135.84203100000000"
"102","00004896","延暦寺","浄土院拝殿","国宝・重要文化財（建造物）","重要文化財","近世以前／寺院","","江戸中期","20160725","","滋賀県","滋賀県大津市坂本本町、同坂本四丁目","","延暦寺","","35.07147100000000","135.83630900000000"
"102","00004895","延暦寺","浄土院唐門","国宝・重要文化財（建造物）","重要文化財","近世以前／寺院","","江戸中期","20160725","","滋賀県","滋賀県大津市坂本本町、同坂本四丁目","","延暦寺","","35.07162300000000","135.83634300000000"
"102","00004894","延暦寺","浄土院伝教大師御廟","国宝・重要文化財（建造物）","重要文化財","近世以前／寺院","","江戸中期","20160725","","滋賀県","滋賀県大津市坂本本町、同坂本四丁目","","延暦寺","","35.07171200000000","135.83636500000000"
"102","00004898","延暦寺","西塔鐘楼","国宝・重要文化財（建造物）","重要文化財","近世以前／寺院","","江戸中期","20160725","","滋賀県","滋賀県大津市坂本本町、同坂本四丁目","","延暦寺","","35.07411300000000","135.83357900000000"
"102","00004901","延暦寺","横川鐘楼","国宝・重要文化財（建造物）","重要文化財","近世以前／寺院","","江戸中期","20160725","","滋賀県","滋賀県大津市坂本本町、同坂本四丁目","","延暦寺","","35.09607600000000","135.85168700000000"
"102","00004899","延暦寺","四季講堂","国宝・重要文化財（建造物）","重要文化財","近世以前／寺院","","江戸中期","20160725","","滋賀県","滋賀県大津市坂本本町、同坂本四丁目","","延暦寺","","35.09726100000000","135.85180700000000"
"102","00004900","延暦寺","元三大師御廟拝殿","国宝・重要文化財（建造物）","重要文化財","近世以前／寺院","","江戸中期","20160725","","滋賀県","滋賀県大津市坂本本町、同坂本四丁目","","延暦寺","","35.09933400000000","135.85204300000000"
"102","1323","延暦寺戒壇院","","国宝・重要文化財（建造物）","重要文化財","近世以前／寺院","","江戸中期","19010802","","滋賀県","滋賀県大津市坂本本町","","延暦寺","","35.06963635000000","135.83958353000000"
"102","1320","延暦寺根本中堂","","国宝・重要文化財（建造物）","国宝","近世以前／寺院","","江戸前期","18990405","19530331","滋賀県","滋賀県大津市坂本本町","","延暦寺","","35.07049521000000","135.84094964000000"
"102","1321","延暦寺根本中堂廻廊","","国宝・重要文化財（建造物）","重要文化財","近世以前／寺院","","江戸前期","18990405","","滋賀県","滋賀県大津市坂本本町","","延暦寺","","35.07048657000000","135.84133584000000"
"102","1326","延暦寺常行堂及び法華堂","常行堂","国宝・重要文化財（建造物）","重要文化財","近世以前／寺院","","桃山","19550622","","滋賀県","滋賀県大津市坂本本町","","延暦寺","","35.07331102000000","135.83358876000000"
"102","1327","延暦寺常行堂及び法華堂","法華堂","国宝・重要文化財（建造物）","重要文化財","近世以前／寺院","","桃山","19550622","","滋賀県","滋賀県大津市坂本本町","","延暦寺","","35.07331390000000","135.83386544000000"
"102","1328","延暦寺大講堂（旧東照宮本地堂）","","国宝・重要文化財（建造物）","重要文化財","近世以前／寺院","","江戸前期","19870603","","滋賀県","滋賀県大津市坂本本町","","延暦寺","","35.06984238000000","135.84045593000000"
"102","1322","延暦寺転法輪堂","","国宝・重要文化財（建造物）","重要文化財","近世以前／寺院","","室町前期","19000407","","滋賀県","滋賀県大津市坂本本町","","延暦寺","","35.07430643000000","135.83396244000000"
"102","1324","延暦寺瑠璃堂","","国宝・重要文化財（建造物）","重要文化財","近世以前／寺院","","室町後期","19120208","","滋賀県","滋賀県大津市坂本本町","","延暦寺","","35.07786888000000","135.83511031000000"
"102","1379","大津別院本堂","","国宝・重要文化財（建造物）","重要文化財","近世以前／寺院","","江戸前期","19610607","","滋賀県","滋賀県大津市中央二丁目","","大津別院","","35.00692050000000","135.86660882000000"
"102","00005573","園城寺","絵馬堂","国宝・重要文化財（建造物）","重要文化財","近世以前／寺院","","江戸後期","20240815","","滋賀県","滋賀県大津市園城寺町","","宗教法人園城寺","","35.01022500000000","135.85535000000000"
"102","00005569","園城寺","観音堂","国宝・重要文化財（建造物）","重要文化財","近世以前／寺院","","江戸中期","20240815","","滋賀県","滋賀県大津市園城寺町","","宗教法人園城寺","","35.01035000000000","135.85495833000000"
"102","00005572","園城寺","観月舞台","国宝・重要文化財（建造物）","重要文化財","近世以前／寺院","","江戸末期","20240815","","滋賀県","滋賀県大津市園城寺町","","宗教法人園城寺","","35.01050833000000","135.85529444000000"
"102","00005570","園城寺","札所鐘楼","国宝・重要文化財（建造物）","重要文化財","近世以前／寺院","","江戸後期","20240815","","滋賀県","滋賀県大津市園城寺町","","宗教法人園城寺","","35.01052222000000","135.85500833000000"
"102","00005571","園城寺","百体堂","国宝・重要文化財（建造物）","重要文化財","近世以前／寺院","","江戸中期","20240815","","滋賀県","滋賀県大津市園城寺町","","宗教法人園城寺","","35.01053889000000","135.85517500000000"
"102","1334","園城寺閼伽井屋","","国宝・重要文化財（建造物）","重要文化財","近世以前／寺院","","桃山","19060414","","滋賀県","滋賀県大津市園城寺町","","園城寺","","35.01349222000000","135.85260908000000"
"102","1335","園城寺一切経蔵（経堂）","","国宝・重要文化財（建造物）","重要文化財","近世以前／寺院","","室町中期","19060414","","滋賀県","滋賀県大津市園城寺町","","園城寺","","35.01294635000000","135.85220149000000"
"102","1333","園城寺金堂","","国宝・重要文化財（建造物）","国宝","近世以前／寺院","","桃山","19060414","19530331","滋賀県","滋賀県大津市園城寺町","","園城寺","","35.01328062000000","135.85287110000000"
"102","1337","園城寺食堂（釈迦堂）","","国宝・重要文化財（建造物）","重要文化財","近世以前／寺院","","室町中期","19120208","","滋賀県","滋賀県大津市園城寺町","","園城寺","","35.01371785000000","135.85410842000000"
"102","1343","園城寺鐘楼","","国宝・重要文化財（建造物）","重要文化財","近世以前／寺院","","桃山","19670615","","滋賀県","滋賀県大津市園城寺町","","園城寺","","35.01312302000000","135.85311215000000"
"102","1329","園城寺大門（仁王門）","","国宝・重要文化財（建造物）","重要文化財","近世以前／寺院","","室町中期","19000407","","滋賀県","滋賀県大津市園城寺町","","園城寺","","35.01346311000000","135.85432677000000"
"102","1340","園城寺唐院","唐門","国宝・重要文化財（建造物）","重要文化財","近世以前／寺院","","桃山","19670615","","滋賀県","滋賀県大津市園城寺町","","園城寺","","35.01234009000000","135.85209156000000"
"102","1341","園城寺唐院","灌頂堂","国宝・重要文化財（建造物）","重要文化財","近世以前／寺院","","江戸前期","19670615","","滋賀県","滋賀県大津市園城寺町","","園城寺","","35.01237813000000","135.85226576000000"
"102","1342","園城寺唐院","四脚門","国宝・重要文化財（建造物）","重要文化財","近世以前／寺院","","桃山","19670615","","滋賀県","滋賀県大津市園城寺町","","園城寺","","35.01239014000000","135.85246195000000"
"102","1339","園城寺唐院","大師堂","国宝・重要文化財（建造物）","重要文化財","近世以前／寺院","","桃山","19670615","","滋賀県","滋賀県大津市園城寺町","","園城寺","","35.01240040000000","135.85202102000000"
"102","1336","園城寺塔婆（三重塔）","","国宝・重要文化財（建造物）","重要文化財","近世以前／寺院","","室町前期","19060414","","滋賀県","滋賀県大津市園城寺町","","園城寺","","35.01256606000000","135.85221532000000"
"102","1338","園城寺毘沙門堂","","国宝・重要文化財（建造物）","重要文化財","近世以前／寺院","","江戸前期","19520329","","滋賀県","滋賀県大津市園城寺町","","園城寺","","35.01082626000000","135.85443394000000"
"102","1517","観音寺","惣門","国宝・重要文化財（建造物）","重要文化財","近世以前／寺院","","江戸中期","19930420","","滋賀県","滋賀県米原市朝日","","観音寺","","35.38749565000000","136.33914889000000"
"102","1516","観音寺","鐘楼","国宝・重要文化財（建造物）","重要文化財","近世以前／寺院","","江戸中期","19930420","","滋賀県","滋賀県米原市朝日","","観音寺","","35.38921481000000","136.33805177000000"
"102","1515","観音寺","本堂","国宝・重要文化財（建造物）","重要文化財","近世以前／寺院","","江戸中期","19930420","","滋賀県","滋賀県米原市朝日","","観音寺","","35.38933701000000","136.33785138000000"
"102","1416","観音寺阿弥陀堂","","国宝・重要文化財（建造物）","重要文化財","近世以前／寺院","","室町前期","19010327","","滋賀県","滋賀県草津市芦浦町","","観音寺","","35.05976533000000","135.95479895000000"
"102","1501","弘誓寺本堂","","国宝・重要文化財（建造物）","重要文化財","近世以前／寺院","","江戸後期","19870603","","滋賀県","滋賀県東近江市五個荘町金堂町","","弘誓寺","","35.15368680000000","136.17878200000000"
"102","1475","桑実寺本堂","","国宝・重要文化財（建造物）","重要文化財","近世以前／寺院","","室町前期","19040218","","滋賀県","滋賀県近江八幡市安土町大字桑実寺","","桑実寺","","35.14810157000000","136.15410489000000"
"102","2068","五村別院","本堂","国宝・重要文化財（建造物）","重要文化財","近世以前／寺院","","江戸中期","19981225","","滋賀県","滋賀県長浜市五村","","真宗大谷派本願寺別院","","35.41881342000000","136.26117994000000"
"102","2069","五村別院","表門","国宝・重要文化財（建造物）","重要文化財","近世以前／寺院","","江戸中期","19981225","","滋賀県","滋賀県長浜市五村","","真宗大谷派本願寺別院","","35.41899699000000","136.26176417000000"
"102","1507","金剛輪寺三重塔","","国宝・重要文化財（建造物）","重要文化財","近世以前／寺院","","室町前期","19720515","","滋賀県","滋賀県愛知郡愛荘町大字松尾寺","","金剛輪寺","","35.16179675000000","136.28303682000000"
"102","1506","金剛輪寺二天門","","国宝・重要文化財（建造物）","重要文化財","近世以前／寺院","","室町後期","19610323","","滋賀県","滋賀県愛知郡愛荘町大字松尾寺","","金剛輪寺","","35.16129638000000","136.28273183000000"
"102","1505","金剛輪寺本堂","","国宝・重要文化財（建造物）","国宝","近世以前／寺院","","室町前期","18981228","19521122","滋賀県","滋賀県愛知郡愛荘町大字松尾寺","","金剛輪寺","","35.16127461000000","136.28293881000000"
"102","1369","西教寺本堂","","国宝・重要文化財（建造物）","重要文化財","近世以前／寺院","","江戸中期","19860524","","滋賀県","滋賀県大津市坂本本町","","西教寺","","35.08115435000000","135.86636280000000"
"102","1525","西徳寺本堂","","国宝・重要文化財（建造物）","重要文化財","近世以前／寺院","","江戸中期","19860524","","滋賀県","滋賀県長浜市木之本町赤尾","","西徳寺","","35.48738253000000","136.20176975000000"
"102","1511","西明寺三重塔","","国宝・重要文化財（建造物）","国宝","近世以前／寺院","","鎌倉後期","19000407","19521122","滋賀県","滋賀県犬上郡甲良町大字池寺","","西明寺","","35.18313719000000","136.28522035000000"
"102","1512","西明寺二天門","","国宝・重要文化財（建造物）","重要文化財","近世以前／寺院","","室町中期","19110417","","滋賀県","滋賀県犬上郡甲良町大字池寺","","西明寺","","35.18339973000000","136.28510979000000"
"102","1510","西明寺本堂","","国宝・重要文化財（建造物）","国宝","近世以前／寺院","","鎌倉前期","18971228","19521122","滋賀県","滋賀県犬上郡甲良町大字池寺","","西明寺","","35.18338747000000","136.28538153000000"
"102","1477","浄厳院","楼門","国宝・重要文化財（建造物）","重要文化財","近世以前／寺院","","室町後期","19980501","","滋賀県","滋賀県近江八幡市安土町大字慈恩寺","","浄厳院","","35.13747668000000","136.12900106000000"
"102","1476","浄厳院","本堂","国宝・重要文化財（建造物）","重要文化財","近世以前／寺院","","室町後期","19030415","","滋賀県","滋賀県近江八幡市安土町大字慈恩寺","","浄厳院","","35.13787040000000","136.12870237000000"
"102","00004765","聖衆来迎寺","表門","国宝・重要文化財（建造物）","重要文化財","近世以前／寺院","","桃山","20140918","","滋賀県","滋賀県大津市比叡辻二丁目","","聖衆来迎寺","","35.07208037000000","135.88625349000000"
"102","00004764","聖衆来迎寺","開山堂","国宝・重要文化財（建造物）","重要文化財","近世以前／寺院","","江戸前期","20140918","","滋賀県","滋賀県大津市比叡辻二丁目","","聖衆来迎寺","","35.07222314000000","135.88572049000000"
"102","00004763","聖衆来迎寺","本堂","国宝・重要文化財（建造物）","重要文化財","近世以前／寺院","","江戸中期","20140918","","滋賀県","滋賀県大津市比叡辻二丁目","","聖衆来迎寺","","35.07226597000000","135.88607741000000"
"102","1373","聖衆来迎寺","客殿","国宝・重要文化財（建造物）","重要文化財","近世以前／住宅","","江戸前期","19220413","","滋賀県","滋賀県大津市比叡辻二丁目","","聖衆来迎寺","","35.07241058000000","135.88582930000000"
"102","1487","正明寺本堂","","国宝・重要文化財（建造物）","重要文化財","近世以前／寺院","","江戸前期","19300523","","滋賀県","滋賀県蒲生郡日野町大字松尾","","正明寺","","35.02576822000000","136.24502008000000"
"102","1458","常楽寺三重塔","","国宝・重要文化財（建造物）","国宝","近世以前／寺院","","室町中期","19010327","19530331","滋賀県","滋賀県湖南市西寺","","常楽寺","","34.98996267000000","136.04829643000000"
"102","1457","常楽寺本堂","","国宝・重要文化財（建造物）","国宝","近世以前／寺院","","室町前期","18981228","19530331","滋賀県","滋賀県湖南市西寺","","常楽寺","","34.99007980000000","136.04866987000000"
"102","1419","石津寺本堂","","国宝・重要文化財（建造物）","重要文化財","近世以前／寺院","","室町前期","19070828","","滋賀県","滋賀県草津市矢橋町","","（宗教法人）総持寺","","35.00590671000000","135.92424444000000"
"102","1461","善水寺本堂","","国宝・重要文化財（建造物）","国宝","近世以前／寺院","","室町前期","18990405","19540320","滋賀県","滋賀県湖南市岩根","","善水寺","","35.67523611000000","139.73363889000000"
"102","1472","捴見寺三重塔","","国宝・重要文化財（建造物）","重要文化財","近世以前／寺院","","室町後期","19010327","","滋賀県","滋賀県近江八幡市安土町大字下豊浦","","捴見寺","","35.15417172000000","136.13714086000000"
"102","1473","捴見寺二王門","","国宝・重要文化財（建造物）","重要文化財","近世以前／寺院","","室町後期","19030415","","滋賀県","滋賀県近江八幡市安土町大字下豊浦","","捴見寺","","35.15410296000000","136.13648085000000"
"102","1401","大通寺本堂","","国宝・重要文化財（建造物）","重要文化財","近世以前／寺院","","江戸前期","19150326","","滋賀県","滋賀県長浜市元浜町","","真宗大谷派本願寺別院大通寺","","35.38341849000000","136.26959053000000"
"102","1400","長寿院弁才天堂","","国宝・重要文化財（建造物）","重要文化財","近世以前／寺院","","江戸中期","19730602","","滋賀県","滋賀県彦根市古沢町","","長寿院","","35.28567265000000","136.26526011000000"
"102","1455","長寿寺本堂","","国宝・重要文化財（建造物）","国宝","近世以前／寺院","","鎌倉前期","18981228","19530331","滋賀県","滋賀県湖南市東寺","","長寿寺","","34.98531416000000","136.05992673000000"
"102","00005359","長命寺","三仏堂","国宝・重要文化財（建造物）","重要文化財","近世以前／寺院","","桃山","20210802","","滋賀県","滋賀県近江八幡市長命寺町","","宗教法人長命寺","","35.16280000000000","136.06375278000000"
"102","00005360","長命寺","護法権現社拝殿","国宝・重要文化財（建造物）","重要文化財","近世以前／寺院","","室町後期","20210802","","滋賀県","滋賀県近江八幡市長命寺町","","宗教法人長命寺","","35.16280833000000","136.06356111000000"
"102","1407","長命寺護摩堂","","国宝・重要文化財（建造物）","重要文化財","近世以前／寺院","","桃山","19670615","","滋賀県","滋賀県近江八幡市長命寺町","","長命寺","","35.16264948000000","136.06423733000000"
"102","1405","長命寺三重塔","","国宝・重要文化財（建造物）","重要文化財","近世以前／寺院","","桃山","19230328","","滋賀県","滋賀県近江八幡市長命寺町","","長命寺","","35.16250689000000","136.06436691000000"
"102","1406","長命寺鐘楼","","国宝・重要文化財（建造物）","重要文化財","近世以前／寺院","","桃山","19670615","","滋賀県","滋賀県近江八幡市長命寺町","","長命寺","","35.16290010000000","136.06335353000000"
"102","1404","長命寺本堂","","国宝・重要文化財（建造物）","重要文化財","近世以前／寺院","","室町後期","19040218","","滋賀県","滋賀県近江八幡市長命寺町","","長命寺","","35.16265335000000","136.06401194000000"
"102","00003893","百済寺本堂","","国宝・重要文化財（建造物）","重要文化財","近世以前／寺院","","江戸前期","20041210","","滋賀県","滋賀県東近江市百済寺町","","百済寺","","35.12682369000000","136.29143360000000"
"102","1377","不動寺本堂","","国宝・重要文化財（建造物）","重要文化財","近世以前／寺院","","室町前期","19240415","","滋賀県","滋賀県大津市田上森町","","宗教法人不動寺","","34.91658411000000","135.98361881000000"
"102","1521","宝厳寺","唐門","国宝・重要文化財（建造物）","国宝","近世以前／寺院","","桃山","19010327","19530331","滋賀県","滋賀県長浜市早崎町","","宝厳寺","","35.42063573000000","136.14355697000000"
"102","1520","宝厳寺","観音堂","国宝・重要文化財（建造物）","重要文化財","近世以前／寺院","","桃山","19010327","","滋賀県","滋賀県長浜市早崎町","","宝厳寺","","35.42061641000000","136.14367956000000"
"102","1522","宝厳寺","渡廊（低屋根）","国宝・重要文化財（建造物）","重要文化財","近世以前／寺院","","桃山","19010327","","滋賀県","滋賀県長浜市早崎町","","宝厳寺","","35.42064998000000","136.14389148000000"
"102","1523","宝厳寺","渡廊（高屋根）","国宝・重要文化財（建造物）","重要文化財","近世以前／寺院","","桃山","19010327","","滋賀県","滋賀県長浜市早崎町","","宝厳寺","","35.42065928000000","136.14400928000000"
"102","1384","明王院","庵室","国宝・重要文化財（建造物）","重要文化財","近世以前／寺院","","江戸末期","19931209","","滋賀県","滋賀県大津市葛川坊村町","","明王院","","35.24770944000000","135.86872659000000"
"102","1383","明王院","護摩堂","国宝・重要文化財（建造物）","重要文化財","近世以前／寺院","","江戸後期","19931209","","滋賀県","滋賀県大津市葛川坊村町","","明王院","","35.24776818000000","135.86885581000000"
"102","1385","明王院","政所表門","国宝・重要文化財（建造物）","重要文化財","近世以前／寺院","","桃山","19931209","","滋賀県","滋賀県大津市葛川坊村町","","明王院","","35.24782524000000","135.86860072000000"
"102","1382","明王院","本堂","国宝・重要文化財（建造物）","重要文化財","近世以前／寺院","","江戸中期","19931209","","滋賀県","滋賀県大津市葛川坊村町","","明王院","","35.24789572000000","135.86907398000000"
"102","2200","岩湧寺多宝塔","","国宝・重要文化財（建造物）","重要文化財","近世以前／寺院","","室町後期","19800126","","大阪府","大阪府河内長野市加賀田","","岩湧寺","","34.38095853000000","135.55764155000000"
"102","2231","叡福寺","多宝塔","国宝・重要文化財（建造物）","重要文化財","近世以前／寺院","","江戸前期","19770128","","大阪府","大阪府南河内郡太子町大字太子","","叡福寺","","34.51840235000000","135.63882735000000"
"102","2230","叡福寺","聖霊殿","国宝・重要文化財（建造物）","重要文化財","近世以前／寺院","","桃山","19770128","","大阪府","大阪府南河内郡太子町大字太子","","叡福寺","","34.51897322000000","135.63897296000000"
"102","2135","海会寺本堂、庫裏及び門廊","門廊","国宝・重要文化財（建造物）","重要文化財","近世以前／寺院","","江戸前期","19550622","","大阪府","大阪府堺市堺区南旅篭町東三丁","","海会寺","","34.56867667000000","135.46932239000000"
"102","2134","海会寺本堂、庫裏及び門廊","本堂及び庫裏","国宝・重要文化財（建造物）","重要文化財","近世以前／寺院","","江戸前期","19550622","","大阪府","大阪府堺市堺区南旅篭町東三丁","","海会寺","","34.56874800000000","135.46943214000000"
"102","2185","観心寺金堂","","国宝・重要文化財（建造物）","国宝","近世以前／寺院","","室町前期","18971228","19520329","大阪府","大阪府河内長野市寺元","","観心寺","","34.43737160000000","135.59856457000000"
"102","2188","観心寺建掛塔","","国宝・重要文化財（建造物）","重要文化財","近世以前／寺院","","室町後期","19720515","","大阪府","大阪府河内長野市寺元","","観心寺","","34.43706088000000","135.59895075000000"
"102","2167","願泉寺","表門","国宝・重要文化財（建造物）","重要文化財","近世以前／寺院","","江戸中期","19930817","","大阪府","大阪府貝塚市中","","願泉寺","","34.44838481000000","135.35778100000000"
"102","2166","願泉寺","太鼓堂","国宝・重要文化財（建造物）","重要文化財","近世以前／寺院","","江戸中期","19930817","","大阪府","大阪府貝塚市中","","願泉寺","","34.44854065000000","135.35791431000000"
"102","2165","願泉寺","本堂","国宝・重要文化財（建造物）","重要文化財","近世以前／寺院","","江戸中期","19930817","","大阪府","大阪府貝塚市中","","願泉寺","","34.44857738000000","135.35756939000000"
"102","2154","久安寺楼門","","国宝・重要文化財（建造物）","重要文化財","近世以前／寺院","","室町中期","19030415","","大阪府","大阪府池田市伏尾町","","久安寺","","34.85952437000000","135.44523585000000"
"102","2164","孝恩寺観音堂","","国宝・重要文化財（建造物）","国宝","近世以前／寺院","","鎌倉後期","19030415","19531114","大阪府","大阪府貝塚市木積","","孝恩寺","","34.39707216000000","135.39457259000000"
"102","00005189","金剛寺","五仏堂","国宝・重要文化財（建造物）","重要文化財","近世以前／寺院","","桃山","20191227","","大阪府","大阪府河内長野市天野町","","天野山金剛寺","","34.43342778000000","135.53897278000000"
"102","00005190","金剛寺","薬師堂","国宝・重要文化財（建造物）","重要文化財","近世以前／寺院","","桃山","20191227","","大阪府","大阪府河内長野市天野町","","天野山金剛寺","","34.43342778000000","135.53897278000000"
"102","00005191","金剛寺","閼伽井屋","国宝・重要文化財（建造物）","重要文化財","近世以前／寺院","","桃山","20191227","","大阪府","大阪府河内長野市天野町","","天野山金剛寺","","34.43342778000000","135.53897278000000"
"102","00005192","金剛寺","護摩堂","国宝・重要文化財（建造物）","重要文化財","近世以前／寺院","","桃山","20191227","","大阪府","大阪府河内長野市天野町","","天野山金剛寺","","34.43342778000000","135.53897278000000"
"102","00005193","金剛寺","法具蔵","国宝・重要文化財（建造物）","重要文化財","近世以前／寺院","","桃山","20191227","","大阪府","大阪府河内長野市天野町","","天野山金剛寺","","34.43342778000000","135.53897278000000"
"102","00005194","金剛寺","求聞持堂","国宝・重要文化財（建造物）","重要文化財","近世以前／寺院","","江戸中期","20191227","","大阪府","大阪府河内長野市天野町","","天野山金剛寺","","34.43342778000000","135.53897278000000"
"102","00005195","金剛寺","開山堂","国宝・重要文化財（建造物）","重要文化財","近世以前／寺院","","江戸中期","20191227","","大阪府","大阪府河内長野市天野町","","天野山金剛寺","","34.43342778000000","135.53897278000000"
"102","00005196","金剛寺","宝蔵","国宝・重要文化財（建造物）","重要文化財","近世以前／寺院","","江戸中期","20191227","","大阪府","大阪府河内長野市天野町","","天野山金剛寺","","34.43342778000000","135.53897278000000"
"102","00005197","金剛寺","経蔵","国宝・重要文化財（建造物）","重要文化財","近世以前／寺院","","江戸中期","20191227","","大阪府","大阪府河内長野市天野町","","天野山金剛寺","","34.43342778000000","135.53897278000000"
"102","00005198","金剛寺","弁財天社本殿","国宝・重要文化財（建造物）","重要文化財","近世以前／寺院","","江戸中期","20191227","","大阪府","大阪府河内長野市天野町","","天野山金剛寺","","34.43342778000000","135.53897278000000"
"102","00005199","金剛寺","八大龍王善女龍王社本殿","国宝・重要文化財（建造物）","重要文化財","近世以前／寺院","","江戸中期","20191227","","大阪府","大阪府河内長野市天野町","","天野山金剛寺","","34.43342778000000","135.53897278000000"
"102","00005200","金剛寺","天照皇大神社本殿","国宝・重要文化財（建造物）","重要文化財","近世以前／寺院","","江戸中期","20191227","","大阪府","大阪府河内長野市天野町","","天野山金剛寺","","34.43342778000000","135.53897278000000"
"102","00005201","金剛寺","鎮守水分明神社本殿","国宝・重要文化財（建造物）","重要文化財","近世以前／寺院","","桃山","20191227","","大阪府","大阪府河内長野市天野町","","天野山金剛寺","","34.43342778000000","135.53897278000000"
"102","00005202","金剛寺","鎮守丹生高野明神社本殿","国宝・重要文化財（建造物）","重要文化財","近世以前／寺院","","桃山","20191227","","大阪府","大阪府河内長野市天野町","","天野山金剛寺","","34.43342778000000","135.53897278000000"
"102","00005203","金剛寺","鎮守社拝殿","国宝・重要文化財（建造物）","重要文化財","近世以前／寺院","","江戸中期","20191227","","大阪府","大阪府河内長野市天野町","","天野山金剛寺","","34.43342778000000","135.53897278000000"
"102","00005204","金剛寺","鎮守社鐘楼","国宝・重要文化財（建造物）","重要文化財","近世以前／寺院","","江戸中期","20191227","","大阪府","大阪府河内長野市天野町","","天野山金剛寺","","34.43342778000000","135.53897278000000"
"102","00005205","金剛寺","旧理趣院表門","国宝・重要文化財（建造物）","重要文化財","近世以前／寺院","","江戸中期","20191227","","大阪府","大阪府河内長野市天野町","","天野山金剛寺","","34.43342778000000","135.53897278000000"
"102","00005206","金剛寺","旧真福院表門","国宝・重要文化財（建造物）","重要文化財","近世以前／寺院","","江戸中期","20191227","","大阪府","大阪府河内長野市天野町","","天野山金剛寺","","34.43342778000000","135.53897278000000"
"102","00005207","金剛寺","南門","国宝・重要文化財（建造物）","重要文化財","近世以前／寺院","","江戸中期","20191227","","大阪府","大阪府河内長野市天野町","","天野山金剛寺","","34.43342778000000","135.53897278000000"
"102","00005208","金剛寺","総門","国宝・重要文化財（建造物）","重要文化財","近世以前／寺院","","江戸中期","20191227","","大阪府","大阪府河内長野市天野町","","天野山金剛寺","","34.43342778000000","135.53897278000000"
"102","00005209","金剛寺","築地塀","国宝・重要文化財（建造物）","重要文化財","近世以前／寺院","","江戸中期","20191227","","大阪府","大阪府河内長野市天野町","","天野山金剛寺","","34.43342778000000","135.53897278000000"
"102","00005210","金剛寺","築地塀","国宝・重要文化財（建造物）","重要文化財","近世以前／寺院","","江戸中期","20191227","","大阪府","大阪府河内長野市天野町","","天野山金剛寺","","34.43342778000000","135.53897278000000"
"102","2189","金剛寺金堂","","国宝・重要文化財（建造物）","重要文化財","近世以前／寺院","","鎌倉後期","19000407","","大阪府","大阪府河内長野市天野町","","金剛寺","","34.42860894000000","135.52933653000000"
"102","2194","金剛寺食堂","","国宝・重要文化財（建造物）","重要文化財","近世以前／寺院","","室町前期","19411106","","大阪府","大阪府河内長野市天野町","","金剛寺","","34.42866896000000","135.52969668000000"
"102","2192","金剛寺鐘楼","","国宝・重要文化財（建造物）","重要文化財","近世以前／寺院","","室町前期","19070527","","大阪府","大阪府河内長野市天野町","","金剛寺","","34.42878901000000","135.52946658000000"
"102","2190","金剛寺多宝塔","","国宝・重要文化財（建造物）","重要文化財","近世以前／寺院","","平安後期","19070527","","大阪府","大阪府河内長野市天野町","","金剛寺","","34.42828547000000","135.52938988000000"
"102","2191","金剛寺御影堂","","国宝・重要文化財（建造物）","重要文化財","近世以前／寺院","","桃山","19070527","","大阪府","大阪府河内長野市天野町","","金剛寺","","34.42850890000000","135.52906975000000"
"102","2193","金剛寺楼門","","国宝・重要文化財（建造物）","重要文化財","近世以前／寺院","","鎌倉後期","19070527","","大阪府","大阪府河内長野市天野町","","金剛寺","","34.42857559000000","135.52994344000000"
"102","2172","慈眼院金堂","","国宝・重要文化財（建造物）","重要文化財","近世以前／寺院","","鎌倉前期","19030415","","大阪府","大阪府泉佐野市日根野","","慈眼院","","34.37413581000000","135.34373218000000"
"102","2173","慈眼院多宝塔","","国宝・重要文化財（建造物）","国宝","近世以前／寺院","","鎌倉前期","19030415","19531114","大阪府","大阪府泉佐野市日根野","","慈眼院","","34.37396413000000","135.34386990000000"
"102","2087","四天王寺","六時堂","国宝・重要文化財（建造物）","重要文化財","近世以前／寺院","","江戸前期","19540917","","大阪府","大阪府大阪市天王寺区四天王寺一丁目","","四天王寺","","34.65486898000000","135.51639072000000"
"102","2084","四天王寺","本坊西通用門","国宝・重要文化財（建造物）","重要文化財","近世以前／寺院","","江戸前期","19540917","","大阪府","大阪府大阪市天王寺区四天王寺一丁目","","四天王寺","","34.65513096000000","135.51694736000000"
"102","2088","四天王寺","元三大師堂","国宝・重要文化財（建造物）","重要文化財","近世以前／寺院","","江戸前期","19540917","","大阪府","大阪府大阪市天王寺区四天王寺一丁目","","四天王寺","","34.65555686000000","135.51535693000000"
"102","2085","四天王寺","本坊方丈","国宝・重要文化財（建造物）","重要文化財","近世以前／寺院","","江戸前期","19540917","","大阪府","大阪府大阪市天王寺区四天王寺一丁目","","四天王寺","","34.65564686000000","135.51765913000000"
"102","2086","四天王寺","五智光院","国宝・重要文化財（建造物）","重要文化財","近世以前／寺院","","江戸前期","19540917","","大阪府","大阪府大阪市天王寺区四天王寺一丁目","","四天王寺","","34.65594246000000","135.51701165000000"
"102","2089","四天王寺","石舞台","国宝・重要文化財（建造物）","重要文化財","近世以前／その他","","江戸前期","19540917","","大阪府","大阪府大阪市天王寺区四天王寺一丁目","","四天王寺","","34.65457713000000","135.51640204000000"
"102","2082","勝鬘院塔婆","","国宝・重要文化財（建造物）","重要文化財","近世以前／寺院","","桃山","19070527","","大阪府","大阪府大阪市天王寺区夕陽ケ丘町","","勝鬘院","","34.65764247000000","135.51261871000000"
"102","2133","大安寺本堂","","国宝・重要文化財（建造物）","重要文化財","近世以前／寺院","","江戸前期","19550622","","大阪府","大阪府堺市堺区南旅篭町東四丁","","大安寺","","34.56898477000000","135.47045896000000"
"102","2147","大威徳寺多宝塔","","国宝・重要文化財（建造物）","重要文化財","近世以前／寺院","","室町後期","19710622","","大阪府","大阪府岸和田市大沢町","","大威徳寺","","34.37140774000000","135.44858720000000"
"102","00004729","富田林興正寺別院","鐘楼","国宝・重要文化財（建造物）","重要文化財","近世以前／寺院","","江戸後期","20140918","","大阪府","大阪府富田林市富田林町","","富田林興正寺別院","","34.50001230000000","135.60268657000000"
"102","00004727","富田林興正寺別院","本堂","国宝・重要文化財（建造物）","重要文化財","近世以前／寺院","","江戸前期","20140918","","大阪府","大阪府富田林市富田林町","","富田林興正寺別院","","34.50011700000000","135.60231538000000"
"102","00004731","富田林興正寺別院","山門","国宝・重要文化財（建造物）","重要文化財","近世以前／寺院","","江戸前期","20140918","","大阪府","大阪府富田林市富田林町","","富田林興正寺別院","","34.50012652000000","135.60268657000000"
"102","00004732","富田林興正寺別院","御成門","国宝・重要文化財（建造物）","重要文化財","近世以前／寺院","","江戸中期","20140918","","大阪府","大阪府富田林市富田林町","","富田林興正寺別院","","34.50019790000000","135.60270561000000"
"102","00004728","富田林興正寺別院","対面所","国宝・重要文化財（建造物）","重要文化財","近世以前／寺院","","江戸末期","20140918","","大阪府","大阪府富田林市富田林町","","富田林興正寺別院","","34.50021694000000","135.60232490000000"
"102","00004730","富田林興正寺別院","鼓楼","国宝・重要文化財（建造物）","重要文化財","近世以前／寺院","","江戸後期","20140918","","大阪府","大阪府富田林市富田林町","","富田林興正寺別院","","34.50026452000000","135.60271989000000"
"102","2142","南宗寺","仏殿","国宝・重要文化財（建造物）","重要文化財","近世以前／寺院","","江戸前期","19931209","","大阪府","大阪府堺市堺区南旅篭町東三丁","","南宗寺","","34.56867118000000","135.46887245000000"
"102","2144","南宗寺","唐門","国宝・重要文化財（建造物）","重要文化財","近世以前／寺院","","江戸前期","19931209","","大阪府","大阪府堺市堺区南旅篭町東三丁","","南宗寺","","34.56879738000000","135.46876820000000"
"102","2143","南宗寺","山門","国宝・重要文化財（建造物）","重要文化財","近世以前／寺院","","江戸前期","19931209","","大阪府","大阪府堺市堺区南旅篭町東三丁","","南宗寺","","34.56951071000000","135.46896573000000"
"102","2211","葛井寺四脚門","","国宝・重要文化財（建造物）","重要文化財","近世以前／寺院","","桃山","19530829","","大阪府","大阪府藤井寺市藤井寺一丁目","","葛井寺","","34.57013258000000","135.59609133000000"
"102","2163","普門寺方丈","","国宝・重要文化財（建造物）","重要文化財","近世以前／寺院","","江戸前期","19770128","","大阪府","大阪府高槻市富田町四丁目","","普門寺","","34.83054437000000","135.59290374000000"
"102","2129","法道寺食堂","","国宝・重要文化財（建造物）","重要文化財","近世以前／寺院","","鎌倉後期","19600609","","大阪府","大阪府堺市南区鉢ヶ峯寺","","法道寺","","34.46354191000000","135.51623120000000"
"102","2128","法道寺多宝塔","","国宝・重要文化財（建造物）","重要文化財","近世以前／寺院","","室町前期","19020417","","大阪府","大阪府堺市南区鉢ヶ峯寺","","法道寺","","34.46354191000000","135.51623120000000"
"102","2197","摩尼院","書院","国宝・重要文化財（建造物）","重要文化財","近世以前／寺院","","桃山","19650529","","大阪府","大阪府河内長野市天野町","","摩尼院","","34.42897576000000","135.52923982000000"
"102","00005228","摩尼院","表門","国宝・重要文化財（建造物）","重要文化財","近世以前／寺院","","江戸中期","","","大阪府","大阪府河内長野市天野町","","","","34.43342778000000","135.53897278000000"
"102","00005229","摩尼院","築地塀","国宝・重要文化財（建造物）","重要文化財","近世以前／寺院","","江戸中期","","","大阪府","大阪府河内長野市天野町","","","","34.43342778000000","135.53897278000000"
"102","00005230","摩尼院","築地塀","国宝・重要文化財（建造物）","重要文化財","近世以前／寺院","","江戸中期","","","大阪府","大阪府河内長野市天野町","","","","34.43342778000000","135.53897278000000"
"102","2226","来迎寺本堂","","国宝・重要文化財（建造物）","重要文化財","近世以前／寺院","","鎌倉後期","19490530","","大阪府","大阪府泉南郡熊取町和田","","来迎寺","","34.38659574000000","135.36145544000000"
"102","2183","竜泉寺仁王門","","国宝・重要文化財（建造物）","重要文化財","近世以前／寺院","","鎌倉後期","19610323","","大阪府","大阪府富田林市大字龍泉","","竜泉寺","","34.46162185000000","135.59775369000000"
"102","2422","斑鳩寺三重塔","","国宝・重要文化財（建造物）","重要文化財","近世以前／寺院","","室町後期","19280404","","兵庫県","兵庫県揖保郡太子町鵤","","斑鳩寺","","34.83705944000000","134.57601090000000"
"102","2388","一乗寺三重塔","","国宝・重要文化財（建造物）","国宝","近世以前／寺院","","平安後期","19010327","19520329","兵庫県","兵庫県加西市坂本町","","一乗寺","","34.85897937000000","134.81902589000000"
"102","2393","一乗寺本堂","","国宝・重要文化財（建造物）","重要文化財","近世以前／寺院","","江戸前期","19831226","","兵庫県","兵庫県加西市坂本町","","一乗寺","","34.85920198000000","134.81906167000000"
"102","00004722","円教寺奥之院","護法堂拝殿","国宝・重要文化財（建造物）","重要文化財","近世以前／寺院","","桃山","20140127","","兵庫県","兵庫県姫路市書写","","円教寺","","34.89283060000000","134.65346795000000"
"102","00004721","円教寺奥之院","開山堂","国宝・重要文化財（建造物）","重要文化財","近世以前／寺院","","江戸前期","20140127","","兵庫県","兵庫県姫路市書写","","円教寺","","34.89293054000000","134.65325856000000"
"102","2261","円教寺奥之院","護法堂（乙天社）","国宝・重要文化財（建造物）","重要文化財","近世以前／寺院","","室町後期","19550622","","兵庫県","兵庫県姫路市書写","","円教寺","","34.89302006000000","134.65351033000000"
"102","2262","円教寺奥之院","護法堂(若天社）","国宝・重要文化財（建造物）","重要文化財","近世以前／寺院","","室町後期","19550622","","兵庫県","兵庫県姫路市書写","","円教寺","","34.89304299000000","134.65340589000000"
"102","2258","円教寺金剛堂","","国宝・重要文化財（建造物）","重要文化財","近世以前／寺院","","室町後期","19130414","","兵庫県","兵庫県姫路市書写","","円教寺","","34.89212617000000","134.65331299000000"
"102","2259","円教寺食堂","","国宝・重要文化財（建造物）","重要文化財","近世以前／寺院","","室町中期","19550622","","兵庫県","兵庫県姫路市書写","","円教寺","","34.89233232000000","134.65437518000000"
"102","2260","円教寺常行堂","","国宝・重要文化財（建造物）","重要文化財","近世以前／寺院","","室町中期","19550622","","兵庫県","兵庫県姫路市書写","","円教寺","","34.89214654000000","134.65450573000000"
"102","2257","円教寺鐘楼","","国宝・重要文化財（建造物）","重要文化財","近世以前／寺院","","室町後期","19130414","","兵庫県","兵庫県姫路市書写","","円教寺","","34.89235709000000","134.65516569000000"
"102","2256","円教寺大講堂","","国宝・重要文化財（建造物）","重要文化財","近世以前／寺院","","室町中期","19130414","","兵庫県","兵庫県姫路市書写","","円教寺","","34.89251571000000","134.65475571000000"
"102","2425","温泉寺本堂","","国宝・重要文化財（建造物）","重要文化財","近世以前／寺院","","室町前期","19040218","","兵庫県","兵庫県豊岡市城崎町湯島","","温泉寺","","35.62408754000000","134.80024649000000"
"102","2369","鶴林寺護摩堂","","国宝・重要文化財（建造物）","重要文化財","近世以前／寺院","","室町後期","19070527","","兵庫県","兵庫県加古川市加古川町","","鶴林寺","","34.75230658000000","134.83331916000000"
"102","2370","鶴林寺常行堂","","国宝・重要文化財（建造物）","重要文化財","近世以前／寺院","","平安後期","19070527","","兵庫県","兵庫県加古川市加古川町","","鶴林寺","","34.75216250000000","134.83231978000000"
"102","2368","鶴林寺鐘楼","","国宝・重要文化財（建造物）","重要文化財","近世以前／寺院","","室町中期","19070527","","兵庫県","兵庫県加古川市加古川町","","鶴林寺","","34.75227914000000","134.83289837000000"
"102","2367","鶴林寺太子堂","","国宝・重要文化財（建造物）","国宝","近世以前／寺院","","平安後期","19010327","19521122","兵庫県","兵庫県加古川市加古川町","","鶴林寺","","34.75212134000000","134.83282747000000"
"102","2366","鶴林寺本堂","","国宝・重要文化財（建造物）","国宝","近世以前／寺院","","室町中期","19010327","19521122","兵庫県","兵庫県加古川市加古川町","","鶴林寺","","34.75220138000000","134.83258735000000"
"102","2376","伽耶院","三坂明神社本殿","国宝・重要文化財（建造物）","重要文化財","近世以前／神社","","江戸前期","19750623","","兵庫県","兵庫県三木市志染町大谷","","伽耶院","","34.80561324000000","135.05902972000000"
"102","2375","伽耶院","多宝塔","国宝・重要文化財（建造物）","重要文化財","近世以前／寺院","","江戸前期","19750623","","兵庫県","兵庫県三木市志染町大谷","","伽耶院","","34.80552854000000","135.05912135000000"
"102","2374","伽耶院","本堂","国宝・重要文化財（建造物）","重要文化財","近世以前／寺院","","江戸前期","19750623","","兵庫県","兵庫県三木市志染町大谷","","伽耶院","","34.80559581000000","135.05885021000000"
"102","2394","酒見寺多宝塔","","国宝・重要文化財（建造物）","重要文化財","近世以前／寺院","","江戸中期","19750623","","兵庫県","兵庫県加西市北条町","","酒見寺","","34.93494897000000","134.82949530000000"
"102","2240","石峯寺三重塔","","国宝・重要文化財（建造物）","重要文化財","近世以前／寺院","","室町中期","19150326","","兵庫県","兵庫県神戸市北区淡河町","","石峯寺","","34.83269114000000","135.13807543000000"
"102","2239","石峯寺薬師堂","","国宝・重要文化財（建造物）","重要文化財","近世以前／寺院","","室町後期","19150326","","兵庫県","兵庫県神戸市北区淡河町","","石峯寺","","34.83234013000000","135.13770594000000"
"102","2384","浄土寺浄土堂(阿弥陀堂)","","国宝・重要文化財（建造物）","国宝","近世以前／寺院","","鎌倉前期","19010327","19520329","兵庫県","兵庫県小野市浄谷町","","浄土寺","","34.86415799000000","134.96110979000000"
"102","2383","浄土寺薬師堂","","国宝・重要文化財（建造物）","重要文化財","近世以前／寺院","","室町後期","19010327","","兵庫県","兵庫県小野市浄谷町","","浄土寺","","34.86404779000000","134.96194032000000"
"102","00004339","随願寺","鐘楼","国宝・重要文化財（建造物）","重要文化財","近世以前／寺院","","","20090630","","兵庫県","兵庫県姫路市白国","","ずいがんじ","","34.87153970000000","134.71300074000000"
"102","00004338","随願寺","経堂","国宝・重要文化財（建造物）","重要文化財","近世以前／寺院","","江戸中期","20090630","","兵庫県","兵庫県姫路市白国","","随願寺","","34.87189705000000","134.71293948000000"
"102","00004336","随願寺","本堂","国宝・重要文化財（建造物）","重要文化財","近世以前／寺院","","江戸中期","20090630","","兵庫県","兵庫県姫路市白国","","随願寺","","34.87211777000000","134.71273548000000"
"102","00004340","随願寺","唐門","国宝・重要文化財（建造物）","重要文化財","近世以前／寺院","","江戸中期","20090630","","兵庫県","兵庫県姫路市白国","","随願寺","","34.87217527000000","134.71224775000000"
"102","00004337","随願寺","開山堂","国宝・重要文化財（建造物）","重要文化財","近世以前／寺院","","江戸中期","20090630","","兵庫県","兵庫県姫路市白国","","兵庫県姫路市白国","","34.87239224000000","134.71157388000000"
"102","2434","大国寺本堂","","国宝・重要文化財（建造物）","重要文化財","近世以前／寺院","","室町中期","19611227","","兵庫県","兵庫県篠山市味間奥","","大国寺","","35.06607897000000","135.14761905000000"
"102","2252","太山寺仁王門","","国宝・重要文化財（建造物）","重要文化財","近世以前／寺院","","室町中期","19130414","","兵庫県","兵庫県神戸市西区伊川谷町","","太山寺","","34.69666003000000","135.06473585000000"
"102","2251","太山寺本堂","","国宝・重要文化財（建造物）","国宝","近世以前／寺院","","鎌倉後期","19130414","19550622","兵庫県","兵庫県神戸市西区伊川谷町","","太山寺","","34.69655308000000","135.06748820000000"
"102","2353","長遠寺","多宝塔","国宝・重要文化財（建造物）","重要文化財","近世以前／寺院","","桃山","19740521","","兵庫県","兵庫県尼崎市寺町","","長遠寺","","34.71797413000000","135.41174985000000"
"102","2352","長遠寺","本堂","国宝・重要文化財（建造物）","重要文化財","近世以前／寺院","","江戸前期","19740521","","兵庫県","兵庫県尼崎市寺町","","長遠寺","","34.71818717000000","135.41202399000000"
"102","2401","朝光寺鐘楼","","国宝・重要文化財（建造物）","重要文化財","近世以前／寺院","","鎌倉後期","19540917","","兵庫県","兵庫県加東市畑","","朝光寺","","34.93237716000000","135.04422017000000"
"102","2400","朝光寺本堂","","国宝・重要文化財（建造物）","国宝","近世以前／寺院","","室町中期","19230328","19540320","兵庫県","兵庫県加東市畑","","朝光寺","","34.93246553000000","135.04387183000000"
"102","2397","東光寺本堂","","国宝・重要文化財（建造物）","重要文化財","近世以前／寺院","","室町後期","19520719","","兵庫県","兵庫県三木市吉川町福吉","","東光寺","","34.89096056000000","135.16036748000000"
"102","2247","徳光院多宝塔","","国宝・重要文化財（建造物）","重要文化財","近世以前／寺院","","室町後期","19710622","","兵庫県","兵庫県神戸市中央区葺合町","","徳光院","","34.70954635000000","135.19576029000000"
"102","2428","名草神社三重塔","","国宝・重要文化財（建造物）","重要文化財","近世以前／寺院","","室町後期","19040218","","兵庫県","兵庫県養父市八鹿町石原字妙見","","名草神社","","35.42135541000000","134.65624411000000"
"102","2253","如意寺阿弥陀堂","","国宝・重要文化財（建造物）","重要文化財","近世以前／寺院","","鎌倉前期","19520719","","兵庫県","兵庫県神戸市西区櫨谷町","","如意寺","","34.69936660000000","135.01922664000000"
"102","2254","如意寺三重塔","","国宝・重要文化財（建造物）","重要文化財","近世以前／寺院","","室町前期","19520719","","兵庫県","兵庫県神戸市西区櫨谷町","","如意寺","","34.69925473000000","135.01988721000000"
"102","2255","如意寺文珠堂","","国宝・重要文化財（建造物）","重要文化財","近世以前／寺院","","室町中期","19520719","","兵庫県","兵庫県神戸市西区櫨谷町","","如意寺","","34.69911219000000","135.01959675000000"
"102","2237","八幡神社三重塔","","国宝・重要文化財（建造物）","重要文化財","近世以前／寺院","","室町中期","19140417","","兵庫県","兵庫県神戸市北区山田町","","八幡神社","","34.76764037000000","135.13070314000000"
"102","2236","福祥寺本堂内宮殿及び仏壇","","国宝・重要文化財（建造物）","重要文化財","近世以前／寺院","","室町前期","19530829","","兵庫県","兵庫県神戸市須磨区須磨寺町","","福祥寺","","34.64973379000000","135.11178587000000"
"102","2349","本興寺開山堂","","国宝・重要文化財（建造物）","重要文化財","近世以前／寺院","","江戸前期","19140417","","兵庫県","兵庫県尼崎市開明町三丁目","","本興寺","","34.71770909000000","135.41436012000000"
"102","2351","本興寺方丈","","国宝・重要文化財（建造物）","重要文化財","近世以前／寺院","","江戸前期","19740521","","兵庫県","兵庫県尼崎市開明町三丁目","","本興寺","","34.71767365000000","135.41456780000000"
"102","2404","弥勒寺本堂","","国宝・重要文化財（建造物）","重要文化財","近世以前／寺院","","室町前期","19230328","","兵庫県","兵庫県姫路市夢前町寺","","弥勒寺","","34.93579401000000","134.66218460000000"
"102","2485","秋篠寺本堂","","国宝・重要文化財（建造物）","国宝","近世以前／寺院","","鎌倉前期","18981228","19531114","奈良県","奈良県奈良市秋篠町","","秋篠寺","","34.70361000000000","135.77621013000000"
"102","2662","安楽寺塔婆","","国宝・重要文化財（建造物）","重要文化財","近世以前／寺院","","鎌倉後期","19610323","","奈良県","奈良県御所市大字稲宿","","安楽寺","","34.43258989000000","135.75218052000000"
"102","2655","榮山寺八角堂","","国宝・重要文化財（建造物）","国宝","近世以前／寺院","","奈良","19010327","19520329","奈良県","奈良県五條市小島町","","榮山寺","","34.35589806000000","135.72115907000000"
"102","2514","圓成寺本堂","","国宝・重要文化財（建造物）","重要文化財","近世以前／寺院","","室町後期","19520719","","奈良県","奈良県奈良市忍辱山町","","圓成寺","","34.69577775000000","135.91534625000000"
"102","2673","圓證寺本堂","","国宝・重要文化財（建造物）","重要文化財","近世以前／寺院","","室町後期","19710622","","奈良県","奈良県生駒市上町","","円証寺","","34.71375313000000","135.72744845000000"
"102","2510","圓成寺楼門","","国宝・重要文化財（建造物）","重要文化財","近世以前／寺院","","室町後期","19060414","","奈良県","奈良県奈良市忍辱山町","","圓成寺","","34.69559755000000","135.91541872000000"
"102","2667","圓福寺本堂","","国宝・重要文化財（建造物）","重要文化財","近世以前／寺院","","室町前期","19220413","","奈良県","奈良県生駒市有里町","","圓福寺","","34.67029777000000","135.69924106000000"
"102","2750","大蔵寺大師堂","","国宝・重要文化財（建造物）","重要文化財","近世以前／寺院","","鎌倉後期","19040218","","奈良県","奈良県宇陀市大宇陀区栗野","","大蔵寺","","34.45067978000000","135.92975961000000"
"102","2749","大蔵寺本堂","","国宝・重要文化財（建造物）","重要文化財","近世以前／寺院","","鎌倉後期","19040218","","奈良県","奈良県宇陀市大宇陀区栗野","","大蔵寺","","34.45059821000000","135.92991853000000"
"102","2806","大峰山寺本堂","","国宝・重要文化財（建造物）","重要文化財","近世以前／寺院","","江戸中期","19730602","","奈良県","奈良県吉野郡天川村大字洞川","","大峰山寺","","34.25300375000000","135.94133532000000"
"102","2641","大神神社摂社大直禰子神社社殿","","国宝・重要文化財（建造物）","重要文化財","近世以前／寺院","","室町中期","19010802","","奈良県","奈良県桜井市大字三輪","","大神神社","","34.53052170000000","135.85032586000000"
"102","2772","岡寺仁王門","","国宝・重要文化財（建造物）","重要文化財","近世以前／寺院","","桃山","19550622","","奈良県","奈良県高市郡明日香村大字岡","","岡寺","","34.47174455000000","135.82742242000000"
"102","2496","海竜王寺経蔵","","国宝・重要文化財（建造物）","重要文化財","近世以前／寺院","","鎌倉後期","19070828","","奈良県","奈良県奈良市法華寺町","","海竜王寺","","34.69252139000000","135.80578682000000"
"102","2495","海竜王寺五重小塔","","国宝・重要文化財（建造物）","国宝","近世以前／寺院","","奈良","19010802","19510609","奈良県","奈良県奈良市法華寺町","","海竜王寺","","34.69271632000000","135.80540630000000"
"102","2494","海竜王寺西金堂","","国宝・重要文化財（建造物）","重要文化財","近世以前／寺院","","奈良","19010327","","奈良県","奈良県奈良市法華寺町","","海竜王寺","","34.69271676000000","135.80534143000000"
"102","2527","旧春日大社板倉(円窓)","","国宝・重要文化財（建造物）","重要文化財","近世以前／寺院","","鎌倉後期","19421222","","奈良県","奈良県奈良市高畑町山ノ上1169番地","","奈良県","","34.68121056000000","135.83646503000000"
"102","2490","元興寺極楽坊五重小塔","","国宝・重要文化財（建造物）","国宝","近世以前／寺院","","奈良","19010802","19520329","奈良県","奈良県奈良市中院町","元興寺","元興寺","","34.67779464000000","135.83133908000000"
"102","2491","元興寺極楽坊禅室","","国宝・重要文化財（建造物）","国宝","近世以前／寺院","","鎌倉前期","19060414","19530331","奈良県","奈良県奈良市中院町","","元興寺","","34.67782008000000","135.83104199000000"
"102","2492","元興寺極楽坊東門","","国宝・重要文化財（建造物）","重要文化財","近世以前／寺院","","鎌倉後期","19520329","","奈良県","奈良県奈良市中院町","","元興寺","","34.67779149000000","135.83174734000000"
"102","2489","元興寺極楽坊本堂","","国宝・重要文化財（建造物）","国宝","近世以前／寺院","","鎌倉前期","19010327","19550202","奈良県","奈良県奈良市中院町","","元興寺","","34.67745030000000","135.83140191000000"
"102","2493","喜光寺本堂","","国宝・重要文化財（建造物）","重要文化財","近世以前／寺院","","室町前期","19010327","","奈良県","奈良県奈良市菅原町","","喜光寺","","34.68477548000000","135.77763201000000"
"102","2709","北室院表門","","国宝・重要文化財（建造物）","重要文化財","近世以前／寺院","","室町後期","19110417","","奈良県","奈良県生駒郡斑鳩町法隆寺山内","","法隆寺","","34.61493841000000","135.73888093000000"
"102","2705","北室院本堂","","国宝・重要文化財（建造物）","重要文化財","近世以前／寺院","","室町後期","19040218","","奈良県","奈良県生駒郡斑鳩町法隆寺山内","","法隆寺","","34.61507546000000","135.73889072000000"
"102","2737","吉田寺多宝塔","","国宝・重要文化財（建造物）","重要文化財","近世以前／寺院","","室町中期","19030415","","奈良県","奈良県生駒郡斑鳩町大字小吉田","","吉田寺","","34.60471001000000","135.72576292000000"
"102","2798","金峯山寺二王門","","国宝・重要文化財（建造物）","国宝","近世以前／寺院","","室町中期","19060414","19531114","奈良県","奈良県吉野郡吉野町大字吉野山","","金峯山寺","","34.36889922000000","135.85892664000000"
"102","2797","金峯山寺本堂","","国宝・重要文化財（建造物）","国宝","近世以前／寺院","","桃山","19020417","19531114","奈良県","奈良県吉野郡吉野町大字吉野山","","金峯山寺","","34.36837378000000","135.85888746000000"
"102","2790","百濟寺三重塔","","国宝・重要文化財（建造物）","重要文化財","近世以前／寺院","","鎌倉後期","19060414","","奈良県","奈良県北葛城郡広陵町大字百済","","百濟寺","","34.54326493000000","135.76262307000000"
"102","2617","久米寺多宝塔","","国宝・重要文化財（建造物）","重要文化財","近世以前／寺院","","江戸前期","19760520","","奈良県","奈良県橿原市久米町","","久米寺","","34.48440653000000","135.78985239000000"
"102","2463","興福寺大湯屋","","国宝・重要文化財（建造物）","重要文化財","近世以前／寺院","","室町中期","19530331","","奈良県","奈良県奈良市登大路町","","興福寺","","34.68250907000000","135.83417082000000"
"102","2461","興福寺五重塔","","国宝・重要文化財（建造物）","国宝","近世以前／寺院","","室町中期","18971228","19520329","奈良県","奈良県奈良市登大路町","","興福寺","","34.68245442000000","135.83224117000000"
"102","2460","興福寺三重塔","","国宝・重要文化財（建造物）","国宝","近世以前／寺院","","鎌倉前期","18971228","19520329","奈良県","奈良県奈良市登大路町","","興福寺","","34.68224489000000","135.82968018000000"
"102","2462","興福寺東金堂","","国宝・重要文化財（建造物）","国宝","近世以前／寺院","","室町中期","18971228","19520329","奈良県","奈良県奈良市登大路町","","興福寺","","34.68290260000000","135.83222371000000"
"102","2464","興福寺南円堂","","国宝・重要文化財（建造物）","重要文化財","近世以前／寺院","","江戸中期","19861220","","奈良県","奈良県奈良市登大路町","","興福寺","","34.68252427000000","135.83023312000000"
"102","2459","興福寺北円堂","","国宝・重要文化財（建造物）","国宝","近世以前／寺院","","鎌倉前期","18971228","19520329","奈良県","奈良県奈良市登大路町","","興福寺","","34.68344390000000","135.82991882000000"
"102","2569","興福院客殿","","国宝・重要文化財（建造物）","重要文化財","近世以前／寺院","","江戸中期","19730602","","奈良県","奈良県奈良市法蓮町","","興福院","","34.69473248000000","135.82225163000000"
"102","2718","西園院上土門","","国宝・重要文化財（建造物）","重要文化財","近世以前／寺院","","江戸前期","19421222","","奈良県","奈良県生駒郡斑鳩町法隆寺山内","","法隆寺","","34.61303284000000","135.73441720000000"
"102","2573","西大寺本堂","","国宝・重要文化財（建造物）","重要文化財","近世以前／寺院","","江戸後期","19980501","","奈良県","奈良県奈良市西大寺芝町一丁目","","西大寺","","34.69364039000000","135.77945168000000"
"102","2501","十輪院南門","","国宝・重要文化財（建造物）","重要文化財","近世以前／寺院","","鎌倉前期","19170813","","奈良県","奈良県奈良市十輪院町","","十輪院","","34.67583088000000","135.83284631000000"
"102","2500","十輪院本堂","","国宝・重要文化財（建造物）","国宝","近世以前／寺院","","鎌倉前期","19020417","19580208","奈良県","奈良県奈良市十輪院町","","十輪院","","34.67583088000000","135.83284631000000"
"102","2572","正倉院正倉","","国宝・重要文化財（建造物）","国宝","近世以前／寺院","","奈良","19970519","19970519","奈良県","奈良県奈良市雑司町","","国（宮内庁）","","34.69184974000000","135.83860803000000"
"102","3726","称念寺本堂","","国宝・重要文化財（建造物）","重要文化財","近世以前／寺院","","江戸前期","20020523","","奈良県","奈良県橿原市今井町三丁目","","称念寺","","34.50617903000000","135.78537253000000"
"102","2607","正蓮寺大日堂","","国宝・重要文化財（建造物）","重要文化財","近世以前／寺院","","室町後期","19430609","","奈良県","奈良県橿原市小綱町","","正蓮寺","","34.51224259000000","135.78516447000000"
"102","2468","新薬師寺地蔵堂","","国宝・重要文化財（建造物）","重要文化財","近世以前／寺院","","鎌倉前期","19170813","","奈良県","奈良県奈良市高畑町","","新薬師寺","","34.67562920000000","135.84597969000000"
"102","2466","新薬師寺鐘楼","","国宝・重要文化財（建造物）","重要文化財","近世以前／寺院","","鎌倉前期","18981228","","奈良県","奈良県奈良市高畑町","","新薬師寺","","34.67555200000000","135.84632956000000"
"102","2467","新薬師寺南門","","国宝・重要文化財（建造物）","重要文化財","近世以前／寺院","","鎌倉後期","19010327","","奈良県","奈良県奈良市高畑町","","新薬師寺","","34.67547808000000","135.84617680000000"
"102","2469","新薬師寺東門","","国宝・重要文化財（建造物）","重要文化財","近世以前／寺院","","鎌倉前期","19170813","","奈良県","奈良県奈良市高畑町","","新薬師寺","","34.67589860000000","135.84642484000000"
"102","2465","新薬師寺本堂","","国宝・重要文化財（建造物）","国宝","近世以前／寺院","","奈良","18971228","19521122","奈良県","奈良県奈良市高畑町","","新薬師寺","","34.67585589000000","135.84616202000000"
"102","2606","瑞花院本堂","","国宝・重要文化財（建造物）","重要文化財","近世以前／寺院","","室町中期","19070828","","奈良県","奈良県橿原市飯高町","","瑞花院","","34.53256610000000","135.77234357000000"
"102","2710","宗源寺四脚門(勧学院表門)","","国宝・重要文化財（建造物）","重要文化財","近世以前／寺院","","鎌倉前期","19210430","","奈良県","奈良県生駒郡斑鳩町法隆寺山内","","法隆寺","","34.61404436000000","135.73733755000000"
"102","2789","當麻奥院","鐘楼門","国宝・重要文化財（建造物）","重要文化財","近世以前／寺院","","江戸前期","19890902","","奈良県","奈良県葛城市當麻","","奥院","","34.51623344000000","135.69343766000000"
"102","2787","當麻奥院","本堂","国宝・重要文化財（建造物）","重要文化財","近世以前／寺院","","桃山","19890902","","奈良県","奈良県葛城市當麻","","奥院","","34.51664220000000","135.69322834000000"
"102","2788","當麻奥院","方丈","国宝・重要文化財（建造物）","重要文化財","近世以前／寺院","","桃山","19890902","","奈良県","奈良県葛城市當麻","","奥院","","34.51684757000000","135.69341989000000"
"102","2783","當麻寺講堂","","国宝・重要文化財（建造物）","重要文化財","近世以前／寺院","","鎌倉後期","18990405","","奈良県","奈良県葛城市當麻","","當麻寺","","34.51620435000000","135.69511399000000"
"102","2782","當麻寺金堂","","国宝・重要文化財（建造物）","重要文化財","近世以前／寺院","","鎌倉前期","18990405","","奈良県","奈良県葛城市當麻","","當麻寺","","34.51594756000000","135.69511458000000"
"102","2780","當麻寺西塔","","国宝・重要文化財（建造物）","国宝","近世以前／寺院","","平安前期","18971228","19520329","奈良県","奈良県葛城市當麻","","當麻寺","","34.51545781000000","135.69448418000000"
"102","2779","當麻寺東塔","","国宝・重要文化財（建造物）","国宝","近世以前／寺院","","奈良","18971228","19520329","奈良県","奈良県葛城市當麻","","當麻寺","","34.51523127000000","135.69581558000000"
"102","2781","當麻寺本堂(曼荼羅堂)","","国宝・重要文化財（建造物）","国宝","近世以前／寺院","","平安後期","18981228","19520329","奈良県","奈良県葛城市當麻","","當麻寺","","34.51607479000000","135.69469035000000"
"102","2784","當麻寺薬師堂","","国宝・重要文化財（建造物）","重要文化財","近世以前／寺院","","室町中期","19710622","","奈良県","奈良県葛城市當麻","","當麻寺","","34.51632973000000","135.69641031000000"
"102","2524","手向山神社宝庫","","国宝・重要文化財（建造物）","重要文化財","近世以前／寺院","","奈良","19531114","","奈良県","奈良県奈良市雑司町","","手向山八幡宮","","34.68768527000000","135.84401035000000"
"102","2625","談山神社十三重塔","","国宝・重要文化財（建造物）","重要文化財","近世以前／寺院","","室町後期","19000407","","奈良県","奈良県桜井市大字多武峰","","談山神社","","34.46592027000000","135.86110089000000"
"102","2599","長岳寺旧地蔵院","本堂","国宝・重要文化財（建造物）","重要文化財","近世以前／寺院","","江戸前期","19690620","","奈良県","奈良県天理市柳本町","","長岳寺","","34.56088860000000","135.85129706000000"
"102","2600","長岳寺旧地蔵院","庫裏","国宝・重要文化財（建造物）","重要文化財","近世以前／寺院","","江戸前期","19550622","","奈良県","奈良県天理市柳本町","","長岳寺","","34.56093084000000","135.85142379000000"
"102","2598","長岳寺五智堂(真面堂)","","国宝・重要文化財（建造物）","重要文化財","近世以前／寺院","","鎌倉後期","19080423","","奈良県","奈良県天理市柳本町","","長岳寺","","34.56172684000000","135.84173480000000"
"102","2597","長岳寺楼門","","国宝・重要文化財（建造物）","重要文化財","近世以前／寺院","","桃山","19070828","","奈良県","奈良県天理市柳本町","","長岳寺","","34.56076932000000","135.85182138000000"
"102","2664","長弓寺本堂","","国宝・重要文化財（建造物）","国宝","近世以前／寺院","","鎌倉後期","18981228","19531114","奈良県","奈良県生駒市上町","","長弓寺","","34.71857184000000","135.72728611000000"
"102","2665","長福寺本堂","","国宝・重要文化財（建造物）","重要文化財","近世以前／寺院","","鎌倉後期","18990405","","奈良県","奈良県生駒市俵口町","","長福寺","","34.70561075000000","135.69522678000000"
"102","2509","傳香寺本堂","","国宝・重要文化財（建造物）","重要文化財","近世以前／寺院","","桃山","19060414","","奈良県","奈良県奈良市小川町","","傳香寺","","34.68058804000000","135.82577308000000"
"102","2481","唐招提寺経蔵","","国宝・重要文化財（建造物）","国宝","近世以前／寺院","","奈良","19040218","19531114","奈良県","奈良県奈良市五条町","","宗教法人唐招提寺","","34.67555585000000","135.78552684000000"
"102","2478","唐招提寺講堂","","国宝・重要文化財（建造物）","国宝","近世以前／寺院","","奈良","18981228","19521122","奈良県","奈良県奈良市五条町","","宗教法人唐招提寺","","34.67588218000000","135.78482438000000"
"102","2479","唐招提寺鼓楼","","国宝・重要文化財（建造物）","国宝","近世以前／寺院","","鎌倉前期","19000407","19531114","奈良県","奈良県奈良市五条町","","宗教法人唐招提寺","","34.67571609000000","135.78510691000000"
"102","2477","唐招提寺金堂","","国宝・重要文化財（建造物）","国宝","近世以前／寺院","","奈良","18971228","19510609","奈良県","奈良県奈良市五条町","","宗教法人唐招提寺","","34.67552491000000","135.78485492000000"
"102","2480","唐招提寺宝蔵","","国宝・重要文化財（建造物）","国宝","近世以前／寺院","","奈良","19040218","19590627","奈良県","奈良県奈良市五条町","","宗教法人唐招提寺","","34.67575340000000","135.78553826000000"
"102","2482","唐招提寺礼堂","","国宝・重要文化財（建造物）","重要文化財","近世以前／寺院","","鎌倉前期","19040218","","奈良県","奈良県奈良市五条町","","唐招提寺","","34.67586692000000","135.78526105000000"
"102","2453","東大寺大湯屋","","国宝・重要文化財（建造物）","重要文化財","近世以前／寺院","","室町中期","19030415","","奈良県","奈良県奈良市雑司町","","東大寺","","34.68942457000000","135.84252403000000"
"102","2439","東大寺開山堂","","国宝・重要文化財（建造物）","国宝","近世以前／寺院","","鎌倉前期","18981228","19530331","奈良県","奈良県奈良市雑司町","","東大寺","","34.68901341000000","135.84339688000000"
"102","2442","東大寺廻廊","東廻廊","国宝・重要文化財（建造物）","重要文化財","近世以前／寺院","","江戸中期","19000407","","奈良県","奈良県奈良市雑司町","","東大寺","","34.68833467000000","135.84066130000000"
"102","2443","東大寺廻廊","西廻廊","国宝・重要文化財（建造物）","重要文化財","近世以前／寺院","","江戸中期","19000407","","奈良県","奈良県奈良市雑司町","","東大寺","","34.68833896000000","135.83904636000000"
"102","2446","東大寺勧進所経庫","","国宝・重要文化財（建造物）","重要文化財","近世以前／寺院","","平安前期","19020731","","奈良県","奈良県奈良市雑司町","","東大寺","","34.68873520000000","135.83712764000000"
"102","2438","東大寺金堂（大仏殿）","","国宝・重要文化財（建造物）","国宝","近世以前／寺院","","江戸中期","18981228","19520329","奈良県","奈良県奈良市雑司町","","東大寺","","34.68882335000000","135.83985437000000"
"102","2451","東大寺三昧堂(四月堂)","","国宝・重要文化財（建造物）","重要文化財","近世以前／寺院","","江戸中期","19030415","","奈良県","奈良県奈良市雑司町","","東大寺","","34.68880339000000","135.84350781000000"
"102","2437","東大寺鐘楼","","国宝・重要文化財（建造物）","国宝","近世以前／寺院","","鎌倉前期","18971228","19510609","奈良県","奈良県奈良市雑司町","","東大寺","","34.68869160000000","135.84201748000000"
"102","2441","東大寺中門","","国宝・重要文化財（建造物）","重要文化財","近世以前／寺院","","江戸中期","19000407","","奈良県","奈良県奈良市雑司町","","東大寺","","34.68784954000000","135.83986926000000"
"102","2440","東大寺転害門","","国宝・重要文化財（建造物）","国宝","近世以前／寺院","","奈良","18990405","19520329","奈良県","奈良県奈良市雑司町","","東大寺","","34.69161056000000","135.83512176000000"
"102","2445","東大寺東西楽門（西）","","国宝・重要文化財（建造物）","重要文化財","近世以前／寺院","","江戸中期","19000407","","奈良県","奈良県奈良市雑司町","","東大寺","","34.68811159000000","135.83906186000000"
"102","2444","東大寺東西楽門（東）","","国宝・重要文化財（建造物）","重要文化財","近世以前／寺院","","江戸中期","19000407","","奈良県","奈良県奈良市雑司町","","東大寺","","34.68811714000000","135.84065831000000"
"102","2435","東大寺南大門","","国宝・重要文化財（建造物）","国宝","近世以前／寺院","","鎌倉前期","18971228","19510609","奈良県","奈良県奈良市雑司町","","東大寺","","34.68579351000000","135.83988569000000"
"102","2457","東大寺二月堂","","国宝・重要文化財（建造物）","国宝","近世以前／寺院","","江戸中期","19440905","20051227","奈良県","奈良県奈良市雑司町","","東大寺","","34.68926435000000","135.84427053000000"
"102","2449","東大寺二月堂閼伽井屋(若狭井屋)","","国宝・重要文化財（建造物）","重要文化財","近世以前／寺院","","鎌倉後期","19030415","","奈良県","奈良県奈良市雑司町","","東大寺","","34.68920334000000","135.84374917000000"
"102","2456","東大寺二月堂参籠所","","国宝・重要文化財（建造物）","重要文化財","近世以前／寺院","","鎌倉後期","19060414","","奈良県","奈良県奈良市雑司町","","東大寺","","34.68944405000000","135.84380131000000"
"102","2450","東大寺二月堂仏餉屋(御供所)","","国宝・重要文化財（建造物）","重要文化財","近世以前／寺院","","鎌倉前期","19030415","","奈良県","奈良県奈良市雑司町","","東大寺","","34.68926877000000","135.84357887000000"
"102","2452","東大寺念仏堂","","国宝・重要文化財（建造物）","重要文化財","近世以前／寺院","","鎌倉前期","19030415","","奈良県","奈良県奈良市雑司町","","東大寺","","34.68870577000000","135.84240299000000"
"102","2436","東大寺法華堂","","国宝・重要文化財（建造物）","国宝","近世以前／寺院","","奈良","18971228","19510609","奈良県","奈良県奈良市雑司町","","東大寺","","34.68871402000000","135.84405933000000"
"102","2448","東大寺法華堂北門","","国宝・重要文化財（建造物）","重要文化財","近世以前／寺院","","鎌倉前期","19030415","","奈良県","奈良県奈良市雑司町","","東大寺","","34.68903295000000","135.84408480000000"
"102","2447","東大寺法華堂経庫","","国宝・重要文化財（建造物）","重要文化財","近世以前／寺院","","平安前期","19020731","","奈良県","奈良県奈良市雑司町","","東大寺","","34.68813202000000","135.84407052000000"
"102","2455","東大寺法華堂手水屋","","国宝・重要文化財（建造物）","重要文化財","近世以前／寺院","","室町前期","19060414","","奈良県","奈良県奈良市雑司町","","東大寺","","34.68879471000000","135.84425866000000"
"102","2454","東大寺本坊経庫","","国宝・重要文化財（建造物）","国宝","近世以前／寺院","","奈良","19060414","19530331","奈良県","奈良県奈良市雑司町","","東大寺","","34.68591209000000","135.84056341000000"
"102","2516","南明寺本堂","","国宝・重要文化財（建造物）","重要文化財","近世以前／寺院","","鎌倉後期","19060414","","奈良県","奈良県奈良市阪原町","","南明寺","","34.71665680000000","135.93994170000000"
"102","2644","長谷寺","本堂","国宝・重要文化財（建造物）","国宝","近世以前／寺院","","江戸前期","19130414","20041210","奈良県","奈良県桜井市大字初瀬","","長谷寺","","34.53591509000000","135.90682365000000"
"102","2653","長谷寺","仁王門","国宝・重要文化財（建造物）","重要文化財","近世以前／寺院","","明治","19861220","","奈良県","奈良県桜井市大字初瀬","","長谷寺","","34.53470387000000","135.90758551000000"
"102","2652","長谷寺","登廊 （下登廊）","国宝・重要文化財（建造物）","重要文化財","近世以前／寺院","","明治","19861220","","奈良県","奈良県桜井市大字初瀬","","長谷寺","","34.53502927000000","135.90719554000000"
"102","2651","長谷寺","登廊 （繋屋）","国宝・重要文化財（建造物）","重要文化財","近世以前／寺院","","明治","19861220","","奈良県","奈良県桜井市大字初瀬","","長谷寺","","34.53540116000000","135.90679008000000"
"102","2650","長谷寺","登廊 （中登廊）","国宝・重要文化財（建造物）","重要文化財","近世以前／寺院","","明治","19861220","","奈良県","奈良県桜井市大字初瀬","","長谷寺","","34.53546831000000","135.90700185000000"
"102","2649","長谷寺","登廊 （蔵王堂）","国宝・重要文化財（建造物）","重要文化財","近世以前／寺院","","江戸前期","19861220","","奈良県","奈良県桜井市大字初瀬","","長谷寺","","34.53551479000000","135.90720845000000"
"102","2648","長谷寺","登廊 （上登廊）","国宝・重要文化財（建造物）","重要文化財","近世以前／寺院","","江戸前期","19861220","","奈良県","奈良県桜井市大字初瀬","","長谷寺","","34.53573689000000","135.90714905000000"
"102","2647","長谷寺","三百餘社","国宝・重要文化財（建造物）","重要文化財","近世以前／寺院","","江戸前期","19861220","","奈良県","奈良県桜井市大字初瀬","","長谷寺","","34.53586842000000","135.90704078000000"
"102","2645","長谷寺","繋廊","国宝・重要文化財（建造物）","重要文化財","近世以前／寺院","","江戸前期","19861220","","奈良県","奈良県桜井市大字初瀬","","長谷寺","","34.53592026000000","135.90702251000000"
"102","2646","長谷寺","鐘楼","国宝・重要文化財（建造物）","重要文化財","近世以前／寺院","","江戸前期","19861220","","奈良県","奈良県桜井市大字初瀬","","長谷寺","","34.53593059000000","135.90709999000000"
"102","2499","般若寺経蔵","","国宝・重要文化財（建造物）","重要文化財","近世以前／寺院","","鎌倉後期","19690620","","奈良県","奈良県奈良市般若寺町","","般若寺","","34.69981895000000","135.83643429000000"
"102","2498","般若寺楼門","","国宝・重要文化財（建造物）","国宝","近世以前／寺院","","鎌倉前期","19030415","19530331","奈良県","奈良県奈良市般若寺町","","般若寺","","34.69974042000000","135.83560148000000"
"102","2748","富貴寺本堂","","国宝・重要文化財（建造物）","重要文化財","近世以前／寺院","","室町前期","19540320","","奈良県","奈良県磯城郡川西町大字保田","","富貴寺","","34.58232629000000","135.75144855000000"
"102","2734","旧富貴寺羅漢堂","","国宝・重要文化財（建造物）","重要文化財","近世以前／寺院","","平安後期","19711228","","奈良県","奈良県生駒郡斑鳩町法隆寺山内","","法隆寺","","34.61389644000000","135.73791603000000"
"102","2713","福園院本堂","","国宝・重要文化財（建造物）","重要文化財","近世以前／寺院","","室町中期","19420626","","奈良県","奈良県生駒郡斑鳩町法隆寺山内","","法隆寺","","34.61439540000000","135.73796495000000"
"102","2528","福智院本堂","","国宝・重要文化財（建造物）","重要文化財","近世以前／寺院","","鎌倉前期","19470226","","奈良県","奈良県奈良市福智院町","","福智院","","34.67695532000000","135.83449992000000"
"102","2508","不退寺塔婆","","国宝・重要文化財（建造物）","重要文化財","近世以前／寺院","","鎌倉後期","19080423","","奈良県","奈良県奈良市法蓮町","","不退寺","","34.69464132000000","135.81275795000000"
"102","2507","不退寺南門","","国宝・重要文化財（建造物）","重要文化財","近世以前／寺院","","鎌倉後期","19040218","","奈良県","奈良県奈良市法蓮町","","不退寺","","34.69441818000000","135.81252096000000"
"102","2506","不退寺本堂","","国宝・重要文化財（建造物）","重要文化財","近世以前／寺院","","室町前期","19040218","","奈良県","奈良県奈良市法蓮町","","不退寺","","34.69475538000000","135.81250950000000"
"102","2574","不動院本堂","","国宝・重要文化財（建造物）","重要文化財","近世以前／寺院","","室町後期","19250424","","奈良県","奈良県大和高田市本郷町","","不動院","","34.51444560000000","135.74438367000000"
"102","2719","寶珠院本堂","","国宝・重要文化財（建造物）","重要文化財","近世以前／寺院","","室町後期","19421222","","奈良県","奈良県生駒郡斑鳩町法隆寺山内","","法隆寺","","34.61380290000000","135.73312483000000"
"102","2666","宝幢寺本堂","","国宝・重要文化財（建造物）","重要文化財","近世以前／寺院","","室町前期","19040218","","奈良県","奈良県生駒市小平尾町","","宝幢寺","","34.66251941000000","135.70121245000000"
"102","2715","法隆寺大湯屋","","国宝・重要文化財（建造物）","重要文化財","近世以前／寺院","","桃山","19421222","","奈良県","奈良県生駒郡斑鳩町法隆寺山内","","法隆寺","","34.61317230000000","135.73375131000000"
"102","2716","法隆寺大湯屋表門","","国宝・重要文化財（建造物）","重要文化財","近世以前／寺院","","室町前期","19421222","","奈良県","奈良県生駒郡斑鳩町法隆寺山内","","法隆寺","","34.61338524000000","135.73370261000000"
"102","2690","法隆寺廻廊","西廻廊","国宝・重要文化財（建造物）","国宝","近世以前／寺院","","飛鳥","18990405","19510609","奈良県","奈良県生駒郡斑鳩町法隆寺山内","","法隆寺","","34.61419446000000","135.73381029000000"
"102","2689","法隆寺廻廊","東廻廊","国宝・重要文化財（建造物）","国宝","近世以前／寺院","","飛鳥","18990405","19510609","奈良県","奈良県生駒郡斑鳩町法隆寺山内","","法隆寺","","34.61435108000000","135.73474350000000"
"102","2685","法隆寺上御堂(上堂)","","国宝・重要文化財（建造物）","重要文化財","近世以前／寺院","","鎌倉後期","18981228","","奈良県","奈良県生駒郡斑鳩町法隆寺山内","","法隆寺","","34.61523232000000","135.73413054000000"
"102","2688","法隆寺経蔵","","国宝・重要文化財（建造物）","国宝","近世以前／寺院","","奈良","18990405","19510609","奈良県","奈良県生駒郡斑鳩町法隆寺山内","","法隆寺","","34.61455012000000","135.73385271000000"
"102","2714","法隆寺綱封蔵","","国宝・重要文化財（建造物）","国宝","近世以前／寺院","","平安前期","19421222","19670615","奈良県","奈良県生駒郡斑鳩町法隆寺山内","","法隆寺","","34.61437166000000","135.73542800000000"
"102","2683","法隆寺五重塔","","国宝・重要文化財（建造物）","国宝","近世以前／寺院","","飛鳥","18971228","19510609","奈良県","奈良県生駒郡斑鳩町法隆寺山内","","法隆寺","","34.61423035000000","135.73410722000000"
"102","2681","法隆寺金堂","","国宝・重要文化財（建造物）","国宝","近世以前／寺院","","飛鳥","18971228","19510609","奈良県","奈良県生駒郡斑鳩町法隆寺山内","","法隆寺","","34.61426950000000","135.73444330000000"
"102","2720","法隆寺西院大垣","南面","国宝・重要文化財（建造物）","重要文化財","近世以前／寺院","","江戸中期","19430609","","奈良県","奈良県生駒郡斑鳩町法隆寺山内","","法隆寺","","34.61284685000000","135.73576480000000"
"102","2722","法隆寺西院大垣","西面","国宝・重要文化財（建造物）","重要文化財","近世以前／寺院","","江戸中期","19430609","","奈良県","奈良県生駒郡斑鳩町法隆寺山内","","法隆寺","","34.61299695000000","135.73312833000000"
"102","2721","法隆寺西院大垣","東面","国宝・重要文化財（建造物）","重要文化財","近世以前／寺院","","江戸中期","19430609","","奈良県","奈良県生駒郡斑鳩町法隆寺山内","","法隆寺","","34.61417814000000","135.73673716000000"
"102","2725","法隆寺西院西南隅子院築垣","東面","国宝・重要文化財（建造物）","重要文化財","近世以前／寺院","","江戸中期","19430609","","奈良県","奈良県生駒郡斑鳩町法隆寺山内","","法隆寺","","34.61322687000000","135.73439326000000"
"102","2726","法隆寺西院西南隅子院築垣","北面","国宝・重要文化財（建造物）","重要文化財","近世以前／寺院","","江戸中期","19430609","","奈良県","奈良県生駒郡斑鳩町法隆寺山内","","法隆寺","","34.61337733000000","135.73359154000000"
"102","2723","法隆寺西院東南隅子院築垣","西面","国宝・重要文化財（建造物）","重要文化財","近世以前／寺院","","江戸前期","19430609","","奈良県","奈良県生駒郡斑鳩町法隆寺山内","","法隆寺","","34.61301577000000","135.73450779000000"
"102","2724","法隆寺西院東南隅子院築垣","北面","国宝・重要文化財（建造物）","重要文化財","近世以前／寺院","","江戸後期","19430609","","奈良県","奈良県生駒郡斑鳩町法隆寺山内","","法隆寺","","34.61363110000000","135.73551161000000"
"102","2700","法隆寺西円堂","","国宝・重要文化財（建造物）","国宝","近世以前／寺院","","鎌倉前期","19010327","19550202","奈良県","奈良県生駒郡斑鳩町法隆寺山内","","法隆寺","","34.61462517000000","135.73303697000000"
"102","2731","法隆寺西園院唐門","","国宝・重要文化財（建造物）","重要文化財","近世以前／寺院","","江戸前期","19430609","","奈良県","奈良県生駒郡斑鳩町法隆寺山内","","法隆寺","","34.61313726000000","135.73440088000000"
"102","2707","法隆寺三経院及び西室","","国宝・重要文化財（建造物）","国宝","近世以前／寺院","","鎌倉前期","19080423","19550202","奈良県","奈良県生駒郡斑鳩町法隆寺山内","","法隆寺","","34.61416316000000","135.73342260000000"
"102","2702","法隆寺食堂及び細殿","食堂","国宝・重要文化財（建造物）","国宝","近世以前／寺院","","奈良","19010327","19521122","奈良県","奈良県生駒郡斑鳩町法隆寺山内","","法隆寺","","34.61467411000000","135.73552661000000"
"102","2703","法隆寺食堂及び細殿","細殿","国宝・重要文化財（建造物）","重要文化財","近世以前／寺院","","鎌倉前期","19010327","","奈良県","奈良県生駒郡斑鳩町法隆寺山内","","法隆寺","","34.61457320000000","135.73554945000000"
"102","2706","法隆寺地蔵堂","","国宝・重要文化財（建造物）","重要文化財","近世以前／寺院","","室町前期","19080423","","奈良県","奈良県生駒郡斑鳩町法隆寺山内","","法隆寺","","34.61475943000000","135.73336048000000"
"102","2701","法隆寺聖霊院","","国宝・重要文化財（建造物）","国宝","近世以前／寺院","","鎌倉後期","19010327","19521122","奈良県","奈良県生駒郡斑鳩町法隆寺山内","","法隆寺","","34.61415530000000","135.73501432000000"
"102","2687","法隆寺鐘楼","","国宝・重要文化財（建造物）","国宝","近世以前／寺院","","平安中期","18990405","19510609","奈良県","奈良県生駒郡斑鳩町法隆寺山内","","法隆寺","","34.61464801000000","135.73457056000000"
"102","2708","法隆寺新堂","","国宝・重要文化財（建造物）","重要文化財","近世以前／寺院","","鎌倉後期","19110417","","奈良県","奈良県生駒郡斑鳩町法隆寺山内","","法隆寺","","34.61331672000000","135.73410722000000"
"102","2686","法隆寺大講堂","","国宝・重要文化財（建造物）","国宝","近世以前／寺院","","平安中期","18990405","19510609","奈良県","奈良県生駒郡斑鳩町法隆寺山内","","法隆寺","","34.61474263000000","135.73416595000000"
"102","2733","法隆寺中院本堂","","国宝・重要文化財（建造物）","重要文化財","近世以前／寺院","","室町中期","19470226","","奈良県","奈良県生駒郡斑鳩町法隆寺山内","","法隆寺","","34.61368882000000","135.73313183000000"
"102","2682","法隆寺中門","","国宝・重要文化財（建造物）","国宝","近世以前／寺院","","飛鳥","18971228","19510609","奈良県","奈良県生駒郡斑鳩町法隆寺山内","","法隆寺","","34.61396279000000","135.73430952000000"
"102","2712","法隆寺妻室","","国宝・重要文化財（建造物）","重要文化財","近世以前／寺院","","平安後期","19420626","","奈良県","奈良県生駒郡斑鳩町法隆寺山内","","法隆寺","","34.61437259000000","135.73515209000000"
"102","2727","法隆寺東院大垣","南面","国宝・重要文化財（建造物）","重要文化財","近世以前／寺院","","江戸中期","19430609","","奈良県","奈良県生駒郡斑鳩町法隆寺山内","","法隆寺","","34.61392398000000","135.73892445000000"
"102","2728","法隆寺東院大垣","東面","国宝・重要文化財（建造物）","重要文化財","近世以前／寺院","","江戸中期","19430609","","奈良県","奈良県生駒郡斑鳩町法隆寺山内","","法隆寺","","34.61428727000000","135.73935439000000"
"102","2729","法隆寺東院大垣","西面","国宝・重要文化財（建造物）","重要文化財","近世以前／寺院","","江戸中期","19430609","","奈良県","奈良県生駒郡斑鳩町法隆寺山内","","法隆寺","","34.61446058000000","135.73855116000000"
"102","2695","法隆寺東院廻廊","西廻廊","国宝・重要文化財（建造物）","重要文化財","近世以前／寺院","","鎌倉前期","19000407","","奈良県","奈良県生駒郡斑鳩町法隆寺山内","","法隆寺","","34.61428582000000","135.73877651000000"
"102","2694","法隆寺東院廻廊","東廻廊","国宝・重要文化財（建造物）","重要文化財","近世以前／寺院","","鎌倉前期","19000407","","奈良県","奈良県生駒郡斑鳩町法隆寺山内","","法隆寺","","34.61435434000000","135.73916481000000"
"102","2692","法隆寺東院四脚門","","国宝・重要文化財（建造物）","重要文化財","近世以前／寺院","","鎌倉前期","19000407","","奈良県","奈良県生駒郡斑鳩町法隆寺山内","","法隆寺","","34.61429561000000","135.73858074000000"
"102","2698","法隆寺東院舎利殿及び絵殿","","国宝・重要文化財（建造物）","重要文化財","近世以前／寺院","","鎌倉前期","19000407","","奈良県","奈良県生駒郡斑鳩町法隆寺山内","","法隆寺","","34.61456643000000","135.73891029000000"
"102","2696","法隆寺東院鐘楼","","国宝・重要文化財（建造物）","国宝","近世以前／寺院","","鎌倉前期","19000407","19550202","奈良県","奈良県生駒郡斑鳩町法隆寺山内","","法隆寺","","34.61460233000000","135.73866231000000"
"102","2697","法隆寺東院伝法堂","","国宝・重要文化財（建造物）","国宝","近世以前／寺院","","奈良","19000407","19510609","奈良県","奈良県生駒郡斑鳩町法隆寺山内","","法隆寺","","34.61471653000000","135.73887766000000"
"102","2691","法隆寺東院南門(不明門)","","国宝・重要文化財（建造物）","重要文化財","近世以前／寺院","","室町中期","19000407","","奈良県","奈良県生駒郡斑鳩町法隆寺山内","","法隆寺","","34.61393463000000","135.73903755000000"
"102","2684","法隆寺東院夢殿","","国宝・重要文化財（建造物）","国宝","近世以前／寺院","","奈良","18971228","19510609","奈良県","奈良県生駒郡斑鳩町法隆寺山内","","法隆寺","","34.61435434000000","135.73895598000000"
"102","2693","法隆寺東院礼堂","","国宝・重要文化財（建造物）","重要文化財","近世以前／寺院","","鎌倉前期","19000407","","奈良県","奈良県生駒郡斑鳩町法隆寺山内","","法隆寺","","34.61410636000000","135.73900818000000"
"102","2704","法隆寺東大門","","国宝・重要文化財（建造物）","国宝","近世以前／寺院","","奈良","19040218","19521122","奈良県","奈良県生駒郡斑鳩町法隆寺山内","","法隆寺","","34.61381922000000","135.73670127000000"
"102","2699","法隆寺南大門","","国宝・重要文化財（建造物）","国宝","近世以前／寺院","","室町中期","19010327","19530331","奈良県","奈良県生駒郡斑鳩町法隆寺山内","","法隆寺","","34.61268697000000","135.73452814000000"
"102","2711","法隆寺東室","","国宝・重要文化財（建造物）","国宝","近世以前／寺院","","奈良","19420626","19650529","奈良県","奈良県生駒郡斑鳩町法隆寺山内","","法隆寺","","34.61444905000000","135.73495857000000"
"102","2730","法隆寺薬師坊庫裡","","国宝・重要文化財（建造物）","重要文化財","近世以前／寺院","","室町後期","19430609","","奈良県","奈良県生駒郡斑鳩町法隆寺山内","","法隆寺","","34.61487642000000","135.73300107000000"
"102","2736","法起寺三重塔","","国宝・重要文化財（建造物）","国宝","近世以前／寺院","","飛鳥","18971228","19510609","奈良県","奈良県生駒郡斑鳩町大字岡本","","法起寺","","34.62282547000000","135.74632745000000"
"102","2520","法華寺","南門","国宝・重要文化財（建造物）","重要文化財","近世以前／寺院","","桃山","19530331","","奈良県","奈良県奈良市法華寺町","","法華寺","","34.69192012000000","135.80410932000000"
"102","2521","法華寺","鐘楼","国宝・重要文化財（建造物）","重要文化財","近世以前／寺院","","桃山","19530331","","奈良県","奈良県奈良市法華寺町","","法華寺","","34.69203421000000","135.80452766000000"
"102","2519","法華寺","本堂","国宝・重要文化財（建造物）","重要文化財","近世以前／寺院","","桃山","19080423","","奈良県","奈良県奈良市法華寺町","","法華寺","","34.69227336000000","135.80411978000000"
"102","2575","松尾寺本堂","","国宝・重要文化財（建造物）","重要文化財","近世以前／寺院","","室町前期","19020731","","奈良県","奈良県大和郡山市山田町","","松尾寺","","34.63410755000000","135.72812964000000"
"102","2769","南法華寺三重塔","","国宝・重要文化財（建造物）","重要文化財","近世以前／寺院","","室町後期","19060414","","奈良県","奈良県高市郡高取町大字壺坂","","南法華寺","","34.42613914000000","135.81034246000000"
"102","2770","南法華寺礼堂","","国宝・重要文化財（建造物）","重要文化財","近世以前／寺院","","室町中期","19590627","","奈良県","奈良県高市郡高取町大字壺坂","","南法華寺","","34.42639043000000","135.81033924000000"
"102","2762","室生寺五重塔","","国宝・重要文化財（建造物）","国宝","近世以前／寺院","","平安前期","18971228","19510609","奈良県","奈良県宇陀市室生区室生","","室生寺","","34.53828171000000","136.04034970000000"
"102","2763","室生寺金堂","","国宝・重要文化財（建造物）","国宝","近世以前／寺院","","平安前期","19010802","19520329","奈良県","奈良県宇陀市室生区室生","","室生寺","","34.53756967000000","136.04113555000000"
"102","2764","室生寺本堂(灌頂堂)","","国宝・重要文化財（建造物）","国宝","近世以前／寺院","","鎌倉後期","19010802","19520329","奈良県","奈良県宇陀市室生区室生","","室生寺","","34.53786056000000","136.04061021000000"
"102","2765","室生寺御影堂","","国宝・重要文化財（建造物）","重要文化財","近世以前／寺院","","室町前期","19110417","","奈良県","奈良県宇陀市室生区室生","","室生寺","","34.54034620000000","136.03899870000000"
"102","2768","室生寺弥勒堂","","国宝・重要文化財（建造物）","重要文化財","近世以前／寺院","","鎌倉前期","19790203","","奈良県","奈良県宇陀市室生区室生","","室生寺","","34.53750020000000","136.04095754000000"
"102","2471","薬師寺東院堂","","国宝・重要文化財（建造物）","国宝","近世以前／寺院","","鎌倉後期","19040218","19610427","奈良県","奈良県奈良市西ノ京町","","薬師寺","","34.66797173000000","135.78518504000000"
"102","2470","薬師寺東塔","","国宝・重要文化財（建造物）","国宝","近世以前／寺院","","奈良","18971228","19510609","奈良県","奈良県奈良市西ノ京町","","宗教法人薬師寺","","34.66810082000000","135.78469391000000"
"102","2476","薬師寺南門","","国宝・重要文化財（建造物）","重要文化財","近世以前／寺院","","室町後期","19470226","","奈良県","奈良県奈良市西ノ京町","","薬師寺","","34.66765895000000","135.78431307000000"
"102","2735","律学院本堂","","国宝・重要文化財（建造物）","重要文化財","近世以前／寺院","","江戸前期","19760520","","奈良県","奈良県生駒郡斑鳩町法隆寺山内","","法隆寺","","34.61419119000000","135.73699167000000"
"102","2486","霊山寺三重塔","","国宝・重要文化財（建造物）","重要文化財","近世以前／寺院","","室町前期","18990405","","奈良県","奈良県奈良市中町","","霊山寺","","34.67312371000000","135.74321345000000"
"102","2488","霊山寺鐘楼","","国宝・重要文化財（建造物）","重要文化財","近世以前／寺院","","室町中期","19430609","","奈良県","奈良県奈良市中町","","霊山寺","","34.67335165000000","135.74262856000000"
"102","2487","霊山寺本堂","","国宝・重要文化財（建造物）","国宝","近世以前／寺院","","鎌倉後期","19040218","19531114","奈良県","奈良県奈良市中町","","霊山寺","","34.67343631000000","135.74239222000000"
"102","2571","蓮長寺本堂","","国宝・重要文化財（建造物）","重要文化財","近世以前／寺院","","江戸前期","19880113","","奈良県","奈良県奈良市油阪町","","蓮長寺","","34.68523002000000","135.82331445000000"
"102","00005141","阿弥陀寺本堂（旧紀伊藩台徳院霊屋）","","国宝・重要文化財（建造物）","重要文化財","近世以前／寺院","","江戸前期","20180817","","和歌山県","和歌山県和歌山市鳴神","","宗教法人阿弥陀寺","","34.22644889000000","135.20768889000000"
"102","2912","安楽寺多宝小塔","","国宝・重要文化財（建造物）","重要文化財","近世以前／寺院","","室町前期","19530331","","和歌山県","和歌山県有田郡有田川町大字二川","","安楽寺","","34.07017416000000","135.35858100000000"
"102","2913","雨錫寺阿弥陀堂","","国宝・重要文化財（建造物）","重要文化財","近世以前／寺院","","室町後期","19910531","","和歌山県","和歌山県有田郡有田川町大字杉野原","","雨錫寺","","34.11798105000000","135.50403341000000"
"102","2911","吉祥寺薬師堂","","国宝・重要文化財（建造物）","重要文化財","近世以前／寺院","","室町中期","19170405","","和歌山県","和歌山県有田郡有田川町大字粟生","","吉祥寺","","34.04718455000000","135.33814139000000"
"102","2858","粉河寺","大門","国宝・重要文化財（建造物）","重要文化財","近世以前／寺院","","江戸中期","19961210","","和歌山県","和歌山県紀の川市粉河","","粉河寺","","34.27914046000000","135.40371850000000"
"102","2857","粉河寺","中門","国宝・重要文化財（建造物）","重要文化財","近世以前／寺院","","江戸末期","19961210","","和歌山県","和歌山県紀の川市粉河","","粉河寺","","34.28034839000000","135.40552052000000"
"102","2855","粉河寺","本堂","国宝・重要文化財（建造物）","重要文化財","近世以前／寺院","","江戸中期","19961210","","和歌山県","和歌山県紀の川市粉河","","粉河寺","","34.28087325000000","135.40589390000000"
"102","2856","粉河寺","千手堂","国宝・重要文化財（建造物）","重要文化財","近世以前／寺院","","江戸後期","19961210","","和歌山県","和歌山県紀の川市粉河","","粉河寺","","34.28096246000000","135.40553670000000"
"102","2809","護国院鐘楼","","国宝・重要文化財（建造物）","重要文化財","近世以前／寺院","","桃山","19080423","","和歌山県","和歌山県和歌山市紀三井寺","","護国院","","34.18456747000000","135.19005780000000"
"102","2808","護国院多宝塔","","国宝・重要文化財（建造物）","重要文化財","近世以前／寺院","","室町中期","19080423","","和歌山県","和歌山県和歌山市紀三井寺","","護国院","","34.18490575000000","135.19035290000000"
"102","2810","護国院楼門","","国宝・重要文化財（建造物）","重要文化財","近世以前／寺院","","室町中期","19080423","","和歌山県","和歌山県和歌山市紀三井寺","","護国院","","34.18444151000000","135.18907174000000"
"102","2891","金剛三昧院経蔵","","国宝・重要文化財（建造物）","重要文化財","近世以前／寺院","","鎌倉前期","19220413","","和歌山県","和歌山県伊都郡高野町大字高野山","","金剛三昧院","財団法人高野山文化財保存会","34.20983989000000","135.58695481000000"
"102","2890","金剛三昧院多宝塔","","国宝・重要文化財（建造物）","国宝","近世以前／寺院","","鎌倉前期","18990405","19521122","和歌山県","和歌山県伊都郡高野町大字高野山","","金剛三昧院","財団法人高野山文化財保存会","34.20971126000000","135.58726353000000"
"102","00005626","金剛峯寺","山王院拝殿","国宝・重要文化財（建造物）","重要文化財","近世以前／寺院","","江戸末期","20241209","","和歌山県","和歌山県伊都郡高野町大字高野山","","宗教法人金剛峯寺","","34.21313889000000","135.57871111000000"
"102","00005632","金剛峯寺","三昧堂","国宝・重要文化財（建造物）","重要文化財","近世以前／寺院","","江戸末期","20241209","","和歌山県","和歌山県伊都郡高野町大字高野山","","宗教法人金剛峯寺","","34.21336111000000","135.58098611000000"
"102","00005630","金剛峯寺","大会堂","国宝・重要文化財（建造物）","重要文化財","近世以前／寺院","","江戸末期","20241209","","和歌山県","和歌山県伊都郡高野町大字高野山","","宗教法人金剛峯寺","","34.21338611000000","135.58072222000000"
"102","00005631","金剛峯寺","愛染堂","国宝・重要文化財（建造物）","重要文化財","近世以前／寺院","","江戸末期","20241209","","和歌山県","和歌山県伊都郡高野町大字高野山","","宗教法人金剛峯寺","","34.21341667000000","135.58045278000000"
"102","00005627","金剛峯寺","山王院鐘楼","国宝・重要文化財（建造物）","重要文化財","近世以前／寺院","","江戸末期","20241209","","和歌山県","和歌山県伊都郡高野町大字高野山","","宗教法人金剛峯寺","","34.21342778000000","135.57873889000000"
"102","00005624","金剛峯寺","御影堂","国宝・重要文化財（建造物）","重要文化財","近世以前／寺院","","江戸末期","20241209","","和歌山県","和歌山県伊都郡高野町大字高野山","","宗教法人金剛峯寺","","34.21354722000000","135.57933611000000"
"102","00005629","金剛峯寺","宝蔵","国宝・重要文化財（建造物）","重要文化財","近世以前／寺院","","江戸末期","20241209","","和歌山県","和歌山県伊都郡高野町大字高野山","","宗教法人金剛峯寺","","34.21371111000000","135.57934167000000"
"102","00005625","金剛峯寺","西塔","国宝・重要文化財（建造物）","重要文化財","近世以前／寺院","","江戸末期","20241209","","和歌山県","和歌山県伊都郡高野町大字高野山","","宗教法人金剛峯寺","","34.21372222000000","135.57852500000000"
"102","00005628","金剛峯寺","准胝堂","国宝・重要文化財（建造物）","重要文化財","近代／宗教","","明治","20241209","","和歌山県","和歌山県伊都郡高野町大字高野山","","宗教法人金剛峯寺","","34.21353056000000","135.57907778000000"
"102","2883","金剛峯寺奥院経蔵","","国宝・重要文化財（建造物）","重要文化財","近世以前／寺院","","桃山","19220413","","和歌山県","和歌山県伊都郡高野町大字高野山","","金剛峯寺","財団法人高野山文化財保存会","34.22333488000000","135.60600035000000"
"102","2889","金剛峯寺大門","","国宝・重要文化財（建造物）","重要文化財","近世以前／寺院","","江戸中期","19650529","","和歌山県","和歌山県伊都郡高野町大字高野山","","金剛峯寺","財団法人高野山文化財保存会","34.21316069000000","135.57286516000000"
"102","2882","金剛峯寺不動堂","","国宝・重要文化財（建造物）","国宝","近世以前／寺院","","鎌倉後期","18990405","19520329","和歌山県","和歌山県伊都郡高野町大字高野山","","金剛峯寺","財団法人高野山文化財保存会","34.21310105000000","135.58043748000000"
"102","00005537","金剛峯寺本坊","かご塀","国宝・重要文化財（建造物）","重要文化財","近世以前／寺院","","江戸末期","20240119","","和歌山県","和歌山県伊都郡高野町大字高野山","","宗教法人金剛峯寺","","34.21356111000000","135.58434444000000"
"102","00005533","金剛峯寺本坊","鐘楼","国宝・重要文化財（建造物）","重要文化財","近世以前／寺院","","江戸末期","20240119","","和歌山県","和歌山県伊都郡高野町大字高野山","","宗教法人金剛峯寺","","34.21362222000000","135.58422778000000"
"102","00005535","金剛峯寺本坊","山門","国宝・重要文化財（建造物）","重要文化財","近世以前／寺院","","江戸中期","20240119","","和歌山県","和歌山県伊都郡高野町大字高野山","","宗教法人金剛峯寺","","34.21363889000000","135.58398056000000"
"102","00005536","金剛峯寺本坊","会下門","国宝・重要文化財（建造物）","重要文化財","近世以前／寺院","","江戸末期","20240119","","和歌山県","和歌山県伊都郡高野町大字高野山","","宗教法人金剛峯寺","","34.21374167000000","135.58466667000000"
"102","00005534","金剛峯寺本坊","経蔵","国宝・重要文化財（建造物）","重要文化財","近世以前／寺院","","江戸中期","20240119","","和歌山県","和歌山県伊都郡高野町大字高野山","","宗教法人金剛峯寺","","34.21375000000000","135.58356667000000"
"102","00005530","金剛峯寺本坊","大主殿及び奥書院","国宝・重要文化財（建造物）","重要文化財","近世以前／寺院","","江戸末期","20240119","","和歌山県","和歌山県伊都郡高野町大字高野山","","宗教法人金剛峯寺","","34.21401944000000","135.58418056000000"
"102","00005538","金剛峯寺本坊","築地塀","国宝・重要文化財（建造物）","重要文化財","近世以前／寺院","","桃山","20240119","","和歌山県","和歌山県伊都郡高野町大字高野山","","宗教法人金剛峯寺","","34.21415833000000","135.58352778000000"
"102","00005531","金剛峯寺本坊","真然堂","国宝・重要文化財（建造物）","重要文化財","近世以前／寺院","","江戸前期","20240119","","和歌山県","和歌山県伊都郡高野町大字高野山","","宗教法人金剛峯寺","","34.21446389000000","135.58421667000000"
"102","00005532","金剛峯寺本坊","護摩堂","国宝・重要文化財（建造物）","重要文化財","近世以前／寺院","","江戸末期","20240119","","和歌山県","和歌山県伊都郡高野町大字高野山","","宗教法人金剛峯寺","","34.21447778000000","135.58405556000000"
"102","2842","地蔵峰寺本堂","","国宝・重要文化財（建造物）","重要文化財","近世以前／寺院","","室町中期","19740521","","和歌山県","和歌山県海南市下津町橘本","","地蔵峰寺","","34.13661729000000","135.19918038000000"
"102","2881","慈尊院弥勒堂","","国宝・重要文化財（建造物）","重要文化財","近世以前／寺院","","鎌倉後期","19650529","","和歌山県","和歌山県伊都郡九度山町字慈尊院","","慈尊院","","34.29533291000000","135.55000578000000"
"102","2835","浄妙寺多宝塔","","国宝・重要文化財（建造物）","重要文化財","近世以前／寺院","","鎌倉後期","19040829","","和歌山県","和歌山県有田市宮崎町","","浄妙寺","","34.07663379000000","135.11450225000000"
"102","2834","浄妙寺本堂","","国宝・重要文化財（建造物）","重要文化財","近世以前／寺院","","鎌倉後期","19040829","","和歌山県","和歌山県有田市宮崎町","","浄妙寺","","34.07641092000000","135.11464588000000"
"102","2840","善福院釈迦堂","","国宝・重要文化財（建造物）","国宝","近世以前／寺院","","鎌倉後期","19040829","19530331","和歌山県","和歌山県海南市下津町梅田","","善福院","","34.13056493000000","135.17724691000000"
"102","2836","長保寺大門","","国宝・重要文化財（建造物）","国宝","近世以前／寺院","","室町前期","19000407","19530331","和歌山県","和歌山県海南市下津町上","","長保寺","","34.10780173000000","135.16553802000000"
"102","2838","長保寺多宝塔","","国宝・重要文化財（建造物）","国宝","近世以前／寺院","","室町前期","19040829","19530331","和歌山県","和歌山県海南市下津町上","","長保寺","","34.10894472000000","135.16581785000000"
"102","2837","長保寺本堂","","国宝・重要文化財（建造物）","国宝","近世以前／寺院","","鎌倉後期","19040829","19530331","和歌山県","和歌山県海南市下津町上","","長保寺","","34.10914344000000","135.16565399000000"
"102","2906","長樂寺仏殿","","国宝・重要文化財（建造物）","重要文化財","近世以前／寺院","","桃山","19910531","","和歌山県","和歌山県有田郡有田川町大字植野","","長樂寺","","34.05424854000000","135.21412242000000"
"102","2915","道成寺仁王門","","国宝・重要文化財（建造物）","重要文化財","近世以前／寺院","","江戸中期","19080423","","和歌山県","和歌山県日高郡日高川町大字鐘巻","","道成寺","","33.91409386000000","135.17453286000000"
"102","2914","道成寺本堂","","国宝・重要文化財（建造物）","重要文化財","近世以前／寺院","","室町前期","19080423","","和歌山県","和歌山県日高郡日高川町大字鐘巻","","道成寺","","33.91439010000000","135.17454487000000"
"102","2853","鞆淵八幡神社大日堂","","国宝・重要文化財（建造物）","重要文化財","近世以前／寺院","","室町前期","19310119","","和歌山県","和歌山県紀の川市粉河町中鞆淵","","鞆淵八幡神社","","34.22004004000000","135.46027585000000"
"102","2916","那智山青岸渡寺本堂","","国宝・重要文化財（建造物）","重要文化財","近世以前／寺院","","桃山","19040218","","和歌山県","和歌山県東牟婁郡那智勝浦町大字那智山","","那智山青岸渡寺","","33.66914346000000","135.88993509000000"
"102","00005099","根来寺","大伝法堂","国宝・重要文化財（建造物）","重要文化財","近世以前／寺院","","江戸後期","20190930","","和歌山県","和歌山県岩出市根来","","宗教法人
新義真言宗
総本山根来寺","","34.27726583000000","135.31206583000000"
"102","00005100","根来寺","光明真言殿","国宝・重要文化財（建造物）","重要文化財","近世以前／寺院","","江戸後期","20190930","","和歌山県","和歌山県岩出市根来","","宗教法人
新義真言宗
総本山根来寺","","34.27726583000000","135.31206583000000"
"102","00005101","根来寺","大門","国宝・重要文化財（建造物）","重要文化財","近世以前／寺院","","江戸末期","20190930","","和歌山県","和歌山県岩出市根来","","宗教法人
新義真言宗
総本山根来寺","","34.27726583000000","135.31206583000000"
"102","00005102","根来寺","不動堂","国宝・重要文化財（建造物）","重要文化財","近世以前／寺院","","江戸中期","20190930","","和歌山県","和歌山県岩出市根来","","宗教法人
新義真言宗
総本山根来寺","","34.27726583000000","135.31206583000000"
"102","00005103","根来寺","行者堂","国宝・重要文化財（建造物）","重要文化財","近世以前／寺院","","江戸中期","20190930","","和歌山県","和歌山県岩出市根来","","宗教法人
新義真言宗
総本山根来寺","","34.27726583000000","135.31206583000000"
"102","00005104","根来寺","聖天堂","国宝・重要文化財（建造物）","重要文化財","近世以前／寺院","","江戸中期","20190930","","和歌山県","和歌山県岩出市根来","","宗教法人
新義真言宗
総本山根来寺","","34.27726583000000","135.31206583000000"
"102","2866","根来寺大師堂","","国宝・重要文化財（建造物）","重要文化財","近世以前／寺院","","室町前期","19410508","","和歌山県","和歌山県岩出市根来","","根来寺","","34.28763936000000","135.31721805000000"
"102","2865","根来寺多宝塔(大塔)","","国宝・重要文化財（建造物）","国宝","近世以前／寺院","","室町後期","18990405","19521122","和歌山県","和歌山県岩出市根来","","根来寺","","34.28782908000000","135.31743009000000"
"102","2843","福勝寺","本堂","国宝・重要文化財（建造物）","重要文化財","近世以前／寺院","","室町後期","19910531","","和歌山県","和歌山県海南市下津町橘本","","福勝寺","","34.12878966000000","135.19314802000000"
"102","2844","福勝寺","求聞持堂","国宝・重要文化財（建造物）","重要文化財","近世以前／寺院","","江戸前期","19910531","","和歌山県","和歌山県海南市下津町橘本","","福勝寺","","34.12881493000000","135.19325095000000"
"102","2894","普賢院四脚門","","国宝・重要文化財（建造物）","重要文化財","近世以前／寺院","","江戸前期","19650529","","和歌山県","和歌山県伊都郡高野町大字高野山","","普賢院","財団法人高野山文化財保存会","34.21358284000000","135.58657377000000"
"102","2907","法音寺本堂","","国宝・重要文化財（建造物）","重要文化財","近世以前／寺院","","室町中期","19170405","","和歌山県","和歌山県有田郡有田川町大字岩野河","","法音寺","","34.05120416000000","135.32616017000000"
"102","2905","法蔵寺鐘楼","","国宝・重要文化財（建造物）","重要文化財","近世以前／寺院","","室町中期","19470226","","和歌山県","和歌山県有田郡広川町大字上中野","","法蔵寺","","34.01351394000000","135.17617592000000"
"102","2908","薬王寺観音堂","","国宝・重要文化財（建造物）","重要文化財","近世以前／寺院","","室町前期","19440905","","和歌山県","和歌山県有田郡有田川町大字小川","","薬王寺","","34.07657296000000","135.26797289000000"
"102","2833","利生護国寺本堂","","国宝・重要文化財（建造物）","重要文化財","近世以前／寺院","","室町前期","19650529","","和歌山県","和歌山県橋本市隅田町下兵庫","","利生護国寺","","34.32997119000000","135.63103399000000"
"102","1812","雲竜院本堂","","国宝・重要文化財（建造物）","重要文化財","近世以前／寺院","","江戸前期","19660611","","京都府","京都府京都市東山区泉涌寺山内町","","雲竜院","","34.97717099000000","135.78009822000000"
"102","1637","往生極楽院阿弥陀堂","","国宝・重要文化財（建造物）","重要文化財","近世以前／寺院","","平安後期","18971228","","京都府","京都府京都市左京区大原来迎院町","","三千院","","35.11938685000000","135.83473246000000"
"102","1598","黄梅院","本堂","国宝・重要文化財（建造物）","重要文化財","近世以前／寺院","","桃山","19220413","","京都府","京都府京都市北区紫野大徳寺町","","黄梅院","","35.04174144000000","135.74619387000000"
"102","1599","黄梅院","庫裏","国宝・重要文化財（建造物）","重要文化財","近世以前／寺院","","桃山","19760520","","京都府","京都府京都市北区紫野大徳寺町","","黄梅院","","35.04176350000000","135.74609095000000"
"102","1849","愛宕念仏寺本堂","","国宝・重要文化財（建造物）","重要文化財","近世以前／寺院","","鎌倉後期","18971228","","京都府","京都府京都市右京区嵯峨鳥居本深谷町","","愛宕念仏寺","","35.03135275000000","135.66109129000000"
"102","2032","海住山寺五重塔","","国宝・重要文化財（建造物）","国宝","近世以前／寺院","","鎌倉前期","18981228","19520329","京都府","京都府木津川市加茂町大字例幣","","海住山寺","","34.77663699000000","135.86204563000000"
"102","2033","海住山寺文殊堂","","国宝・重要文化財（建造物）","重要文化財","近世以前／寺院","","鎌倉前期","19010327","","京都府","京都府木津川市加茂町大字例幣","","海住山寺","","34.77663699000000","135.86204563000000"
"102","2034","岩船寺三重塔","","国宝・重要文化財（建造物）","重要文化財","近世以前／寺院","","室町中期","18990405","","京都府","京都府木津川市加茂町大字岩船","","岩船寺","","34.71972906000000","135.88589546000000"
"102","2061","観音堂","","国宝・重要文化財（建造物）","重要文化財","近世以前／寺院","","室町後期","19951226","","京都府","京都府船井郡京丹波町字下粟野","","下粟野区","京丹波町","35.30380614000000","135.42418854000000"
"102","1845","教王護国寺灌頂院","東門","国宝・重要文化財（建造物）","重要文化財","近世以前／寺院","","鎌倉前期","19550622","","京都府","京都府京都市南区九条町","","教王護国寺","","34.97971147000000","135.74700827000000"
"102","1844","教王護国寺灌頂院","灌頂院","国宝・重要文化財（建造物）","重要文化財","近世以前／寺院","","江戸前期","19401014","","京都府","京都府京都市南区九条町","","教王護国寺","","34.97979688000000","135.74667664000000"
"102","1846","教王護国寺灌頂院","北門","国宝・重要文化財（建造物）","重要文化財","近世以前／寺院","","鎌倉前期","19550622","","京都府","京都府京都市南区九条町","","教王護国寺","","34.98013235000000","135.74667969000000"
"102","1839","教王護国寺北総門","","国宝・重要文化財（建造物）","重要文化財","近世以前／寺院","","鎌倉前期","19100829","","京都府","京都府京都市南区九条町","","教王護国寺","","34.98418711000000","135.74767318000000"
"102","1837","教王護国寺北大門","","国宝・重要文化財（建造物）","重要文化財","近世以前／寺院","","桃山","19070828","","京都府","京都府京都市南区九条町","","教王護国寺","","34.98204396000000","135.74768145000000"
"102","1838","教王護国寺慶賀門","","国宝・重要文化財（建造物）","重要文化財","近世以前／寺院","","鎌倉前期","19070828","","京都府","京都府京都市南区九条町","","教王護国寺","","34.98186801000000","135.74906060000000"
"102","1843","教王護国寺講堂","","国宝・重要文化財（建造物）","重要文化財","近世以前／寺院","","室町後期","19401014","","京都府","京都府京都市南区九条町","","教王護国寺","","34.98074607000000","135.74769362000000"
"102","1847","教王護国寺五重小塔","","国宝・重要文化財（建造物）","重要文化財","近世以前／寺院","","鎌倉前期","19550622","","京都府","京都府京都市南区九条町","教王護国寺","教王護国寺","","34.98108902000000","135.74667272000000"
"102","1834","教王護国寺五重塔","","国宝・重要文化財（建造物）","国宝","近世以前／寺院","","江戸前期","18971228","19521122","京都府","京都府京都市南区九条町","","教王護国寺","","34.97987462000000","135.74872996000000"
"102","1833","教王護国寺金堂","","国宝・重要文化財（建造物）","国宝","近世以前／寺院","","桃山","18971228","19530331","京都府","京都府京都市南区九条町","","教王護国寺","","34.98032905000000","135.74768484000000"
"102","1835","教王護国寺大師堂（西院御影堂）","","国宝・重要文化財（建造物）","国宝","近世以前／寺院","","室町前期","18981228","19580208","京都府","京都府京都市南区九条町","","教王護国寺","","34.98165630000000","135.74677901000000"
"102","1840","教王護国寺東大門","","国宝・重要文化財（建造物）","重要文化財","近世以前／寺院","","桃山","19100829","","京都府","京都府京都市南区九条町","","教王護国寺","","34.98068211000000","135.74906266000000"
"102","1841","教王護国寺南大門","","国宝・重要文化財（建造物）","重要文化財","近世以前／寺院","","桃山","19100829","","京都府","京都府京都市南区九条町","","教王護国寺","","34.97953815000000","135.74770265000000"
"102","1842","教王護国寺宝蔵","","国宝・重要文化財（建造物）","重要文化財","近世以前／寺院","","平安後期","19250424","","京都府","京都府京都市南区九条町","","教王護国寺","","34.98149262000000","135.74881508000000"
"102","1836","教王護国寺蓮花門","","国宝・重要文化財（建造物）","国宝","近世以前／寺院","","鎌倉前期","19020417","19521122","京都府","京都府京都市南区九条町","","教王護国寺","","34.98065676000000","135.74630063000000"
"102","1870","玉鳳院開山堂","","国宝・重要文化財（建造物）","重要文化財","近世以前／寺院","","室町中期","19010327","","京都府","京都府京都市右京区花園妙心寺町","","玉鳳院","","35.02259209000000","135.72177360000000"
"102","1871","玉鳳院四脚門（微笑庵前門）","","国宝・重要文化財（建造物）","重要文化財","近世以前／寺院","","室町中期","19070828","","京都府","京都府京都市右京区花園妙心寺町","","玉鳳院","","35.02240100000000","135.72174533000000"
"102","1603","玉林院本堂","","国宝・重要文化財（建造物）","重要文化財","近世以前／寺院","","江戸前期","19850518","","京都府","京都府京都市北区紫野大徳寺町","","玉林院","","35.04244090000000","135.74318895000000"
"102","1740","清水寺","鎮守堂（春日社）","国宝・重要文化財（建造物）","重要文化財","近世以前／神社","","江戸前期","19660611","","京都府","京都府京都市東山区清水一丁目","","清水寺","","34.99543337000000","135.78418836000000"
"102","1744","清水寺","子安塔","国宝・重要文化財（建造物）","重要文化財","近世以前／寺院","","江戸前期","19660611","","京都府","京都府京都市東山区清水一丁目","","清水寺","","34.99292383000000","135.78495708000000"
"102","1743","清水寺","奥院","国宝・重要文化財（建造物）","重要文化財","近世以前／寺院","","江戸前期","19660611","","京都府","京都府京都市東山区清水一丁目","","清水寺","","34.99458705000000","135.78555208000000"
"102","1742","清水寺","阿弥陀堂","国宝・重要文化財（建造物）","重要文化財","近世以前／寺院","","江戸前期","19660611","","京都府","京都府京都市東山区清水一丁目","","清水寺","","34.99475727000000","135.78559659000000"
"102","1738","清水寺","轟門","国宝・重要文化財（建造物）","重要文化財","近世以前／寺院","","江戸前期","19660611","","京都府","京都府京都市東山区清水一丁目","","清水寺","","34.99478311000000","135.78446248000000"
"102","1737","清水寺","朝倉堂","国宝・重要文化財（建造物）","重要文化財","近世以前／寺院","","江戸前期","19660611","","京都府","京都府京都市東山区清水一丁目","","清水寺","","34.99490757000000","135.78458469000000"
"102","1741","清水寺","釈迦堂","国宝・重要文化財（建造物）","重要文化財","近世以前／寺院","","江戸前期","19660611","","京都府","京都府京都市東山区清水一丁目","","清水寺","","34.99492607000000","135.78563832000000"
"102","1736","清水寺","田村堂","国宝・重要文化財（建造物）","重要文化財","近世以前／寺院","","江戸前期","19660611","","京都府","京都府京都市東山区清水一丁目","","清水寺","","34.99495833000000","135.78432902000000"
"102","1735","清水寺","経堂","国宝・重要文化財（建造物）","重要文化財","近世以前／寺院","","江戸前期","19660611","","京都府","京都府京都市東山区清水一丁目","","清水寺","","34.99504044000000","135.78407233000000"
"102","1734","清水寺","三重塔","国宝・重要文化財（建造物）","重要文化財","近世以前／寺院","","江戸前期","19660611","","京都府","京都府京都市東山区清水一丁目","","清水寺","","34.99505928000000","135.78384236000000"
"102","1733","清水寺","西門","国宝・重要文化財（建造物）","重要文化財","近世以前／寺院","","江戸前期","19080423","","京都府","京都府京都市東山区清水一丁目","","清水寺","","34.99512169000000","135.78363112000000"
"102","1739","清水寺","本坊北総門","国宝・重要文化財（建造物）","重要文化財","近世以前／寺院","","江戸前期","19660611","","京都府","京都府京都市東山区清水一丁目","","清水寺","","34.99520503000000","135.78432555000000"
"102","1732","清水寺","鐘楼","国宝・重要文化財（建造物）","重要文化財","近世以前／寺院","","桃山","19080423","","京都府","京都府京都市東山区清水一丁目","","清水寺","","34.99534511000000","135.78361555000000"
"102","1730","清水寺","仁王門","国宝・重要文化財（建造物）","重要文化財","近世以前／寺院","","室町後期","19660611","","京都府","京都府京都市東山区清水一丁目","","清水寺","","34.99543375000000","135.78333826000000"
"102","1731","清水寺","馬駐","国宝・重要文化財（建造物）","重要文化財","近世以前／寺院","","室町後期","19520329","","京都府","京都府京都市東山区清水一丁目","","清水寺","","34.99563644000000","135.78319524000000"
"102","1729","清水寺本堂","","国宝・重要文化財（建造物）","国宝","近世以前／寺院","","江戸前期","18971228","19521122","京都府","京都府京都市東山区清水一丁目","","清水寺","","34.99482230000000","135.78491549000000"
"102","2053","九品寺大門","","国宝・重要文化財（建造物）","重要文化財","近世以前／寺院","","鎌倉後期","19040218","","京都府","京都府南丹市園部町船阪","","九品寺","","35.10134504000000","135.44171930000000"
"102","1783","建仁寺勅使門（矢の根門）","","国宝・重要文化財（建造物）","重要文化財","近世以前／寺院","","鎌倉後期","19020731","","京都府","京都府京都市東山区大和大路通四条下る四丁目小松町","","建仁寺","","34.99910307000000","135.77336362000000"
"102","1782","建仁寺方丈","","国宝・重要文化財（建造物）","重要文化財","近世以前／寺院","","室町後期","18990405","","京都府","京都府京都市東山区大和大路通四条下る四丁目小松町","","建仁寺","","35.00105882000000","135.77372937000000"
"102","1850","高山寺石水院（五所堂）","","国宝・重要文化財（建造物）","国宝","近世以前／寺院","","鎌倉前期","18981228","19530331","京都府","京都府京都市右京区梅ヶ畑栂尾町","","高山寺","","35.06013049000000","135.67855847000000"
"102","1786","高台寺表門","","国宝・重要文化財（建造物）","重要文化財","近世以前／寺院","","桃山","19070828","","京都府","京都府京都市東山区下河原通八坂鳥居前下る下河原町","","高台寺","","35.00052521000000","135.78064892000000"
"102","1784","高台寺開山堂","","国宝・重要文化財（建造物）","重要文化財","近世以前／寺院","","桃山","19000407","","京都府","京都府京都市東山区下河原通八坂鳥居前下る下河原町","","高台寺","","35.00097600000000","135.78167952000000"
"102","1894","衡梅院本堂","","国宝・重要文化財（建造物）","重要文化財","近世以前／寺院","","桃山","19670615","","京都府","京都府京都市右京区花園妙心寺町","","衡梅院","","35.02207101000000","135.72079724000000"
"102","00005879","光明寺","釈迦堂","国宝・重要文化財（建造物）","重要文化財","近世以前／寺院","","江戸中期","20260115","","京都府","京都府長岡京市粟生西条内26番地1","","光明寺","","34.93790556000000","135.67483889000000"
"102","00005880","光明寺","勅使門","国宝・重要文化財（建造物）","重要文化財","近世以前／寺院","","江戸末期","20260115","","京都府","京都府長岡京市粟生西条内26番地1","","光明寺","","34.93792778000000","135.67510000000000"
"102","00005882","光明寺","鐘楼","国宝・重要文化財（建造物）","重要文化財","近世以前／寺院","","江戸前期","20260115","","京都府","京都府長岡京市粟生西条内26番地1","","光明寺","","34.93831111000000","135.67568056000000"
"102","00005877","光明寺","本堂（御影堂）","国宝・重要文化財（建造物）","重要文化財","近世以前／寺院","","江戸後期","20260115","","京都府","京都府長岡京市粟生西条内26番地1","","光明寺","","34.93841111000000","135.67519167000000"
"102","00005881","光明寺","御本廟及び御本廟拝殿","国宝・重要文化財（建造物）","重要文化財","近世以前／寺院","","江戸前期","20260115","","京都府","京都府長岡京市粟生西条内26番地1","","光明寺","","34.93844722000000","135.67445278000000"
"102","00005883","光明寺","総門","国宝・重要文化財（建造物）","重要文化財","近世以前／寺院","","江戸末期","20260115","","京都府","京都府長岡京市粟生西条内26番地1","","光明寺","","34.93875833000000","135.67800833000000"
"102","00005878","光明寺","阿弥陀堂","国宝・重要文化財（建造物）","重要文化財","近世以前／寺院","","江戸後期","20260115","","京都府","京都府長岡京市粟生西条内26番地1","","光明寺","","34.93876667000000","135.67495556000000"
"102","1938","光明寺二王門","","国宝・重要文化財（建造物）","国宝","近世以前／寺院","","鎌倉前期","19040218","19540320","京都府","京都府綾部市睦寄町","","光明寺","","35.38741415000000","135.44212996000000"
"102","1868","広隆寺桂宮院本堂","","国宝・重要文化財（建造物）","国宝","近世以前／寺院","","鎌倉前期","19000407","19530331","京都府","京都府京都市右京区太秦蜂岡町","","広隆寺","","35.01502978000000","135.70541234000000"
"102","1869","広隆寺講堂","","国宝・重要文化財（建造物）","重要文化財","近世以前／寺院","","平安後期","19010327","","京都府","京都府京都市右京区太秦蜂岡町","","広隆寺","","35.01509228000000","135.70639988000000"
"102","1607","興臨院表門","","国宝・重要文化財（建造物）","重要文化財","近世以前／寺院","","室町後期","19620621","","京都府","京都府京都市北区紫野大徳寺町","","興臨院","","35.04420758000000","135.74296022000000"
"102","1606","興臨院本堂","","国宝・重要文化財（建造物）","重要文化財","近世以前／寺院","","室町後期","19620621","","京都府","京都府京都市北区紫野大徳寺町","","興臨院","","35.04420758000000","135.74296022000000"
"102","1586","孤篷庵本堂（方丈）、書院及び忘筌","本堂","国宝・重要文化財（建造物）","重要文化財","近世以前／寺院","","江戸後期","19030415","","京都府","京都府京都市北区紫野大徳寺町","","孤篷庵","","35.04306371000000","135.73994842000000"
"102","1588","孤篷庵本堂（方丈）、書院及び忘筌","忘筌","国宝・重要文化財（建造物）","重要文化財","近世以前／住宅","","江戸後期","19030415","","京都府","京都府京都市北区紫野大徳寺町","","孤篷庵","","35.04310145000000","135.73985861000000"
"102","1587","孤篷庵本堂（方丈）、書院及び忘筌","書院","国宝・重要文化財（建造物）","重要文化財","近世以前／住宅","","江戸後期","19030415","","京都府","京都府京都市北区紫野大徳寺町","","孤篷庵","","35.04317694000000","135.73975318000000"
"102","1692","金戒光明寺三重塔","","国宝・重要文化財（建造物）","重要文化財","近世以前／寺院","","江戸前期","19770627","","京都府","京都府京都市左京区黒谷町","","金戒光明寺","","35.01888424000000","135.78974512000000"
"102","1936","金剛院塔婆（三重塔）","","国宝・重要文化財（建造物）","重要文化財","近世以前／寺院","","室町後期","19170405","","京都府","京都府舞鶴市大字鹿原","","金剛院","","35.47665606000000","135.44683704000000"
"102","2044","金胎寺多宝塔","","国宝・重要文化財（建造物）","重要文化財","近世以前／寺院","","鎌倉後期","18990405","","京都府","京都府相楽郡和束町大字原山","","金胎寺","","34.83010176000000","135.90896643000000"
"102","1641","金地院本堂","","国宝・重要文化財（建造物）","重要文化財","近世以前／寺院","","桃山","19000407","","京都府","京都府京都市左京区南禅寺福地町","","金地院","","35.01026334000000","135.79045003000000"
"102","1755","三聖寺愛染堂","","国宝・重要文化財（建造物）","重要文化財","近世以前／寺院","","室町前期","18981228","","京都府","京都府京都市東山区本町十五丁目","","東福寺","","34.97786126000000","135.77332836000000"
"102","1913","三宝院殿堂","護摩堂","国宝・重要文化財（建造物）","重要文化財","近世以前／寺院","","桃山","18971228","","京都府","京都府京都市伏見区醍醐東大路町","","三宝院","醍醐寺","34.95204764000000","135.82013223000000"
"102","1911","三宝院殿堂","庫裏","国宝・重要文化財（建造物）","重要文化財","近世以前／寺院","","桃山","18971228","","京都府","京都府京都市伏見区醍醐東大路町","","三宝院","醍醐寺","34.95249177000000","135.81949134000000"
"102","1912","三宝院殿堂","純浄観","国宝・重要文化財（建造物）","重要文化財","近世以前／住宅","","桃山","18971228","","京都府","京都府京都市伏見区醍醐東大路町","","三宝院","醍醐寺","34.95203078000000","135.81977805000000"
"102","1907","三宝院殿堂","玄関","国宝・重要文化財（建造物）","重要文化財","近世以前／住宅","","桃山","18971228","","京都府","京都府京都市伏見区醍醐東大路町","","三宝院","醍醐寺","34.95215055000000","135.81896319000000"
"102","1908","三宝院殿堂","勅使の間、秋草の間及び葵の間","国宝・重要文化財（建造物）","重要文化財","近世以前／住宅","","桃山","18971228","","京都府","京都府京都市伏見区醍醐東大路町","","三宝院","醍醐寺","34.95221873000000","135.81913927000000"
"102","1910","三宝院殿堂","宸殿","国宝・重要文化財（建造物）","重要文化財","近世以前／住宅","","桃山","18971228","","京都府","京都府京都市伏見区醍醐東大路町","","三宝院","醍醐寺","34.95230387000000","135.81964328000000"
"102","2013","酬恩庵","鐘楼","国宝・重要文化財（建造物）","重要文化財","近世以前／寺院","","江戸前期","19710622","","京都府","京都府京田辺市薪","","酬恩庵","","34.82063275000000","135.75752784000000"
"102","2012","酬恩庵","浴室","国宝・重要文化財（建造物）","重要文化財","近世以前／寺院","","江戸前期","19710622","","京都府","京都府京田辺市薪","","酬恩庵","","34.82075580000000","135.75804031000000"
"102","2011","酬恩庵","東司","国宝・重要文化財（建造物）","重要文化財","近世以前／寺院","","江戸前期","19710622","","京都府","京都府京田辺市薪","","酬恩庵","","34.82091321000000","135.75740574000000"
"102","2009","酬恩庵","方丈及び玄関 （玄関）","国宝・重要文化財（建造物）","重要文化財","近世以前／寺院","","江戸前期","19710622","","京都府","京都府京田辺市薪","","酬恩庵","","34.82092346000000","135.75762766000000"
"102","2010","酬恩庵","庫裏","国宝・重要文化財（建造物）","重要文化財","近世以前／寺院","","江戸前期","19710622","","京都府","京都府京田辺市薪","","酬恩庵","","34.82102670000000","135.75748050000000"
"102","2008","酬恩庵","方丈及び玄関 （方丈）","国宝・重要文化財（建造物）","重要文化財","近世以前／寺院","","江戸前期","19710622","","京都府","京都府京田辺市薪","","酬恩庵","","34.82107681000000","135.75769782000000"
"102","2007","酬恩庵本堂","","国宝・重要文化財（建造物）","重要文化財","近世以前／寺院","","室町後期","19110417","","京都府","京都府京田辺市薪","","酬恩庵","","34.82070257000000","135.75702618000000"
"102","1611","聚光院本堂","","国宝・重要文化財（建造物）","重要文化財","近世以前／寺院","","桃山","19740521","","京都府","京都府京都市北区紫野大徳寺町","","聚光院","","35.04400712000000","135.74518038000000"
"102","1621","相国寺本堂（法堂）附玄関廊","","国宝・重要文化財（建造物）","重要文化財","近世以前／寺院","","桃山","19100829","","京都府","京都府京都市上京区今出川通烏丸東入相国寺門前町","","相国寺","","35.03255365000000","135.76197960000000"
"102","1889","常寂光寺塔婆（多宝塔）","","国宝・重要文化財（建造物）","重要文化財","近世以前／寺院","","江戸前期","19150326","","京都府","京都府京都市右京区嵯峨小倉山町","","常寂光寺","","35.01952321000000","135.66818197000000"
"102","1589","正傳寺本堂","","国宝・重要文化財（建造物）","重要文化財","近世以前／寺院","","桃山","19040218","","京都府","京都府京都市北区西賀茂鎮守庵町","","正傳寺","","35.06236143000000","135.73695988000000"
"102","2005","正法寺","大方丈","国宝・重要文化財（建造物）","重要文化財","近世以前／寺院","","江戸前期","19840521","","京都府","京都府八幡市八幡清水井","","正法寺","","34.87010717000000","135.70102558000000"
"102","2006","正法寺","唐門","国宝・重要文化財（建造物）","重要文化財","近世以前／寺院","","江戸前期","19840521","","京都府","京都府八幡市八幡清水井","","正法寺","","34.87021795000000","135.70136797000000"
"102","2004","正法寺","本堂","国宝・重要文化財（建造物）","重要文化財","近世以前／寺院","","江戸前期","19840521","","京都府","京都府八幡市八幡清水井","","正法寺","","34.87025823000000","135.70104908000000"
"102","2031","浄瑠璃寺三重塔（九体寺三重塔）","","国宝・重要文化財（建造物）","国宝","近世以前／寺院","","平安後期","18971228","19520329","京都府","京都府木津川市加茂町西小","","浄瑠璃寺","","34.71562036000000","135.87359164000000"
"102","2030","浄瑠璃寺本堂（九体寺本堂）","","国宝・重要文化財（建造物）","国宝","近世以前／寺院","","平安後期","18971228","19520329","京都府","京都府木津川市加茂町西小","","浄瑠璃寺","","34.71563521000000","135.87271211000000"
"102","1872","神護寺大師堂","","国宝・重要文化財（建造物）","重要文化財","近世以前／寺院","","桃山","19020417","","京都府","京都府京都市右京区梅ヶ畑高雄町","","神護寺","","35.05401475000000","135.66952157000000"
"102","1549","眞珠庵庫裏","","国宝・重要文化財（建造物）","重要文化財","近世以前／寺院","","桃山","19620621","","京都府","京都府京都市北区紫野大徳寺町","","眞珠庵","","35.04435716000000","135.74629393000000"
"102","1548","眞珠庵本堂","","国宝・重要文化財（建造物）","重要文化財","近世以前／寺院","","江戸前期","19000407","","京都府","京都府京都市北区紫野大徳寺町","","眞珠庵","","35.04433255000000","135.74656378000000"
"102","1693","眞正極樂寺本堂","","国宝・重要文化財（建造物）","重要文化財","近世以前／寺院","","江戸中期","19860524","","京都府","京都府京都市左京区浄土寺真如町","","眞正極樂寺","","35.02130080000000","135.78964116000000"
"102","2025","神童寺本堂","","国宝・重要文化財（建造物）","重要文化財","近世以前／寺院","","室町中期","19230328","","京都府","京都府木津川市山城町大字神童子","","神童寺","","34.76579559000000","135.83223035000000"
"102","1609","瑞峯院表門","","国宝・重要文化財（建造物）","重要文化財","近世以前／寺院","","室町後期","19620621","","京都府","京都府京都市北区紫野大徳寺町","","瑞峯院","","35.04209287000000","135.74537275000000"
"102","1608","瑞峯院本堂","","国宝・重要文化財（建造物）","重要文化財","近世以前／寺院","","室町後期","19620621","","京都府","京都府京都市北区紫野大徳寺町","","瑞峯院","","35.04209287000000","135.74537275000000"
"102","1807","泉涌寺開山塔及び開山堂","開山堂","国宝・重要文化財（建造物）","重要文化財","近世以前／寺院","","江戸中期","19660611","","京都府","京都府京都市東山区泉涌寺山内町","","泉涌寺","","34.97722913000000","135.78292902000000"
"102","1806","泉涌寺開山塔及び開山堂","開山塔","国宝・重要文化財（建造物）","重要文化財","近世以前／その他","","鎌倉前期","19660611","","京都府","京都府京都市東山区泉涌寺山内町","","泉涌寺","","34.97722382000000","135.78292999000000"
"102","1805","泉涌寺大門","","国宝・重要文化財（建造物）","重要文化財","近世以前／寺院","","桃山","19660611","","京都府","京都府京都市東山区泉涌寺山内町","","泉涌寺","","34.97824307000000","135.77916301000000"
"102","1804","泉涌寺仏殿","","国宝・重要文化財（建造物）","重要文化財","近世以前／寺院","","江戸中期","19660611","","京都府","京都府京都市東山区泉涌寺山内町","","泉涌寺","","34.97805207000000","135.78035104000000"
"102","1905","醍醐寺開山堂","","国宝・重要文化財（建造物）","重要文化財","近世以前／寺院","","桃山","19540917","","京都府","京都府京都市伏見区醍醐醍醐山","","醍醐寺","","34.94462033000000","135.84082562000000"
"102","1900","醍醐寺五重塔","","国宝・重要文化財（建造物）","国宝","近世以前／寺院","","平安中期","18971228","19510609","京都府","京都府京都市伏見区醍醐伽藍町","","醍醐寺","","34.95058044000000","135.82214241000000"
"102","1903","醍醐寺金堂","","国宝・重要文化財（建造物）","国宝","近世以前／寺院","","平安後期","19080801","19540320","京都府","京都府京都市伏見区醍醐伽藍町","","醍醐寺","","34.95147057000000","135.82179189000000"
"102","1906","醍醐寺如意輪堂","","国宝・重要文化財（建造物）","重要文化財","近世以前／寺院","","桃山","19540917","","京都府","京都府京都市伏見区醍醐醍醐山","","醍醐寺","","34.94473186000000","135.84046408000000"
"102","1902","醍醐寺薬師堂","","国宝・重要文化財（建造物）","国宝","近世以前／寺院","","平安後期","19010327","19590627","京都府","京都府京都市伏見区醍醐醍醐山","","醍醐寺","","34.94557389000000","135.83874960000000"
"102","1594","大仙院本堂","","国宝・重要文化財（建造物）","国宝","近世以前／寺院","","室町後期","19160524","19570618","京都府","京都府京都市北区紫野大徳寺町","","大仙院","","35.04451685000000","135.74571238000000"
"102","1895","退蔵院本堂","","国宝・重要文化財（建造物）","重要文化財","近世以前／寺院","","桃山","19670615","","京都府","京都府京都市右京区花園妙心寺町","","退蔵院","","35.02187679000000","135.71923885000000"
"102","1541","大徳寺","方丈及び玄関（玄関）","国宝・重要文化財（建造物）","国宝","近世以前／寺院","","江戸前期","19090405","19570618","京都府","京都府京都市北区紫野大徳寺町","","大徳寺","","35.04377412000000","135.74626962000000"
"102","1540","大徳寺","方丈及び玄関（方丈）","国宝・重要文化財（建造物）","国宝","近世以前／寺院","","江戸前期","19090405","19570618","京都府","京都府京都市北区紫野大徳寺町","","大徳寺","","35.04401236000000","135.74644138000000"
"102","1538","大徳寺","浴室","国宝・重要文化財（建造物）","重要文化財","近世以前／寺院","","江戸前期","19090405","","京都府","京都府京都市北区紫野大徳寺町","","大徳寺","","35.04260535000000","135.74651008000000"
"102","1537","大徳寺","山門","国宝・重要文化財（建造物）","重要文化財","近世以前／寺院","","桃山","19090405","","京都府","京都府京都市北区紫野大徳寺町","","大徳寺","","35.04267668000000","135.74616431000000"
"102","1535","大徳寺","仏殿","国宝・重要文化財（建造物）","重要文化財","近世以前／寺院","","江戸中期","19090405","","京都府","京都府京都市北区紫野大徳寺町","","大徳寺","","35.04311285000000","135.74609325000000"
"102","1539","大徳寺","経蔵","国宝・重要文化財（建造物）","重要文化財","近世以前／寺院","","江戸前期","19090405","","京都府","京都府京都市北区紫野大徳寺町","","大徳寺","","35.04329227000000","135.74657216000000"
"102","1536","大徳寺","法堂","国宝・重要文化財（建造物）","重要文化財","近世以前／寺院","","江戸前期","19090405","","京都府","京都府京都市北区紫野大徳寺町","","大徳寺","","35.04351470000000","135.74605895000000"
"102","1542","大徳寺","廊下","国宝・重要文化財（建造物）","重要文化財","近世以前／寺院","","江戸前期","19090405","","京都府","京都府京都市北区紫野大徳寺町","","大徳寺","","35.04353185000000","135.74571835000000"
"102","1543","大徳寺","寝堂","国宝・重要文化財（建造物）","重要文化財","近世以前／寺院","","江戸前期","19090405","","京都府","京都府京都市北区紫野大徳寺町","","大徳寺","","35.04353185000000","135.74571835000000"
"102","1545","大徳寺","侍真寮","国宝・重要文化財（建造物）","重要文化財","近世以前／寺院","","室町後期","19090405","","京都府","京都府京都市北区紫野大徳寺町","","大徳寺","","35.04353185000000","135.74571835000000"
"102","1544","大徳寺","庫裏","国宝・重要文化財（建造物）","重要文化財","近世以前／寺院","","江戸前期","19090405","","京都府","京都府京都市北区紫野大徳寺町","","大徳寺","","35.04398295000000","135.74598446000000"
"102","1533","大徳寺唐門","","国宝・重要文化財（建造物）","国宝","近世以前／寺院","","桃山","18971228","19520329","京都府","京都府京都市北区紫野大徳寺町","","大徳寺","","35.04375513000000","135.74641813000000"
"102","1546","大徳寺鐘楼","","国宝・重要文化財（建造物）","重要文化財","近世以前／寺院","","桃山","19090405","","京都府","京都府京都市北区紫野大徳寺町","","大徳寺","","35.04350415000000","135.74661093000000"
"102","1534","大徳寺勅使門","","国宝・重要文化財（建造物）","重要文化財","近世以前／寺院","","桃山","19000407","","京都府","京都府京都市北区紫野大徳寺町","","大徳寺","","35.04244634000000","135.74618105000000"
"102","2058","大福光寺多宝塔","","国宝・重要文化財（建造物）","重要文化財","近世以前／寺院","","鎌倉後期","19040218","","京都府","京都府船井郡京丹波町下山岩ノ上","","大福光寺","","35.21791637000000","135.43293834000000"
"102","2057","大福光寺本堂","","国宝・重要文化財（建造物）","重要文化財","近世以前／寺院","","鎌倉後期","19040218","","京都府","京都府船井郡京丹波町下山岩ノ上","","大福光寺","","35.21810031000000","135.43280246000000"
"102","1612","大報恩寺本堂（千本釈迦堂）","","国宝・重要文化財（建造物）","国宝","近世以前／寺院","","鎌倉前期","18971228","19520329","京都府","京都府京都市上京区五辻通六軒町西入溝前町","","大報恩寺","","35.03182907000000","135.73985402000000"
"102","1777","知恩院","集會堂","国宝・重要文化財（建造物）","重要文化財","近世以前／寺院","","江戸前期","19970529","","京都府","京都府京都市東山区新橋通大和大路東入三丁目林下町","","知恩院","","35.00585786000000","135.78346665000000"
"102","1775","知恩院","大方丈","国宝・重要文化財（建造物）","重要文化財","近世以前／寺院","","江戸前期","19100829","","京都府","京都府京都市東山区新橋通大和大路東入三丁目林下町","","知恩院","","35.00585868000000","135.78413310000000"
"102","1776","知恩院","小方丈","国宝・重要文化財（建造物）","重要文化財","近世以前／寺院","","江戸前期","19100829","","京都府","京都府京都市東山区新橋通大和大路東入三丁目林下町","","知恩院","","35.00615221000000","135.78442663000000"
"102","1779","知恩院","小庫裏","国宝・重要文化財（建造物）","重要文化財","近世以前／寺院","","江戸前期","19970529","","京都府","京都府京都市東山区新橋通大和大路東入三丁目林下町","","知恩院","","35.00629167000000","135.78381667000000"
"102","1778","知恩院","大庫裏","国宝・重要文化財（建造物）","重要文化財","近世以前／寺院","","江戸前期","19970529","","京都府","京都府京都市東山区新橋通大和大路東入三丁目林下町","","知恩院","","35.00629898000000","135.78334424000000"
"102","1780","知恩院唐門","","国宝・重要文化財（建造物）","重要文化財","近世以前／寺院","","江戸前期","19100829","","京都府","京都府京都市東山区新橋通大和大路東入三丁目林下町","","知恩院","","35.00557739000000","135.78380900000000"
"102","1772","知恩院経蔵","","国宝・重要文化財（建造物）","重要文化財","近世以前／寺院","","江戸前期","19000407","","京都府","京都府京都市東山区新橋通大和大路東入三丁目林下町","","知恩院","","35.00492500000000","135.78400000000000"
"102","1773","知恩院三門","","国宝・重要文化財（建造物）","国宝","近世以前／寺院","","江戸前期","19020731","20020523","京都府","京都府京都市東山区新橋通大和大路東入三丁目林下町","","知恩院","","35.00480076000000","135.78179711000000"
"102","1771","知恩院勢至堂","","国宝・重要文化財（建造物）","重要文化財","近世以前／寺院","","室町後期","18990405","","京都府","京都府京都市東山区新橋通大和大路東入三丁目林下町","","知恩院","","35.00577919000000","135.78490973000000"
"102","1781","知恩院大鐘楼","","国宝・重要文化財（建造物）","重要文化財","近世以前／寺院","","江戸中期","19970529","","京都府","京都府京都市東山区新橋通大和大路東入三丁目林下町","","知恩院","","35.00424020000000","135.78397290000000"
"102","1774","知恩院本堂（御影堂）","","国宝・重要文化財（建造物）","国宝","近世以前／寺院","","江戸前期","19100829","20020523","京都府","京都府京都市東山区新橋通大和大路東入三丁目林下町","","知恩院","","35.00522271000000","135.78338705000000"
"102","00004948","知恩寺","御影堂","国宝・重要文化財（建造物）","重要文化財","近世以前／寺院","","江戸中期","20170223","","京都府","京都府京都市左京区田中門前町","","宗教法人百萬遍知恩寺","","35.02986111000000","135.78072222000000"
"102","00004949","知恩寺","釈迦堂","国宝・重要文化財（建造物）","重要文化財","近世以前／寺院","","江戸中期","20170223","","京都府","京都府京都市左京区田中門前町","","宗教法人百萬遍知恩寺","","35.02986111000000","135.78072222000000"
"102","00004950","知恩寺","阿弥陀堂","国宝・重要文化財（建造物）","重要文化財","近世以前／寺院","","江戸末期","20170223","","京都府","京都府京都市左京区田中門前町","","宗教法人百萬遍知恩寺","","35.02986111000000","135.78072222000000"
"102","00004951","知恩寺","御廟","国宝・重要文化財（建造物）","重要文化財","近世以前／寺院","","江戸中期","20170223","","京都府","京都府京都市左京区田中門前町","","宗教法人百萬遍知恩寺","","35.02986111000000","135.78072222000000"
"102","00004952","知恩寺","勢至堂","国宝・重要文化財（建造物）","重要文化財","近世以前／寺院","","江戸中期","20170223","","京都府","京都府京都市左京区田中門前町","","宗教法人百萬遍知恩寺","","35.02986111000000","135.78072222000000"
"102","00004953","知恩寺","鎮守堂","国宝・重要文化財（建造物）","重要文化財","近世以前／寺院","","江戸中期","20170223","","京都府","京都府京都市左京区田中門前町","","宗教法人百萬遍知恩寺","","35.02986111000000","135.78072222000000"
"102","00004954","知恩寺","鐘楼","国宝・重要文化財（建造物）","重要文化財","近世以前／寺院","","江戸中期","20170223","","京都府","京都府京都市左京区田中門前町","","宗教法人百萬遍知恩寺","","35.02986111000000","135.78072222000000"
"102","00004955","知恩寺","総門","国宝・重要文化財（建造物）","重要文化財","近世以前／寺院","","江戸前期","20170223","","京都府","京都府京都市左京区田中門前町","","宗教法人百萬遍知恩寺","","35.02986111000000","135.78072222000000"
"102","00004956","知恩寺","西門","国宝・重要文化財（建造物）","重要文化財","近世以前／寺院","","江戸中期","20170223","","京都府","京都府京都市左京区田中門前町","","宗教法人百萬遍知恩寺","","35.02986111000000","135.78072222000000"
"102","1978","智恩寺多宝塔","","国宝・重要文化財（建造物）","重要文化財","近世以前／寺院","","室町後期","19040218","","京都府","京都府宮津市字文殊","","智恩寺","","35.55792846000000","135.18403978000000"
"102","1890","天球院本堂","","国宝・重要文化財（建造物）","重要文化財","近世以前／寺院","","江戸前期","19220413","","京都府","京都府京都市右京区花園妙心寺町","","天球院","","35.02563364000000","135.71977789000000"
"102","1757","東福寺月下門（月華門）","","国宝・重要文化財（建造物）","重要文化財","近世以前／寺院","","室町前期","19020731","","京都府","京都府京都市東山区本町十五丁目","","東福寺","","34.97767667000000","135.77308561000000"
"102","1753","東福寺三門","","国宝・重要文化財（建造物）","国宝","近世以前／寺院","","室町中期","18971228","19520329","京都府","京都府京都市東山区本町十五丁目","","東福寺","","34.97569663000000","135.77375692000000"
"102","1768","東福寺常楽庵","楼門","国宝・重要文化財（建造物）","重要文化財","近世以前／寺院","","江戸後期","19971203","","京都府","京都府京都市東山区本町十五丁目","","東福寺","","34.97784432000000","135.77398445000000"
"102","1765","東福寺常楽庵","客殿（普門院）","国宝・重要文化財（建造物）","重要文化財","近世以前／寺院","","江戸後期","19971203","","京都府","京都府京都市東山区本町十五丁目","","東福寺","","34.97806561000000","135.77379171000000"
"102","1764","東福寺常楽庵","開山堂・昭堂","国宝・重要文化財（建造物）","重要文化財","近世以前／寺院","","江戸後期","19971203","","京都府","京都府京都市東山区本町十五丁目","","東福寺","","34.97818220000000","135.77408201000000"
"102","1770","東福寺常楽庵","裏門","国宝・重要文化財（建造物）","重要文化財","近世以前／寺院","","江戸後期","19971203","","京都府","京都府京都市東山区本町十五丁目","","東福寺","","34.97821076000000","135.77360373000000"
"102","1769","東福寺常楽庵","鐘楼","国宝・重要文化財（建造物）","重要文化財","近世以前／寺院","","江戸後期","19971203","","京都府","京都府京都市東山区本町十五丁目","","東福寺","","34.97824407000000","135.77367036000000"
"102","1766","東福寺常楽庵","塔司寮（書院）","国宝・重要文化財（建造物）","重要文化財","近世以前／寺院","","江戸後期","19971203","","京都府","京都府京都市東山区本町十五丁目","","東福寺","","34.97825359000000","135.77387975000000"
"102","1767","東福寺常楽庵","庫裏","国宝・重要文化財（建造物）","重要文化財","近世以前／寺院","","江戸後期","19971203","","京都府","京都府京都市東山区本町十五丁目","","東福寺","","34.97839397000000","135.77381313000000"
"102","1756","東福寺鐘楼","","国宝・重要文化財（建造物）","重要文化財","近世以前／寺院","","室町中期","19020417","","京都府","京都府京都市東山区本町十五丁目","","東福寺","","34.97580629000000","135.77474204000000"
"102","1754","東福寺禅堂（選仏場）","","国宝・重要文化財（建造物）","重要文化財","近世以前／寺院","","室町前期","18981228","","京都府","京都府京都市東山区本町十五丁目","","東福寺","","34.97615392000000","135.77310669000000"
"102","1758","東福寺東司","","国宝・重要文化財（建造物）","重要文化財","近世以前／寺院","","室町前期","19020731","","京都府","京都府京都市東山区本町十五丁目","","東福寺","","34.97566430000000","135.77298918000000"
"102","1760","東福寺二王門","","国宝・重要文化財（建造物）","重要文化財","近世以前／寺院","","桃山","19240415","","京都府","京都府京都市東山区本町十五丁目","","東福寺","","34.97996028000000","135.77119586000000"
"102","1759","東福寺浴室","","国宝・重要文化財（建造物）","重要文化財","近世以前／寺院","","室町中期","19070828","","京都府","京都府京都市東山区本町十五丁目","","東福寺","","34.97547824000000","135.77436013000000"
"102","1761","東福寺六波羅門","","国宝・重要文化財（建造物）","重要文化財","近世以前／寺院","","鎌倉前期","19530331","","京都府","京都府京都市東山区本町十五丁目","","東福寺","","34.97536955000000","135.77325358000000"
"102","1638","南禅寺三門","","国宝・重要文化財（建造物）","重要文化財","近世以前／寺院","","江戸前期","18990405","","京都府","京都府京都市左京区南禅寺福地町","","南禅寺","","35.01129429000000","135.79261512000000"
"102","1640","南禅寺勅使門","","国宝・重要文化財（建造物）","重要文化財","近世以前／寺院","","桃山","19560628","","京都府","京都府京都市左京区南禅寺福地町","","南禅寺","","35.01130032000000","135.79165025000000"
"102","1639","南禅寺方丈","","国宝・重要文化財（建造物）","国宝","近世以前／寺院","","桃山","19020731","19531114","京都府","京都府京都市左京区南禅寺福地町","","南禅寺","","35.01136825000000","135.79444651000000"
"102","1863","仁和寺","九所明神本殿　（左殿）","国宝・重要文化財（建造物）","重要文化財","近世以前／神社","","江戸前期","19730602","","京都府","京都府京都市右京区御室大内","","仁和寺","","35.03065720000000","135.71492522000000"
"102","1864","仁和寺","九所明神本殿　（右殿）","国宝・重要文化財（建造物）","重要文化財","近世以前／神社","","江戸前期","19730602","","京都府","京都府京都市右京区御室大内","","仁和寺","","35.03066106000000","135.71476408000000"
"102","1862","仁和寺","九所明神本殿 （中殿）","国宝・重要文化財（建造物）","重要文化財","近世以前／神社","","江戸前期","19730602","","京都府","京都府京都市右京区御室大内","","仁和寺","","35.03066230000000","135.71484459000000"
"102","1857","仁和寺","二王門","国宝・重要文化財（建造物）","重要文化財","近世以前／寺院","","江戸前期","19310119","","京都府","京都府京都市右京区御室大内","","仁和寺","","35.02821869000000","135.71378344000000"
"102","1865","仁和寺","本坊表門","国宝・重要文化財（建造物）","重要文化財","近世以前／寺院","","桃山","19730602","","京都府","京都府京都市右京区御室大内","","仁和寺","","35.02840580000000","135.71357044000000"
"102","1854","仁和寺","五重塔","国宝・重要文化財（建造物）","重要文化財","近世以前／寺院","","江戸前期","19000407","","京都府","京都府京都市右京区御室大内","","仁和寺","","35.03023544000000","135.71439991000000"
"102","1855","仁和寺","観音堂","国宝・重要文化財（建造物）","重要文化財","近世以前／寺院","","江戸前期","19730602","","京都府","京都府京都市右京区御室大内","","仁和寺","","35.03029919000000","135.71329062000000"
"102","1856","仁和寺","中門","国宝・重要文化財（建造物）","重要文化財","近世以前／寺院","","江戸前期","19730602","","京都府","京都府京都市右京区御室大内","","仁和寺","","35.03075642000000","135.71381268000000"
"102","1861","仁和寺","御影堂中門","国宝・重要文化財（建造物）","重要文化財","近世以前／寺院","","江戸前期","19730602","","京都府","京都府京都市右京区御室大内","","仁和寺","","35.03088506000000","135.71286541000000"
"102","1858","仁和寺","鐘楼","国宝・重要文化財（建造物）","重要文化財","近世以前／寺院","","江戸前期","19730602","","京都府","京都府京都市右京区御室大内","","仁和寺","","35.03094882000000","135.71323101000000"
"102","1859","仁和寺","経蔵","国宝・重要文化財（建造物）","重要文化財","近世以前／寺院","","江戸前期","19730602","","京都府","京都府京都市右京区御室大内","","仁和寺","","35.03097862000000","135.71448512000000"
"102","1860","仁和寺","御影堂","国宝・重要文化財（建造物）","重要文化財","近世以前／寺院","","江戸前期","19080801","","京都府","京都府京都市右京区御室大内","","仁和寺","","35.03120660000000","135.71286207000000"
"102","1867","仁和寺","飛濤亭","国宝・重要文化財（建造物）","重要文化財","近世以前／住宅","","江戸末期","19370729","","京都府","京都府京都市右京区御室大内","","仁和寺","","35.02934472000000","135.71351447000000"
"102","1866","仁和寺","遼廓亭","国宝・重要文化財（建造物）","重要文化財","近世以前／住宅","","江戸中期","19370729","","京都府","京都府京都市右京区御室大内","","仁和寺","","35.02949369000000","135.71275182000000"
"102","1853","仁和寺金堂","","国宝・重要文化財（建造物）","国宝","近世以前／寺院","","桃山","19000407","19531114","京都府","京都府京都市右京区御室大内","","仁和寺","","35.03106633000000","135.71382437000000"
"102","1945","平等院観音堂","","国宝・重要文化財（建造物）","重要文化財","近世以前／寺院","","鎌倉前期","19020417","","京都府","京都府宇治市宇治蓮華","","平等院","","34.89015038000000","135.80776283000000"
"102","1943","平等院鳳凰堂","両翼廊（南）","国宝・重要文化財（建造物）","国宝","近世以前／寺院","","平安中期","18971228","19510609","京都府","京都府宇治市宇治蓮華","","平等院","","34.88914956000000","135.80773483000000"
"102","1944","平等院鳳凰堂","尾廊","国宝・重要文化財（建造物）","国宝","近世以前／寺院","","平安中期","18971228","19510609","京都府","京都府宇治市宇治蓮華","","平等院","","34.88927320000000","135.80746888000000"
"102","1941","平等院鳳凰堂","中堂","国宝・重要文化財（建造物）","国宝","近世以前／寺院","","平安中期","18971228","19510609","京都府","京都府宇治市宇治蓮華","","平等院","","34.88929887000000","135.80767418000000"
"102","1942","平等院鳳凰堂","両翼廊（北）","国宝・重要文化財（建造物）","国宝","近世以前／寺院","","平安中期","18971228","19510609","京都府","京都府宇治市宇治蓮華","","平等院","","34.88943651000000","135.80767418000000"
"102","2054","普濟寺仏殿","","国宝・重要文化財（建造物）","重要文化財","近世以前／寺院","","室町前期","19150326","","京都府","京都府南丹市園部町若森","","普濟寺","","35.05703536000000","135.45698654000000"
"102","1682","峰定寺仁王門","","国宝・重要文化財（建造物）","重要文化財","近世以前／寺院","","室町前期","19040218","","京都府","京都府京都市左京区花背原地町","","峰定寺","","35.23564083000000","135.79375262000000"
"102","1681","峰定寺本堂及び供水所","供水所","国宝・重要文化財（建造物）","重要文化財","近世以前／寺院","","室町前期","19040218","","京都府","京都府京都市左京区花背原地町","","峰定寺","","35.23573968000000","135.79358533000000"
"102","1680","峰定寺本堂及び供水所","本堂","国宝・重要文化財（建造物）","重要文化財","近世以前／寺院","","室町前期","19040218","","京都府","京都府京都市左京区花背原地町","","峰定寺","","35.23574919000000","135.79388950000000"
"102","1916","法界寺阿弥陀堂","","国宝・重要文化財（建造物）","国宝","近世以前／寺院","","鎌倉前期","18971228","19510609","京都府","京都府京都市伏見区日野西大道町","","法界寺","","34.93416357000000","135.81496661000000"
"102","1917","法界寺本堂（薬師堂）","","国宝・重要文化財（建造物）","重要文化財","近世以前／寺院","","室町中期","19090405","","京都府","京都府京都市伏見区日野西大道町","","法界寺","","34.93392541000000","135.81502386000000"
"102","1728","法観寺五重塔（八坂塔）","","国宝・重要文化財（建造物）","重要文化財","近世以前／寺院","","室町中期","18971228","","京都府","京都府京都市東山区八坂通下河原東入八坂上町","","法観寺","","34.99855711000000","135.77923847000000"
"102","2022","寶積寺三重塔","","国宝・重要文化財（建造物）","重要文化財","近世以前／寺院","","桃山","19210430","","京都府","京都府乙訓郡大山崎町字大山崎","","寶積寺","","34.89516769000000","135.67919182000000"
"102","1919","寶塔寺四脚門（総門）","","国宝・重要文化財（建造物）","重要文化財","近世以前／寺院","","室町中期","19060414","","京都府","京都府京都市伏見区深草宝塔寺山町","","寶塔寺","","34.96263919000000","135.77411950000000"
"102","1918","寶塔寺塔婆（多宝塔）","","国宝・重要文化財（建造物）","重要文化財","近世以前／寺院","","室町中期","19060414","","京都府","京都府京都市伏見区深草宝塔寺山町","","寶塔寺","","34.96258786000000","135.77593044000000"
"102","1920","寶塔寺本堂","","国宝・重要文化財（建造物）","重要文化財","近世以前／寺院","","桃山","19840521","","京都府","京都府京都市伏見区深草宝塔寺山町","","寶塔寺","","34.96286770000000","135.77586504000000"
"102","1636","報土寺","表門","国宝・重要文化財（建造物）","重要文化財","近世以前／寺院","","江戸前期","19850518","","京都府","京都府京都市上京区仁和寺街道六軒町西入四番町","","報土寺","","35.02409301000000","135.74074155000000"
"102","1635","報土寺","本堂","国宝・重要文化財（建造物）","重要文化財","近世以前／寺院","","江戸前期","19850518","","京都府","京都府京都市上京区仁和寺街道六軒町西入四番町","","報土寺","","35.02431152000000","135.74077451000000"
"102","1821","本願寺","鐘楼","国宝・重要文化財（建造物）","重要文化財","近世以前／寺院","","江戸前期","19100829","","京都府","京都府京都市下京区堀川通花屋町下る門前町","","本願寺","","34.99080359000000","135.75267644000000"
"102","00004771","本願寺","総門","国宝・重要文化財（建造物）","重要文化財","近世以前／寺院","","江戸末期","20140918","","京都府","京都府京都市下京区堀川通花屋町下る門前町","","本願寺","","34.99147019000000","135.75318081000000"
"102","00004769","本願寺","御影堂門","国宝・重要文化財（建造物）","重要文化財","近世以前／寺院","","江戸前期","20140918","","京都府","京都府京都市下京区堀川通花屋町下る門前町","","本願寺","","34.99149398000000","135.75270492000000"
"102","00004767","本願寺","手水所","国宝・重要文化財（建造物）","重要文化財","近世以前／寺院","","江戸中期","20140918","","京都府","京都府京都市下京区堀川通花屋町下る門前町","","本願寺","","34.99183901000000","135.75247292000000"
"102","00004770","本願寺","阿弥陀堂門","国宝・重要文化財（建造物）","重要文化財","近世以前／寺院","","江戸後期","20140918","","京都府","京都府京都市下京区堀川通花屋町下る門前町","","本願寺","","34.99202936000000","135.75265733000000"
"102","00004766","本願寺","経蔵","国宝・重要文化財（建造物）","重要文化財","近世以前／寺院","","江戸中期","20140918","","京都府","京都府京都市下京区堀川通花屋町下る門前町","","本願寺","","34.99249336000000","135.75232421000000"
"102","00004768","本願寺","鼓楼","国宝・重要文化財（建造物）","重要文化財","近世以前／寺院","","江戸後期","20140918","","京都府","京都府京都市下京区堀川通花屋町下る門前町","","本願寺","","34.99274320000000","135.75260974000000"
"102","1823","本願寺阿弥陀堂","","国宝・重要文化財（建造物）","国宝","近世以前／寺院","","江戸後期","19130414","20140918","京都府","京都府京都市下京区堀川通花屋町下る門前町","","本願寺","","34.99214582000000","135.75166461000000"
"102","1816","本願寺唐門","","国宝・重要文化財（建造物）","国宝","近世以前／寺院","","桃山","18981228","19530331","京都府","京都府京都市下京区堀川通花屋町下る本願寺門前町","","本願寺","","34.99037062000000","135.75109698000000"
"102","1824","本願寺御影堂","","国宝・重要文化財（建造物）","国宝","近世以前／寺院","","江戸前期","19130414","20140918","京都府","京都府京都市下京区堀川通花屋町下る門前町","","本願寺","","34.99141568000000","135.75173499000000"
"102","2063","本願寺本堂","","国宝・重要文化財（建造物）","重要文化財","近世以前／寺院","","鎌倉後期","19040218","","京都府","京都府京丹後市久美浜町","","本願寺","","35.60181423000000","134.90221963000000"
"102","1930","本圀寺経蔵（輪蔵）","","国宝・重要文化財（建造物）","重要文化財","近世以前／寺院","","桃山","19250424","","京都府","京都府京都市山科区御陵大岩町","","本圀寺","","34.99937729000000","135.80670518000000"
"102","00004710","本隆寺","本堂","国宝・重要文化財（建造物）","重要文化財","近世以前／寺院","","江戸前期","20140127","","京都府","京都府京都市上京区智恵光院五辻上る紋屋町","","本隆寺","","35.03174468000000","135.74645839000000"
"102","00004711","本隆寺","祖師堂","国宝・重要文化財（建造物）","重要文化財","近世以前／寺院","","江戸中期","20140127","","京都府","京都府京都市上京区智恵光院五辻上る紋屋町","","本隆寺","","35.03181131000000","135.74620617000000"
"102","1686","曼殊院","庫裏","国宝・重要文化財（建造物）","重要文化財","近世以前／寺院","","江戸前期","19760520","","京都府","京都府京都市左京区一乗寺竹ノ内町","","曼殊院","","35.04907682000000","135.80291543000000"
"102","1684","曼殊院","本堂","国宝・重要文化財（建造物）","重要文化財","近世以前／住宅","","江戸前期","19370729","","京都府","京都府京都市左京区一乗寺竹ノ内町","","曼殊院","","35.04871802000000","135.80313418000000"
"102","1685","曼殊院","書院","国宝・重要文化財（建造物）","重要文化財","近世以前／住宅","","江戸前期","19370729","","京都府","京都府京都市左京区一乗寺竹ノ内町","","曼殊院","","35.04875048000000","135.80330589000000"
"102","1954","萬福寺","天王殿","国宝・重要文化財（建造物）","国宝","近世以前／寺院","","江戸中期","19130414","20241209","京都府","京都府宇治市五ヶ庄三番割","","宗教法人萬福寺","","34.91380604000000","135.80690868000000"
"102","1952","萬福寺","大雄宝殿","国宝・重要文化財（建造物）","国宝","近世以前／寺院","","江戸中期","19130414","20241209","京都府","京都府宇治市五ヶ庄三番割","","宗教法人萬福寺","","34.91383140000000","135.80761864000000"
"102","1953","萬福寺","法堂","国宝・重要文化財（建造物）","国宝","近世以前／寺院","","江戸中期","19130414","20241209","京都府","京都府宇治市五ヶ庄三番割","","宗教法人萬福寺","","34.91387487000000","135.80808592000000"
"102","1966","萬福寺","大庫裏","国宝・重要文化財（建造物）","重要文化財","近世以前／寺院","","江戸後期","19890519","","京都府","京都府宇治市五ヶ庄三番割","","萬宗教法人福寺","","34.91320475000000","135.80747375000000"
"102","1955","萬福寺","斎堂","国宝・重要文化財（建造物）","重要文化財","近世以前／寺院","","江戸中期","19130414","","京都府","京都府宇治市五ヶ庄三番割","","宗教法人萬福寺","","34.91340397000000","135.80745926000000"
"102","1959","萬福寺","鐘楼","国宝・重要文化財（建造物）","重要文化財","近世以前／寺院","","江戸中期","19130414","","京都府","京都府宇治市五ヶ庄三番割","","宗教法人萬福寺","","34.91343657000000","135.80705719000000"
"102","1957","萬福寺","伽藍堂","国宝・重要文化財（建造物）","重要文化財","近世以前／寺院","","江戸中期","19130414","","京都府","京都府宇治市五ヶ庄三番割","","宗教法人萬福寺","","34.91344382000000","135.80724917000000"
"102","1963","萬福寺","東方丈","国宝・重要文化財（建造物）","重要文化財","近世以前／寺院","","江戸中期","19130414","","京都府","京都府宇治市五ヶ庄三番割","","宗教法人萬福寺","","34.91362493000000","135.80809316000000"
"102","1961","萬福寺","三門","国宝・重要文化財（建造物）","重要文化財","近世以前／寺院","","江戸中期","19130414","","京都府","京都府宇治市五ヶ庄三番割","","宗教法人萬福寺","","34.91375171000000","135.80595602000000"
"102","1967","萬福寺","威徳殿","国宝・重要文化財（建造物）","重要文化財","近世以前／寺院","","江戸中期","19890519","","京都府","京都府宇治市五ヶ庄三番割","","宗教法人萬福寺","","34.91390022000000","135.80858217000000"
"102","1962","萬福寺","総門","国宝・重要文化財（建造物）","重要文化財","近世以前／寺院","","江戸中期","19130414","","京都府","京都府宇治市五ヶ庄三番割","","宗教法人萬福寺","","34.91397629000000","135.80519897000000"
"102","1964","萬福寺","西方丈","国宝・重要文化財（建造物）","重要文化財","近世以前／寺院","","江戸中期","19130414","","京都府","京都府宇治市五ヶ庄三番割","","宗教法人萬福寺","","34.91412480000000","135.80806056000000"
"102","1965","萬福寺","祠堂","国宝・重要文化財（建造物）","重要文化財","近世以前／寺院","","江戸中期","19890519","","京都府","京都府宇治市五ヶ庄三番割","","宗教法人萬福寺","","34.91414654000000","135.80782149000000"
"102","1960","萬福寺","鼓楼","国宝・重要文化財（建造物）","重要文化財","近世以前／寺院","","江戸中期","19130414","","京都府","京都府宇治市五ヶ庄三番割","","宗教法人萬福寺","","34.91420449000000","135.80699561000000"
"102","1958","萬福寺","祖師堂","国宝・重要文化財（建造物）","重要文化財","近世以前／寺院","","江戸中期","19130414","","京都府","京都府宇治市五ヶ庄三番割","","宗教法人萬福寺","","34.91420449000000","135.80716586000000"
"102","1956","萬福寺","禅堂","国宝・重要文化財（建造物）","重要文化財","近世以前／寺院","","江戸中期","19130414","","京都府","京都府宇治市五ヶ庄三番割","","宗教法人萬福寺","","34.91426969000000","135.80740131000000"
"102","1969","萬福寺松隠堂","通玄門","国宝・重要文化財（建造物）","重要文化財","近世以前／寺院","","江戸中期","19650529","","京都府","京都府宇治市五ヶ庄三番割","","宗教法人萬福寺","","34.91410669000000","135.80630014000000"
"102","1972","萬福寺松隠堂","客殿","国宝・重要文化財（建造物）","重要文化財","近世以前／寺院","","江戸中期","19890519","","京都府","京都府宇治市五ヶ庄三番割","","萬福寺","","34.91426245000000","135.80584011000000"
"102","1973","萬福寺松隠堂","庫裏","国宝・重要文化財（建造物）","重要文化財","近世以前／寺院","","江戸中期","19890519","","京都府","京都府宇治市五ヶ庄三番割","","宗教法人萬福寺","","34.91433490000000","135.80603571000000"
"102","1968","萬福寺松隠堂","開山堂","国宝・重要文化財（建造物）","重要文化財","近世以前／寺院","","江戸中期","19650529","","京都府","京都府宇治市五ヶ庄三番割","","宗教法人萬福寺","","34.91450514000000","135.80626754000000"
"102","1974","萬福寺松隠堂","侍真寮","国宝・重要文化財（建造物）","重要文化財","近世以前／寺院","","江戸中期","19890519","","京都府","京都府宇治市五ヶ庄三番割","","宗教法人萬福寺","","34.91455223000000","135.80598500000000"
"102","1970","萬福寺松隠堂","寿蔵","国宝・重要文化財（建造物）","重要文化財","近世以前／寺院","","江戸中期","19650529","","京都府","京都府宇治市五ヶ庄三番割","","宗教法人萬福寺","","34.91471161000000","135.80659716000000"
"102","1971","萬福寺松隠堂","舎利殿","国宝・重要文化財（建造物）","重要文化財","近世以前／寺院","","江戸中期","19650529","","京都府","京都府宇治市五ヶ庄三番割","","宗教法人萬福寺","","34.91488548000000","135.80624943000000"
"102","1880","妙心寺","南門","国宝・重要文化財（建造物）","重要文化財","近世以前／寺院","","桃山","19670615","","京都府","京都府京都市右京区花園妙心寺町","","妙心寺","","35.02106754000000","135.72024695000000"
"102","1879","妙心寺","勅使門","国宝・重要文化財（建造物）","重要文化財","近世以前／寺院","","桃山","19120208","","京都府","京都府京都市右京区花園妙心寺町","","妙心寺","","35.02111378000000","135.72000186000000"
"102","1876","妙心寺","山門","国宝・重要文化財（建造物）","重要文化財","近世以前／寺院","","桃山","19120208","","京都府","京都府京都市右京区花園妙心寺町","","妙心寺","","35.02180743000000","135.71999723000000"
"102","1877","妙心寺","浴室","国宝・重要文化財（建造物）","重要文化財","近世以前／寺院","","江戸前期","19120208","","京都府","京都府京都市右京区花園妙心寺町","","妙心寺","","35.02190268000000","135.72038854000000"
"102","1878","妙心寺","経蔵","国宝・重要文化財（建造物）","重要文化財","近世以前／寺院","","江戸中期","19120208","","京都府","京都府京都市右京区花園妙心寺町","","妙心寺","","35.02223290000000","135.72036056000000"
"102","1874","妙心寺","仏殿","国宝・重要文化財（建造物）","重要文化財","近世以前／寺院","","江戸後期","19120208","","京都府","京都府京都市右京区花園妙心寺町","","妙心寺","","35.02224814000000","135.71996024000000"
"102","1875","妙心寺","法堂","国宝・重要文化財（建造物）","重要文化財","近世以前／寺院","","江戸前期","19120208","","京都府","京都府京都市右京区花園妙心寺町","","妙心寺","","35.02258893000000","135.71994174000000"
"102","1882","妙心寺","玄関","国宝・重要文化財（建造物）","重要文化財","近世以前／寺院","","江戸前期","19120208","","京都府","京都府京都市右京区花園妙心寺町","","妙心寺","","35.02293169000000","135.71997848000000"
"102","1883","妙心寺","寝堂","国宝・重要文化財（建造物）","重要文化財","近世以前／寺院","","江戸前期","19120208","","京都府","京都府京都市右京区花園妙心寺町","","妙心寺","","35.02310526000000","135.71996562000000"
"102","1881","妙心寺","大方丈","国宝・重要文化財（建造物）","重要文化財","近世以前／寺院","","江戸前期","19120208","","京都府","京都府京都市右京区花園妙心寺町","","妙心寺","","35.02322844000000","135.72042457000000"
"102","1884","妙心寺","小方丈","国宝・重要文化財（建造物）","重要文化財","近世以前／寺院","","桃山","19120208","","京都府","京都府京都市右京区花園妙心寺町","","妙心寺","","35.02323433000000","135.72074365000000"
"102","1885","妙心寺","庫裏","国宝・重要文化財（建造物）","重要文化財","近世以前／寺院","","江戸前期","19120208","","京都府","京都府京都市右京区花園妙心寺町","","妙心寺","","35.02349067000000","135.71986313000000"
"102","1886","妙心寺","北門","国宝・重要文化財（建造物）","重要文化財","近世以前／寺院","","桃山","19670615","","京都府","京都府京都市右京区花園妙心寺町","","妙心寺","","35.02574058000000","135.72021034000000"
"102","1751","妙法院庫裏","","国宝・重要文化財（建造物）","国宝","近世以前／寺院","","桃山","19140417","19570618","京都府","京都府京都市東山区東大路通渋谷下る妙法院前側町","","妙法院","","34.99039825000000","135.77514376000000"
"102","00004847","養源院","護摩堂","国宝・重要文化財（建造物）","重要文化財","近世以前／寺院","","江戸前期","20160209","","京都府","京都府京都市東山区大和大路通七条下る三十三間堂廻り六五六番地","","宗教法人養源院","","34.98765500000000","135.77381900000000"
"102","00004848","養源院","鐘楼堂","国宝・重要文化財（建造物）","重要文化財","近世以前／寺院","","江戸前期","20160209","","京都府","京都府京都市東山区大和大路通七条下る三十三間堂廻り六五六番地","","宗教法人養源院","","34.98769400000000","135.77334400000000"
"102","00004846","養源院","客殿","国宝・重要文化財（建造物）","重要文化財","近世以前／寺院","","江戸前期","20160209","","京都府","京都府京都市東山区大和大路通七条下る三十三間堂廻り六五六番地","","宗教法人養源院","","34.98784100000000","135.77362500000000"
"102","00004849","養源院","中門","国宝・重要文化財（建造物）","重要文化財","近世以前／寺院","","江戸前期","20160209","","京都府","京都府京都市東山区大和大路通七条下る三十三間堂廻り六五六番地","","宗教法人養源院","","34.98808100000000","135.77330300000000"
"102","1934","善峰寺多宝塔","","国宝・重要文化財（建造物）","重要文化財","近世以前／寺院","","江戸前期","19770627","","京都府","京都府京都市西京区大原野小塩町","","善峰寺","","34.93832892000000","135.64503935000000"
"102","1605","龍源院表門","","国宝・重要文化財（建造物）","重要文化財","近世以前／寺院","","室町後期","19610607","","京都府","京都府京都市北区紫野大徳寺町","","龍源院","","35.04384052000000","135.74330870000000"
"102","1604","龍源院本堂","","国宝・重要文化財（建造物）","重要文化財","近世以前／寺院","","室町後期","19610607","","京都府","京都府京都市北区紫野大徳寺町","","龍源院","","35.04384052000000","135.74330870000000"
"102","1896","竜安寺本堂","","国宝・重要文化財（建造物）","重要文化財","近世以前／寺院","","桃山","19670615","","京都府","京都府京都市右京区竜安寺御陵ノ下町","","龍安寺","","35.03454420000000","135.71821363000000"
"102","1801","竜吟庵表門","","国宝・重要文化財（建造物）","重要文化財","近世以前／寺院","","桃山","19530331","","京都府","京都府京都市東山区本町十五丁目","","竜吟庵","","34.97681295000000","135.77409086000000"
"102","1800","竜吟庵庫裏","","国宝・重要文化財（建造物）","重要文化財","近世以前／寺院","","桃山","19530331","","京都府","京都府京都市東山区本町十五丁目","","竜吟庵","","34.97671992000000","135.77441102000000"
"102","1799","竜吟庵方丈","","国宝・重要文化財（建造物）","国宝","近世以前／寺院","","室町前期","19530331","19630701","京都府","京都府京都市東山区本町十五丁目","","竜吟庵","","34.97703915000000","135.77409478000000"
"102","1593","龍光院","兜門","国宝・重要文化財（建造物）","重要文化財","近世以前／寺院","","江戸前期","19080801","","京都府","京都府京都市北区紫野大徳寺町","","龍光院","","35.04158021000000","135.74324287000000"
"102","00004870","龍光院","禹門","国宝・重要文化財（建造物）","重要文化財","近世以前／寺院","","江戸前期","20160209","","京都府","京都府京都市北区紫野大徳寺町","","龍光院","","35.04184000000000","135.74331400000000"
"102","1590","龍光院","昭堂","国宝・重要文化財（建造物）","重要文化財","近世以前／寺院","","江戸前期","19080801","","京都府","京都府京都市北区紫野大徳寺町","","龍光院","","35.04192832000000","135.74320158000000"
"102","1591","龍光院","盤桓廊","国宝・重要文化財（建造物）","重要文化財","近世以前／寺院","","江戸前期","19080801","","京都府","京都府京都市北区紫野大徳寺町","","龍光院","","35.04192832000000","135.74320158000000"
"102","00004869","龍光院","寮及び小庫裏","国宝・重要文化財（建造物）","重要文化財","近世以前／寺院","","江戸前期","20160209","","京都府","京都府京都市北区紫野大徳寺町","","龍光院","","35.04196400000000","135.74362000000000"
"102","1814","良正院","表門","国宝・重要文化財（建造物）","重要文化財","近世以前／寺院","","江戸前期","19860524","","京都府","京都府京都市東山区新橋通大和大路東入三丁目林下町","","良正院","","35.00655825000000","135.78203680000000"
"102","1813","良正院","本堂","国宝・重要文化財（建造物）","重要文化財","近世以前／寺院","","江戸前期","19860524","","京都府","京都府京都市東山区新橋通大和大路東入三丁目林下町","","良正院","","35.00683438000000","135.78185909000000"
"102","1752","蓮華王院築地塀（太閣塀）","","国宝・重要文化財（建造物）","重要文化財","近世以前／寺院","","桃山","19370729","","京都府","京都府京都市東山区東大路通渋谷下る妙法院前側町","","妙法院","","34.98825597000000","135.77230905000000"
"102","1748","蓮華王院南大門","","国宝・重要文化財（建造物）","重要文化財","近世以前／寺院","","桃山","19000407","","京都府","京都府京都市東山区東大路通渋谷下る妙法院前側町","","妙法院","","34.98698135000000","135.77232679000000"
"102","1747","蓮華王院本堂（三十三間堂）","","国宝・重要文化財（建造物）","国宝","近世以前／寺院","","鎌倉前期","18971228","19520329","京都府","京都府京都市東山区東大路通渋谷下る妙法院前側町","","妙法院","","34.98786042000000","135.77174452000000"
"102","1745","六波羅蜜寺本堂","","国宝・重要文化財（建造物）","重要文化財","近世以前／寺院","","室町前期","18971228","","京都府","京都府京都市東山区松原通大和大路東入二丁目轆轤町","","六波羅蜜寺","","34.99716475000000","135.77344681000000"
"102","2942","三仏寺地蔵堂","","国宝・重要文化財（建造物）","重要文化財","近世以前／寺院","","室町後期","19040218","","鳥取県","鳥取県東伯郡三朝町大字三徳","","三仏寺","","35.39748293000000","133.95854474000000"
"102","2943","三仏寺文殊堂","","国宝・重要文化財（建造物）","重要文化財","近世以前／寺院","","桃山","19040218","","鳥取県","鳥取県東伯郡三朝町大字三徳","","三仏寺","","35.39788653000000","133.95884970000000"
"102","2944","大山寺阿弥陀堂","","国宝・重要文化財（建造物）","重要文化財","近世以前／寺院","","室町後期","19040218","","鳥取県","鳥取県西伯郡大山町大字大山","","大山寺","","35.39113806000000","133.53442743000000"
"102","2937","長谷寺本堂内厨子","","国宝・重要文化財（建造物）","重要文化財","近世以前／寺院","","室町後期","19881219","","鳥取県","鳥取県倉吉市仲ノ町","","長谷寺","","35.42671901000000","133.81838512000000"
"102","2939","不動院岩屋堂","","国宝・重要文化財（建造物）","重要文化財","近世以前／寺院","","室町前期","19531114","","鳥取県","鳥取県八頭郡若桜町大字岩屋堂","","不動院","","35.30044193000000","134.43033484000000"
"102","2964","雲樹寺四脚門(大門)","","国宝・重要文化財（建造物）","重要文化財","近世以前／寺院","","室町前期","19040218","","島根県","島根県安来市宇賀荘町","","雲樹寺","","35.39332382000000","133.26554821000000"
"102","2963","清水寺本堂","","国宝・重要文化財（建造物）","重要文化財","近世以前／寺院","","室町中期","19040218","","島根県","島根県安来市清水町","","清水寺","","35.40221445000000","133.28190675000000"
"102","2955","万福寺本堂","","国宝・重要文化財（建造物）","重要文化財","近世以前／寺院","","室町前期","19040218","","島根県","島根県益田市東町","","万福寺","","34.67868378000000","131.85988916000000"
"102","3033","大滝山三重塔","","国宝・重要文化財（建造物）","重要文化財","近世以前／寺院","","室町中期","19260419","","岡山県","岡山県備前市大内","","大滝山福寿院
大滝山実相院
大滝山西法院","","34.74907075000000","134.13843768000000"
"102","3060","真光寺三重塔","","国宝・重要文化財（建造物）","重要文化財","近世以前／寺院","","室町中期","19531114","","岡山県","岡山県備前市西片上","","真光寺花蔵院
真光寺自性院","","34.74450247000000","134.18009320000000"
"102","3059","真光寺本堂","","国宝・重要文化財（建造物）","重要文化財","近世以前／寺院","","室町後期","19531114","","岡山県","岡山県備前市西片上","","真光寺花蔵院
真光寺自性院","","34.74481535000000","134.18031337000000"
"102","3100","誕生寺","山門","国宝・重要文化財（建造物）","重要文化財","近世以前／寺院","","江戸中期","19801218","","岡山県","岡山県久米郡久米南町里方","","誕生寺","","34.95524768000000","133.95362293000000"
"102","3099","誕生寺","御影堂","国宝・重要文化財（建造物）","重要文化財","近世以前／寺院","","江戸中期","19801218","","岡山県","岡山県久米郡久米南町里方","","誕生寺","","34.95526111000000","133.95304147000000"
"102","3098","長福寺三重塔","","国宝・重要文化財（建造物）","重要文化財","近世以前／寺院","","鎌倉後期","19210430","","岡山県","岡山県美作市真神","","長福寺","","34.92593865000000","134.15008611000000"
"102","3029","備中国分寺五重塔","","国宝・重要文化財（建造物）","重要文化財","近世以前／寺院","","江戸後期","19801218","","岡山県","岡山県総社市上林","","備中国分寺","","34.66605518000000","133.78139298000000"
"102","3006","遍照院三重塔","","国宝・重要文化財（建造物）","重要文化財","近世以前／寺院","","室町中期","19250424","","岡山県","岡山県倉敷市西阿知町","","遍照院","","34.59216613000000","133.73537061000000"
"102","3027","遍照寺多宝塔","","国宝・重要文化財（建造物）","重要文化財","近世以前／寺院","","桃山","19750623","","岡山県","岡山県笠岡市笠岡中央町16番地の2","","遍照寺","笠岡市","34.52670279000000","133.51598905000000"
"102","3028","宝福寺三重塔","","国宝・重要文化財（建造物）","重要文化財","近世以前／寺院","","室町前期","19270425","","岡山県","岡山県総社市井尻野","","宝福寺","","34.69081708000000","133.73355385000000"
"102","00004702","本源寺","中門","国宝・重要文化財（建造物）","重要文化財","近世以前／寺院","","江戸前期","20130807","","岡山県","岡山県津山市小田中","","本源寺","","35.06190316000000","133.99367760000000"
"102","00004701","本源寺","霊屋表門","国宝・重要文化財（建造物）","重要文化財","近世以前／寺院","","江戸前期","20130807","","岡山県","岡山県津山市小田中","","本源寺","","35.06222201000000","133.99340872000000"
"102","00004699","本源寺","庫裏","国宝・重要文化財（建造物）","重要文化財","近世以前／寺院","","江戸中期","20130807","","岡山県","岡山県津山市小田中","","本源寺","","35.06222915000000","133.99404404000000"
"102","00004698","本源寺","本堂","国宝・重要文化財（建造物）","重要文化財","近世以前／寺院","","江戸前期","20130807","","岡山県","岡山県津山市小田中","","本源寺","","35.06226722000000","133.99372043000000"
"102","00004700","本源寺","霊屋","国宝・重要文化財（建造物）","重要文化財","近世以前／寺院","","江戸前期","20130807","","岡山県","岡山県津山市小田中","","本源寺","","35.06245757000000","133.99351580000000"
"102","3103","本山寺三重塔","","国宝・重要文化財（建造物）","重要文化財","近世以前／寺院","","江戸前期","19801228","","岡山県","岡山県久米郡美咲町定宗","","本山寺","","34.94350378000000","134.01044509000000"
"102","3101","本山寺本堂","","国宝・重要文化財（建造物）","重要文化財","近世以前／寺院","","室町前期","19230328","","岡山県","岡山県久米郡美咲町定宗","","本山寺","","34.94436974000000","134.01014863000000"
"102","3065","本蓮寺中門","","国宝・重要文化財（建造物）","重要文化財","近世以前／寺院","","室町後期","19700617","","岡山県","岡山県瀬戸内市牛窓町牛窓","","本蓮寺","","34.61640337000000","134.16432895000000"
"102","3061","本蓮寺本堂","","国宝・重要文化財（建造物）","重要文化財","近世以前／寺院","","室町後期","19420626","","岡山県","岡山県瀬戸内市牛窓町牛窓","","本蓮寺","","34.61640535000000","134.16455687000000"
"102","3066","餘慶寺本堂","","国宝・重要文化財（建造物）","重要文化財","近世以前／寺院","","室町後期","19790521","","岡山県","岡山県瀬戸内市邑久町北島","","餘慶寺","","34.65444215000000","134.06140773000000"
"102","3144","安国寺釈迦堂","","国宝・重要文化財（建造物）","重要文化財","近世以前／寺院","","室町中期","19270425","","広島県","広島県福山市鞆町大字後地","","安国寺","","34.38810635000000","133.38001023000000"
"102","3178","厳島神社五重塔","","国宝・重要文化財（建造物）","重要文化財","近世以前／寺院","","室町中期","19000407","","広島県","広島県廿日市市宮島町","","厳島神社","","34.29722597000000","132.32068733000000"
"102","3179","厳島神社多宝塔","","国宝・重要文化財（建造物）","重要文化財","近世以前／寺院","","室町後期","19010802","","広島県","広島県廿日市市宮島町","","厳島神社","","34.29469679000000","132.31832630000000"
"102","3183","厳島神社宝蔵","","国宝・重要文化財（建造物）","重要文化財","近世以前／寺院","","室町中期","19490218","","広島県","広島県廿日市市宮島町","","厳島神社","","34.29534655000000","132.32072006000000"
"102","3181","厳島神社末社豊国神社本殿(千畳閣)","","国宝・重要文化財（建造物）","重要文化財","近世以前／寺院","","桃山","19100829","","広島県","広島県廿日市市宮島町","","厳島神社","","34.29733461000000","132.32026426000000"
"102","3161","円通寺本堂","","国宝・重要文化財（建造物）","重要文化財","近世以前／寺院","","室町後期","19620621","","広島県","広島県庄原市本郷町","","円通寺","","34.85251152000000","132.95424994000000"
"102","3188","向上寺三重塔","","国宝・重要文化財（建造物）","国宝","近世以前／寺院","","室町中期","19130414","19580208","広島県","広島県尾道市瀬戸田町瀬戸田","","向上寺","","34.30688394000000","133.08670785000000"
"102","3108","國前寺","庫裏","国宝・重要文化財（建造物）","重要文化財","近世以前／寺院","","江戸中期","19931209","","広島県","広島県広島市東区山根町","","國前寺","","34.40305477000000","132.48150798000000"
"102","3107","國前寺","本堂","国宝・重要文化財（建造物）","重要文化財","近世以前／寺院","","江戸中期","19931209","","広島県","広島県広島市東区山根町","","國前寺","","34.40313266000000","132.48125088000000"
"102","3141","西郷寺山門","","国宝・重要文化財（建造物）","重要文化財","近世以前／寺院","","室町中期","19610607","","広島県","広島県尾道市東久保町","","西郷寺","","34.41397446000000","133.20778200000000"
"102","3140","西郷寺本堂","","国宝・重要文化財（建造物）","重要文化財","近世以前／寺院","","室町中期","19610607","","広島県","広島県尾道市東久保町","","西郷寺","","34.41409263000000","133.20810083000000"
"102","3137","西国寺金堂","","国宝・重要文化財（建造物）","重要文化財","近世以前／寺院","","室町前期","19130414","","広島県","広島県尾道市西久保町","","西国寺","","34.41547683000000","133.20295024000000"
"102","3138","西国寺三重塔","","国宝・重要文化財（建造物）","重要文化財","近世以前／寺院","","室町中期","19130414","","広島県","広島県尾道市西久保町","","西国寺","","34.41643277000000","133.20304342000000"
"102","00004237","常称寺","大門","国宝・重要文化財（建造物）","重要文化財","近世以前／寺院","","室町前期","20071204","","広島県","広島県尾道市西大久保","","常称寺","","34.41179728000000","133.20442645000000"
"102","00004235","常称寺","観音堂","国宝・重要文化財（建造物）","重要文化財","近世以前／寺院","","室町後期","20071204","","広島県","広島県尾道市西大久保","","常称寺","","34.41220080000000","133.20399840000000"
"102","00004236","常称寺","鐘撞堂","国宝・重要文化財（建造物）","重要文化財","近世以前／寺院","","江戸前期","20071204","","広島県","広島県尾道市西大久保","","常称寺","","34.41230440000000","133.20414563000000"
"102","00004234","常称寺","本堂","国宝・重要文化財（建造物）","重要文化財","近世以前／寺院","","室町中期","20071204","","広島県","広島県尾道市西大久保","","常称寺","","34.41243255000000","133.20385117000000"
"102","3134","浄土寺","裏門","国宝・重要文化財（建造物）","重要文化財","近世以前／寺院","","江戸後期","19940712","","広島県","広島県尾道市東久保町","","浄土寺","","34.41174995000000","133.20995462000000"
"102","3132","浄土寺","庫裏及び客殿","国宝・重要文化財（建造物）","重要文化財","近世以前／寺院","","江戸中期","19940712","","広島県","広島県尾道市東久保町","","浄土寺","","34.41194212000000","133.21013251000000"
"102","3131","浄土寺","唐門","国宝・重要文化財（建造物）","重要文化財","近世以前／寺院","","江戸中期","19940712","","広島県","広島県尾道市東久保町","","","","34.41198503000000","133.21033523000000"
"102","3133","浄土寺","宝庫","国宝・重要文化財（建造物）","重要文化財","近世以前／寺院","","江戸後期","19940712","","広島県","広島県尾道市東久保町","","浄土寺","","34.41203774000000","133.20999190000000"
"102","3130","浄土寺","方丈","国宝・重要文化財（建造物）","重要文化財","近世以前／寺院","","江戸中期","19940712","","広島県","広島県尾道市東久保町","","浄土寺","","34.41216440000000","133.21032591000000"
"102","3135","浄土寺","露滴庵","国宝・重要文化財（建造物）","重要文化財","近世以前／住宅","","江戸中期","19531114","","広島県","広島県尾道市東久保町","","浄土寺","","34.41220618000000","133.20997716000000"
"102","3126","浄土寺阿弥陀堂","","国宝・重要文化財（建造物）","重要文化財","近世以前／寺院","","室町前期","19130414","","広島県","広島県尾道市東久保町","","浄土寺","","34.41193966000000","133.21080812000000"
"102","3129","浄土寺山門","","国宝・重要文化財（建造物）","重要文化財","近世以前／寺院","","室町前期","19531114","","広島県","広島県尾道市東久保町","","浄土寺","","34.41167054000000","133.21054722000000"
"102","3124","浄土寺多宝塔","","国宝・重要文化財（建造物）","国宝","近世以前／寺院","","鎌倉後期","19010327","19530331","広島県","広島県尾道市東久保町","","浄土寺","","34.41181075000000","133.21097542000000"
"102","3125","浄土寺本堂","","国宝・重要文化財（建造物）","国宝","近世以前／寺院","","鎌倉後期","19130414","19530331","広島県","広島県尾道市東久保町","","浄土寺","","34.41197147000000","133.21051561000000"
"102","3122","宗光寺山門","","国宝・重要文化財（建造物）","重要文化財","近世以前／寺院","","桃山","19531114","","広島県","広島県三原市本町","","宗光寺","","34.40374705000000","133.07821085000000"
"102","3187","竹林寺本堂","","国宝・重要文化財（建造物）","重要文化財","近世以前／寺院","","室町後期","19820611","","広島県","広島県東広島市河内町入野","","竹林寺","","34.45931491000000","132.87422151000000"
"102","3139","天寧寺塔婆","","国宝・重要文化財（建造物）","重要文化財","近世以前／寺院","","室町前期","19490218","","広島県","広島県尾道市土堂町","","天寧寺","","34.41005390000000","133.19982771000000"
"102","3192","磐台寺観音堂","","国宝・重要文化財（建造物）","重要文化財","近世以前／寺院","","室町後期","19560628","","広島県","広島県福山市沼隈町大字能登原","","磐台寺","","34.38251007000000","133.35434594000000"
"102","3694","福成寺本堂内厨子及び須弥壇","","国宝・重要文化財（建造物）","重要文化財","近世以前／寺院","","室町中期","20001204","","広島県","広島県東広島市西条町下三永字西谷","","福成寺","","34.37809368000000","132.77500491000000"
"102","3121","仏通寺含暉院地蔵堂","","国宝・重要文化財（建造物）","重要文化財","近世以前／寺院","","室町中期","19490218","","広島県","広島県三原市高坂町","","仏通寺","","34.45444121000000","133.02694698000000"
"102","3104","不動院金堂","","国宝・重要文化財（建造物）","国宝","近世以前／寺院","","室町後期","19000407","19580208","広島県","広島県広島市東区牛田新町三丁目","","不動院","","34.42695656000000","132.47112079000000"
"102","3105","不動院鐘楼","","国宝・重要文化財（建造物）","重要文化財","近世以前／寺院","","室町中期","19520719","","広島県","広島県広島市東区牛田新町三丁目","","不動院","","34.42674518000000","132.47104729000000"
"102","3106","不動院楼門","","国宝・重要文化財（建造物）","重要文化財","近世以前／寺院","","桃山","19580514","","広島県","広島県広島市東区牛田新町三丁目","","不動院","","34.42699344000000","132.47076436000000"
"102","3143","明王院五重塔","","国宝・重要文化財（建造物）","国宝","近世以前／寺院","","室町前期","19130414","19530331","広島県","広島県福山市草戸町","","明王院","","34.47827599000000","133.34588256000000"
"102","3142","明王院本堂","","国宝・重要文化財（建造物）","国宝","近世以前／寺院","","鎌倉後期","19000407","19640526","広島県","広島県福山市草戸町","","明王院","","34.47848070000000","133.34590926000000"
"102","3234","閼伽井坊多宝塔","","国宝・重要文化財（建造物）","重要文化財","近世以前／寺院","","室町後期","19070527","","山口県","山口県下松市大字末武上","","閼伽井坊","","34.03867548000000","131.87214584000000"
"102","3239","月輪寺薬師堂","","国宝・重要文化財（建造物）","重要文化財","近世以前／寺院","","平安後期","19490218","","山口県","山口県山口市徳地字上村","","月輪寺","","34.14345085000000","131.72077410000000"
"102","3198","功山寺仏殿","","国宝・重要文化財（建造物）","国宝","近世以前／寺院","","鎌倉後期","19030415","19531114","山口県","山口県下関市長府川端町","","功山寺","","33.99561240000000","130.98190837000000"
"102","3233","国分寺金堂","","国宝・重要文化財（建造物）","重要文化財","近世以前／寺院","","江戸後期","19890902","","山口県","山口県防府市国分寺町","","国分寺","","34.06205009000000","131.57938322000000"
"102","3216","常念寺表門","","国宝・重要文化財（建造物）","重要文化財","近世以前／寺院","","桃山","19540917","","山口県","山口県萩市大字下五間町","","常念寺","","34.41422255000000","131.40220288000000"
"102","3734","大照院","経蔵","国宝・重要文化財（建造物）","重要文化財","近世以前／寺院","","江戸後期","20020523","","山口県","山口県萩市大字椿","","大照院","","34.39485398000000","131.39133115000000"
"102","3730","大照院","本堂","国宝・重要文化財（建造物）","重要文化財","近世以前／寺院","","江戸中期","20020523","","山口県","山口県萩市大字椿","","大照院","","34.39512550000000","131.39146939000000"
"102","3733","大照院","鐘楼門","国宝・重要文化財（建造物）","重要文化財","近世以前／寺院","","江戸中期","20020523","","山口県","山口県萩市大字椿","","大照院","","34.39520576000000","131.39177838000000"
"102","3732","大照院","書院","国宝・重要文化財（建造物）","重要文化財","近世以前／寺院","","江戸中期","20020523","","山口県","山口県萩市大字椿","","大照院","","34.39533393000000","131.39115117000000"
"102","3731","大照院","庫裏","国宝・重要文化財（建造物）","重要文化財","近世以前／寺院","","江戸中期","20020523","","山口県","山口県萩市大字椿","","大照院","","34.39543483000000","131.39137751000000"
"102","3218","東光寺","大雄宝殿","国宝・重要文化財（建造物）","重要文化財","近世以前／寺院","","江戸中期","19660611","","山口県","山口県萩市大字椿東","","東光寺","","34.41302958000000","131.42624826000000"
"102","3219","東光寺","鐘楼","国宝・重要文化財（建造物）","重要文化財","近世以前／寺院","","江戸中期","19660611","","山口県","山口県萩市大字椿東","","東光寺","","34.41320711000000","131.42571015000000"
"102","3220","東光寺","三門","国宝・重要文化財（建造物）","重要文化財","近世以前／寺院","","江戸後期","19660611","","山口県","山口県萩市大字椿東","","東光寺","","34.41345015000000","131.42457639000000"
"102","3221","東光寺","総門","国宝・重要文化財（建造物）","重要文化財","近世以前／寺院","","江戸中期","19660611","","山口県","山口県萩市大字椿東","","東光寺","","34.41370421000000","131.42398380000000"
"102","3210","洞春寺観音堂","","国宝・重要文化財（建造物）","重要文化財","近世以前／寺院","","室町中期","19170813","","山口県","山口県山口市水の上町","","洞春寺","","34.18764089000000","131.47128558000000"
"102","3211","洞春寺山門","","国宝・重要文化財（建造物）","重要文化財","近世以前／寺院","","室町中期","19540917","","山口県","山口県山口市水の上町","","洞春寺","","34.18762276000000","131.47246399000000"
"102","3213","龍福寺本堂","","国宝・重要文化財（建造物）","重要文化財","近世以前／寺院","","室町中期","19540917","","山口県","山口県山口市大殿大路","","竜福寺","","34.18443203000000","131.47981673000000"
"102","3203","瑠璃光寺五重塔","","国宝・重要文化財（建造物）","国宝","近世以前／寺院","","室町中期","19030415","19521122","山口県","山口県山口市香山町","","瑠璃光寺","","34.19018013000000","131.47290828000000"
"102","3268","切幡寺大塔","","国宝・重要文化財（建造物）","重要文化財","近世以前／寺院","","江戸前期","19750623","","徳島県","徳島県阿波市市場町切幡","","切幡寺","","34.10796394000000","134.30371741000000"
"102","3245","丈六寺観音堂","","国宝・重要文化財（建造物）","重要文化財","近世以前／寺院","","江戸前期","19530331","","徳島県","徳島県徳島市丈六町","","丈六寺","","34.00459660000000","134.55076887000000"
"102","3247","丈六寺経蔵（旧僧堂）","","国宝・重要文化財（建造物）","重要文化財","近世以前／寺院","","江戸前期","19981225","","徳島県","徳島県徳島市丈六町","","丈六寺","","34.00490124000000","134.55104655000000"
"102","3246","丈六寺三門","","国宝・重要文化財（建造物）","重要文化財","近世以前／寺院","","室町後期","19530331","","徳島県","徳島県徳島市丈六町","","丈六寺","","34.00519484000000","134.55139410000000"
"102","3244","丈六寺本堂（元方丈）","","国宝・重要文化財（建造物）","重要文化財","近世以前／寺院","","江戸前期","19530331","","徳島県","徳島県徳島市丈六町","","丈六寺","","34.00517167000000","134.55095448000000"
"102","00003878","箸蔵寺","方丈","国宝・重要文化財（建造物）","重要文化財","近世以前／寺院","","江戸末期","20040706","","徳島県","徳島県三好市池田町州津蔵谷","","箸蔵寺","","34.04770682000000","133.84105853000000"
"102","00003877","箸蔵寺","護摩殿","国宝・重要文化財（建造物）","重要文化財","近世以前／寺院","","江戸末期","20040706","","徳島県","徳島県三好市池田町州津蔵谷","","箸蔵寺","","34.04795774000000","133.84137547000000"
"102","00003880","箸蔵寺","鐘楼堂","国宝・重要文化財（建造物）","重要文化財","近世以前／寺院","","江戸末期","20040706","","徳島県","徳島県三好市池田町州津蔵谷","","箸蔵寺","","34.04819880000000","133.84199627000000"
"102","00003879","箸蔵寺","薬師堂","国宝・重要文化財（建造物）","重要文化財","近世以前／寺院","","江戸末期","20040706","","徳島県","徳島県三好市池田町州津蔵谷","","箸蔵寺","","34.04841693000000","133.84200600000000"
"102","00003881","箸蔵寺","天神社本殿","国宝・重要文化財（建造物）","重要文化財","近世以前／寺院","","江戸末期","20040706","","徳島県","徳島県三好市池田町州津蔵谷","","箸蔵寺","","34.04861804000000","133.84155375000000"
"102","00003876","箸蔵寺","本殿","国宝・重要文化財（建造物）","重要文化財","近世以前／寺院","","江戸末期","20040706","","徳島県","徳島県三好市池田町州津蔵谷","","箸蔵寺","","34.04904063000000","133.84177825000000"
"102","3306","覚城院鐘楼","","国宝・重要文化財（建造物）","重要文化財","近世以前／寺院","","桃山","19470226","","香川県","香川県三豊市仁尾町仁尾","","不動護国寺","","34.20194651000000","133.64789254000000"
"102","3290","観音寺金堂","","国宝・重要文化財（建造物）","重要文化財","近世以前／寺院","","江戸中期","19590627","","香川県","香川県観音寺市八幡町","","観音寺","","34.13449382000000","133.64757349000000"
"102","3298","国分寺本堂","","国宝・重要文化財（建造物）","重要文化財","近世以前／寺院","","鎌倉後期","19040829","","香川県","香川県高松市国分寺町国分","","国分寺","","34.30309153000000","133.94416993000000"
"102","3302","金刀比羅宮旭社","","国宝・重要文化財（建造物）","重要文化財","近世以前／寺院","","江戸末期","19820216","","香川県","香川県仲多度郡琴平町","","金刀比羅宮","","34.18309723000000","133.81024979000000"
"102","3293","志度寺","仁王門","国宝・重要文化財（建造物）","重要文化財","近世以前／寺院","","江戸中期","19830602","","香川県","香川県さぬき市志度","","志度寺","","34.32380692000000","134.17892396000000"
"102","3292","志度寺","本堂","国宝・重要文化財（建造物）","重要文化財","近世以前／寺院","","江戸中期","19830602","","香川県","香川県さぬき市志度","","志度寺","","34.32430128000000","134.17964530000000"
"102","3307","常徳寺円通殿","","国宝・重要文化財（建造物）","重要文化財","近世以前／寺院","","室町中期","19550622","","香川県","香川県三豊市仁尾町仁尾","","常徳寺","","34.20295881000000","133.64613058000000"
"102","00005014","白峯寺","本堂","国宝・重要文化財（建造物）","重要文化財","近世以前／寺院","","江戸中期","20170731","","香川県","香川県坂出市青海町","","白峯寺","","34.34339194000000","133.91057278000000"
"102","00005015","白峯寺","大師堂","国宝・重要文化財（建造物）","重要文化財","近世以前／寺院","","江戸後期","20170731","","香川県","香川県坂出市青海町","","白峯寺","","34.34339194000000","133.91057278000000"
"102","00005016","白峯寺","阿弥陀堂","国宝・重要文化財（建造物）","重要文化財","近世以前／寺院","","江戸中期","20170731","","香川県","香川県坂出市青海町","","白峯寺","","34.34339194000000","133.91057278000000"
"102","00005017","白峯寺","行者堂","国宝・重要文化財（建造物）","重要文化財","近世以前／寺院","","江戸後期","20170731","","香川県","香川県坂出市青海町","","白峯寺","","34.34339194000000","133.91057278000000"
"102","00005018","白峯寺","薬師堂","国宝・重要文化財（建造物）","重要文化財","近世以前／寺院","","江戸後期","20170731","","香川県","香川県坂出市青海町","","白峯寺","","34.34339194000000","133.91057278000000"
"102","00005019","白峯寺","頓證寺殿","国宝・重要文化財（建造物）","重要文化財","近世以前／寺院","","江戸中期","20170731","","香川県","香川県坂出市青海町","","白峯寺","","34.34339194000000","133.91057278000000"
"102","00005020","白峯寺","勅額門","国宝・重要文化財（建造物）","重要文化財","近世以前／寺院","","江戸中期","20170731","","香川県","香川県坂出市青海町","","白峯寺","","34.34339194000000","133.91057278000000"
"102","00005021","白峯寺","客殿","国宝・重要文化財（建造物）","重要文化財","近世以前／寺院","","江戸中期","20170731","","香川県","香川県坂出市青海町","","白峯寺","","34.34339194000000","133.91057278000000"
"102","00005022","白峯寺","御成門","国宝・重要文化財（建造物）","重要文化財","近世以前／寺院","","江戸中期","20170731","","香川県","香川県坂出市青海町","","白峯寺","","34.34339194000000","133.91057278000000"
"102","00004618","善通寺","五重塔","国宝・重要文化財（建造物）","重要文化財","近世以前／寺院","","江戸末期","20121228","","香川県","香川県善通寺市善通寺町三丁目","","善通寺","","34.22592782000000","133.77676812000000"
"102","00004617","善通寺","金堂","国宝・重要文化財（建造物）","重要文化財","近世以前／寺院","","江戸後期","20121228","","香川県","香川県善通寺市善通寺町三丁目","","善通寺","","34.22633709000000","133.77623988000000"
"102","3297","明王寺釈迦堂","","国宝・重要文化財（建造物）","重要文化財","近世以前／寺院","","室町後期","19070527","","香川県","香川県小豆郡小豆島町池田","","明王寺","","34.48385457000000","134.24189511000000"
"102","3304","本山寺二王門","","国宝・重要文化財（建造物）","重要文化財","近世以前／寺院","","室町中期","19040829","","香川県","香川県三豊市豊中町本山","","本山寺","","34.13914720000000","133.69362098000000"
"102","3305","本山寺本堂","","国宝・重要文化財（建造物）","国宝","近世以前／寺院","","鎌倉後期","19240415","19550622","香川県","香川県三豊市豊中町本山","","本山寺","","34.13970285000000","133.69408450000000"
"102","3277","屋島寺本堂","","国宝・重要文化財（建造物）","重要文化財","近世以前／寺院","","江戸前期","19550622","","香川県","香川県高松市屋島東町","","屋島寺","","34.35787883000000","134.10125515000000"
"102","3393","医王寺本堂内厨子","","国宝・重要文化財（建造物）","重要文化財","近世以前／寺院","","室町後期","19660611","","愛媛県","愛媛県東温市北方","","医王寺","","33.80734640000000","132.90911408000000"
"102","3316","石手寺護摩堂","","国宝・重要文化財（建造物）","重要文化財","近世以前／寺院","","室町前期","19530331","","愛媛県","愛媛県松山市石手二丁目","","石手寺","","33.84751205000000","132.79634802000000"
"102","3311","石手寺三重塔","","国宝・重要文化財（建造物）","重要文化財","近世以前／寺院","","鎌倉後期","19070527","","愛媛県","愛媛県松山市石手二丁目","","石手寺","","33.84771270000000","132.79663844000000"
"102","3313","石手寺鐘楼","","国宝・重要文化財（建造物）","重要文化財","近世以前／寺院","","室町前期","19070527","","愛媛県","愛媛県松山市石手二丁目","","石手寺","","33.84763350000000","132.79682589000000"
"102","3312","石手寺二王門","","国宝・重要文化財（建造物）","国宝","近世以前／寺院","","鎌倉後期","19070527","19521122","愛媛県","愛媛県松山市石手二丁目","","石手寺","","33.84749093000000","132.79656451000000"
"102","3310","石手寺本堂","","国宝・重要文化財（建造物）","重要文化財","近世以前／寺院","","鎌倉後期","19070527","","愛媛県","愛媛県松山市石手二丁目","","石手寺","","33.84786055000000","132.79648267000000"
"102","3382","興隆寺本堂","","国宝・重要文化財（建造物）","重要文化財","近世以前／寺院","","室町前期","19070527","","愛媛県","愛媛県西条市丹原町古田","","興隆寺","","33.90567774000000","133.02534996000000"
"102","3387","祥雲寺観音堂","","国宝・重要文化財（建造物）","重要文化財","近世以前／寺院","","室町中期","19411106","","愛媛県","愛媛県越智郡上島村岩城","","祥雲寺","","34.25103622000000","133.13679303000000"
"102","3386","定光寺観音堂","","国宝・重要文化財（建造物）","重要文化財","近世以前／寺院","","室町中期","19770627","","愛媛県","愛媛県越智郡上島村弓削土生241番地","","定光寺","","34.25011014000000","133.20448970000000"
"102","3343","浄土寺本堂","","国宝・重要文化財（建造物）","重要文化財","近世以前／寺院","","室町後期","19530331","","愛媛県","愛媛県松山市鷹子町","","浄土寺","","33.81680274000000","132.80791323000000"
"102","3413","善光寺薬師堂","","国宝・重要文化財（建造物）","重要文化財","近世以前／寺院","","室町後期","19770627","","愛媛県","愛媛県北宇和郡鬼北町小松","","善光寺","","33.30718799000000","132.74506894000000"
"102","3309","太山寺二王門","","国宝・重要文化財（建造物）","重要文化財","近世以前／寺院","","鎌倉後期","19040829","","愛媛県","愛媛県松山市太山寺町","","太山寺","","33.88474297000000","132.71496160000000"
"102","3308","太山寺本堂","","国宝・重要文化財（建造物）","国宝","近世以前／寺院","","鎌倉後期","19040829","19560628","愛媛県","愛媛県松山市太山寺町","","太山寺","","33.88500746000000","132.71498505000000"
"102","3317","大宝寺本堂","","国宝・重要文化財（建造物）","国宝","近世以前／寺院","","鎌倉前期","19170405","19530331","愛媛県","愛媛県松山市南江戸五丁目","","大宝寺","","33.84172980000000","132.74220117000000"
"102","3380","如法寺仏殿","","国宝・重要文化財（建造物）","重要文化財","近世以前／寺院","","江戸中期","19920810","","愛媛県","愛媛県大洲市柚木","","如法寺","","33.50644902000000","132.55453622000000"
"102","3440","国分寺金堂","","国宝・重要文化財（建造物）","重要文化財","近世以前／寺院","","室町後期","19040829","","高知県","高知県南国市国分","","国分寺","","33.59879624000000","133.64011281000000"
"102","3735","金林寺薬師堂","","国宝・重要文化財（建造物）","重要文化財","近世以前／寺院","","室町後期","20020523","","高知県","高知県安芸郡馬路村馬路","","金林寺","","33.55046333000000","134.04680453000000"
"102","3418","竹林寺本堂","","国宝・重要文化財（建造物）","重要文化財","近世以前／寺院","","室町後期","19040829","","高知県","高知県高知市五台山","","竹林寺","","33.54651245000000","133.57660327000000"
"102","3416","土佐神社鼓楼","","国宝・重要文化財（建造物）","重要文化財","近世以前／寺院","","江戸前期","19340130","","高知県","高知県高知市一宮","","土佐神社","","33.59226551000000","133.57724218000000"
"102","3448","豊楽寺薬師堂","","国宝・重要文化財（建造物）","国宝","近世以前／寺院","","平安後期","19040829","19521122","高知県","高知県長岡郡大豊町寺内","","豊楽寺","","33.79211650000000","133.72711628000000"
"102","3473","善導寺","大門","国宝・重要文化財（建造物）","重要文化財","近世以前／寺院","","江戸前期","19881219","","福岡県","福岡県久留米市善導寺町飯田","","善導寺","","33.32952284000000","130.60675663000000"
"102","3472","善導寺","本堂","国宝・重要文化財（建造物）","重要文化財","近世以前／寺院","","江戸後期","19881219","","福岡県","福岡県久留米市善導寺町飯田","","善導寺","","33.33005927000000","130.60385089000000"
"102","3474","善導寺","大庫裏","国宝・重要文化財（建造物）","重要文化財","近世以前／寺院","","江戸中期","19941227","","福岡県","福岡県久留米市善導寺町飯田","","善導寺","","33.33016240000000","130.60449880000000"
"102","3476","善導寺","広間","国宝・重要文化財（建造物）","重要文化財","近世以前／寺院","","江戸中期","19941227","","福岡県","福岡県久留米市善導寺町飯田","","善導寺","","33.33018061000000","130.60420975000000"
"102","3479","善導寺","中蔵","国宝・重要文化財（建造物）","重要文化財","近世以前／寺院","","江戸後期","19941227","","福岡県","福岡県久留米市善導寺町飯田","","善導寺","","33.33025572000000","130.60436679000000"
"102","3475","善導寺","釜屋","国宝・重要文化財（建造物）","重要文化財","近世以前／寺院","","江戸中期","19941227","","福岡県","福岡県久留米市善導寺町飯田","","善導寺","","33.33028759000000","130.60452612000000"
"102","3477","善導寺","書院","国宝・重要文化財（建造物）","重要文化財","近世以前／寺院","","江戸中期","19941227","","福岡県","福岡県久留米市善導寺町飯田","","善導寺","","33.33034904000000","130.60415285000000"
"102","3478","善導寺","役寮及び対面所","国宝・重要文化財（建造物）","重要文化財","近世以前／寺院","","江戸中期","19941227","","福岡県","福岡県久留米市善導寺町飯田","","善導寺","","33.33041277000000","130.60434403000000"
"102","3496","英彦山神社奉幣殿","","国宝・重要文化財（建造物）","重要文化財","近世以前／寺院","","江戸前期","19070527","","福岡県","福岡県田川郡添田町大字英彦山","","英彦山神宮","","33.48386773000000","130.91033037000000"
"102","3489","普門院本堂","","国宝・重要文化財（建造物）","重要文化財","近世以前／寺院","","鎌倉後期","19130414","","福岡県","福岡県朝倉市杷木志波","","普門院","","33.37324490000000","130.77140693000000"
"102","00004486","清水寺本堂","","国宝・重要文化財（建造物）","重要文化財","近世以前／寺院","","江戸中期","20101224","","長崎県","長崎県長崎市鍛冶屋町","","清水寺","","32.74104799000000","129.88409645000000"
"102","00004757","聖福寺","山門","国宝・重要文化財（建造物）","重要文化財","近世以前／寺院","","江戸中期","20140918","","長崎県","長崎県長崎市玉園町","","聖福寺","","32.75252801000000","129.87690738000000"
"102","00004755","聖福寺","天王殿","国宝・重要文化財（建造物）","重要文化財","近世以前／寺院","","江戸中期","20140918","","長崎県","長崎県長崎市玉園町","","聖福寺","","32.75274811000000","129.87699542000000"
"102","00004756","聖福寺","鐘楼","国宝・重要文化財（建造物）","重要文化財","近世以前／寺院","","江戸中期","20140918","","長崎県","長崎県長崎市玉園町","","聖福寺","","32.75276477000000","129.87680982000000"
"102","00004754","聖福寺","大雄宝殿","国宝・重要文化財（建造物）","重要文化財","近世以前／寺院","","江戸中期","20140918","","長崎県","長崎県長崎市玉園町","","聖福寺","","32.75302175000000","129.87693118000000"
"102","3519","崇福寺護法堂(関帝堂又観音堂)","","国宝・重要文化財（建造物）","重要文化財","近世以前／寺院","","江戸中期","19100829","","長崎県","長崎県長崎市鍛冶屋町","","崇福寺","","32.74250173000000","129.88330695000000"
"102","3517","崇福寺三門(楼門)","","国宝・重要文化財（建造物）","重要文化財","近世以前／寺院","","江戸末期","19060414","","長崎県","長崎県長崎市鍛冶屋町","","崇福寺","","32.74256377000000","129.88280176000000"
"102","3520","崇福寺鐘鼓楼","","国宝・重要文化財（建造物）","重要文化財","近世以前／寺院","","江戸中期","19100829","","長崎県","長崎県長崎市鍛冶屋町","","崇福寺","","32.74236657000000","129.88335127000000"
"102","3518","崇福寺第一峰門","","国宝・重要文化財（建造物）","国宝","近世以前／寺院","","江戸前期","19060414","19530331","長崎県","長崎県長崎市鍛冶屋町","","崇福寺","","32.74265240000000","129.88326929000000"
"102","3516","崇福寺大雄宝殿","","国宝・重要文化財（建造物）","国宝","近世以前／寺院","","江戸前期","19060414","19530331","長崎県","長崎県長崎市鍛冶屋町","","崇福寺","","32.74258592000000","129.88349751000000"
"102","3521","崇福寺媽姐門","","国宝・重要文化財（建造物）","重要文化財","近世以前／寺院","","江戸中期","19720515","","長崎県","長崎県長崎市鍛冶屋町","","崇福寺","","32.74243525000000","129.88353739000000"
"102","3585","生善院観音堂","","国宝・重要文化財（建造物）","重要文化財","近世以前／寺院","","江戸前期","19900911","","熊本県","熊本県球磨郡水上村大字岩野","","生善院","","32.28757152000000","130.97665873000000"
"102","3580","青蓮寺阿弥陀堂","","国宝・重要文化財（建造物）","重要文化財","近世以前／寺院","","室町後期","19130414","","熊本県","熊本県球磨郡多良木町大字黒肥地","","青蓮寺","","32.27760494000000","130.94622030000000"
"102","3774","八勝寺阿弥陀堂","","国宝・重要文化財（建造物）","重要文化財","近世以前／寺院","","室町後期","20021226","","熊本県","熊本県球磨郡湯前町字長谷場","","湯前町","","32.25400327000000","130.97963968000000"
"102","3582","明導寺阿弥陀堂","","国宝・重要文化財（建造物）","重要文化財","近世以前／寺院","","鎌倉前期","19330123","","熊本県","熊本県球磨郡湯前町瀬戸口区","","明導寺","湯前町","32.25263559000000","130.97409205000000"
"102","3595","願成院本堂(愛染堂)","","国宝・重要文化財（建造物）","重要文化財","近世以前／寺院","","江戸前期","19881219","","大分県","大分県竹田市大字竹田","","願成院","","32.96822056000000","131.39083807000000"
"102","3616","神角寺本堂","","国宝・重要文化財（建造物）","重要文化財","近世以前／寺院","","室町前期","19070527","","大分県","大分県豊後大野市朝地町鳥田","","神角寺","","33.05491422000000","131.45665068000000"
"102","3598","善光寺本堂","","国宝・重要文化財（建造物）","重要文化財","近世以前／寺院","","室町中期","19070527","","大分県","大分県宇佐市大字下時枝","","善光寺","","33.55948433000000","131.30549259000000"
"102","3606","泉福寺開山堂","","国宝・重要文化財（建造物）","重要文化財","近世以前／寺院","","江戸前期","19330123","","大分県","大分県国東市国東町横手","","泉福寺","","33.57757722000000","131.67108327000000"
"102","3716","泉福寺仏殿","","国宝・重要文化財（建造物）","重要文化財","近世以前／寺院","","室町後期","20011114","","大分県","大分県国東市国東町横手","","泉福寺","","33.57742747000000","131.67067693000000"
"102","00004078","長福寺本堂","","国宝・重要文化財（建造物）","重要文化財","近世以前／寺院","","江戸中期","20060705","","大分県","大分県日田市豆田町","","長福寺","","33.32788102000000","130.93778129000000"
"102","3597","富貴寺大堂","","国宝・重要文化財（建造物）","国宝","近世以前／寺院","","平安後期","19070527","19521122","大分県","大分県豊後高田市大字蕗","","富貴寺","","33.53787979000000","131.52854864000000"
"102","3620","龍岩寺奥院礼堂","","国宝・重要文化財（建造物）","重要文化財","近世以前／寺院","","鎌倉後期","19540917","","大分県","大分県宇佐市院内町大字大門","","龍岩寺","","33.40465246000000","131.27088830000000"
"102","3646","旧崇元寺第一門及び石牆","","国宝・重要文化財（建造物）","重要文化財","近世以前／寺院","","室町後期","19720515","","沖縄県","沖縄県那覇市泊一丁目9の1","","","","26.22034996000000","127.69058730000000"
