"no","name","category","designation","prefecture","region","latitude","longitude","source_type","source_url","source_record_id","coordinate_source","selection_role","selection_rule","id"
"1","伊勢神宮 内宮","近畿五芒星・固定アンカー","記事の検証対象","三重県","東海","34.455000","136.725200","記事の固定アンカー","provided:近畿五芒星の5地点","anchor-001","記事で先に固定した座標","target-anchor","fixed before background sampling","kinki-shrine-temple-sites-v5-nested-001"
"2","熊野本宮大社","近畿五芒星・固定アンカー","記事の検証対象","和歌山県","近畿","33.840600","135.773400","記事の固定アンカー","provided:近畿五芒星の5地点","anchor-002","記事で先に固定した座標","target-anchor","fixed before background sampling","kinki-shrine-temple-sites-v5-nested-002"
"3","伊弉諾神宮","近畿五芒星・固定アンカー","記事の検証対象","兵庫県","近畿","34.460100","134.852500","記事の固定アンカー","provided:近畿五芒星の5地点","anchor-003","記事で先に固定した座標","target-anchor","fixed before background sampling","kinki-shrine-temple-sites-v5-nested-003"
"4","元伊勢皇大神社","近畿五芒星・固定アンカー","記事の検証対象","京都府","近畿","35.430400","135.154300","記事の固定アンカー","provided:近畿五芒星の5地点","anchor-004","記事で先に固定した座標","target-anchor","fixed before background sampling","kinki-shrine-temple-sites-v5-nested-004"
"5","伊吹山","近畿五芒星・固定アンカー","記事の検証対象","滋賀県","近畿","35.417800","136.406400","記事の固定アンカー","provided:近畿五芒星の5地点","anchor-005","記事で先に固定した座標","target-anchor","fixed before background sampling","kinki-shrine-temple-sites-v5-nested-005"
"6","浅間神社摂社山宮神社本殿","神社建築","重要文化財","山梨県","北陸甲信","35.634038","138.714059","文化庁・国指定文化財等DB","https://kunishitei.bunka.go.jp/bsys/index","102-883","文化庁DBの緯度・経度欄","official-background","shrine/temple official pool; region+category quotas; 2km spacing; deterministic SHA-256 rank","kinki-shrine-temple-sites-v5-nested-006"
"7","東照宮","神社建築","重要文化財","群馬県","関東","36.261950","139.275417","文化庁・国指定文化財等DB","https://kunishitei.bunka.go.jp/bsys/index","102-428","文化庁DBの緯度・経度欄","official-background","shrine/temple official pool; region+category quotas; 2km spacing; deterministic SHA-256 rank","kinki-shrine-temple-sites-v5-nested-007"
"8","東照宮","神社建築","重要文化財","宮城県","東北","38.279766","140.885025","文化庁・国指定文化財等DB","https://kunishitei.bunka.go.jp/bsys/index","102-121","文化庁DBの緯度・経度欄","official-background","shrine/temple official pool; region+category quotas; 2km spacing; deterministic SHA-256 rank","kinki-shrine-temple-sites-v5-nested-008"
"9","筥崎宮拝殿","神社建築","重要文化財","福岡県","九州","33.614628","130.423333","文化庁・国指定文化財等DB","https://kunishitei.bunka.go.jp/bsys/index","102-3461","文化庁DBの緯度・経度欄","official-background","shrine/temple official pool; region+category quotas; 2km spacing; deterministic SHA-256 rank","kinki-shrine-temple-sites-v5-nested-009"
"10","土佐神社本殿、幣殿及び拝殿","神社建築","重要文化財","高知県","四国","33.592611","133.577010","文化庁・国指定文化財等DB","https://kunishitei.bunka.go.jp/bsys/index","102-3415","文化庁DBの緯度・経度欄","official-background","shrine/temple official pool; region+category quotas; 2km spacing; deterministic SHA-256 rank","kinki-shrine-temple-sites-v5-nested-010"
"11","旧閑谷学校聖廟","神社建築","重要文化財","岡山県","中国","34.796564","134.220049","文化庁・国指定文化財等DB","https://kunishitei.bunka.go.jp/bsys/index","102-3046","文化庁DBの緯度・経度欄","official-background","shrine/temple official pool; region+category quotas; 2km spacing; deterministic SHA-256 rank","kinki-shrine-temple-sites-v5-nested-011"
"12","権現堂","神社建築","重要文化財","沖縄県","沖縄","24.343541","124.155959","文化庁・国指定文化財等DB","https://kunishitei.bunka.go.jp/bsys/index","102-3658","文化庁DBの緯度・経度欄","official-background","shrine/temple official pool; region+category quotas; 2km spacing; deterministic SHA-256 rank","kinki-shrine-temple-sites-v5-nested-012"
"13","香取神宮","神社建築","重要文化財","千葉県","関東","35.885730","140.528862","文化庁・国指定文化財等DB","https://kunishitei.bunka.go.jp/bsys/index","102-470","文化庁DBの緯度・経度欄","official-background","shrine/temple official pool; region+category quotas; 2km spacing; deterministic SHA-256 rank","kinki-shrine-temple-sites-v5-nested-013"
"14","八幡宮本殿","神社建築","重要文化財","愛知県","東海","34.838328","137.339823","文化庁・国指定文化財等DB","https://kunishitei.bunka.go.jp/bsys/index","102-1229","文化庁DBの緯度・経度欄","official-background","shrine/temple official pool; region+category quotas; 2km spacing; deterministic SHA-256 rank","kinki-shrine-temple-sites-v5-nested-014"
"15","薦神社神門","神社建築","重要文化財","大分県","九州","33.567120","131.218282","文化庁・国指定文化財等DB","https://kunishitei.bunka.go.jp/bsys/index","102-3590","文化庁DBの緯度・経度欄","official-background","shrine/temple official pool; region+category quotas; 2km spacing; deterministic SHA-256 rank","kinki-shrine-temple-sites-v5-nested-015"
"16","白山神社本殿","神社建築","重要文化財","石川県","北陸甲信","37.409412","137.213883","文化庁・国指定文化財等DB","https://kunishitei.bunka.go.jp/bsys/index","102-788","文化庁DBの緯度・経度欄","official-background","shrine/temple official pool; region+category quotas; 2km spacing; deterministic SHA-256 rank","kinki-shrine-temple-sites-v5-nested-016"
"17","鹽竈神社","神社建築","重要文化財","宮城県","東北","38.318419","141.012460","文化庁・国指定文化財等DB","https://kunishitei.bunka.go.jp/bsys/index","102-3750","文化庁DBの緯度・経度欄","official-background","shrine/temple official pool; region+category quotas; 2km spacing; deterministic SHA-256 rank","kinki-shrine-temple-sites-v5-nested-017"
"18","厳島神社摂社大国神社本殿","神社建築","重要文化財","広島県","中国","34.295676","132.319814","文化庁・国指定文化財等DB","https://kunishitei.bunka.go.jp/bsys/index","102-3176","文化庁DBの緯度・経度欄","official-background","shrine/temple official pool; region+category quotas; 2km spacing; deterministic SHA-256 rank","kinki-shrine-temple-sites-v5-nested-018"
"19","日枝神社本殿","神社建築","重要文化財","埼玉県","関東","35.916974","139.489837","文化庁・国指定文化財等DB","https://kunishitei.bunka.go.jp/bsys/index","102-443","文化庁DBの緯度・経度欄","official-background","shrine/temple official pool; region+category quotas; 2km spacing; deterministic SHA-256 rank","kinki-shrine-temple-sites-v5-nested-019"
"20","宇志比古神社本殿","神社建築","重要文化財","徳島県","四国","34.162103","134.536902","文化庁・国指定文化財等DB","https://kunishitei.bunka.go.jp/bsys/index","102-3695","文化庁DBの緯度・経度欄","official-background","shrine/temple official pool; region+category quotas; 2km spacing; deterministic SHA-256 rank","kinki-shrine-temple-sites-v5-nested-020"
"21","東照宮","神社建築","重要文化財","愛知県","東海","34.978832","137.586222","文化庁・国指定文化財等DB","https://kunishitei.bunka.go.jp/bsys/index","102-1286","文化庁DBの緯度・経度欄","official-background","shrine/temple official pool; region+category quotas; 2km spacing; deterministic SHA-256 rank","kinki-shrine-temple-sites-v5-nested-021"
"22","有馬家霊屋","神社建築","重要文化財","福岡県","九州","33.322422","130.498731","文化庁・国指定文化財等DB","https://kunishitei.bunka.go.jp/bsys/index","102-00005174","文化庁DBの緯度・経度欄","official-background","shrine/temple official pool; region+category quotas; 2km spacing; deterministic SHA-256 rank","kinki-shrine-temple-sites-v5-nested-022"
"23","雄山神社前立社壇本殿","神社建築","重要文化財","富山県","北陸甲信","36.607845","137.315265","文化庁・国指定文化財等DB","https://kunishitei.bunka.go.jp/bsys/index","102-739","文化庁DBの緯度・経度欄","official-background","shrine/temple official pool; region+category quotas; 2km spacing; deterministic SHA-256 rank","kinki-shrine-temple-sites-v5-nested-023"
"24","佐太神社","神社建築","重要文化財","島根県","中国","35.508779","133.006452","文化庁・国指定文化財等DB","https://kunishitei.bunka.go.jp/bsys/index","102-2967","文化庁DBの緯度・経度欄","official-background","shrine/temple official pool; region+category quotas; 2km spacing; deterministic SHA-256 rank","kinki-shrine-temple-sites-v5-nested-024"
"25","相馬中村神社本殿・幣殿・拝殿","神社建築","重要文化財","福島県","東北","37.797369","140.912979","文化庁・国指定文化財等DB","https://kunishitei.bunka.go.jp/bsys/index","102-209","文化庁DBの緯度・経度欄","official-background","shrine/temple official pool; region+category quotas; 2km spacing; deterministic SHA-256 rank","kinki-shrine-temple-sites-v5-nested-025"
"26","雑司ケ谷鬼子母神堂","神社建築","重要文化財","東京都","関東","35.722106","139.713342","文化庁・国指定文化財等DB","https://kunishitei.bunka.go.jp/bsys/index","102-00004878","文化庁DBの緯度・経度欄","official-background","shrine/temple official pool; region+category quotas; 2km spacing; deterministic SHA-256 rank","kinki-shrine-temple-sites-v5-nested-026"
"27","庫蔵寺鎮守堂","神社建築","重要文化財","三重県","東海","34.448388","136.819218","文化庁・国指定文化財等DB","https://kunishitei.bunka.go.jp/bsys/index","102-1307","文化庁DBの緯度・経度欄","official-background","shrine/temple official pool; region+category quotas; 2km spacing; deterministic SHA-256 rank","kinki-shrine-temple-sites-v5-nested-027"
"28","宇佐神宮本殿","神社建築","国宝","大分県","九州","33.523479","131.377160","文化庁・国指定文化財等DB","https://kunishitei.bunka.go.jp/bsys/index","102-3600","文化庁DBの緯度・経度欄","official-background","shrine/temple official pool; region+category quotas; 2km spacing; deterministic SHA-256 rank","kinki-shrine-temple-sites-v5-nested-028"
"29","一乗寺妙見堂","神社建築","重要文化財","兵庫県","近畿","34.859548","134.818601","文化庁・国指定文化財等DB","https://kunishitei.bunka.go.jp/bsys/index","102-2389","文化庁DBの緯度・経度欄","official-background","shrine/temple official pool; region+category quotas; 2km spacing; deterministic SHA-256 rank","kinki-shrine-temple-sites-v5-nested-029"
"30","神谷神社本殿","神社建築","国宝","香川県","四国","34.324839","133.916761","文化庁・国指定文化財等DB","https://kunishitei.bunka.go.jp/bsys/index","102-3287","文化庁DBの緯度・経度欄","official-background","shrine/temple official pool; region+category quotas; 2km spacing; deterministic SHA-256 rank","kinki-shrine-temple-sites-v5-nested-030"
"31","木幡神社楼門","神社建築","重要文化財","栃木県","関東","36.790195","139.933127","文化庁・国指定文化財等DB","https://kunishitei.bunka.go.jp/bsys/index","102-380","文化庁DBの緯度・経度欄","official-background","shrine/temple official pool; region+category quotas; 2km spacing; deterministic SHA-256 rank","kinki-shrine-temple-sites-v5-nested-031"
"32","白山神社本殿","神社建築","重要文化財","長野県","北陸甲信","36.970728","138.446833","文化庁・国指定文化財等DB","https://kunishitei.bunka.go.jp/bsys/index","102-960","文化庁DBの緯度・経度欄","official-background","shrine/temple official pool; region+category quotas; 2km spacing; deterministic SHA-256 rank","kinki-shrine-temple-sites-v5-nested-032"
"33","神魂神社本殿","神社建築","国宝","島根県","中国","35.425503","133.084250","文化庁・国指定文化財等DB","https://kunishitei.bunka.go.jp/bsys/index","102-2951","文化庁DBの緯度・経度欄","official-background","shrine/temple official pool; region+category quotas; 2km spacing; deterministic SHA-256 rank","kinki-shrine-temple-sites-v5-nested-033"
"34","大崎八幡宮長床","神社建築","重要文化財","宮城県","東北","38.272261","140.845010","文化庁・国指定文化財等DB","https://kunishitei.bunka.go.jp/bsys/index","102-117","文化庁DBの緯度・経度欄","official-background","shrine/temple official pool; region+category quotas; 2km spacing; deterministic SHA-256 rank","kinki-shrine-temple-sites-v5-nested-034"
"35","久能山東照宮","神社建築","国宝","静岡県","東海","34.964821","138.467591","文化庁・国指定文化財等DB","https://kunishitei.bunka.go.jp/bsys/index","102-1111","文化庁DBの緯度・経度欄","official-background","shrine/temple official pool; region+category quotas; 2km spacing; deterministic SHA-256 rank","kinki-shrine-temple-sites-v5-nested-035"
"36","天神社本殿","神社建築","重要文化財","奈良県","近畿","34.680369","135.991025","文化庁・国指定文化財等DB","https://kunishitei.bunka.go.jp/bsys/index","102-2678","文化庁DBの緯度・経度欄","official-background","shrine/temple official pool; region+category quotas; 2km spacing; deterministic SHA-256 rank","kinki-shrine-temple-sites-v5-nested-036"
"37","二荒山神社","神社建築","重要文化財","栃木県","関東","36.758770","139.595992","文化庁・国指定文化財等DB","https://kunishitei.bunka.go.jp/bsys/index","102-375","文化庁DBの緯度・経度欄","official-background","shrine/temple official pool; region+category quotas; 2km spacing; deterministic SHA-256 rank","kinki-shrine-temple-sites-v5-nested-037"
"38","大野老松天満社旧本殿","神社建築","重要文化財","大分県","九州","33.206274","130.914192","文化庁・国指定文化財等DB","https://kunishitei.bunka.go.jp/bsys/index","102-3617","文化庁DBの緯度・経度欄","official-background","shrine/temple official pool; region+category quotas; 2km spacing; deterministic SHA-256 rank","kinki-shrine-temple-sites-v5-nested-038"
"39","八幡神社拝殿","神社建築","重要文化財","兵庫県","近畿","34.864310","134.961565","文化庁・国指定文化財等DB","https://kunishitei.bunka.go.jp/bsys/index","102-2381","文化庁DBの緯度・経度欄","official-background","shrine/temple official pool; region+category quotas; 2km spacing; deterministic SHA-256 rank","kinki-shrine-temple-sites-v5-nested-039"
"40","中牧神社本殿","神社建築","重要文化財","山梨県","北陸甲信","35.756864","138.707057","文化庁・国指定文化財等DB","https://kunishitei.bunka.go.jp/bsys/index","102-881","文化庁DBの緯度・経度欄","official-background","shrine/temple official pool; region+category quotas; 2km spacing; deterministic SHA-256 rank","kinki-shrine-temple-sites-v5-nested-040"
"41","浜名惣社神明宮本殿","神社建築","重要文化財","静岡県","東海","34.811771","137.552853","文化庁・国指定文化財等DB","https://kunishitei.bunka.go.jp/bsys/index","102-1181","文化庁DBの緯度・経度欄","official-background","shrine/temple official pool; region+category quotas; 2km spacing; deterministic SHA-256 rank","kinki-shrine-temple-sites-v5-nested-041"
"42","八幡神社鳥居","神社建築","重要文化財","岡山県","中国","34.720068","133.807545","文化庁・国指定文化財等DB","https://kunishitei.bunka.go.jp/bsys/index","102-3000","文化庁DBの緯度・経度欄","official-background","shrine/temple official pool; region+category quotas; 2km spacing; deterministic SHA-256 rank","kinki-shrine-temple-sites-v5-nested-042"
"43","八幡神社","神社建築","重要文化財","秋田県","東北","40.274065","140.571916","文化庁・国指定文化財等DB","https://kunishitei.bunka.go.jp/bsys/index","102-157","文化庁DBの緯度・経度欄","official-background","shrine/temple official pool; region+category quotas; 2km spacing; deterministic SHA-256 rank","kinki-shrine-temple-sites-v5-nested-043"
"44","大山祇神社本殿(宝殿)","神社建築","重要文化財","愛媛県","四国","34.247834","133.005989","文化庁・国指定文化財等DB","https://kunishitei.bunka.go.jp/bsys/index","102-3388","文化庁DBの緯度・経度欄","official-background","shrine/temple official pool; region+category quotas; 2km spacing; deterministic SHA-256 rank","kinki-shrine-temple-sites-v5-nested-044"
"45","雷電神社末社八幡宮稲荷神社社殿","神社建築","重要文化財","群馬県","関東","36.227842","139.607672","文化庁・国指定文化財等DB","https://kunishitei.bunka.go.jp/bsys/index","102-430","文化庁DBの緯度・経度欄","official-background","shrine/temple official pool; region+category quotas; 2km spacing; deterministic SHA-256 rank","kinki-shrine-temple-sites-v5-nested-045"
"46","柞原八幡宮","神社建築","重要文化財","大分県","九州","33.237191","131.551137","文化庁・国指定文化財等DB","https://kunishitei.bunka.go.jp/bsys/index","102-00004540","文化庁DBの緯度・経度欄","official-background","shrine/temple official pool; region+category quotas; 2km spacing; deterministic SHA-256 rank","kinki-shrine-temple-sites-v5-nested-046"
"47","聖神社","神社建築","重要文化財","大阪府","近畿","34.500933","135.447268","文化庁・国指定文化財等DB","https://kunishitei.bunka.go.jp/bsys/index","102-2203","文化庁DBの緯度・経度欄","official-background","shrine/temple official pool; region+category quotas; 2km spacing; deterministic SHA-256 rank","kinki-shrine-temple-sites-v5-nested-047"
"48","八幡宮本殿","神社建築","重要文化財","茨城県","関東","36.387882","140.459778","文化庁・国指定文化財等DB","https://kunishitei.bunka.go.jp/bsys/index","102-232","文化庁DBの緯度・経度欄","official-background","shrine/temple official pool; region+category quotas; 2km spacing; deterministic SHA-256 rank","kinki-shrine-temple-sites-v5-nested-048"
"49","六所神社","神社建築","重要文化財","愛知県","東海","34.949437","137.168476","文化庁・国指定文化財等DB","https://kunishitei.bunka.go.jp/bsys/index","102-1208","文化庁DBの緯度・経度欄","official-background","shrine/temple official pool; region+category quotas; 2km spacing; deterministic SHA-256 rank","kinki-shrine-temple-sites-v5-nested-049"
"50","葛山落合神社本殿","神社建築","重要文化財","長野県","北陸甲信","36.671368","138.129790","文化庁・国指定文化財等DB","https://kunishitei.bunka.go.jp/bsys/index","102-910","文化庁DBの緯度・経度欄","official-background","shrine/temple official pool; region+category quotas; 2km spacing; deterministic SHA-256 rank","kinki-shrine-temple-sites-v5-nested-050"
"51","古熊神社本殿","神社建築","重要文化財","山口県","中国","34.178693","131.488731","文化庁・国指定文化財等DB","https://kunishitei.bunka.go.jp/bsys/index","102-3208","文化庁DBの緯度・経度欄","official-background","shrine/temple official pool; region+category quotas; 2km spacing; deterministic SHA-256 rank","kinki-shrine-temple-sites-v5-nested-051"
"52","八幡神社","神社建築","重要文化財","山形県","東北","38.741639","140.316454","文化庁・国指定文化財等DB","https://kunishitei.bunka.go.jp/bsys/index","102-191","文化庁DBの緯度・経度欄","official-background","shrine/temple official pool; region+category quotas; 2km spacing; deterministic SHA-256 rank","kinki-shrine-temple-sites-v5-nested-052"
"53","宗像神社辺津宮本殿","神社建築","重要文化財","福岡県","九州","33.818449","130.511622","文化庁・国指定文化財等DB","https://kunishitei.bunka.go.jp/bsys/index","102-3487","文化庁DBの緯度・経度欄","official-background","shrine/temple official pool; region+category quotas; 2km spacing; deterministic SHA-256 rank","kinki-shrine-temple-sites-v5-nested-053"
"54","御霊神社本殿","神社建築","重要文化財","兵庫県","近畿","34.899701","135.203034","文化庁・国指定文化財等DB","https://kunishitei.bunka.go.jp/bsys/index","102-2385","文化庁DBの緯度・経度欄","official-background","shrine/temple official pool; region+category quotas; 2km spacing; deterministic SHA-256 rank","kinki-shrine-temple-sites-v5-nested-054"
"55","鶴岡八幡宮末社丸山稲荷社本殿","神社建築","重要文化財","神奈川県","関東","35.326158","139.555664","文化庁・国指定文化財等DB","https://kunishitei.bunka.go.jp/bsys/index","102-605","文化庁DBの緯度・経度欄","official-background","shrine/temple official pool; region+category quotas; 2km spacing; deterministic SHA-256 rank","kinki-shrine-temple-sites-v5-nested-055"
"56","不破八幡宮本殿","神社建築","重要文化財","高知県","四国","32.980785","132.937367","文化庁・国指定文化財等DB","https://kunishitei.bunka.go.jp/bsys/index","102-3443","文化庁DBの緯度・経度欄","official-background","shrine/temple official pool; region+category quotas; 2km spacing; deterministic SHA-256 rank","kinki-shrine-temple-sites-v5-nested-056"
"57","大縣神社","神社建築","重要文化財","愛知県","東海","35.330295","136.967410","文化庁・国指定文化財等DB","https://kunishitei.bunka.go.jp/bsys/index","102-1252","文化庁DBの緯度・経度欄","official-background","shrine/temple official pool; region+category quotas; 2km spacing; deterministic SHA-256 rank","kinki-shrine-temple-sites-v5-nested-057"
"58","押立神社本殿","神社建築","重要文化財","滋賀県","近畿","35.144628","136.238208","文化庁・国指定文化財等DB","https://kunishitei.bunka.go.jp/bsys/index","102-1502","文化庁DBの緯度・経度欄","official-background","shrine/temple official pool; region+category quotas; 2km spacing; deterministic SHA-256 rank","kinki-shrine-temple-sites-v5-nested-058"
"59","白山宮本殿","神社建築","重要文化財","富山県","北陸甲信","36.411305","136.930814","文化庁・国指定文化財等DB","https://kunishitei.bunka.go.jp/bsys/index","102-743","文化庁DBの緯度・経度欄","official-background","shrine/temple official pool; region+category quotas; 2km spacing; deterministic SHA-256 rank","kinki-shrine-temple-sites-v5-nested-059"
"60","樗谿神社","神社建築","重要文化財","鳥取県","中国","35.500988","134.246043","文化庁・国指定文化財等DB","https://kunishitei.bunka.go.jp/bsys/index","102-2931","文化庁DBの緯度・経度欄","official-background","shrine/temple official pool; region+category quotas; 2km spacing; deterministic SHA-256 rank","kinki-shrine-temple-sites-v5-nested-060"
"61","神明社観音堂","神社建築","重要文化財","秋田県","東北","39.892808","140.080664","文化庁・国指定文化財等DB","https://kunishitei.bunka.go.jp/bsys/index","102-167","文化庁DBの緯度・経度欄","official-background","shrine/temple official pool; region+category quotas; 2km spacing; deterministic SHA-256 rank","kinki-shrine-temple-sites-v5-nested-061"
"62","貫前神社","神社建築","重要文化財","群馬県","関東","36.255052","138.857638","文化庁・国指定文化財等DB","https://kunishitei.bunka.go.jp/bsys/index","102-413","文化庁DBの緯度・経度欄","official-background","shrine/temple official pool; region+category quotas; 2km spacing; deterministic SHA-256 rank","kinki-shrine-temple-sites-v5-nested-062"
"63","風浪神社本殿","神社建築","重要文化財","福岡県","九州","33.211202","130.386812","文化庁・国指定文化財等DB","https://kunishitei.bunka.go.jp/bsys/index","102-3480","文化庁DBの緯度・経度欄","official-background","shrine/temple official pool; region+category quotas; 2km spacing; deterministic SHA-256 rank","kinki-shrine-temple-sites-v5-nested-063"
"64","津島神社本殿","神社建築","重要文化財","愛知県","東海","35.177788","136.718493","文化庁・国指定文化財等DB","https://kunishitei.bunka.go.jp/bsys/index","102-1232","文化庁DBの緯度・経度欄","official-background","shrine/temple official pool; region+category quotas; 2km spacing; deterministic SHA-256 rank","kinki-shrine-temple-sites-v5-nested-064"
"65","日吉大社東本宮本殿及び拝殿","神社建築","国宝","滋賀県","近畿","35.073436","135.865002","文化庁・国指定文化財等DB","https://kunishitei.bunka.go.jp/bsys/index","102-1346","文化庁DBの緯度・経度欄","official-background","shrine/temple official pool; region+category quotas; 2km spacing; deterministic SHA-256 rank","kinki-shrine-temple-sites-v5-nested-065"
"66","綱神社本殿","神社建築","重要文化財","栃木県","関東","36.451735","140.139924","文化庁・国指定文化財等DB","https://kunishitei.bunka.go.jp/bsys/index","102-393","文化庁DBの緯度・経度欄","official-background","shrine/temple official pool; region+category quotas; 2km spacing; deterministic SHA-256 rank","kinki-shrine-temple-sites-v5-nested-066"
"67","鳴無神社","神社建築","重要文化財","高知県","四国","33.414161","133.368989","文化庁・国指定文化財等DB","https://kunishitei.bunka.go.jp/bsys/index","102-3441","文化庁DBの緯度・経度欄","official-background","shrine/temple official pool; region+category quotas; 2km spacing; deterministic SHA-256 rank","kinki-shrine-temple-sites-v5-nested-067"
"68","高良大社","神社建築","重要文化財","福岡県","九州","33.301630","130.565872","文化庁・国指定文化財等DB","https://kunishitei.bunka.go.jp/bsys/index","102-3470","文化庁DBの緯度・経度欄","official-background","shrine/temple official pool; region+category quotas; 2km spacing; deterministic SHA-256 rank","kinki-shrine-temple-sites-v5-nested-068"
"69","窪八幡神社摂社若宮八幡神社本殿","神社建築","重要文化財","山梨県","北陸甲信","35.704940","138.689883","文化庁・国指定文化財等DB","https://kunishitei.bunka.go.jp/bsys/index","102-868","文化庁DBの緯度・経度欄","official-background","shrine/temple official pool; region+category quotas; 2km spacing; deterministic SHA-256 rank","kinki-shrine-temple-sites-v5-nested-069"
"70","妙本寺番神堂","神社建築","重要文化財","岡山県","中国","34.809760","133.704363","文化庁・国指定文化財等DB","https://kunishitei.bunka.go.jp/bsys/index","102-3091","文化庁DBの緯度・経度欄","official-background","shrine/temple official pool; region+category quotas; 2km spacing; deterministic SHA-256 rank","kinki-shrine-temple-sites-v5-nested-070"
"71","八幡神社鳥居","神社建築","重要文化財","山形県","東北","38.202392","140.320514","文化庁・国指定文化財等DB","https://kunishitei.bunka.go.jp/bsys/index","102-178","文化庁DBの緯度・経度欄","official-background","shrine/temple official pool; region+category quotas; 2km spacing; deterministic SHA-256 rank","kinki-shrine-temple-sites-v5-nested-071"
"72","富士浅間宮本殿","神社建築","重要文化財","静岡県","東海","34.767046","137.950403","文化庁・国指定文化財等DB","https://kunishitei.bunka.go.jp/bsys/index","102-1154","文化庁DBの緯度・経度欄","official-background","shrine/temple official pool; region+category quotas; 2km spacing; deterministic SHA-256 rank","kinki-shrine-temple-sites-v5-nested-072"
"73","春日大社本社","神社建築","国宝","奈良県","近畿","34.681579","135.848466","文化庁・国指定文化財等DB","https://kunishitei.bunka.go.jp/bsys/index","102-2533","文化庁DBの緯度・経度欄","official-background","shrine/temple official pool; region+category quotas; 2km spacing; deterministic SHA-256 rank","kinki-shrine-temple-sites-v5-nested-073"
"74","有章院（徳川家継）霊廟二天門","神社建築","重要文化財","東京都","関東","35.659156","139.750362","文化庁・国指定文化財等DB","https://kunishitei.bunka.go.jp/bsys/index","102-514","文化庁DBの緯度・経度欄","official-background","shrine/temple official pool; region+category quotas; 2km spacing; deterministic SHA-256 rank","kinki-shrine-temple-sites-v5-nested-074"
"75","香椎宮本殿","神社建築","重要文化財","福岡県","九州","33.654651","130.443436","文化庁・国指定文化財等DB","https://kunishitei.bunka.go.jp/bsys/index","102-3463","文化庁DBの緯度・経度欄","official-background","shrine/temple official pool; region+category quotas; 2km spacing; deterministic SHA-256 rank","kinki-shrine-temple-sites-v5-nested-075"
"76","福王子神社","神社建築","重要文化財","京都府","近畿","35.028954","135.709102","文化庁・国指定文化財等DB","https://kunishitei.bunka.go.jp/bsys/index","102-1898","文化庁DBの緯度・経度欄","official-background","shrine/temple official pool; region+category quotas; 2km spacing; deterministic SHA-256 rank","kinki-shrine-temple-sites-v5-nested-076"
"77","尾崎神社","神社建築","重要文化財","石川県","北陸甲信","36.569193","136.657675","文化庁・国指定文化財等DB","https://kunishitei.bunka.go.jp/bsys/index","102-749","文化庁DBの緯度・経度欄","official-background","shrine/temple official pool; region+category quotas; 2km spacing; deterministic SHA-256 rank","kinki-shrine-temple-sites-v5-nested-077"
"78","吉備津神社北随神門","神社建築","重要文化財","岡山県","中国","34.671131","133.850657","文化庁・国指定文化財等DB","https://kunishitei.bunka.go.jp/bsys/index","102-2995","文化庁DBの緯度・経度欄","official-background","shrine/temple official pool; region+category quotas; 2km spacing; deterministic SHA-256 rank","kinki-shrine-temple-sites-v5-nested-078"
"79","尾張大国霊神社楼門","神社建築","重要文化財","愛知県","東海","35.255740","136.805473","文化庁・国指定文化財等DB","https://kunishitei.bunka.go.jp/bsys/index","102-1262","文化庁DBの緯度・経度欄","official-background","shrine/temple official pool; region+category quotas; 2km spacing; deterministic SHA-256 rank","kinki-shrine-temple-sites-v5-nested-079"
"80","波宇志別神社神楽殿","神社建築","重要文化財","秋田県","東北","39.367791","140.365707","文化庁・国指定文化財等DB","https://kunishitei.bunka.go.jp/bsys/index","102-171","文化庁DBの緯度・経度欄","official-background","shrine/temple official pool; region+category quotas; 2km spacing; deterministic SHA-256 rank","kinki-shrine-temple-sites-v5-nested-080"
"81","鹿島神宮","神社建築","重要文化財","茨城県","関東","35.968775","140.631540","文化庁・国指定文化財等DB","https://kunishitei.bunka.go.jp/bsys/index","102-249","文化庁DBの緯度・経度欄","official-background","shrine/temple official pool; region+category quotas; 2km spacing; deterministic SHA-256 rank","kinki-shrine-temple-sites-v5-nested-081"
"82","一宮神社本殿","神社建築","重要文化財","徳島県","四国","34.037874","134.462554","文化庁・国指定文化財等DB","https://kunishitei.bunka.go.jp/bsys/index","102-3248","文化庁DBの緯度・経度欄","official-background","shrine/temple official pool; region+category quotas; 2km spacing; deterministic SHA-256 rank","kinki-shrine-temple-sites-v5-nested-082"
"83","出雲大神宮本殿","神社建築","重要文化財","京都府","近畿","35.059439","135.578417","文化庁・国指定文化財等DB","https://kunishitei.bunka.go.jp/bsys/index","102-1979","文化庁DBの緯度・経度欄","official-background","shrine/temple official pool; region+category quotas; 2km spacing; deterministic SHA-256 rank","kinki-shrine-temple-sites-v5-nested-083"
"84","厳有院霊廟勅額門及び水盤舎","神社建築","重要文化財","東京都","関東","35.720284","139.776968","文化庁・国指定文化財等DB","https://kunishitei.bunka.go.jp/bsys/index","102-541","文化庁DBの緯度・経度欄","official-background","shrine/temple official pool; region+category quotas; 2km spacing; deterministic SHA-256 rank","kinki-shrine-temple-sites-v5-nested-084"
"85","高千穂神社本殿","神社建築","重要文化財","宮崎県","九州","32.706488","131.301910","文化庁・国指定文化財等DB","https://kunishitei.bunka.go.jp/bsys/index","102-00003883","文化庁DBの緯度・経度欄","official-background","shrine/temple official pool; region+category quotas; 2km spacing; deterministic SHA-256 rank","kinki-shrine-temple-sites-v5-nested-085"
"86","源敬公（徳川義直）廟","神社建築","重要文化財","愛知県","東海","35.279951","137.092074","文化庁・国指定文化財等DB","https://kunishitei.bunka.go.jp/bsys/index","102-1222","文化庁DBの緯度・経度欄","official-background","shrine/temple official pool; region+category quotas; 2km spacing; deterministic SHA-256 rank","kinki-shrine-temple-sites-v5-nested-086"
"87","久津八幡宮本殿","神社建築","重要文化財","岐阜県","北陸甲信","35.887504","137.212528","文化庁・国指定文化財等DB","https://kunishitei.bunka.go.jp/bsys/index","102-1098","文化庁DBの緯度・経度欄","official-background","shrine/temple official pool; region+category quotas; 2km spacing; deterministic SHA-256 rank","kinki-shrine-temple-sites-v5-nested-087"
"88","総社本殿","神社建築","重要文化財","岡山県","中国","35.074077","133.994275","文化庁・国指定文化財等DB","https://kunishitei.bunka.go.jp/bsys/index","102-3023","文化庁DBの緯度・経度欄","official-background","shrine/temple official pool; region+category quotas; 2km spacing; deterministic SHA-256 rank","kinki-shrine-temple-sites-v5-nested-088"
"89","三輪神社","神社建築","重要文化財","秋田県","東北","39.197334","140.432915","文化庁・国指定文化財等DB","https://kunishitei.bunka.go.jp/bsys/index","102-173","文化庁DBの緯度・経度欄","official-background","shrine/temple official pool; region+category quotas; 2km spacing; deterministic SHA-256 rank","kinki-shrine-temple-sites-v5-nested-089"
"90","本興寺三光堂","神社建築","重要文化財","兵庫県","近畿","34.717135","135.413932","文化庁・国指定文化財等DB","https://kunishitei.bunka.go.jp/bsys/index","102-2350","文化庁DBの緯度・経度欄","official-background","shrine/temple official pool; region+category quotas; 2km spacing; deterministic SHA-256 rank","kinki-shrine-temple-sites-v5-nested-090"
"91","笠間稲荷神社本殿","神社建築","重要文化財","茨城県","関東","36.386244","140.254167","文化庁・国指定文化財等DB","https://kunishitei.bunka.go.jp/bsys/index","102-246","文化庁DBの緯度・経度欄","official-background","shrine/temple official pool; region+category quotas; 2km spacing; deterministic SHA-256 rank","kinki-shrine-temple-sites-v5-nested-091"
"92","石手寺訶梨帝母天堂","神社建築","重要文化財","愛媛県","四国","33.847647","132.796298","文化庁・国指定文化財等DB","https://kunishitei.bunka.go.jp/bsys/index","102-3315","文化庁DBの緯度・経度欄","official-background","shrine/temple official pool; region+category quotas; 2km spacing; deterministic SHA-256 rank","kinki-shrine-temple-sites-v5-nested-092"
"93","老神神社","神社建築","重要文化財","熊本県","九州","32.210524","130.758684","文化庁・国指定文化財等DB","https://kunishitei.bunka.go.jp/bsys/index","102-3571","文化庁DBの緯度・経度欄","official-background","shrine/temple official pool; region+category quotas; 2km spacing; deterministic SHA-256 rank","kinki-shrine-temple-sites-v5-nested-093"
"94","伊賀八幡宮","神社建築","重要文化財","愛知県","東海","34.971011","137.164671","文化庁・国指定文化財等DB","https://kunishitei.bunka.go.jp/bsys/index","102-1203","文化庁DBの緯度・経度欄","official-background","shrine/temple official pool; region+category quotas; 2km spacing; deterministic SHA-256 rank","kinki-shrine-temple-sites-v5-nested-094"
"95","勝手神社本殿","神社建築","重要文化財","滋賀県","近畿","35.046572","136.121482","文化庁・国指定文化財等DB","https://kunishitei.bunka.go.jp/bsys/index","102-1499","文化庁DBの緯度・経度欄","official-background","shrine/temple official pool; region+category quotas; 2km spacing; deterministic SHA-256 rank","kinki-shrine-temple-sites-v5-nested-095"
"96","若一王子神社本殿","神社建築","重要文化財","長野県","北陸甲信","36.515886","137.853582","文化庁・国指定文化財等DB","https://kunishitei.bunka.go.jp/bsys/index","102-956","文化庁DBの緯度・経度欄","official-background","shrine/temple official pool; region+category quotas; 2km spacing; deterministic SHA-256 rank","kinki-shrine-temple-sites-v5-nested-096"
"97","染羽天石勝神社本殿","神社建築","重要文化財","島根県","中国","34.680304","131.860920","文化庁・国指定文化財等DB","https://kunishitei.bunka.go.jp/bsys/index","102-2956","文化庁DBの緯度・経度欄","official-background","shrine/temple official pool; region+category quotas; 2km spacing; deterministic SHA-256 rank","kinki-shrine-temple-sites-v5-nested-097"
"98","鳥居","神社建築","重要文化財","山形県","東北","38.228713","140.328980","文化庁・国指定文化財等DB","https://kunishitei.bunka.go.jp/bsys/index","102-179","文化庁DBの緯度・経度欄","official-background","shrine/temple official pool; region+category quotas; 2km spacing; deterministic SHA-256 rank","kinki-shrine-temple-sites-v5-nested-098"
"99","旧台徳院霊廟勅額門、丁子門及び御成門","神社建築","重要文化財","埼玉県","関東","35.770216","139.416851","文化庁・国指定文化財等DB","https://kunishitei.bunka.go.jp/bsys/index","102-446","文化庁DBの緯度・経度欄","official-background","shrine/temple official pool; region+category quotas; 2km spacing; deterministic SHA-256 rank","kinki-shrine-temple-sites-v5-nested-099"
"100","神部神社浅間神社","神社建築","重要文化財","静岡県","東海","34.983729","138.375350","文化庁・国指定文化財等DB","https://kunishitei.bunka.go.jp/bsys/index","102-1126","文化庁DBの緯度・経度欄","official-background","shrine/temple official pool; region+category quotas; 2km spacing; deterministic SHA-256 rank","kinki-shrine-temple-sites-v5-nested-100"
"101","櫻井神社","神社建築","重要文化財","福岡県","九州","33.628139","130.191933","文化庁・国指定文化財等DB","https://kunishitei.bunka.go.jp/bsys/index","102-00005499","文化庁DBの緯度・経度欄","official-background","shrine/temple official pool; region+category quotas; 2km spacing; deterministic SHA-256 rank","kinki-shrine-temple-sites-v5-nested-101"
"102","丹生神社本殿","神社建築","重要文化財","奈良県","近畿","34.694916","135.964397","文化庁・国指定文化財等DB","https://kunishitei.bunka.go.jp/bsys/index","102-2525","文化庁DBの緯度・経度欄","official-background","shrine/temple official pool; region+category quotas; 2km spacing; deterministic SHA-256 rank","kinki-shrine-temple-sites-v5-nested-102"
"103","妙義神社","神社建築","重要文化財","群馬県","関東","36.300446","138.762401","文化庁・国指定文化財等DB","https://kunishitei.bunka.go.jp/bsys/index","102-418","文化庁DBの緯度・経度欄","official-background","shrine/temple official pool; region+category quotas; 2km spacing; deterministic SHA-256 rank","kinki-shrine-temple-sites-v5-nested-103"
"104","朝倉神社本殿","神社建築","重要文化財","高知県","四国","33.553517","133.481646","文化庁・国指定文化財等DB","https://kunishitei.bunka.go.jp/bsys/index","102-3434","文化庁DBの緯度・経度欄","official-background","shrine/temple official pool; region+category quotas; 2km spacing; deterministic SHA-256 rank","kinki-shrine-temple-sites-v5-nested-104"
"105","大山田神社","神社建築","重要文化財","長野県","北陸甲信","35.377775","137.783134","文化庁・国指定文化財等DB","https://kunishitei.bunka.go.jp/bsys/index","102-996","文化庁DBの緯度・経度欄","official-background","shrine/temple official pool; region+category quotas; 2km spacing; deterministic SHA-256 rank","kinki-shrine-temple-sites-v5-nested-105"
"106","龍雲院","寺院建築","重要文化財","北海道","北海道","41.430997","140.107040","文化庁・国指定文化財等DB","https://kunishitei.bunka.go.jp/bsys/index","102-28","文化庁DBの緯度・経度欄","official-background","shrine/temple official pool; region+category quotas; 2km spacing; deterministic SHA-256 rank","kinki-shrine-temple-sites-v5-nested-106"
"107","正行寺本堂","寺院建築","重要文化財","北海道","北海道","43.035962","144.846694","文化庁・国指定文化財等DB","https://kunishitei.bunka.go.jp/bsys/index","102-40","文化庁DBの緯度・経度欄","official-background","shrine/temple official pool; region+category quotas; 2km spacing; deterministic SHA-256 rank","kinki-shrine-temple-sites-v5-nested-107"
"108","上國寺本堂","寺院建築","重要文化財","北海道","北海道","41.803372","140.103318","文化庁・国指定文化財等DB","https://kunishitei.bunka.go.jp/bsys/index","102-37","文化庁DBの緯度・経度欄","official-background","shrine/temple official pool; region+category quotas; 2km spacing; deterministic SHA-256 rank","kinki-shrine-temple-sites-v5-nested-108"
"109","旧崇元寺第一門及び石牆","寺院建築","重要文化財","沖縄県","沖縄","26.220350","127.690587","文化庁・国指定文化財等DB","https://kunishitei.bunka.go.jp/bsys/index","102-3646","文化庁DBの緯度・経度欄","official-background","shrine/temple official pool; region+category quotas; 2km spacing; deterministic SHA-256 rank","kinki-shrine-temple-sites-v5-nested-109"
"110","真光寺本堂","寺院建築","重要文化財","岡山県","中国","34.744815","134.180313","文化庁・国指定文化財等DB","https://kunishitei.bunka.go.jp/bsys/index","102-3059","文化庁DBの緯度・経度欄","official-background","shrine/temple official pool; region+category quotas; 2km spacing; deterministic SHA-256 rank","kinki-shrine-temple-sites-v5-nested-110"
"111","若松寺観音堂","寺院建築","重要文化財","山形県","東北","38.363173","140.419361","文化庁・国指定文化財等DB","https://kunishitei.bunka.go.jp/bsys/index","102-194","文化庁DBの緯度・経度欄","official-background","shrine/temple official pool; region+category quotas; 2km spacing; deterministic SHA-256 rank","kinki-shrine-temple-sites-v5-nested-111"
"112","油山寺本堂内厨子","寺院建築","重要文化財","静岡県","東海","34.787778","137.935645","文化庁・国指定文化財等DB","https://kunishitei.bunka.go.jp/bsys/index","102-1157","文化庁DBの緯度・経度欄","official-background","shrine/temple official pool; region+category quotas; 2km spacing; deterministic SHA-256 rank","kinki-shrine-temple-sites-v5-nested-112"
"113","普門院本堂","寺院建築","重要文化財","福岡県","九州","33.373245","130.771407","文化庁・国指定文化財等DB","https://kunishitei.bunka.go.jp/bsys/index","102-3489","文化庁DBの緯度・経度欄","official-background","shrine/temple official pool; region+category quotas; 2km spacing; deterministic SHA-256 rank","kinki-shrine-temple-sites-v5-nested-113"
"114","正明寺本堂","寺院建築","重要文化財","滋賀県","近畿","35.025768","136.245020","文化庁・国指定文化財等DB","https://kunishitei.bunka.go.jp/bsys/index","102-1487","文化庁DBの緯度・経度欄","official-background","shrine/temple official pool; region+category quotas; 2km spacing; deterministic SHA-256 rank","kinki-shrine-temple-sites-v5-nested-114"
"115","薬師堂","寺院建築","重要文化財","群馬県","関東","36.614124","138.798982","文化庁・国指定文化財等DB","https://kunishitei.bunka.go.jp/bsys/index","102-422","文化庁DBの緯度・経度欄","official-background","shrine/temple official pool; region+category quotas; 2km spacing; deterministic SHA-256 rank","kinki-shrine-temple-sites-v5-nested-115"
"116","高台寺表門","寺院建築","重要文化財","京都府","近畿","35.000525","135.780649","文化庁・国指定文化財等DB","https://kunishitei.bunka.go.jp/bsys/index","102-1786","文化庁DBの緯度・経度欄","official-background","shrine/temple official pool; region+category quotas; 2km spacing; deterministic SHA-256 rank","kinki-shrine-temple-sites-v5-nested-116"
"117","竹林寺本堂","寺院建築","重要文化財","高知県","四国","33.546512","133.576603","文化庁・国指定文化財等DB","https://kunishitei.bunka.go.jp/bsys/index","102-3418","文化庁DBの緯度・経度欄","official-background","shrine/temple official pool; region+category quotas; 2km spacing; deterministic SHA-256 rank","kinki-shrine-temple-sites-v5-nested-117"
"118","新長谷寺釈迦堂","寺院建築","重要文化財","岐阜県","北陸甲信","35.484791","136.923094","文化庁・国指定文化財等DB","https://kunishitei.bunka.go.jp/bsys/index","102-1047","文化庁DBの緯度・経度欄","official-background","shrine/temple official pool; region+category quotas; 2km spacing; deterministic SHA-256 rank","kinki-shrine-temple-sites-v5-nested-118"
"119","鑁阿寺本堂","寺院建築","国宝","栃木県","関東","36.337549","139.452270","文化庁・国指定文化財等DB","https://kunishitei.bunka.go.jp/bsys/index","102-266","文化庁DBの緯度・経度欄","official-background","shrine/temple official pool; region+category quotas; 2km spacing; deterministic SHA-256 rank","kinki-shrine-temple-sites-v5-nested-119"
"120","三仏寺地蔵堂","寺院建築","重要文化財","鳥取県","中国","35.397483","133.958545","文化庁・国指定文化財等DB","https://kunishitei.bunka.go.jp/bsys/index","102-2942","文化庁DBの緯度・経度欄","official-background","shrine/temple official pool; region+category quotas; 2km spacing; deterministic SHA-256 rank","kinki-shrine-temple-sites-v5-nested-120"
"121","三明寺三重塔","寺院建築","重要文化財","愛知県","東海","34.820215","137.399566","文化庁・国指定文化財等DB","https://kunishitei.bunka.go.jp/bsys/index","102-1227","文化庁DBの緯度・経度欄","official-background","shrine/temple official pool; region+category quotas; 2km spacing; deterministic SHA-256 rank","kinki-shrine-temple-sites-v5-nested-121"
"122","長勝寺三門","寺院建築","重要文化財","青森県","東北","40.598739","140.451449","文化庁・国指定文化財等DB","https://kunishitei.bunka.go.jp/bsys/index","102-42","文化庁DBの緯度・経度欄","official-background","shrine/temple official pool; region+category quotas; 2km spacing; deterministic SHA-256 rank","kinki-shrine-temple-sites-v5-nested-122"
"123","富貴寺大堂","寺院建築","国宝","大分県","九州","33.537880","131.528549","文化庁・国指定文化財等DB","https://kunishitei.bunka.go.jp/bsys/index","102-3597","文化庁DBの緯度・経度欄","official-background","shrine/temple official pool; region+category quotas; 2km spacing; deterministic SHA-256 rank","kinki-shrine-temple-sites-v5-nested-123"
"124","延暦寺転法輪堂","寺院建築","重要文化財","滋賀県","近畿","35.074306","135.833962","文化庁・国指定文化財等DB","https://kunishitei.bunka.go.jp/bsys/index","102-1322","文化庁DBの緯度・経度欄","official-background","shrine/temple official pool; region+category quotas; 2km spacing; deterministic SHA-256 rank","kinki-shrine-temple-sites-v5-nested-124"
"125","本門寺五重塔","寺院建築","重要文化財","東京都","関東","35.578130","139.706328","文化庁・国指定文化財等DB","https://kunishitei.bunka.go.jp/bsys/index","102-557","文化庁DBの緯度・経度欄","official-background","shrine/temple official pool; region+category quotas; 2km spacing; deterministic SHA-256 rank","kinki-shrine-temple-sites-v5-nested-125"
"126","妙源寺柳堂","寺院建築","重要文化財","愛知県","東海","34.948241","137.124220","文化庁・国指定文化財等DB","https://kunishitei.bunka.go.jp/bsys/index","102-1197","文化庁DBの緯度・経度欄","official-background","shrine/temple official pool; region+category quotas; 2km spacing; deterministic SHA-256 rank","kinki-shrine-temple-sites-v5-nested-126"
"127","護徳寺観音堂","寺院建築","重要文化財","新潟県","北陸甲信","37.717776","139.525751","文化庁・国指定文化財等DB","https://kunishitei.bunka.go.jp/bsys/index","102-659","文化庁DBの緯度・経度欄","official-background","shrine/temple official pool; region+category quotas; 2km spacing; deterministic SHA-256 rank","kinki-shrine-temple-sites-v5-nested-127"
"128","西国寺三重塔","寺院建築","重要文化財","広島県","中国","34.416433","133.203043","文化庁・国指定文化財等DB","https://kunishitei.bunka.go.jp/bsys/index","102-3138","文化庁DBの緯度・経度欄","official-background","shrine/temple official pool; region+category quotas; 2km spacing; deterministic SHA-256 rank","kinki-shrine-temple-sites-v5-nested-128"
"129","成法寺観音堂","寺院建築","重要文化財","福島県","東北","37.294958","139.475658","文化庁・国指定文化財等DB","https://kunishitei.bunka.go.jp/bsys/index","102-212","文化庁DBの緯度・経度欄","official-background","shrine/temple official pool; region+category quotas; 2km spacing; deterministic SHA-256 rank","kinki-shrine-temple-sites-v5-nested-129"
"130","崇福寺大雄宝殿","寺院建築","国宝","長崎県","九州","32.742586","129.883498","文化庁・国指定文化財等DB","https://kunishitei.bunka.go.jp/bsys/index","102-3516","文化庁DBの緯度・経度欄","official-background","shrine/temple official pool; region+category quotas; 2km spacing; deterministic SHA-256 rank","kinki-shrine-temple-sites-v5-nested-130"
"131","宝幢寺本堂","寺院建築","重要文化財","奈良県","近畿","34.662519","135.701212","文化庁・国指定文化財等DB","https://kunishitei.bunka.go.jp/bsys/index","102-2666","文化庁DBの緯度・経度欄","official-background","shrine/temple official pool; region+category quotas; 2km spacing; deterministic SHA-256 rank","kinki-shrine-temple-sites-v5-nested-131"
"132","太山寺本堂","寺院建築","国宝","愛媛県","四国","33.885007","132.714985","文化庁・国指定文化財等DB","https://kunishitei.bunka.go.jp/bsys/index","102-3308","文化庁DBの緯度・経度欄","official-background","shrine/temple official pool; region+category quotas; 2km spacing; deterministic SHA-256 rank","kinki-shrine-temple-sites-v5-nested-132"
"133","西明寺三重塔","寺院建築","重要文化財","栃木県","関東","36.452501","140.117162","文化庁・国指定文化財等DB","https://kunishitei.bunka.go.jp/bsys/index","102-389","文化庁DBの緯度・経度欄","official-background","shrine/temple official pool; region+category quotas; 2km spacing; deterministic SHA-256 rank","kinki-shrine-temple-sites-v5-nested-133"
"134","観菩提寺楼門","寺院建築","重要文化財","三重県","東海","34.780535","136.052173","文化庁・国指定文化財等DB","https://kunishitei.bunka.go.jp/bsys/index","102-1313","文化庁DBの緯度・経度欄","official-background","shrine/temple official pool; region+category quotas; 2km spacing; deterministic SHA-256 rank","kinki-shrine-temple-sites-v5-nested-134"
"135","神角寺本堂","寺院建築","重要文化財","大分県","九州","33.054914","131.456651","文化庁・国指定文化財等DB","https://kunishitei.bunka.go.jp/bsys/index","102-3616","文化庁DBの緯度・経度欄","official-background","shrine/temple official pool; region+category quotas; 2km spacing; deterministic SHA-256 rank","kinki-shrine-temple-sites-v5-nested-135"
"136","法隆寺妻室","寺院建築","重要文化財","奈良県","近畿","34.614373","135.735152","文化庁・国指定文化財等DB","https://kunishitei.bunka.go.jp/bsys/index","102-2712","文化庁DBの緯度・経度欄","official-background","shrine/temple official pool; region+category quotas; 2km spacing; deterministic SHA-256 rank","kinki-shrine-temple-sites-v5-nested-136"
"137","平等寺薬師堂","寺院建築","重要文化財","新潟県","北陸甲信","37.720679","139.360177","文化庁・国指定文化財等DB","https://kunishitei.bunka.go.jp/bsys/index","102-662","文化庁DBの緯度・経度欄","official-background","shrine/temple official pool; region+category quotas; 2km spacing; deterministic SHA-256 rank","kinki-shrine-temple-sites-v5-nested-137"
"138","曹源寺栄螺堂","寺院建築","重要文化財","群馬県","関東","36.322260","139.385652","文化庁・国指定文化財等DB","https://kunishitei.bunka.go.jp/bsys/index","102-00005150","文化庁DBの緯度・経度欄","official-background","shrine/temple official pool; region+category quotas; 2km spacing; deterministic SHA-256 rank","kinki-shrine-temple-sites-v5-nested-138"
"139","不動院楼門","寺院建築","重要文化財","広島県","中国","34.426993","132.470764","文化庁・国指定文化財等DB","https://kunishitei.bunka.go.jp/bsys/index","102-3106","文化庁DBの緯度・経度欄","official-background","shrine/temple official pool; region+category quotas; 2km spacing; deterministic SHA-256 rank","kinki-shrine-temple-sites-v5-nested-139"
"140","奥之院弁天堂","寺院建築","重要文化財","福島県","東北","37.531974","139.727019","文化庁・国指定文化財等DB","https://kunishitei.bunka.go.jp/bsys/index","102-222","文化庁DBの緯度・経度欄","official-background","shrine/temple official pool; region+category quotas; 2km spacing; deterministic SHA-256 rank","kinki-shrine-temple-sites-v5-nested-140"
"141","長光寺地蔵堂","寺院建築","重要文化財","愛知県","東海","35.233178","136.831333","文化庁・国指定文化財等DB","https://kunishitei.bunka.go.jp/bsys/index","102-1261","文化庁DBの緯度・経度欄","official-background","shrine/temple official pool; region+category quotas; 2km spacing; deterministic SHA-256 rank","kinki-shrine-temple-sites-v5-nested-141"
"142","金剛寺多宝塔","寺院建築","重要文化財","大阪府","近畿","34.428285","135.529390","文化庁・国指定文化財等DB","https://kunishitei.bunka.go.jp/bsys/index","102-2190","文化庁DBの緯度・経度欄","official-background","shrine/temple official pool; region+category quotas; 2km spacing; deterministic SHA-256 rank","kinki-shrine-temple-sites-v5-nested-142"
"143","白峯寺","寺院建築","重要文化財","香川県","四国","34.343392","133.910573","文化庁・国指定文化財等DB","https://kunishitei.bunka.go.jp/bsys/index","102-00005014","文化庁DBの緯度・経度欄","official-background","shrine/temple official pool; region+category quotas; 2km spacing; deterministic SHA-256 rank","kinki-shrine-temple-sites-v5-nested-143"
"144","竜禅寺三仏堂","寺院建築","重要文化財","茨城県","関東","35.922538","140.023478","文化庁・国指定文化財等DB","https://kunishitei.bunka.go.jp/bsys/index","102-247","文化庁DBの緯度・経度欄","official-background","shrine/temple official pool; region+category quotas; 2km spacing; deterministic SHA-256 rank","kinki-shrine-temple-sites-v5-nested-144"
"145","明導寺阿弥陀堂","寺院建築","重要文化財","熊本県","九州","32.252636","130.974092","文化庁・国指定文化財等DB","https://kunishitei.bunka.go.jp/bsys/index","102-3582","文化庁DBの緯度・経度欄","official-background","shrine/temple official pool; region+category quotas; 2km spacing; deterministic SHA-256 rank","kinki-shrine-temple-sites-v5-nested-145"
"146","善光寺山門","寺院建築","重要文化財","山梨県","北陸甲信","35.664586","138.592476","文化庁・国指定文化財等DB","https://kunishitei.bunka.go.jp/bsys/index","102-843","文化庁DBの緯度・経度欄","official-background","shrine/temple official pool; region+category quotas; 2km spacing; deterministic SHA-256 rank","kinki-shrine-temple-sites-v5-nested-146"
"147","閼伽井坊多宝塔","寺院建築","重要文化財","山口県","中国","34.038675","131.872146","文化庁・国指定文化財等DB","https://kunishitei.bunka.go.jp/bsys/index","102-3234","文化庁DBの緯度・経度欄","official-background","shrine/temple official pool; region+category quotas; 2km spacing; deterministic SHA-256 rank","kinki-shrine-temple-sites-v5-nested-147"
"148","勝福寺観音堂","寺院建築","重要文化財","福島県","東北","37.648237","139.896860","文化庁・国指定文化財等DB","https://kunishitei.bunka.go.jp/bsys/index","102-208","文化庁DBの緯度・経度欄","official-background","shrine/temple official pool; region+category quotas; 2km spacing; deterministic SHA-256 rank","kinki-shrine-temple-sites-v5-nested-148"
"149","知立神社多宝塔","寺院建築","重要文化財","愛知県","東海","35.012703","137.041394","文化庁・国指定文化財等DB","https://kunishitei.bunka.go.jp/bsys/index","102-1267","文化庁DBの緯度・経度欄","official-background","shrine/temple official pool; region+category quotas; 2km spacing; deterministic SHA-256 rank","kinki-shrine-temple-sites-v5-nested-149"
"150","長命寺護摩堂","寺院建築","重要文化財","滋賀県","近畿","35.162649","136.064237","文化庁・国指定文化財等DB","https://kunishitei.bunka.go.jp/bsys/index","102-1407","文化庁DBの緯度・経度欄","official-background","shrine/temple official pool; region+category quotas; 2km spacing; deterministic SHA-256 rank","kinki-shrine-temple-sites-v5-nested-150"
"151","竜正院仁王門","寺院建築","重要文化財","千葉県","関東","35.866672","140.341648","文化庁・国指定文化財等DB","https://kunishitei.bunka.go.jp/bsys/index","102-490","文化庁DBの緯度・経度欄","official-background","shrine/temple official pool; region+category quotas; 2km spacing; deterministic SHA-256 rank","kinki-shrine-temple-sites-v5-nested-151"
"152","善導寺","寺院建築","重要文化財","福岡県","九州","33.329523","130.606757","文化庁・国指定文化財等DB","https://kunishitei.bunka.go.jp/bsys/index","102-3473","文化庁DBの緯度・経度欄","official-background","shrine/temple official pool; region+category quotas; 2km spacing; deterministic SHA-256 rank","kinki-shrine-temple-sites-v5-nested-152"
"153","興臨院表門","寺院建築","重要文化財","京都府","近畿","35.044208","135.742960","文化庁・国指定文化財等DB","https://kunishitei.bunka.go.jp/bsys/index","102-1607","文化庁DBの緯度・経度欄","official-background","shrine/temple official pool; region+category quotas; 2km spacing; deterministic SHA-256 rank","kinki-shrine-temple-sites-v5-nested-153"
"154","大善寺本堂","寺院建築","国宝","山梨県","北陸甲信","35.657108","138.743001","文化庁・国指定文化財等DB","https://kunishitei.bunka.go.jp/bsys/index","102-882","文化庁DBの緯度・経度欄","official-background","shrine/temple official pool; region+category quotas; 2km spacing; deterministic SHA-256 rank","kinki-shrine-temple-sites-v5-nested-154"
"155","屋島寺本堂","寺院建築","重要文化財","香川県","四国","34.357879","134.101255","文化庁・国指定文化財等DB","https://kunishitei.bunka.go.jp/bsys/index","102-3277","文化庁DBの緯度・経度欄","official-background","shrine/temple official pool; region+category quotas; 2km spacing; deterministic SHA-256 rank","kinki-shrine-temple-sites-v5-nested-155"
"156","瑞聖寺大雄宝殿","寺院建築","重要文化財","東京都","関東","35.637294","139.726933","文化庁・国指定文化財等DB","https://kunishitei.bunka.go.jp/bsys/index","102-512","文化庁DBの緯度・経度欄","official-background","shrine/temple official pool; region+category quotas; 2km spacing; deterministic SHA-256 rank","kinki-shrine-temple-sites-v5-nested-156"
"157","財賀寺","寺院建築","重要文化財","愛知県","東海","34.870829","137.357317","文化庁・国指定文化財等DB","https://kunishitei.bunka.go.jp/bsys/index","102-1230","文化庁DBの緯度・経度欄","official-background","shrine/temple official pool; region+category quotas; 2km spacing; deterministic SHA-256 rank","kinki-shrine-temple-sites-v5-nested-157"
"158","雲樹寺四脚門(大門)","寺院建築","重要文化財","島根県","中国","35.393324","133.265548","文化庁・国指定文化財等DB","https://kunishitei.bunka.go.jp/bsys/index","102-2964","文化庁DBの緯度・経度欄","official-background","shrine/temple official pool; region+category quotas; 2km spacing; deterministic SHA-256 rank","kinki-shrine-temple-sites-v5-nested-158"
"159","観音寺観音堂","寺院建築","重要文化財","山形県","東北","38.217678","140.070027","文化庁・国指定文化財等DB","https://kunishitei.bunka.go.jp/bsys/index","102-197","文化庁DBの緯度・経度欄","official-background","shrine/temple official pool; region+category quotas; 2km spacing; deterministic SHA-256 rank","kinki-shrine-temple-sites-v5-nested-159"
"160","善光寺本堂","寺院建築","重要文化財","大分県","九州","33.559484","131.305493","文化庁・国指定文化財等DB","https://kunishitei.bunka.go.jp/bsys/index","102-3598","文化庁DBの緯度・経度欄","official-background","shrine/temple official pool; region+category quotas; 2km spacing; deterministic SHA-256 rank","kinki-shrine-temple-sites-v5-nested-160"
"161","寶塔寺本堂","寺院建築","重要文化財","京都府","近畿","34.962868","135.775865","文化庁・国指定文化財等DB","https://kunishitei.bunka.go.jp/bsys/index","102-1920","文化庁DBの緯度・経度欄","official-background","shrine/temple official pool; region+category quotas; 2km spacing; deterministic SHA-256 rank","kinki-shrine-temple-sites-v5-nested-161"
"162","薬王院本堂","寺院建築","重要文化財","茨城県","関東","36.356030","140.477665","文化庁・国指定文化財等DB","https://kunishitei.bunka.go.jp/bsys/index","102-236","文化庁DBの緯度・経度欄","official-background","shrine/temple official pool; region+category quotas; 2km spacing; deterministic SHA-256 rank","kinki-shrine-temple-sites-v5-nested-162"
"163","智満寺本堂","寺院建築","重要文化財","静岡県","東海","34.891248","138.161983","文化庁・国指定文化財等DB","https://kunishitei.bunka.go.jp/bsys/index","102-1152","文化庁DBの緯度・経度欄","official-background","shrine/temple official pool; region+category quotas; 2km spacing; deterministic SHA-256 rank","kinki-shrine-temple-sites-v5-nested-163"
"164","瑞龍寺","寺院建築","国宝","富山県","北陸甲信","36.735551","137.011523","文化庁・国指定文化財等DB","https://kunishitei.bunka.go.jp/bsys/index","102-712","文化庁DBの緯度・経度欄","official-background","shrine/temple official pool; region+category quotas; 2km spacing; deterministic SHA-256 rank","kinki-shrine-temple-sites-v5-nested-164"
"165","安国寺釈迦堂","寺院建築","重要文化財","広島県","中国","34.388106","133.380010","文化庁・国指定文化財等DB","https://kunishitei.bunka.go.jp/bsys/index","102-3144","文化庁DBの緯度・経度欄","official-background","shrine/temple official pool; region+category quotas; 2km spacing; deterministic SHA-256 rank","kinki-shrine-temple-sites-v5-nested-165"
"166","立石寺三重小塔","寺院建築","重要文化財","山形県","東北","38.314993","140.434131","文化庁・国指定文化財等DB","https://kunishitei.bunka.go.jp/bsys/index","102-177","文化庁DBの緯度・経度欄","official-background","shrine/temple official pool; region+category quotas; 2km spacing; deterministic SHA-256 rank","kinki-shrine-temple-sites-v5-nested-166"
"167","慈眼院金堂","寺院建築","重要文化財","大阪府","近畿","34.374136","135.343732","文化庁・国指定文化財等DB","https://kunishitei.bunka.go.jp/bsys/index","102-2172","文化庁DBの緯度・経度欄","official-background","shrine/temple official pool; region+category quotas; 2km spacing; deterministic SHA-256 rank","kinki-shrine-temple-sites-v5-nested-167"
"168","国分寺本堂","寺院建築","重要文化財","香川県","四国","34.303092","133.944170","文化庁・国指定文化財等DB","https://kunishitei.bunka.go.jp/bsys/index","102-3298","文化庁DBの緯度・経度欄","official-background","shrine/temple official pool; region+category quotas; 2km spacing; deterministic SHA-256 rank","kinki-shrine-temple-sites-v5-nested-168"
"169","広徳寺大御堂","寺院建築","重要文化財","埼玉県","関東","35.977399","139.504229","文化庁・国指定文化財等DB","https://kunishitei.bunka.go.jp/bsys/index","102-459","文化庁DBの緯度・経度欄","official-background","shrine/temple official pool; region+category quotas; 2km spacing; deterministic SHA-256 rank","kinki-shrine-temple-sites-v5-nested-169"
"170","英彦山神社奉幣殿","寺院建築","重要文化財","福岡県","九州","33.483868","130.910330","文化庁・国指定文化財等DB","https://kunishitei.bunka.go.jp/bsys/index","102-3496","文化庁DBの緯度・経度欄","official-background","shrine/temple official pool; region+category quotas; 2km spacing; deterministic SHA-256 rank","kinki-shrine-temple-sites-v5-nested-170"
"171","密蔵院多宝塔","寺院建築","重要文化財","愛知県","東海","35.243202","137.003225","文化庁・国指定文化財等DB","https://kunishitei.bunka.go.jp/bsys/index","102-1226","文化庁DBの緯度・経度欄","official-background","shrine/temple official pool; region+category quotas; 2km spacing; deterministic SHA-256 rank","kinki-shrine-temple-sites-v5-nested-171"
"172","教王護国寺北大門","寺院建築","重要文化財","京都府","近畿","34.982044","135.747681","文化庁・国指定文化財等DB","https://kunishitei.bunka.go.jp/bsys/index","102-1837","文化庁DBの緯度・経度欄","official-background","shrine/temple official pool; region+category quotas; 2km spacing; deterministic SHA-256 rank","kinki-shrine-temple-sites-v5-nested-172"
"173","光前寺弁天堂","寺院建築","重要文化財","長野県","北陸甲信","35.735125","137.895921","文化庁・国指定文化財等DB","https://kunishitei.bunka.go.jp/bsys/index","102-955","文化庁DBの緯度・経度欄","official-background","shrine/temple official pool; region+category quotas; 2km spacing; deterministic SHA-256 rank","kinki-shrine-temple-sites-v5-nested-173"
"174","福成寺本堂内厨子及び須弥壇","寺院建築","重要文化財","広島県","中国","34.378094","132.775005","文化庁・国指定文化財等DB","https://kunishitei.bunka.go.jp/bsys/index","102-3694","文化庁DBの緯度・経度欄","official-background","shrine/temple official pool; region+category quotas; 2km spacing; deterministic SHA-256 rank","kinki-shrine-temple-sites-v5-nested-174"
"175","佐竹寺本堂","寺院建築","重要文化財","茨城県","関東","36.526026","140.504668","文化庁・国指定文化財等DB","https://kunishitei.bunka.go.jp/bsys/index","102-243","文化庁DBの緯度・経度欄","official-background","shrine/temple official pool; region+category quotas; 2km spacing; deterministic SHA-256 rank","kinki-shrine-temple-sites-v5-nested-175"
"176","福生寺観音堂","寺院建築","重要文化財","福島県","東北","37.441126","139.845260","文化庁・国指定文化財等DB","https://kunishitei.bunka.go.jp/bsys/index","102-226","文化庁DBの緯度・経度欄","official-background","shrine/temple official pool; region+category quotas; 2km spacing; deterministic SHA-256 rank","kinki-shrine-temple-sites-v5-nested-176"
"177","長福寺本堂","寺院建築","重要文化財","大分県","九州","33.327881","130.937781","文化庁・国指定文化財等DB","https://kunishitei.bunka.go.jp/bsys/index","102-00004078","文化庁DBの緯度・経度欄","official-background","shrine/temple official pool; region+category quotas; 2km spacing; deterministic SHA-256 rank","kinki-shrine-temple-sites-v5-nested-177"
"178","地蔵院","寺院建築","重要文化財","三重県","東海","34.853061","136.389306","文化庁・国指定文化財等DB","https://kunishitei.bunka.go.jp/bsys/index","102-1308","文化庁DBの緯度・経度欄","official-background","shrine/temple official pool; region+category quotas; 2km spacing; deterministic SHA-256 rank","kinki-shrine-temple-sites-v5-nested-178"
"179","法界寺本堂（薬師堂）","寺院建築","重要文化財","京都府","近畿","34.933925","135.815024","文化庁・国指定文化財等DB","https://kunishitei.bunka.go.jp/bsys/index","102-1917","文化庁DBの緯度・経度欄","official-background","shrine/temple official pool; region+category quotas; 2km spacing; deterministic SHA-256 rank","kinki-shrine-temple-sites-v5-nested-179"
"180","丈六寺本堂（元方丈）","寺院建築","重要文化財","徳島県","四国","34.005172","134.550954","文化庁・国指定文化財等DB","https://kunishitei.bunka.go.jp/bsys/index","102-3244","文化庁DBの緯度・経度欄","official-background","shrine/temple official pool; region+category quotas; 2km spacing; deterministic SHA-256 rank","kinki-shrine-temple-sites-v5-nested-180"
"181","石堂寺","寺院建築","重要文化財","千葉県","関東","35.052057","139.957854","文化庁・国指定文化財等DB","https://kunishitei.bunka.go.jp/bsys/index","102-495","文化庁DBの緯度・経度欄","official-background","shrine/temple official pool; region+category quotas; 2km spacing; deterministic SHA-256 rank","kinki-shrine-temple-sites-v5-nested-181"
"182","大乗寺仏殿","寺院建築","重要文化財","石川県","北陸甲信","36.532762","136.658796","文化庁・国指定文化財等DB","https://kunishitei.bunka.go.jp/bsys/index","102-770","文化庁DBの緯度・経度欄","official-background","shrine/temple official pool; region+category quotas; 2km spacing; deterministic SHA-256 rank","kinki-shrine-temple-sites-v5-nested-182"
"183","本山寺本堂","寺院建築","重要文化財","岡山県","中国","34.944370","134.010149","文化庁・国指定文化財等DB","https://kunishitei.bunka.go.jp/bsys/index","102-3101","文化庁DBの緯度・経度欄","official-background","shrine/temple official pool; region+category quotas; 2km spacing; deterministic SHA-256 rank","kinki-shrine-temple-sites-v5-nested-183"
"184","勝常寺薬師堂","寺院建築","重要文化財","福島県","東北","37.563503","139.870023","文化庁・国指定文化財等DB","https://kunishitei.bunka.go.jp/bsys/index","102-221","文化庁DBの緯度・経度欄","official-background","shrine/temple official pool; region+category quotas; 2km spacing; deterministic SHA-256 rank","kinki-shrine-temple-sites-v5-nested-184"
"185","生善院観音堂","寺院建築","重要文化財","熊本県","九州","32.287572","130.976659","文化庁・国指定文化財等DB","https://kunishitei.bunka.go.jp/bsys/index","102-3585","文化庁DBの緯度・経度欄","official-background","shrine/temple official pool; region+category quotas; 2km spacing; deterministic SHA-256 rank","kinki-shrine-temple-sites-v5-nested-185"
"186","甚目寺","寺院建築","重要文化財","愛知県","東海","35.194731","136.823471","文化庁・国指定文化財等DB","https://kunishitei.bunka.go.jp/bsys/index","102-1271","文化庁DBの緯度・経度欄","official-background","shrine/temple official pool; region+category quotas; 2km spacing; deterministic SHA-256 rank","kinki-shrine-temple-sites-v5-nested-186"
"187","本願寺本堂","寺院建築","重要文化財","京都府","近畿","35.601814","134.902220","文化庁・国指定文化財等DB","https://kunishitei.bunka.go.jp/bsys/index","102-2063","文化庁DBの緯度・経度欄","official-background","shrine/temple official pool; region+category quotas; 2km spacing; deterministic SHA-256 rank","kinki-shrine-temple-sites-v5-nested-187"
"188","旧燈明寺三重塔","寺院建築","重要文化財","神奈川県","関東","35.416363","139.659229","文化庁・国指定文化財等DB","https://kunishitei.bunka.go.jp/bsys/index","102-584","文化庁DBの緯度・経度欄","official-background","shrine/temple official pool; region+category quotas; 2km spacing; deterministic SHA-256 rank","kinki-shrine-temple-sites-v5-nested-188"
"189","園城寺唐院","寺院建築","重要文化財","滋賀県","近畿","35.012340","135.852092","文化庁・国指定文化財等DB","https://kunishitei.bunka.go.jp/bsys/index","102-1340","文化庁DBの緯度・経度欄","official-background","shrine/temple official pool; region+category quotas; 2km spacing; deterministic SHA-256 rank","kinki-shrine-temple-sites-v5-nested-189"
"190","孝恩寺観音堂","寺院建築","国宝","大阪府","近畿","34.397072","135.394573","文化庁・国指定文化財等DB","https://kunishitei.bunka.go.jp/bsys/index","102-2164","文化庁DBの緯度・経度欄","official-background","shrine/temple official pool; region+category quotas; 2km spacing; deterministic SHA-256 rank","kinki-shrine-temple-sites-v5-nested-190"
"191","岡寺仁王門","寺院建築","重要文化財","奈良県","近畿","34.471745","135.827422","文化庁・国指定文化財等DB","https://kunishitei.bunka.go.jp/bsys/index","102-2772","文化庁DBの緯度・経度欄","official-background","shrine/temple official pool; region+category quotas; 2km spacing; deterministic SHA-256 rank","kinki-shrine-temple-sites-v5-nested-191"
"192","粉河寺","寺院建築","重要文化財","和歌山県","近畿","34.279140","135.403719","文化庁・国指定文化財等DB","https://kunishitei.bunka.go.jp/bsys/index","102-2858","文化庁DBの緯度・経度欄","official-background","shrine/temple official pool; region+category quotas; 2km spacing; deterministic SHA-256 rank","kinki-shrine-temple-sites-v5-nested-192"
"193","圓成寺宇賀神本殿","神社建築","重要文化財","奈良県","近畿","34.695801","135.915675","文化庁・国指定文化財等DB","https://kunishitei.bunka.go.jp/bsys/index","102-2513","文化庁DBの緯度・経度欄","official-background","shrine/temple official pool; region+category quotas; 2km spacing; deterministic SHA-256 rank","kinki-shrine-temple-sites-v5-nested-193"
"194","室生寺本堂(灌頂堂)","寺院建築","国宝","奈良県","近畿","34.537861","136.040610","文化庁・国指定文化財等DB","https://kunishitei.bunka.go.jp/bsys/index","102-2764","文化庁DBの緯度・経度欄","official-background","shrine/temple official pool; region+category quotas; 2km spacing; deterministic SHA-256 rank","kinki-shrine-temple-sites-v5-nested-194"
"195","金剛三昧院経蔵","寺院建築","重要文化財","和歌山県","近畿","34.209840","135.586955","文化庁・国指定文化財等DB","https://kunishitei.bunka.go.jp/bsys/index","102-2891","文化庁DBの緯度・経度欄","official-background","shrine/temple official pool; region+category quotas; 2km spacing; deterministic SHA-256 rank","kinki-shrine-temple-sites-v5-nested-195"
"196","護国院鐘楼","寺院建築","重要文化財","和歌山県","近畿","34.184567","135.190058","文化庁・国指定文化財等DB","https://kunishitei.bunka.go.jp/bsys/index","102-2809","文化庁DBの緯度・経度欄","official-background","shrine/temple official pool; region+category quotas; 2km spacing; deterministic SHA-256 rank","kinki-shrine-temple-sites-v5-nested-196"
"197","宇治上神社拝殿","神社建築","国宝","京都府","近畿","34.891976","135.811307","文化庁・国指定文化財等DB","https://kunishitei.bunka.go.jp/bsys/index","102-1947","文化庁DBの緯度・経度欄","official-background","shrine/temple official pool; region+category quotas; 2km spacing; deterministic SHA-256 rank","kinki-shrine-temple-sites-v5-nested-197"
"198","竜泉寺仁王門","寺院建築","重要文化財","大阪府","近畿","34.461622","135.597754","文化庁・国指定文化財等DB","https://kunishitei.bunka.go.jp/bsys/index","102-2183","文化庁DBの緯度・経度欄","official-background","shrine/temple official pool; region+category quotas; 2km spacing; deterministic SHA-256 rank","kinki-shrine-temple-sites-v5-nested-198"
"199","天満神社本殿","神社建築","重要文化財","和歌山県","近畿","34.191629","135.164247","文化庁・国指定文化財等DB","https://kunishitei.bunka.go.jp/bsys/index","102-2818","文化庁DBの緯度・経度欄","official-background","shrine/temple official pool; region+category quotas; 2km spacing; deterministic SHA-256 rank","kinki-shrine-temple-sites-v5-nested-199"
"200","広八幡神社楼門","神社建築","重要文化財","和歌山県","近畿","34.017783","135.174903","文化庁・国指定文化財等DB","https://kunishitei.bunka.go.jp/bsys/index","102-2904","文化庁DBの緯度・経度欄","official-background","shrine/temple official pool; region+category quotas; 2km spacing; deterministic SHA-256 rank","kinki-shrine-temple-sites-v5-nested-200"
"201","八坂神社本殿（儀俄大宮）","神社建築","重要文化財","滋賀県","近畿","34.951284","136.196929","文化庁・国指定文化財等DB","https://kunishitei.bunka.go.jp/bsys/index","shrine-102-1463","文化庁DBの緯度・経度欄","official-background-addition","200地点版を固定; official pool addition; proportional regional target; 2km spacing; deterministic SHA-256 rank","kinki-shrine-temple-sites-v5-nested-201"
"202","薬王寺観音堂","寺院建築","重要文化財","和歌山県","近畿","34.076573","135.267973","文化庁・国指定文化財等DB","https://kunishitei.bunka.go.jp/bsys/index","temple-102-2908","文化庁DBの緯度・経度欄","official-background-addition","200地点版を固定; official pool addition; proportional regional target; 2km spacing; deterministic SHA-256 rank","kinki-shrine-temple-sites-v5-nested-202"
"203","談山神社権殿","神社建築","重要文化財","奈良県","近畿","34.465930","135.860871","文化庁・国指定文化財等DB","https://kunishitei.bunka.go.jp/bsys/index","shrine-102-2626","文化庁DBの緯度・経度欄","official-background-addition","200地点版を固定; official pool addition; proportional regional target; 2km spacing; deterministic SHA-256 rank","kinki-shrine-temple-sites-v5-nested-203"
"204","八幡神社三重塔","寺院建築","重要文化財","兵庫県","近畿","34.767640","135.130703","文化庁・国指定文化財等DB","https://kunishitei.bunka.go.jp/bsys/index","temple-102-2237","文化庁DBの緯度・経度欄","official-background-addition","200地点版を固定; official pool addition; proportional regional target; 2km spacing; deterministic SHA-256 rank","kinki-shrine-temple-sites-v5-nested-204"
"205","中島神社本殿","神社建築","重要文化財","兵庫県","近畿","35.525423","134.862627","文化庁・国指定文化財等DB","https://kunishitei.bunka.go.jp/bsys/index","shrine-102-2363","文化庁DBの緯度・経度欄","official-background-addition","200地点版を固定; official pool addition; proportional regional target; 2km spacing; deterministic SHA-256 rank","kinki-shrine-temple-sites-v5-nested-205"
"206","法音寺本堂","寺院建築","重要文化財","和歌山県","近畿","34.051204","135.326160","文化庁・国指定文化財等DB","https://kunishitei.bunka.go.jp/bsys/index","temple-102-2907","文化庁DBの緯度・経度欄","official-background-addition","200地点版を固定; official pool addition; proportional regional target; 2km spacing; deterministic SHA-256 rank","kinki-shrine-temple-sites-v5-nested-206"
"207","長野神社本殿","神社建築","重要文化財","大阪府","近畿","34.450122","135.571416","文化庁・国指定文化財等DB","https://kunishitei.bunka.go.jp/bsys/index","shrine-102-2196","文化庁DBの緯度・経度欄","official-background-addition","200地点版を固定; official pool addition; proportional regional target; 2km spacing; deterministic SHA-256 rank","kinki-shrine-temple-sites-v5-nested-207"
"208","愛宕念仏寺本堂","寺院建築","重要文化財","京都府","近畿","35.031353","135.661091","文化庁・国指定文化財等DB","https://kunishitei.bunka.go.jp/bsys/index","temple-102-1849","文化庁DBの緯度・経度欄","official-background-addition","200地点版を固定; official pool addition; proportional regional target; 2km spacing; deterministic SHA-256 rank","kinki-shrine-temple-sites-v5-nested-208"
"209","生和神社本殿","神社建築","重要文化財","滋賀県","近畿","35.079129","136.033783","文化庁・国指定文化財等DB","https://kunishitei.bunka.go.jp/bsys/index","shrine-102-1446","文化庁DBの緯度・経度欄","official-background-addition","200地点版を固定; official pool addition; proportional regional target; 2km spacing; deterministic SHA-256 rank","kinki-shrine-temple-sites-v5-nested-209"
"210","三宝院殿堂","寺院建築","重要文化財","京都府","近畿","34.952151","135.818963","文化庁・国指定文化財等DB","https://kunishitei.bunka.go.jp/bsys/index","temple-102-1907","文化庁DBの緯度・経度欄","official-background-addition","200地点版を固定; official pool addition; proportional regional target; 2km spacing; deterministic SHA-256 rank","kinki-shrine-temple-sites-v5-nested-210"
"211","加太春日神社本殿","神社建築","重要文化財","和歌山県","近畿","34.275271","135.074616","文化庁・国指定文化財等DB","https://kunishitei.bunka.go.jp/bsys/index","shrine-102-2822","文化庁DBの緯度・経度欄","official-background-addition","200地点版を固定; official pool addition; proportional regional target; 2km spacing; deterministic SHA-256 rank","kinki-shrine-temple-sites-v5-nested-211"
"212","金剛輪寺三重塔","寺院建築","重要文化財","滋賀県","近畿","35.161797","136.283037","文化庁・国指定文化財等DB","https://kunishitei.bunka.go.jp/bsys/index","temple-102-1507","文化庁DBの緯度・経度欄","official-background-addition","200地点版を固定; official pool addition; proportional regional target; 2km spacing; deterministic SHA-256 rank","kinki-shrine-temple-sites-v5-nested-212"
"213","霊山寺鐘楼","寺院建築","重要文化財","奈良県","近畿","34.673352","135.742629","文化庁・国指定文化財等DB","https://kunishitei.bunka.go.jp/bsys/index","temple-102-2488","文化庁DBの緯度・経度欄","official-background-addition","200地点版を固定; official pool addition; proportional regional target; 2km spacing; deterministic SHA-256 rank","kinki-shrine-temple-sites-v5-nested-213"
"214","勝部神社本殿","神社建築","重要文化財","滋賀県","近畿","35.050815","135.990672","文化庁・国指定文化財等DB","https://kunishitei.bunka.go.jp/bsys/index","shrine-102-1425","文化庁DBの緯度・経度欄","official-background-addition","200地点版を固定; official pool addition; proportional regional target; 2km spacing; deterministic SHA-256 rank","kinki-shrine-temple-sites-v5-nested-214"
"215","丹生都比売神社本殿","神社建築","重要文化財","和歌山県","近畿","34.262674","135.521872","文化庁・国指定文化財等DB","https://kunishitei.bunka.go.jp/bsys/index","shrine-102-2870","文化庁DBの緯度・経度欄","official-background-addition","200地点版を固定; official pool addition; proportional regional target; 2km spacing; deterministic SHA-256 rank","kinki-shrine-temple-sites-v5-nested-215"
"216","寶積寺三重塔","寺院建築","重要文化財","京都府","近畿","34.895168","135.679192","文化庁・国指定文化財等DB","https://kunishitei.bunka.go.jp/bsys/index","temple-102-2022","文化庁DBの緯度・経度欄","official-background-addition","200地点版を固定; official pool addition; proportional regional target; 2km spacing; deterministic SHA-256 rank","kinki-shrine-temple-sites-v5-nested-216"
"217","人麿神社本殿","神社建築","重要文化財","奈良県","近畿","34.514731","135.784729","文化庁・国指定文化財等DB","https://kunishitei.bunka.go.jp/bsys/index","shrine-102-2620","文化庁DBの緯度・経度欄","official-background-addition","200地点版を固定; official pool addition; proportional regional target; 2km spacing; deterministic SHA-256 rank","kinki-shrine-temple-sites-v5-nested-217"
"218","唐招提寺鼓楼","寺院建築","国宝","奈良県","近畿","34.675716","135.785107","文化庁・国指定文化財等DB","https://kunishitei.bunka.go.jp/bsys/index","temple-102-2479","文化庁DBの緯度・経度欄","official-background-addition","200地点版を固定; official pool addition; proportional regional target; 2km spacing; deterministic SHA-256 rank","kinki-shrine-temple-sites-v5-nested-218"
"219","八幡神社本殿及び拝殿","神社建築","重要文化財","兵庫県","近畿","35.130959","135.079401","文化庁・国指定文化財等DB","https://kunishitei.bunka.go.jp/bsys/index","shrine-102-2431","文化庁DBの緯度・経度欄","official-background-addition","200地点版を固定; official pool addition; proportional regional target; 2km spacing; deterministic SHA-256 rank","kinki-shrine-temple-sites-v5-nested-219"
"220","地蔵峰寺本堂","寺院建築","重要文化財","和歌山県","近畿","34.136617","135.199180","文化庁・国指定文化財等DB","https://kunishitei.bunka.go.jp/bsys/index","temple-102-2842","文化庁DBの緯度・経度欄","official-background-addition","200地点版を固定; official pool addition; proportional regional target; 2km spacing; deterministic SHA-256 rank","kinki-shrine-temple-sites-v5-nested-220"
"221","松尾大社本殿","神社建築","重要文化財","京都府","近畿","34.999833","135.685227","文化庁・国指定文化財等DB","https://kunishitei.bunka.go.jp/bsys/index","shrine-102-1931","文化庁DBの緯度・経度欄","official-background-addition","200地点版を固定; official pool addition; proportional regional target; 2km spacing; deterministic SHA-256 rank","kinki-shrine-temple-sites-v5-nested-221"
"222","大国寺本堂","寺院建築","重要文化財","兵庫県","近畿","35.066079","135.147619","文化庁・国指定文化財等DB","https://kunishitei.bunka.go.jp/bsys/index","temple-102-2434","文化庁DBの緯度・経度欄","official-background-addition","200地点版を固定; official pool addition; proportional regional target; 2km spacing; deterministic SHA-256 rank","kinki-shrine-temple-sites-v5-nested-222"
"223","奥石神社本殿","神社建築","重要文化財","滋賀県","近畿","35.130489","136.161698","文化庁・国指定文化財等DB","https://kunishitei.bunka.go.jp/bsys/index","shrine-102-1474","文化庁DBの緯度・経度欄","official-background-addition","200地点版を固定; official pool addition; proportional regional target; 2km spacing; deterministic SHA-256 rank","kinki-shrine-temple-sites-v5-nested-223"
"224","観音堂","寺院建築","重要文化財","京都府","近畿","35.303806","135.424189","文化庁・国指定文化財等DB","https://kunishitei.bunka.go.jp/bsys/index","temple-102-2061","文化庁DBの緯度・経度欄","official-background-addition","200地点版を固定; official pool addition; proportional regional target; 2km spacing; deterministic SHA-256 rank","kinki-shrine-temple-sites-v5-nested-224"
"225","水度神社本殿","神社建築","重要文化財","京都府","近畿","34.854828","135.789597","文化庁・国指定文化財等DB","https://kunishitei.bunka.go.jp/bsys/index","shrine-102-1987","文化庁DBの緯度・経度欄","official-background-addition","200地点版を固定; official pool addition; proportional regional target; 2km spacing; deterministic SHA-256 rank","kinki-shrine-temple-sites-v5-nested-225"
"226","来迎寺本堂","寺院建築","重要文化財","大阪府","近畿","34.386596","135.361455","文化庁・国指定文化財等DB","https://kunishitei.bunka.go.jp/bsys/index","temple-102-2226","文化庁DBの緯度・経度欄","official-background-addition","200地点版を固定; official pool addition; proportional regional target; 2km spacing; deterministic SHA-256 rank","kinki-shrine-temple-sites-v5-nested-226"
"227","八幡神社本殿","神社建築","重要文化財","奈良県","近畿","34.603967","135.694544","文化庁・国指定文化財等DB","https://kunishitei.bunka.go.jp/bsys/index","shrine-102-2680","文化庁DBの緯度・経度欄","official-background-addition","200地点版を固定; official pool addition; proportional regional target; 2km spacing; deterministic SHA-256 rank","kinki-shrine-temple-sites-v5-nested-227"
"228","知恩寺","寺院建築","重要文化財","京都府","近畿","35.029861","135.780722","文化庁・国指定文化財等DB","https://kunishitei.bunka.go.jp/bsys/index","temple-102-00004956","文化庁DBの緯度・経度欄","official-background-addition","200地点版を固定; official pool addition; proportional regional target; 2km spacing; deterministic SHA-256 rank","kinki-shrine-temple-sites-v5-nested-228"
"229","十三神社","神社建築","重要文化財","和歌山県","近畿","34.147285","135.351202","文化庁・国指定文化財等DB","https://kunishitei.bunka.go.jp/bsys/index","shrine-102-2851","文化庁DBの緯度・経度欄","official-background-addition","200地点版を固定; official pool addition; proportional regional target; 2km spacing; deterministic SHA-256 rank","kinki-shrine-temple-sites-v5-nested-229"
"230","石山寺多宝塔","寺院建築","国宝","滋賀県","近畿","34.960968","135.905936","文化庁・国指定文化財等DB","https://kunishitei.bunka.go.jp/bsys/index","temple-102-1316","文化庁DBの緯度・経度欄","official-background-addition","200地点版を固定; official pool addition; proportional regional target; 2km spacing; deterministic SHA-256 rank","kinki-shrine-temple-sites-v5-nested-230"
"231","鏡神社本殿","神社建築","重要文化財","滋賀県","近畿","35.086826","136.079050","文化庁・国指定文化財等DB","https://kunishitei.bunka.go.jp/bsys/index","shrine-102-1491","文化庁DBの緯度・経度欄","official-background-addition","200地点版を固定; official pool addition; proportional regional target; 2km spacing; deterministic SHA-256 rank","kinki-shrine-temple-sites-v5-nested-231"
"232","松尾寺本堂","寺院建築","重要文化財","奈良県","近畿","34.634108","135.728130","文化庁・国指定文化財等DB","https://kunishitei.bunka.go.jp/bsys/index","temple-102-2575","文化庁DBの緯度・経度欄","official-background-addition","200地点版を固定; official pool addition; proportional regional target; 2km spacing; deterministic SHA-256 rank","kinki-shrine-temple-sites-v5-nested-232"
"233","丹生官省符神社本殿","神社建築","重要文化財","和歌山県","近畿","34.294180","135.549326","文化庁・国指定文化財等DB","https://kunishitei.bunka.go.jp/bsys/index","shrine-102-2878","文化庁DBの緯度・経度欄","official-background-addition","200地点版を固定; official pool addition; proportional regional target; 2km spacing; deterministic SHA-256 rank","kinki-shrine-temple-sites-v5-nested-233"
"234","久安寺楼門","寺院建築","重要文化財","大阪府","近畿","34.859524","135.445236","文化庁・国指定文化財等DB","https://kunishitei.bunka.go.jp/bsys/index","temple-102-2154","文化庁DBの緯度・経度欄","official-background-addition","200地点版を固定; official pool addition; proportional regional target; 2km spacing; deterministic SHA-256 rank","kinki-shrine-temple-sites-v5-nested-234"
"235","住吉大社本殿","神社建築","国宝","大阪府","近畿","34.612399","135.493882","文化庁・国指定文化財等DB","https://kunishitei.bunka.go.jp/bsys/index","shrine-102-2090","文化庁DBの緯度・経度欄","official-background-addition","200地点版を固定; official pool addition; proportional regional target; 2km spacing; deterministic SHA-256 rank","kinki-shrine-temple-sites-v5-nested-235"
"236","根来寺","寺院建築","重要文化財","和歌山県","近畿","34.277266","135.312066","文化庁・国指定文化財等DB","https://kunishitei.bunka.go.jp/bsys/index","temple-102-00005101","文化庁DBの緯度・経度欄","official-background-addition","200地点版を固定; official pool addition; proportional regional target; 2km spacing; deterministic SHA-256 rank","kinki-shrine-temple-sites-v5-nested-236"
"237","苗村神社境内社八幡社本殿","神社建築","重要文化財","滋賀県","近畿","35.064282","136.127711","文化庁・国指定文化財等DB","https://kunishitei.bunka.go.jp/bsys/index","shrine-102-1494","文化庁DBの緯度・経度欄","official-background-addition","200地点版を固定; official pool addition; proportional regional target; 2km spacing; deterministic SHA-256 rank","kinki-shrine-temple-sites-v5-nested-237"
"238","法華寺","寺院建築","重要文化財","奈良県","近畿","34.691920","135.804109","文化庁・国指定文化財等DB","https://kunishitei.bunka.go.jp/bsys/index","temple-102-2520","文化庁DBの緯度・経度欄","official-background-addition","200地点版を固定; official pool addition; proportional regional target; 2km spacing; deterministic SHA-256 rank","kinki-shrine-temple-sites-v5-nested-238"
"239","白山神社本殿","神社建築","重要文化財","京都府","近畿","34.720546","135.885475","文化庁・国指定文化財等DB","https://kunishitei.bunka.go.jp/bsys/index","shrine-102-2040","文化庁DBの緯度・経度欄","official-background-addition","200地点版を固定; official pool addition; proportional regional target; 2km spacing; deterministic SHA-256 rank","kinki-shrine-temple-sites-v5-nested-239"
"240","南法華寺礼堂","寺院建築","重要文化財","奈良県","近畿","34.426390","135.810339","文化庁・国指定文化財等DB","https://kunishitei.bunka.go.jp/bsys/index","temple-102-2770","文化庁DBの緯度・経度欄","official-background-addition","200地点版を固定; official pool addition; proportional regional target; 2km spacing; deterministic SHA-256 rank","kinki-shrine-temple-sites-v5-nested-240"
"241","峰定寺本堂及び供水所","寺院建築","重要文化財","京都府","近畿","35.235749","135.793890","文化庁・国指定文化財等DB","https://kunishitei.bunka.go.jp/bsys/index","temple-102-1680","文化庁DBの緯度・経度欄","official-background-addition","200地点版を固定; official pool addition; proportional regional target; 2km spacing; deterministic SHA-256 rank","kinki-shrine-temple-sites-v5-nested-241"
"242","大神神社拝殿","神社建築","重要文化財","奈良県","近畿","34.528773","135.853023","文化庁・国指定文化財等DB","https://kunishitei.bunka.go.jp/bsys/index","shrine-102-2642","文化庁DBの緯度・経度欄","official-background-addition","200地点版を固定; official pool addition; proportional regional target; 2km spacing; deterministic SHA-256 rank","kinki-shrine-temple-sites-v5-nested-242"
"243","西明寺二天門","寺院建築","重要文化財","滋賀県","近畿","35.183400","136.285110","文化庁・国指定文化財等DB","https://kunishitei.bunka.go.jp/bsys/index","temple-102-1512","文化庁DBの緯度・経度欄","official-background-addition","200地点版を固定; official pool addition; proportional regional target; 2km spacing; deterministic SHA-256 rank","kinki-shrine-temple-sites-v5-nested-243"
"244","宇太水分神社本殿","神社建築","国宝","奈良県","近畿","34.474713","135.970862","文化庁・国指定文化財等DB","https://kunishitei.bunka.go.jp/bsys/index","shrine-102-2756","文化庁DBの緯度・経度欄","official-background-addition","200地点版を固定; official pool addition; proportional regional target; 2km spacing; deterministic SHA-256 rank","kinki-shrine-temple-sites-v5-nested-244"
"245","石峯寺三重塔","寺院建築","重要文化財","兵庫県","近畿","34.832691","135.138075","文化庁・国指定文化財等DB","https://kunishitei.bunka.go.jp/bsys/index","temple-102-2240","文化庁DBの緯度・経度欄","official-background-addition","200地点版を固定; official pool addition; proportional regional target; 2km spacing; deterministic SHA-256 rank","kinki-shrine-temple-sites-v5-nested-245"
"246","御霊神社","神社建築","重要文化財","奈良県","近畿","34.361678","135.680127","文化庁・国指定文化財等DB","https://kunishitei.bunka.go.jp/bsys/index","shrine-102-2658","文化庁DBの緯度・経度欄","official-background-addition","200地点版を固定; official pool addition; proportional regional target; 2km spacing; deterministic SHA-256 rank","kinki-shrine-temple-sites-v5-nested-246"
"247","鶴林寺鐘楼","寺院建築","重要文化財","兵庫県","近畿","34.752279","134.832898","文化庁・国指定文化財等DB","https://kunishitei.bunka.go.jp/bsys/index","temple-102-2368","文化庁DBの緯度・経度欄","official-background-addition","200地点版を固定; official pool addition; proportional regional target; 2km spacing; deterministic SHA-256 rank","kinki-shrine-temple-sites-v5-nested-247"
"248","御上神社拝殿","神社建築","重要文化財","滋賀県","近畿","35.049819","136.027372","文化庁・国指定文化財等DB","https://kunishitei.bunka.go.jp/bsys/index","shrine-102-1441","文化庁DBの緯度・経度欄","official-background-addition","200地点版を固定; official pool addition; proportional regional target; 2km spacing; deterministic SHA-256 rank","kinki-shrine-temple-sites-v5-nested-248"
"249","鞆淵八幡神社大日堂","寺院建築","重要文化財","和歌山県","近畿","34.220040","135.460276","文化庁・国指定文化財等DB","https://kunishitei.bunka.go.jp/bsys/index","temple-102-2853","文化庁DBの緯度・経度欄","official-background-addition","200地点版を固定; official pool addition; proportional regional target; 2km spacing; deterministic SHA-256 rank","kinki-shrine-temple-sites-v5-nested-249"
"250","春日神社神門","神社建築","重要文化財","滋賀県","近畿","35.099875","136.056356","文化庁・国指定文化財等DB","https://kunishitei.bunka.go.jp/bsys/index","shrine-102-1454","文化庁DBの緯度・経度欄","official-background-addition","200地点版を固定; official pool addition; proportional regional target; 2km spacing; deterministic SHA-256 rank","kinki-shrine-temple-sites-v5-nested-250"
"251","如意寺文珠堂","寺院建築","重要文化財","兵庫県","近畿","34.699112","135.019597","文化庁・国指定文化財等DB","https://kunishitei.bunka.go.jp/bsys/index","temple-102-2255","文化庁DBの緯度・経度欄","official-background-addition","200地点版を固定; official pool addition; proportional regional target; 2km spacing; deterministic SHA-256 rank","kinki-shrine-temple-sites-v5-nested-251"
"252","白山神社拝殿","神社建築","重要文化財","滋賀県","近畿","34.985185","136.059666","文化庁・国指定文化財等DB","https://kunishitei.bunka.go.jp/bsys/index","shrine-102-1460","文化庁DBの緯度・経度欄","official-background-addition","200地点版を固定; official pool addition; proportional regional target; 2km spacing; deterministic SHA-256 rank","kinki-shrine-temple-sites-v5-nested-252"
"253","利生護国寺本堂","寺院建築","重要文化財","和歌山県","近畿","34.329971","135.631034","文化庁・国指定文化財等DB","https://kunishitei.bunka.go.jp/bsys/index","temple-102-2833","文化庁DBの緯度・経度欄","official-background-addition","200地点版を固定; official pool addition; proportional regional target; 2km spacing; deterministic SHA-256 rank","kinki-shrine-temple-sites-v5-nested-253"
"254","久久比神社本殿","神社建築","重要文化財","兵庫県","近畿","35.557298","134.843514","文化庁・国指定文化財等DB","https://kunishitei.bunka.go.jp/bsys/index","shrine-102-2365","文化庁DBの緯度・経度欄","official-background-addition","200地点版を固定; official pool addition; proportional regional target; 2km spacing; deterministic SHA-256 rank","kinki-shrine-temple-sites-v5-nested-254"
"255","當麻寺東塔","寺院建築","国宝","奈良県","近畿","34.515231","135.695816","文化庁・国指定文化財等DB","https://kunishitei.bunka.go.jp/bsys/index","temple-102-2779","文化庁DBの緯度・経度欄","official-background-addition","200地点版を固定; official pool addition; proportional regional target; 2km spacing; deterministic SHA-256 rank","kinki-shrine-temple-sites-v5-nested-255"
"256","愛宕神社本殿","神社建築","重要文化財","京都府","近畿","35.040932","135.587010","文化庁・国指定文化財等DB","https://kunishitei.bunka.go.jp/bsys/index","shrine-102-1985","文化庁DBの緯度・経度欄","official-background-addition","200地点版を固定; official pool addition; proportional regional target; 2km spacing; deterministic SHA-256 rank","kinki-shrine-temple-sites-v5-nested-256"
"257","円教寺常行堂","寺院建築","重要文化財","兵庫県","近畿","34.892147","134.654506","文化庁・国指定文化財等DB","https://kunishitei.bunka.go.jp/bsys/index","temple-102-2260","文化庁DBの緯度・経度欄","official-background-addition","200地点版を固定; official pool addition; proportional regional target; 2km spacing; deterministic SHA-256 rank","kinki-shrine-temple-sites-v5-nested-257"
"258","伊砂砂神社本殿","神社建築","重要文化財","滋賀県","近畿","35.025296","135.966802","文化庁・国指定文化財等DB","https://kunishitei.bunka.go.jp/bsys/index","shrine-102-1420","文化庁DBの緯度・経度欄","official-background-addition","200地点版を固定; official pool addition; proportional regional target; 2km spacing; deterministic SHA-256 rank","kinki-shrine-temple-sites-v5-nested-258"
"259","九品寺大門","寺院建築","重要文化財","京都府","近畿","35.101345","135.441719","文化庁・国指定文化財等DB","https://kunishitei.bunka.go.jp/bsys/index","temple-102-2053","文化庁DBの緯度・経度欄","official-background-addition","200地点版を固定; official pool addition; proportional regional target; 2km spacing; deterministic SHA-256 rank","kinki-shrine-temple-sites-v5-nested-259"
"260","小槻大社本殿","神社建築","重要文化財","滋賀県","近畿","35.006777","135.992487","文化庁・国指定文化財等DB","https://kunishitei.bunka.go.jp/bsys/index","shrine-102-1438","文化庁DBの緯度・経度欄","official-background-addition","200地点版を固定; official pool addition; proportional regional target; 2km spacing; deterministic SHA-256 rank","kinki-shrine-temple-sites-v5-nested-260"
"261","長谷寺","寺院建築","重要文化財","奈良県","近畿","34.534704","135.907586","文化庁・国指定文化財等DB","https://kunishitei.bunka.go.jp/bsys/index","temple-102-2653","文化庁DBの緯度・経度欄","official-background-addition","200地点版を固定; official pool addition; proportional regional target; 2km spacing; deterministic SHA-256 rank","kinki-shrine-temple-sites-v5-nested-261"
"262","石上神宮拝殿","神社建築","国宝","奈良県","近畿","34.597809","135.852014","文化庁・国指定文化財等DB","https://kunishitei.bunka.go.jp/bsys/index","shrine-102-2594","文化庁DBの緯度・経度欄","official-background-addition","200地点版を固定; official pool addition; proportional regional target; 2km spacing; deterministic SHA-256 rank","kinki-shrine-temple-sites-v5-nested-262"
"263","正法寺","寺院建築","重要文化財","京都府","近畿","34.870218","135.701368","文化庁・国指定文化財等DB","https://kunishitei.bunka.go.jp/bsys/index","temple-102-2006","文化庁DBの緯度・経度欄","official-background-addition","200地点版を固定; official pool addition; proportional regional target; 2km spacing; deterministic SHA-256 rank","kinki-shrine-temple-sites-v5-nested-263"
"264","松平秀康及び同母霊屋","神社建築","重要文化財","和歌山県","近畿","34.220457","135.605567","文化庁・国指定文化財等DB","https://kunishitei.bunka.go.jp/bsys/index","shrine-102-2896","文化庁DBの緯度・経度欄","official-background-addition","200地点版を固定; official pool addition; proportional regional target; 2km spacing; deterministic SHA-256 rank","kinki-shrine-temple-sites-v5-nested-264"
"265","醍醐寺開山堂","寺院建築","重要文化財","京都府","近畿","34.944620","135.840826","文化庁・国指定文化財等DB","https://kunishitei.bunka.go.jp/bsys/index","temple-102-1905","文化庁DBの緯度・経度欄","official-background-addition","200地点版を固定; official pool addition; proportional regional target; 2km spacing; deterministic SHA-256 rank","kinki-shrine-temple-sites-v5-nested-265"
"266","大野神社楼門","神社建築","重要文化財","滋賀県","近畿","34.990058","136.022814","文化庁・国指定文化財等DB","https://kunishitei.bunka.go.jp/bsys/index","shrine-102-1432","文化庁DBの緯度・経度欄","official-background-addition","200地点版を固定; official pool addition; proportional regional target; 2km spacing; deterministic SHA-256 rank","kinki-shrine-temple-sites-v5-nested-266"
"267","阿弥陀寺本堂（旧紀伊藩台徳院霊屋）","寺院建築","重要文化財","和歌山県","近畿","34.226449","135.207689","文化庁・国指定文化財等DB","https://kunishitei.bunka.go.jp/bsys/index","temple-102-00005141","文化庁DBの緯度・経度欄","official-background-addition","200地点版を固定; official pool addition; proportional regional target; 2km spacing; deterministic SHA-256 rank","kinki-shrine-temple-sites-v5-nested-267"
"268","小津神社本殿","神社建築","重要文化財","滋賀県","近畿","35.073108","135.959435","文化庁・国指定文化財等DB","https://kunishitei.bunka.go.jp/bsys/index","shrine-102-1424","文化庁DBの緯度・経度欄","official-background-addition","200地点版を固定; official pool addition; proportional regional target; 2km spacing; deterministic SHA-256 rank","kinki-shrine-temple-sites-v5-nested-268"
"269","光明寺二王門","寺院建築","国宝","京都府","近畿","35.387414","135.442130","文化庁・国指定文化財等DB","https://kunishitei.bunka.go.jp/bsys/index","temple-102-1938","文化庁DBの緯度・経度欄","official-background-addition","200地点版を固定; official pool addition; proportional regional target; 2km spacing; deterministic SHA-256 rank","kinki-shrine-temple-sites-v5-nested-269"
"270","布施神社本殿","神社建築","重要文化財","滋賀県","近畿","35.086376","136.178301","文化庁・国指定文化財等DB","https://kunishitei.bunka.go.jp/bsys/index","shrine-102-1413","文化庁DBの緯度・経度欄","official-background-addition","200地点版を固定; official pool addition; proportional regional target; 2km spacing; deterministic SHA-256 rank","kinki-shrine-temple-sites-v5-nested-270"
"271","春日神社本殿","神社建築","重要文化財","奈良県","近畿","34.288484","135.726518","文化庁・国指定文化財等DB","https://kunishitei.bunka.go.jp/bsys/index","shrine-102-2803","文化庁DBの緯度・経度欄","official-background-addition","200地点版を固定; official pool addition; proportional regional target; 2km spacing; deterministic SHA-256 rank","kinki-shrine-temple-sites-v5-nested-271"
"272","往生極楽院阿弥陀堂","寺院建築","重要文化財","京都府","近畿","35.119387","135.834732","文化庁・国指定文化財等DB","https://kunishitei.bunka.go.jp/bsys/index","temple-102-1637","文化庁DBの緯度・経度欄","official-background-addition","200地点版を固定; official pool addition; proportional regional target; 2km spacing; deterministic SHA-256 rank","kinki-shrine-temple-sites-v5-nested-272"
"273","名草神社","神社建築","重要文化財","兵庫県","近畿","35.422221","134.655525","文化庁・国指定文化財等DB","https://kunishitei.bunka.go.jp/bsys/index","shrine-102-00004436","文化庁DBの緯度・経度欄","official-background-addition","200地点版を固定; official pool addition; proportional regional target; 2km spacing; deterministic SHA-256 rank","kinki-shrine-temple-sites-v5-nested-273"
"274","東光寺本堂","寺院建築","重要文化財","兵庫県","近畿","34.890961","135.160367","文化庁・国指定文化財等DB","https://kunishitei.bunka.go.jp/bsys/index","temple-102-2397","文化庁DBの緯度・経度欄","official-background-addition","200地点版を固定; official pool addition; proportional regional target; 2km spacing; deterministic SHA-256 rank","kinki-shrine-temple-sites-v5-nested-274"
"275","杭全神社本殿(第一殿)","神社建築","重要文化財","大阪府","近畿","34.629232","135.554816","文化庁・国指定文化財等DB","https://kunishitei.bunka.go.jp/bsys/index","shrine-102-2101","文化庁DBの緯度・経度欄","official-background-addition","200地点版を固定; official pool addition; proportional regional target; 2km spacing; deterministic SHA-256 rank","kinki-shrine-temple-sites-v5-nested-275"
"276","弥勒寺本堂","寺院建築","重要文化財","兵庫県","近畿","34.935794","134.662185","文化庁・国指定文化財等DB","https://kunishitei.bunka.go.jp/bsys/index","temple-102-2404","文化庁DBの緯度・経度欄","official-background-addition","200地点版を固定; official pool addition; proportional regional target; 2km spacing; deterministic SHA-256 rank","kinki-shrine-temple-sites-v5-nested-276"
"277","豊満神社四脚門","神社建築","重要文化財","滋賀県","近畿","35.165211","136.218263","文化庁・国指定文化財等DB","https://kunishitei.bunka.go.jp/bsys/index","shrine-102-1509","文化庁DBの緯度・経度欄","official-background-addition","200地点版を固定; official pool addition; proportional regional target; 2km spacing; deterministic SHA-256 rank","kinki-shrine-temple-sites-v5-nested-277"
"278","報土寺","寺院建築","重要文化財","京都府","近畿","35.024093","135.740742","文化庁・国指定文化財等DB","https://kunishitei.bunka.go.jp/bsys/index","temple-102-1636","文化庁DBの緯度・経度欄","official-background-addition","200地点版を固定; official pool addition; proportional regional target; 2km spacing; deterministic SHA-256 rank","kinki-shrine-temple-sites-v5-nested-278"
"279","長尾神社本殿","神社建築","重要文化財","奈良県","近畿","34.722668","135.937760","文化庁・国指定文化財等DB","https://kunishitei.bunka.go.jp/bsys/index","shrine-102-2532","文化庁DBの緯度・経度欄","official-background-addition","200地点版を固定; official pool addition; proportional regional target; 2km spacing; deterministic SHA-256 rank","kinki-shrine-temple-sites-v5-nested-279"
"280","朝光寺鐘楼","寺院建築","重要文化財","兵庫県","近畿","34.932377","135.044220","文化庁・国指定文化財等DB","https://kunishitei.bunka.go.jp/bsys/index","temple-102-2401","文化庁DBの緯度・経度欄","official-background-addition","200地点版を固定; official pool addition; proportional regional target; 2km spacing; deterministic SHA-256 rank","kinki-shrine-temple-sites-v5-nested-280"
"281","宝来山神社本殿","神社建築","重要文化財","和歌山県","近畿","34.291830","135.468831","文化庁・国指定文化財等DB","https://kunishitei.bunka.go.jp/bsys/index","shrine-102-2874","文化庁DBの緯度・経度欄","official-background-addition","200地点版を固定; official pool addition; proportional regional target; 2km spacing; deterministic SHA-256 rank","kinki-shrine-temple-sites-v5-nested-281"
"282","南宗寺","寺院建築","重要文化財","大阪府","近畿","34.569511","135.468966","文化庁・国指定文化財等DB","https://kunishitei.bunka.go.jp/bsys/index","temple-102-2143","文化庁DBの緯度・経度欄","official-background-addition","200地点版を固定; official pool addition; proportional regional target; 2km spacing; deterministic SHA-256 rank","kinki-shrine-temple-sites-v5-nested-282"
"283","甲良神社権殿","神社建築","重要文化財","滋賀県","近畿","35.212339","136.254681","文化庁・国指定文化財等DB","https://kunishitei.bunka.go.jp/bsys/index","shrine-102-1514","文化庁DBの緯度・経度欄","official-background-addition","200地点版を固定; official pool addition; proportional regional target; 2km spacing; deterministic SHA-256 rank","kinki-shrine-temple-sites-v5-nested-283"
"284","叡福寺","寺院建築","重要文化財","大阪府","近畿","34.518973","135.638973","文化庁・国指定文化財等DB","https://kunishitei.bunka.go.jp/bsys/index","temple-102-2230","文化庁DBの緯度・経度欄","official-background-addition","200地点版を固定; official pool addition; proportional regional target; 2km spacing; deterministic SHA-256 rank","kinki-shrine-temple-sites-v5-nested-284"
"285","賀茂別雷神社","神社建築","重要文化財","京都府","近畿","35.060326","135.752749","文化庁・国指定文化財等DB","https://kunishitei.bunka.go.jp/bsys/index","shrine-102-1561","文化庁DBの緯度・経度欄","official-background-addition","200地点版を固定; official pool addition; proportional regional target; 2km spacing; deterministic SHA-256 rank","kinki-shrine-temple-sites-v5-nested-285"
"286","大蔵寺本堂","寺院建築","重要文化財","奈良県","近畿","34.450598","135.929919","文化庁・国指定文化財等DB","https://kunishitei.bunka.go.jp/bsys/index","temple-102-2749","文化庁DBの緯度・経度欄","official-background-addition","200地点版を固定; official pool addition; proportional regional target; 2km spacing; deterministic SHA-256 rank","kinki-shrine-temple-sites-v5-nested-286"
"287","矢田坐久志玉比古神社","神社建築","重要文化財","奈良県","近畿","34.651837","135.748088","文化庁・国指定文化財等DB","https://kunishitei.bunka.go.jp/bsys/index","shrine-102-2576","文化庁DBの緯度・経度欄","official-background-addition","200地点版を固定; official pool addition; proportional regional target; 2km spacing; deterministic SHA-256 rank","kinki-shrine-temple-sites-v5-nested-287"
"288","長福寺本堂","寺院建築","重要文化財","奈良県","近畿","34.705611","135.695227","文化庁・国指定文化財等DB","https://kunishitei.bunka.go.jp/bsys/index","temple-102-2665","文化庁DBの緯度・経度欄","official-background-addition","200地点版を固定; official pool addition; proportional regional target; 2km spacing; deterministic SHA-256 rank","kinki-shrine-temple-sites-v5-nested-288"
"289","飯道神社本殿","神社建築","重要文化財","滋賀県","近畿","34.940100","136.103243","文化庁・国指定文化財等DB","https://kunishitei.bunka.go.jp/bsys/index","shrine-102-1471","文化庁DBの緯度・経度欄","official-background-addition","200地点版を固定; official pool addition; proportional regional target; 2km spacing; deterministic SHA-256 rank","kinki-shrine-temple-sites-v5-nested-289"
"290","長保寺多宝塔","寺院建築","国宝","和歌山県","近畿","34.108945","135.165818","文化庁・国指定文化財等DB","https://kunishitei.bunka.go.jp/bsys/index","temple-102-2838","文化庁DBの緯度・経度欄","official-background-addition","200地点版を固定; official pool addition; proportional regional target; 2km spacing; deterministic SHA-256 rank","kinki-shrine-temple-sites-v5-nested-290"
"291","広峯神社拝殿","神社建築","重要文化財","兵庫県","近畿","34.873795","134.700392","文化庁・国指定文化財等DB","https://kunishitei.bunka.go.jp/bsys/index","shrine-102-2348","文化庁DBの緯度・経度欄","official-background-addition","200地点版を固定; official pool addition; proportional regional target; 2km spacing; deterministic SHA-256 rank","kinki-shrine-temple-sites-v5-nested-291"
"292","長弓寺本堂","寺院建築","国宝","奈良県","近畿","34.718572","135.727286","文化庁・国指定文化財等DB","https://kunishitei.bunka.go.jp/bsys/index","temple-102-2664","文化庁DBの緯度・経度欄","official-background-addition","200地点版を固定; official pool addition; proportional regional target; 2km spacing; deterministic SHA-256 rank","kinki-shrine-temple-sites-v5-nested-292"
"293","高山八幡宮本殿","神社建築","重要文化財","奈良県","近畿","34.745172","135.722325","文化庁・国指定文化財等DB","https://kunishitei.bunka.go.jp/bsys/index","shrine-102-2674","文化庁DBの緯度・経度欄","official-background-addition","200地点版を固定; official pool addition; proportional regional target; 2km spacing; deterministic SHA-256 rank","kinki-shrine-temple-sites-v5-nested-293"
"294","安楽寺多宝小塔","寺院建築","重要文化財","和歌山県","近畿","34.070174","135.358581","文化庁・国指定文化財等DB","https://kunishitei.bunka.go.jp/bsys/index","temple-102-2912","文化庁DBの緯度・経度欄","official-background-addition","200地点版を固定; official pool addition; proportional regional target; 2km spacing; deterministic SHA-256 rank","kinki-shrine-temple-sites-v5-nested-294"
"295","稲荷神社本殿","神社建築","重要文化財","兵庫県","近畿","34.914762","135.120906","文化庁・国指定文化財等DB","https://kunishitei.bunka.go.jp/bsys/index","shrine-102-2399","文化庁DBの緯度・経度欄","official-background-addition","200地点版を固定; official pool addition; proportional regional target; 2km spacing; deterministic SHA-256 rank","kinki-shrine-temple-sites-v5-nested-295"
"296","富田林興正寺別院","寺院建築","重要文化財","大阪府","近畿","34.500198","135.602706","文化庁・国指定文化財等DB","https://kunishitei.bunka.go.jp/bsys/index","temple-102-00004732","文化庁DBの緯度・経度欄","official-background-addition","200地点版を固定; official pool addition; proportional regional target; 2km spacing; deterministic SHA-256 rank","kinki-shrine-temple-sites-v5-nested-296"
"297","雙栗神社本殿","神社建築","重要文化財","京都府","近畿","34.876266","135.757563","文化庁・国指定文化財等DB","https://kunishitei.bunka.go.jp/bsys/index","shrine-102-2023","文化庁DBの緯度・経度欄","official-background-addition","200地点版を固定; official pool addition; proportional regional target; 2km spacing; deterministic SHA-256 rank","kinki-shrine-temple-sites-v5-nested-297"
"298","四天王寺","寺院建築","重要文化財","大阪府","近畿","34.655131","135.516947","文化庁・国指定文化財等DB","https://kunishitei.bunka.go.jp/bsys/index","temple-102-2084","文化庁DBの緯度・経度欄","official-background-addition","200地点版を固定; official pool addition; proportional regional target; 2km spacing; deterministic SHA-256 rank","kinki-shrine-temple-sites-v5-nested-298"
"299","相樂神社本殿","神社建築","重要文化財","京都府","近畿","34.736632","135.800085","文化庁・国指定文化財等DB","https://kunishitei.bunka.go.jp/bsys/index","shrine-102-2028","文化庁DBの緯度・経度欄","official-background-addition","200地点版を固定; official pool addition; proportional regional target; 2km spacing; deterministic SHA-256 rank","kinki-shrine-temple-sites-v5-nested-299"
"300","向岳寺中門","寺院建築","重要文化財","山梨県","北陸甲信","35.710097","138.722424","文化庁・国指定文化財等DB","https://kunishitei.bunka.go.jp/bsys/index","temple-102-864","文化庁DBの緯度・経度欄","official-background-addition","200地点版を固定; official pool addition; proportional regional target; 2km spacing; deterministic SHA-256 rank","kinki-shrine-temple-sites-v5-nested-300"
"301","高鴨神社本殿","神社建築","重要文化財","奈良県","近畿","34.408307","135.707609","文化庁・国指定文化財等DB","https://kunishitei.bunka.go.jp/bsys/index","shrine-102-2661","文化庁DBの緯度・経度欄","official-background-addition","200地点版を固定; official pool addition; proportional regional target; 2km spacing; deterministic SHA-256 rank","kinki-shrine-temple-sites-v5-nested-301"
"302","安楽寺八角三重塔","寺院建築","国宝","長野県","北陸甲信","36.352401","138.152294","文化庁・国指定文化財等DB","https://kunishitei.bunka.go.jp/bsys/index","temple-102-933","文化庁DBの緯度・経度欄","official-background-addition","200地点版を固定; official pool addition; proportional regional target; 2km spacing; deterministic SHA-256 rank","kinki-shrine-temple-sites-v5-nested-302"
"303","天満神社本殿","神社建築","重要文化財","兵庫県","近畿","34.930375","134.544238","文化庁・国指定文化財等DB","https://kunishitei.bunka.go.jp/bsys/index","shrine-102-2405","文化庁DBの緯度・経度欄","official-background-addition","200地点版を固定; official pool addition; proportional regional target; 2km spacing; deterministic SHA-256 rank","kinki-shrine-temple-sites-v5-nested-303"
"304","妙成寺祖師堂","寺院建築","重要文化財","石川県","北陸甲信","36.954429","136.776250","文化庁・国指定文化財等DB","https://kunishitei.bunka.go.jp/bsys/index","temple-102-797","文化庁DBの緯度・経度欄","official-background-addition","200地点版を固定; official pool addition; proportional regional target; 2km spacing; deterministic SHA-256 rank","kinki-shrine-temple-sites-v5-nested-304"
"305","野上八幡宮拝殿","神社建築","重要文化財","和歌山県","近畿","34.165697","135.294682","文化庁・国指定文化財等DB","https://kunishitei.bunka.go.jp/bsys/index","shrine-102-2846","文化庁DBの緯度・経度欄","official-background-addition","200地点版を固定; official pool addition; proportional regional target; 2km spacing; deterministic SHA-256 rank","kinki-shrine-temple-sites-v5-nested-305"
"306","種月寺本堂","寺院建築","重要文化財","新潟県","北陸甲信","37.727291","138.834767","文化庁・国指定文化財等DB","https://kunishitei.bunka.go.jp/bsys/index","temple-102-645","文化庁DBの緯度・経度欄","official-background-addition","200地点版を固定; official pool addition; proportional regional target; 2km spacing; deterministic SHA-256 rank","kinki-shrine-temple-sites-v5-nested-306"
"307","金峯山寺二王門","寺院建築","国宝","奈良県","近畿","34.368899","135.858927","文化庁・国指定文化財等DB","https://kunishitei.bunka.go.jp/bsys/index","temple-102-2798","文化庁DBの緯度・経度欄","official-background-addition","200地点版を固定; official pool addition; proportional regional target; 2km spacing; deterministic SHA-256 rank","kinki-shrine-temple-sites-v5-nested-307"
"308","山梨岡神社本殿","神社建築","重要文化財","山梨県","北陸甲信","35.664610","138.638732","文化庁・国指定文化財等DB","https://kunishitei.bunka.go.jp/bsys/index","shrine-102-880","文化庁DBの緯度・経度欄","official-background-addition","200地点版を固定; official pool addition; proportional regional target; 2km spacing; deterministic SHA-256 rank","kinki-shrine-temple-sites-v5-nested-308"
"309","兵主神社本殿","神社建築","重要文化財","大阪府","近畿","34.470793","135.391463","文化庁・国指定文化財等DB","https://kunishitei.bunka.go.jp/bsys/index","shrine-102-2146","文化庁DBの緯度・経度欄","official-background-addition","200地点版を固定; official pool addition; proportional regional target; 2km spacing; deterministic SHA-256 rank","kinki-shrine-temple-sites-v5-nested-309"
"310","盛蓮寺観音堂","寺院建築","重要文化財","長野県","北陸甲信","36.458867","137.871874","文化庁・国指定文化財等DB","https://kunishitei.bunka.go.jp/bsys/index","temple-102-959","文化庁DBの緯度・経度欄","official-background-addition","200地点版を固定; official pool addition; proportional regional target; 2km spacing; deterministic SHA-256 rank","kinki-shrine-temple-sites-v5-nested-310"
"311","都祁水分神社本殿","神社建築","重要文化財","奈良県","近畿","34.597331","135.947183","文化庁・国指定文化財等DB","https://kunishitei.bunka.go.jp/bsys/index","shrine-102-2676","文化庁DBの緯度・経度欄","official-background-addition","200地点版を固定; official pool addition; proportional regional target; 2km spacing; deterministic SHA-256 rank","kinki-shrine-temple-sites-v5-nested-311"
"312","願興寺本堂","寺院建築","重要文化財","岐阜県","北陸甲信","35.431420","137.143998","文化庁・国指定文化財等DB","https://kunishitei.bunka.go.jp/bsys/index","temple-102-1096","文化庁DBの緯度・経度欄","official-background-addition","200地点版を固定; official pool addition; proportional regional target; 2km spacing; deterministic SHA-256 rank","kinki-shrine-temple-sites-v5-nested-312"
"313","酒垂神社本殿","神社建築","重要文化財","兵庫県","近畿","35.555524","134.869508","文化庁・国指定文化財等DB","https://kunishitei.bunka.go.jp/bsys/index","shrine-102-2364","文化庁DBの緯度・経度欄","official-background-addition","200地点版を固定; official pool addition; proportional regional target; 2km spacing; deterministic SHA-256 rank","kinki-shrine-temple-sites-v5-nested-313"
"314","飯盛寺本堂","寺院建築","重要文化財","福井県","北陸甲信","35.464223","135.670706","文化庁・国指定文化財等DB","https://kunishitei.bunka.go.jp/bsys/index","temple-102-826","文化庁DBの緯度・経度欄","official-background-addition","200地点版を固定; official pool addition; proportional regional target; 2km spacing; deterministic SHA-256 rank","kinki-shrine-temple-sites-v5-nested-314"
"315","船守神社本殿","神社建築","重要文化財","大阪府","近畿","34.331358","135.172292","文化庁・国指定文化財等DB","https://kunishitei.bunka.go.jp/bsys/index","shrine-102-2229","文化庁DBの緯度・経度欄","official-background-addition","200地点版を固定; official pool addition; proportional regional target; 2km spacing; deterministic SHA-256 rank","kinki-shrine-temple-sites-v5-nested-315"
"316","那谷寺本堂","寺院建築","重要文化財","石川県","北陸甲信","36.311561","136.421385","文化庁・国指定文化財等DB","https://kunishitei.bunka.go.jp/bsys/index","temple-102-775","文化庁DBの緯度・経度欄","official-background-addition","200地点版を固定; official pool addition; proportional regional target; 2km spacing; deterministic SHA-256 rank","kinki-shrine-temple-sites-v5-nested-316"
"317","住吉神社","神社建築","重要文化財","兵庫県","近畿","34.935458","134.828489","文化庁・国指定文化財等DB","https://kunishitei.bunka.go.jp/bsys/index","shrine-102-00005472","文化庁DBの緯度・経度欄","official-background-addition","200地点版を固定; official pool addition; proportional regional target; 2km spacing; deterministic SHA-256 rank","kinki-shrine-temple-sites-v5-nested-317"
"318","浄念寺本堂","寺院建築","重要文化財","新潟県","北陸甲信","38.224909","139.476407","文化庁・国指定文化財等DB","https://kunishitei.bunka.go.jp/bsys/index","temple-102-641","文化庁DBの緯度・経度欄","official-background-addition","200地点版を固定; official pool addition; proportional regional target; 2km spacing; deterministic SHA-256 rank","kinki-shrine-temple-sites-v5-nested-318"
"319","和爾下神社本殿","神社建築","重要文化財","奈良県","近畿","34.620098","135.835284","文化庁・国指定文化財等DB","https://kunishitei.bunka.go.jp/bsys/index","shrine-102-2602","文化庁DBの緯度・経度欄","official-background-addition","200地点版を固定; official pool addition; proportional regional target; 2km spacing; deterministic SHA-256 rank","kinki-shrine-temple-sites-v5-nested-319"
"320","日吉神社三重塔","寺院建築","重要文化財","岐阜県","北陸甲信","35.424750","136.604706","文化庁・国指定文化財等DB","https://kunishitei.bunka.go.jp/bsys/index","temple-102-1089","文化庁DBの緯度・経度欄","official-background-addition","200地点版を固定; official pool addition; proportional regional target; 2km spacing; deterministic SHA-256 rank","kinki-shrine-temple-sites-v5-nested-320"
"321","御香宮神社表門","神社建築","重要文化財","京都府","近畿","34.934062","135.767461","文化庁・国指定文化財等DB","https://kunishitei.bunka.go.jp/bsys/index","shrine-102-1923","文化庁DBの緯度・経度欄","official-background-addition","200地点版を固定; official pool addition; proportional regional target; 2km spacing; deterministic SHA-256 rank","kinki-shrine-temple-sites-v5-nested-321"
"322","中山寺本堂","寺院建築","重要文化財","福井県","北陸甲信","35.496193","135.500698","文化庁・国指定文化財等DB","https://kunishitei.bunka.go.jp/bsys/index","temple-102-838","文化庁DBの緯度・経度欄","official-background-addition","200地点版を固定; official pool addition; proportional regional target; 2km spacing; deterministic SHA-256 rank","kinki-shrine-temple-sites-v5-nested-322"
"323","原田神社本殿","神社建築","重要文化財","大阪府","近畿","34.779439","135.465704","文化庁・国指定文化財等DB","https://kunishitei.bunka.go.jp/bsys/index","shrine-102-2153","文化庁DBの緯度・経度欄","official-background-addition","200地点版を固定; official pool addition; proportional regional target; 2km spacing; deterministic SHA-256 rank","kinki-shrine-temple-sites-v5-nested-323"
"324","雲峰寺仁王門","寺院建築","重要文化財","山梨県","北陸甲信","35.738913","138.804371","文化庁・国指定文化財等DB","https://kunishitei.bunka.go.jp/bsys/index","temple-102-857","文化庁DBの緯度・経度欄","official-background-addition","200地点版を固定; official pool addition; proportional regional target; 2km spacing; deterministic SHA-256 rank","kinki-shrine-temple-sites-v5-nested-324"
"325","浄妙寺本堂","寺院建築","重要文化財","和歌山県","近畿","34.076411","135.114646","文化庁・国指定文化財等DB","https://kunishitei.bunka.go.jp/bsys/index","temple-102-2834","文化庁DBの緯度・経度欄","official-background-addition","200地点版を固定; official pool addition; proportional regional target; 2km spacing; deterministic SHA-256 rank","kinki-shrine-temple-sites-v5-nested-325"
"326","諏訪大社上社本宮","神社建築","重要文化財","長野県","北陸甲信","35.998832","138.118627","文化庁・国指定文化財等DB","https://kunishitei.bunka.go.jp/bsys/index","shrine-102-946","文化庁DBの緯度・経度欄","official-background-addition","200地点版を固定; official pool addition; proportional regional target; 2km spacing; deterministic SHA-256 rank","kinki-shrine-temple-sites-v5-nested-326"
"327","智恩寺多宝塔","寺院建築","重要文化財","京都府","近畿","35.557928","135.184040","文化庁・国指定文化財等DB","https://kunishitei.bunka.go.jp/bsys/index","temple-102-1978","文化庁DBの緯度・経度欄","official-background-addition","200地点版を固定; official pool addition; proportional regional target; 2km spacing; deterministic SHA-256 rank","kinki-shrine-temple-sites-v5-nested-327"
"328","荒城神社本殿","神社建築","重要文化財","岐阜県","北陸甲信","36.218875","137.259626","文化庁・国指定文化財等DB","https://kunishitei.bunka.go.jp/bsys/index","shrine-102-1106","文化庁DBの緯度・経度欄","official-background-addition","200地点版を固定; official pool addition; proportional regional target; 2km spacing; deterministic SHA-256 rank","kinki-shrine-temple-sites-v5-nested-328"
"329","大峰山寺本堂","寺院建築","重要文化財","奈良県","近畿","34.253004","135.941335","文化庁・国指定文化財等DB","https://kunishitei.bunka.go.jp/bsys/index","temple-102-2806","文化庁DBの緯度・経度欄","official-background-addition","200地点版を固定; official pool addition; proportional regional target; 2km spacing; deterministic SHA-256 rank","kinki-shrine-temple-sites-v5-nested-329"
"330","穴切大神社本殿","神社建築","重要文化財","山梨県","北陸甲信","35.662655","138.561025","文化庁・国指定文化財等DB","https://kunishitei.bunka.go.jp/bsys/index","shrine-102-840","文化庁DBの緯度・経度欄","official-background-addition","200地点版を固定; official pool addition; proportional regional target; 2km spacing; deterministic SHA-256 rank","kinki-shrine-temple-sites-v5-nested-330"
"331","橿原神宮本殿","神社建築","重要文化財","奈良県","近畿","34.488485","135.786091","文化庁・国指定文化財等DB","https://kunishitei.bunka.go.jp/bsys/index","shrine-102-2603","文化庁DBの緯度・経度欄","official-background-addition","200地点版を固定; official pool addition; proportional regional target; 2km spacing; deterministic SHA-256 rank","kinki-shrine-temple-sites-v5-nested-331"
"332","善光寺三門","寺院建築","重要文化財","長野県","北陸甲信","36.660750","138.187652","文化庁・国指定文化財等DB","https://kunishitei.bunka.go.jp/bsys/index","temple-102-908","文化庁DBの緯度・経度欄","official-background-addition","200地点版を固定; official pool addition; proportional regional target; 2km spacing; deterministic SHA-256 rank","kinki-shrine-temple-sites-v5-nested-332"
"333","浄厳院","寺院建築","重要文化財","滋賀県","近畿","35.137870","136.128702","文化庁・国指定文化財等DB","https://kunishitei.bunka.go.jp/bsys/index","temple-102-1476","文化庁DBの緯度・経度欄","official-background-addition","200地点版を固定; official pool addition; proportional regional target; 2km spacing; deterministic SHA-256 rank","kinki-shrine-temple-sites-v5-nested-333"
"334","多多神社本殿","神社建築","重要文化財","新潟県","北陸甲信","37.404581","138.639159","文化庁・国指定文化財等DB","https://kunishitei.bunka.go.jp/bsys/index","shrine-102-635","文化庁DBの緯度・経度欄","official-background-addition","200地点版を固定; official pool addition; proportional regional target; 2km spacing; deterministic SHA-256 rank","kinki-shrine-temple-sites-v5-nested-334"
"335","秋篠寺本堂","寺院建築","国宝","奈良県","近畿","34.703610","135.776210","文化庁・国指定文化財等DB","https://kunishitei.bunka.go.jp/bsys/index","temple-102-2485","文化庁DBの緯度・経度欄","official-background-addition","200地点版を固定; official pool addition; proportional regional target; 2km spacing; deterministic SHA-256 rank","kinki-shrine-temple-sites-v5-nested-335"
"336","気比神宮大鳥居","神社建築","重要文化財","福井県","北陸甲信","35.654371","136.073836","文化庁・国指定文化財等DB","https://kunishitei.bunka.go.jp/bsys/index","shrine-102-817","文化庁DBの緯度・経度欄","official-background-addition","200地点版を固定; official pool addition; proportional regional target; 2km spacing; deterministic SHA-256 rank","kinki-shrine-temple-sites-v5-nested-336"
"337","春日神社本殿","神社建築","重要文化財","京都府","近畿","34.781658","135.793686","文化庁・国指定文化財等DB","https://kunishitei.bunka.go.jp/bsys/index","shrine-102-2048","文化庁DBの緯度・経度欄","official-background-addition","200地点版を固定; official pool addition; proportional regional target; 2km spacing; deterministic SHA-256 rank","kinki-shrine-temple-sites-v5-nested-337"
"338","法住寺虚空蔵堂","寺院建築","重要文化財","長野県","北陸甲信","36.303721","138.195281","文化庁・国指定文化財等DB","https://kunishitei.bunka.go.jp/bsys/index","temple-102-977","文化庁DBの緯度・経度欄","official-background-addition","200地点版を固定; official pool addition; proportional regional target; 2km spacing; deterministic SHA-256 rank","kinki-shrine-temple-sites-v5-nested-338"
"339","石津寺本堂","寺院建築","重要文化財","滋賀県","近畿","35.005907","135.924244","文化庁・国指定文化財等DB","https://kunishitei.bunka.go.jp/bsys/index","temple-102-1419","文化庁DBの緯度・経度欄","official-background-addition","200地点版を固定; official pool addition; proportional regional target; 2km spacing; deterministic SHA-256 rank","kinki-shrine-temple-sites-v5-nested-339"
"340","熱田神社本殿","神社建築","重要文化財","長野県","北陸甲信","35.789578","138.089081","文化庁・国指定文化財等DB","https://kunishitei.bunka.go.jp/bsys/index","shrine-102-991","文化庁DBの緯度・経度欄","official-background-addition","200地点版を固定; official pool addition; proportional regional target; 2km spacing; deterministic SHA-256 rank","kinki-shrine-temple-sites-v5-nested-340"
"341","金剛院塔婆（三重塔）","寺院建築","重要文化財","京都府","近畿","35.476656","135.446837","文化庁・国指定文化財等DB","https://kunishitei.bunka.go.jp/bsys/index","temple-102-1936","文化庁DBの緯度・経度欄","official-background-addition","200地点版を固定; official pool addition; proportional regional target; 2km spacing; deterministic SHA-256 rank","kinki-shrine-temple-sites-v5-nested-341"
"342","小松天満宮","神社建築","重要文化財","石川県","北陸甲信","36.415952","136.449112","文化庁・国指定文化財等DB","https://kunishitei.bunka.go.jp/bsys/index","shrine-102-782","文化庁DBの緯度・経度欄","official-background-addition","200地点版を固定; official pool addition; proportional regional target; 2km spacing; deterministic SHA-256 rank","kinki-shrine-temple-sites-v5-nested-342"
"343","白山神社本殿","神社建築","重要文化財","奈良県","近畿","34.503311","135.843255","文化庁・国指定文化財等DB","https://kunishitei.bunka.go.jp/bsys/index","shrine-102-2654","文化庁DBの緯度・経度欄","official-background-addition","200地点版を固定; official pool addition; proportional regional target; 2km spacing; deterministic SHA-256 rank","kinki-shrine-temple-sites-v5-nested-343"
"344","薬師堂","寺院建築","重要文化財","岐阜県","北陸甲信","36.299942","137.307129","文化庁・国指定文化財等DB","https://kunishitei.bunka.go.jp/bsys/index","temple-102-1110","文化庁DBの緯度・経度欄","official-background-addition","200地点版を固定; official pool addition; proportional regional target; 2km spacing; deterministic SHA-256 rank","kinki-shrine-temple-sites-v5-nested-344"
"345","積川神社本殿","神社建築","重要文化財","大阪府","近畿","34.425045","135.439548","文化庁・国指定文化財等DB","https://kunishitei.bunka.go.jp/bsys/index","shrine-102-2145","文化庁DBの緯度・経度欄","official-background-addition","200地点版を固定; official pool addition; proportional regional target; 2km spacing; deterministic SHA-256 rank","kinki-shrine-temple-sites-v5-nested-345"
"346","明通寺三重塔","寺院建築","国宝","福井県","北陸甲信","35.453330","135.804178","文化庁・国指定文化財等DB","https://kunishitei.bunka.go.jp/bsys/index","temple-102-821","文化庁DBの緯度・経度欄","official-background-addition","200地点版を固定; official pool addition; proportional regional target; 2km spacing; deterministic SHA-256 rank","kinki-shrine-temple-sites-v5-nested-346"
"347","高座神社本殿","神社建築","重要文化財","兵庫県","近畿","35.069417","135.050703","文化庁・国指定文化財等DB","https://kunishitei.bunka.go.jp/bsys/index","shrine-102-00005140","文化庁DBの緯度・経度欄","official-background-addition","200地点版を固定; official pool addition; proportional regional target; 2km spacing; deterministic SHA-256 rank","kinki-shrine-temple-sites-v5-nested-347"
"348","前山寺三重塔","寺院建築","重要文化財","長野県","北陸甲信","36.340750","138.197400","文化庁・国指定文化財等DB","https://kunishitei.bunka.go.jp/bsys/index","temple-102-935","文化庁DBの緯度・経度欄","official-background-addition","200地点版を固定; official pool addition; proportional regional target; 2km spacing; deterministic SHA-256 rank","kinki-shrine-temple-sites-v5-nested-348"
"349","徳光院多宝塔","寺院建築","重要文化財","兵庫県","近畿","34.709546","135.195760","文化庁・国指定文化財等DB","https://kunishitei.bunka.go.jp/bsys/index","temple-102-2247","文化庁DBの緯度・経度欄","official-background-addition","200地点版を固定; official pool addition; proportional regional target; 2km spacing; deterministic SHA-256 rank","kinki-shrine-temple-sites-v5-nested-349"
"350","小比叡神社","神社建築","重要文化財","新潟県","北陸甲信","37.835988","138.287224","文化庁・国指定文化財等DB","https://kunishitei.bunka.go.jp/bsys/index","shrine-102-701","文化庁DBの緯度・経度欄","official-background-addition","200地点版を固定; official pool addition; proportional regional target; 2km spacing; deterministic SHA-256 rank","kinki-shrine-temple-sites-v5-nested-350"
"351","曼殊院","寺院建築","重要文化財","京都府","近畿","35.048718","135.803134","文化庁・国指定文化財等DB","https://kunishitei.bunka.go.jp/bsys/index","temple-102-1684","文化庁DBの緯度・経度欄","official-background-addition","200地点版を固定; official pool addition; proportional regional target; 2km spacing; deterministic SHA-256 rank","kinki-shrine-temple-sites-v5-nested-351"
"352","北口本宮富士浅間神社西宮本殿","神社建築","重要文化財","山梨県","北陸甲信","35.470706","138.792095","文化庁・国指定文化財等DB","https://kunishitei.bunka.go.jp/bsys/index","shrine-102-847","文化庁DBの緯度・経度欄","official-background-addition","200地点版を固定; official pool addition; proportional regional target; 2km spacing; deterministic SHA-256 rank","kinki-shrine-temple-sites-v5-nested-352"
"353","多田神社","神社建築","重要文化財","兵庫県","近畿","34.860582","135.402842","文化庁・国指定文化財等DB","https://kunishitei.bunka.go.jp/bsys/index","shrine-102-2380","文化庁DBの緯度・経度欄","official-background-addition","200地点版を固定; official pool addition; proportional regional target; 2km spacing; deterministic SHA-256 rank","kinki-shrine-temple-sites-v5-nested-353"
"354","永平寺","寺院建築","重要文化財","福井県","北陸甲信","36.096178","136.328725","文化庁・国指定文化財等DB","https://kunishitei.bunka.go.jp/bsys/index","temple-102-00005072","文化庁DBの緯度・経度欄","official-background-addition","200地点版を固定; official pool addition; proportional regional target; 2km spacing; deterministic SHA-256 rank","kinki-shrine-temple-sites-v5-nested-354"
"355","高木神社","神社建築","重要文化財","滋賀県","近畿","35.037652","136.196292","文化庁・国指定文化財等DB","https://kunishitei.bunka.go.jp/bsys/index","shrine-102-1484","文化庁DBの緯度・経度欄","official-background-addition","200地点版を固定; official pool addition; proportional regional target; 2km spacing; deterministic SHA-256 rank","kinki-shrine-temple-sites-v5-nested-355"
"356","照蓮寺本堂","寺院建築","重要文化財","岐阜県","北陸甲信","36.139301","137.262377","文化庁・国指定文化財等DB","https://kunishitei.bunka.go.jp/bsys/index","temple-102-1030","文化庁DBの緯度・経度欄","official-background-addition","200地点版を固定; official pool addition; proportional regional target; 2km spacing; deterministic SHA-256 rank","kinki-shrine-temple-sites-v5-nested-356"
"357","与杼神社拝殿","神社建築","重要文化財","京都府","近畿","34.905357","135.717844","文化庁・国指定文化財等DB","https://kunishitei.bunka.go.jp/bsys/index","shrine-102-1928","文化庁DBの緯度・経度欄","official-background-addition","200地点版を固定; official pool addition; proportional regional target; 2km spacing; deterministic SHA-256 rank","kinki-shrine-temple-sites-v5-nested-357"
"358","大法寺三重塔","寺院建築","国宝","長野県","北陸甲信","36.382217","138.148424","文化庁・国指定文化財等DB","https://kunishitei.bunka.go.jp/bsys/index","temple-102-979","文化庁DBの緯度・経度欄","official-background-addition","200地点版を固定; official pool addition; proportional regional target; 2km spacing; deterministic SHA-256 rank","kinki-shrine-temple-sites-v5-nested-358"
"359","五村別院","寺院建築","重要文化財","滋賀県","近畿","35.418997","136.261764","文化庁・国指定文化財等DB","https://kunishitei.bunka.go.jp/bsys/index","temple-102-2069","文化庁DBの緯度・経度欄","official-background-addition","200地点版を固定; official pool addition; proportional regional target; 2km spacing; deterministic SHA-256 rank","kinki-shrine-temple-sites-v5-nested-359"
"360","藤津比古神社本殿","神社建築","重要文化財","石川県","北陸甲信","37.143294","136.818781","文化庁・国指定文化財等DB","https://kunishitei.bunka.go.jp/bsys/index","shrine-102-814","文化庁DBの緯度・経度欄","official-background-addition","200地点版を固定; official pool addition; proportional regional target; 2km spacing; deterministic SHA-256 rank","kinki-shrine-temple-sites-v5-nested-360"
"361","白鬚神社本殿","神社建築","重要文化財","滋賀県","近畿","35.274528","136.011078","文化庁・国指定文化財等DB","https://kunishitei.bunka.go.jp/bsys/index","shrine-102-1532","文化庁DBの緯度・経度欄","official-background-addition","200地点版を固定; official pool addition; proportional regional target; 2km spacing; deterministic SHA-256 rank","kinki-shrine-temple-sites-v5-nested-361"
"362","浄光寺薬師堂","寺院建築","重要文化財","長野県","北陸甲信","36.693199","138.333278","文化庁・国指定文化財等DB","https://kunishitei.bunka.go.jp/bsys/index","temple-102-1026","文化庁DBの緯度・経度欄","official-background-addition","200地点版を固定; official pool addition; proportional regional target; 2km spacing; deterministic SHA-256 rank","kinki-shrine-temple-sites-v5-nested-362"
"363","宝厳寺","寺院建築","国宝","滋賀県","近畿","35.420636","136.143557","文化庁・国指定文化財等DB","https://kunishitei.bunka.go.jp/bsys/index","temple-102-1521","文化庁DBの緯度・経度欄","official-background-addition","200地点版を固定; official pool addition; proportional regional target; 2km spacing; deterministic SHA-256 rank","kinki-shrine-temple-sites-v5-nested-363"
"364","神明社","神社建築","重要文化財","長野県","北陸甲信","36.653309","137.841523","文化庁・国指定文化財等DB","https://kunishitei.bunka.go.jp/bsys/index","shrine-102-1023","文化庁DBの緯度・経度欄","official-background-addition","200地点版を固定; official pool addition; proportional regional target; 2km spacing; deterministic SHA-256 rank","kinki-shrine-temple-sites-v5-nested-364"
"365","道成寺本堂","寺院建築","重要文化財","和歌山県","近畿","33.914390","135.174545","文化庁・国指定文化財等DB","https://kunishitei.bunka.go.jp/bsys/index","temple-102-2914","文化庁DBの緯度・経度欄","official-background-addition","200地点版を固定; official pool addition; proportional regional target; 2km spacing; deterministic SHA-256 rank","kinki-shrine-temple-sites-v5-nested-365"
"366","金峯神社本殿","神社建築","重要文化財","山形県","東北","38.678886","139.805579","文化庁・国指定文化財等DB","https://kunishitei.bunka.go.jp/bsys/index","shrine-102-3710","文化庁DBの緯度・経度欄","official-background-addition","200地点版を固定; official pool addition; proportional regional target; 2km spacing; deterministic SHA-256 rank","kinki-shrine-temple-sites-v5-nested-366"
"367","新海三社神社三重塔","寺院建築","重要文化財","長野県","北陸甲信","36.196096","138.512608","文化庁・国指定文化財等DB","https://kunishitei.bunka.go.jp/bsys/index","temple-102-970","文化庁DBの緯度・経度欄","official-background-addition","200地点版を固定; official pool addition; proportional regional target; 2km spacing; deterministic SHA-256 rank","kinki-shrine-temple-sites-v5-nested-367"
"368","志那神社本殿","神社建築","重要文化財","滋賀県","近畿","35.053367","135.932617","文化庁・国指定文化財等DB","https://kunishitei.bunka.go.jp/bsys/index","shrine-102-1423","文化庁DBの緯度・経度欄","official-background-addition","200地点版を固定; official pool addition; proportional regional target; 2km spacing; deterministic SHA-256 rank","kinki-shrine-temple-sites-v5-nested-368"
"369","清水寺観音堂","寺院建築","重要文化財","青森県","東北","40.471601","141.490149","文化庁・国指定文化財等DB","https://kunishitei.bunka.go.jp/bsys/index","temple-102-70","文化庁DBの緯度・経度欄","official-background-addition","200地点版を固定; official pool addition; proportional regional target; 2km spacing; deterministic SHA-256 rank","kinki-shrine-temple-sites-v5-nested-369"
"370","護国八幡宮","神社建築","重要文化財","富山県","北陸甲信","36.666826","136.852000","文化庁・国指定文化財等DB","https://kunishitei.bunka.go.jp/bsys/index","shrine-102-738","文化庁DBの緯度・経度欄","official-background-addition","200地点版を固定; official pool addition; proportional regional target; 2km spacing; deterministic SHA-256 rank","kinki-shrine-temple-sites-v5-nested-370"
"371","安楽寺塔婆","寺院建築","重要文化財","奈良県","近畿","34.432590","135.752181","文化庁・国指定文化財等DB","https://kunishitei.bunka.go.jp/bsys/index","temple-102-2662","文化庁DBの緯度・経度欄","official-background-addition","200地点版を固定; official pool addition; proportional regional target; 2km spacing; deterministic SHA-256 rank","kinki-shrine-temple-sites-v5-nested-371"
"372","大神山神社奥宮","神社建築","重要文化財","鳥取県","中国","35.388650","133.538760","文化庁・国指定文化財等DB","https://kunishitei.bunka.go.jp/bsys/index","shrine-102-2949","文化庁DBの緯度・経度欄","official-background-addition","200地点版を固定; official pool addition; proportional regional target; 2km spacing; deterministic SHA-256 rank","kinki-shrine-temple-sites-v5-nested-372"
"373","常福院薬師堂","寺院建築","重要文化財","福島県","東北","37.521995","139.834268","文化庁・国指定文化財等DB","https://kunishitei.bunka.go.jp/bsys/index","temple-102-227","文化庁DBの緯度・経度欄","official-background-addition","200地点版を固定; official pool addition; proportional regional target; 2km spacing; deterministic SHA-256 rank","kinki-shrine-temple-sites-v5-nested-373"
"374","箭弓稲荷神社本殿・幣殿・拝殿","神社建築","重要文化財","埼玉県","関東","36.034586","139.394722","文化庁・国指定文化財等DB","https://kunishitei.bunka.go.jp/bsys/index","shrine-102-00005519","文化庁DBの緯度・経度欄","official-background-addition","200地点版を固定; official pool addition; proportional regional target; 2km spacing; deterministic SHA-256 rank","kinki-shrine-temple-sites-v5-nested-374"
"375","神宮寺本堂","寺院建築","重要文化財","福井県","北陸甲信","35.459692","135.783014","文化庁・国指定文化財等DB","https://kunishitei.bunka.go.jp/bsys/index","temple-102-823","文化庁DBの緯度・経度欄","official-background-addition","200地点版を固定; official pool addition; proportional regional target; 2km spacing; deterministic SHA-256 rank","kinki-shrine-temple-sites-v5-nested-375"
"376","九手神社本殿","神社建築","重要文化財","京都府","近畿","35.178025","135.397380","文化庁・国指定文化財等DB","https://kunishitei.bunka.go.jp/bsys/index","shrine-102-2059","文化庁DBの緯度・経度欄","official-background-addition","200地点版を固定; official pool addition; proportional regional target; 2km spacing; deterministic SHA-256 rank","kinki-shrine-temple-sites-v5-nested-376"
"377","神野寺表門","寺院建築","重要文化財","千葉県","関東","35.254297","139.963355","文化庁・国指定文化財等DB","https://kunishitei.bunka.go.jp/bsys/index","temple-102-485","文化庁DBの緯度・経度欄","official-background-addition","200地点版を固定; official pool addition; proportional regional target; 2km spacing; deterministic SHA-256 rank","kinki-shrine-temple-sites-v5-nested-377"
"378","吉川八幡宮本殿","神社建築","重要文化財","岡山県","中国","34.819786","133.751745","文化庁・国指定文化財等DB","https://kunishitei.bunka.go.jp/bsys/index","shrine-102-3090","文化庁DBの緯度・経度欄","official-background-addition","200地点版を固定; official pool addition; proportional regional target; 2km spacing; deterministic SHA-256 rank","kinki-shrine-temple-sites-v5-nested-378"
"379","円満寺観音堂","寺院建築","重要文化財","福島県","東北","37.544464","139.667702","文化庁・国指定文化財等DB","https://kunishitei.bunka.go.jp/bsys/index","temple-102-214","文化庁DBの緯度・経度欄","official-background-addition","200地点版を固定; official pool addition; proportional regional target; 2km spacing; deterministic SHA-256 rank","kinki-shrine-temple-sites-v5-nested-379"
"380","白山神社拝殿","神社建築","重要文化財","岐阜県","北陸甲信","35.458946","136.830757","文化庁・国指定文化財等DB","https://kunishitei.bunka.go.jp/bsys/index","shrine-102-1092","文化庁DBの緯度・経度欄","official-background-addition","200地点版を固定; official pool addition; proportional regional target; 2km spacing; deterministic SHA-256 rank","kinki-shrine-temple-sites-v5-nested-380"
"381","富貴寺本堂","寺院建築","重要文化財","奈良県","近畿","34.582326","135.751449","文化庁・国指定文化財等DB","https://kunishitei.bunka.go.jp/bsys/index","temple-102-2748","文化庁DBの緯度・経度欄","official-background-addition","200地点版を固定; official pool addition; proportional regional target; 2km spacing; deterministic SHA-256 rank","kinki-shrine-temple-sites-v5-nested-381"
"382","美保神社本殿","神社建築","重要文化財","島根県","中国","35.562347","133.306081","文化庁・国指定文化財等DB","https://kunishitei.bunka.go.jp/bsys/index","shrine-102-2968","文化庁DBの緯度・経度欄","official-background-addition","200地点版を固定; official pool addition; proportional regional target; 2km spacing; deterministic SHA-256 rank","kinki-shrine-temple-sites-v5-nested-382"
"383","光明寺本堂","寺院建築","重要文化財","神奈川県","関東","35.303278","139.554726","文化庁・国指定文化財等DB","https://kunishitei.bunka.go.jp/bsys/index","temple-102-2079","文化庁DBの緯度・経度欄","official-background-addition","200地点版を固定; official pool addition; proportional regional target; 2km spacing; deterministic SHA-256 rank","kinki-shrine-temple-sites-v5-nested-383"
"384","南部利康霊屋","神社建築","重要文化財","青森県","東北","40.414319","141.265613","文化庁・国指定文化財等DB","https://kunishitei.bunka.go.jp/bsys/index","shrine-102-88","文化庁DBの緯度・経度欄","official-background-addition","200地点版を固定; official pool addition; proportional regional target; 2km spacing; deterministic SHA-256 rank","kinki-shrine-temple-sites-v5-nested-384"
"385","最恩寺仏殿","寺院建築","重要文化財","山梨県","北陸甲信","35.234241","138.471849","文化庁・国指定文化財等DB","https://kunishitei.bunka.go.jp/bsys/index","temple-102-890","文化庁DBの緯度・経度欄","official-background-addition","200地点版を固定; official pool addition; proportional regional target; 2km spacing; deterministic SHA-256 rank","kinki-shrine-temple-sites-v5-nested-385"
"386","地主神社幣殿","神社建築","重要文化財","滋賀県","近畿","35.246921","135.869137","文化庁・国指定文化財等DB","https://kunishitei.bunka.go.jp/bsys/index","shrine-102-1372","文化庁DBの緯度・経度欄","official-background-addition","200地点版を固定; official pool addition; proportional regional target; 2km spacing; deterministic SHA-256 rank","kinki-shrine-temple-sites-v5-nested-386"
"387","猪田神社本殿","神社建築","重要文化財","三重県","東海","34.712038","136.145665","文化庁・国指定文化財等DB","https://kunishitei.bunka.go.jp/bsys/index","shrine-102-1302","文化庁DBの緯度・経度欄","official-background-addition","200地点版を固定; official pool addition; proportional regional target; 2km spacing; deterministic SHA-256 rank","kinki-shrine-temple-sites-v5-nested-387"
"388","西蓮寺仁王門","寺院建築","重要文化財","茨城県","関東","36.071310","140.437611","文化庁・国指定文化財等DB","https://kunishitei.bunka.go.jp/bsys/index","temple-102-261","文化庁DBの緯度・経度欄","official-background-addition","200地点版を固定; official pool addition; proportional regional target; 2km spacing; deterministic SHA-256 rank","kinki-shrine-temple-sites-v5-nested-388"
"389","天徳寺","寺院建築","重要文化財","秋田県","東北","39.738284","140.119525","文化庁・国指定文化財等DB","https://kunishitei.bunka.go.jp/bsys/index","temple-102-153","文化庁DBの緯度・経度欄","official-background-addition","200地点版を固定; official pool addition; proportional regional target; 2km spacing; deterministic SHA-256 rank","kinki-shrine-temple-sites-v5-nested-389"
"390","出雲大社本殿","神社建築","国宝","島根県","中国","35.402039","132.685469","文化庁・国指定文化財等DB","https://kunishitei.bunka.go.jp/bsys/index","shrine-102-2971","文化庁DBの緯度・経度欄","official-background-addition","200地点版を固定; official pool addition; proportional regional target; 2km spacing; deterministic SHA-256 rank","kinki-shrine-temple-sites-v5-nested-390"
"391","浄興寺本堂","寺院建築","重要文化財","新潟県","北陸甲信","37.112340","138.237323","文化庁・国指定文化財等DB","https://kunishitei.bunka.go.jp/bsys/index","temple-102-643","文化庁DBの緯度・経度欄","official-background-addition","200地点版を固定; official pool addition; proportional regional target; 2km spacing; deterministic SHA-256 rank","kinki-shrine-temple-sites-v5-nested-391"
"392","大山祗神社本殿","神社建築","重要文化財","京都府","近畿","35.054646","135.406400","文化庁・国指定文化財等DB","https://kunishitei.bunka.go.jp/bsys/index","shrine-102-2056","文化庁DBの緯度・経度欄","official-background-addition","200地点版を固定; official pool addition; proportional regional target; 2km spacing; deterministic SHA-256 rank","kinki-shrine-temple-sites-v5-nested-392"
"393","金剛寺不動堂","寺院建築","重要文化財","東京都","関東","35.662070","139.410645","文化庁・国指定文化財等DB","https://kunishitei.bunka.go.jp/bsys/index","temple-102-570","文化庁DBの緯度・経度欄","official-background-addition","200地点版を固定; official pool addition; proportional regional target; 2km spacing; deterministic SHA-256 rank","kinki-shrine-temple-sites-v5-nested-393"
"394","三嶋大社本殿、幣殿及び拝殿","神社建築","重要文化財","静岡県","東海","35.122401","138.918808","文化庁・国指定文化財等DB","https://kunishitei.bunka.go.jp/bsys/index","shrine-102-3678","文化庁DBの緯度・経度欄","official-background-addition","200地点版を固定; official pool addition; proportional regional target; 2km spacing; deterministic SHA-256 rank","kinki-shrine-temple-sites-v5-nested-394"
"395","瑞巖寺庫裏及び廊下","寺院建築","国宝","宮城県","東北","38.372233","141.060184","文化庁・国指定文化財等DB","https://kunishitei.bunka.go.jp/bsys/index","temple-102-136","文化庁DBの緯度・経度欄","official-background-addition","200地点版を固定; official pool addition; proportional regional target; 2km spacing; deterministic SHA-256 rank","kinki-shrine-temple-sites-v5-nested-395"
"396","日御碕神社","神社建築","重要文化財","島根県","中国","35.429680","132.629719","文化庁・国指定文化財等DB","https://kunishitei.bunka.go.jp/bsys/index","shrine-102-2981","文化庁DBの緯度・経度欄","official-background-addition","200地点版を固定; official pool addition; proportional regional target; 2km spacing; deterministic SHA-256 rank","kinki-shrine-temple-sites-v5-nested-396"
"397","小菅神社奥社本殿","寺院建築","重要文化財","長野県","北陸甲信","36.897237","138.434457","文化庁・国指定文化財等DB","https://kunishitei.bunka.go.jp/bsys/index","temple-102-962","文化庁DBの緯度・経度欄","official-background-addition","200地点版を固定; official pool addition; proportional regional target; 2km spacing; deterministic SHA-256 rank","kinki-shrine-temple-sites-v5-nested-397"
"398","住吉神社本殿","神社建築","重要文化財","兵庫県","近畿","34.940510","135.116657","文化庁・国指定文化財等DB","https://kunishitei.bunka.go.jp/bsys/index","shrine-102-2387","文化庁DBの緯度・経度欄","official-background-addition","200地点版を固定; official pool addition; proportional regional target; 2km spacing; deterministic SHA-256 rank","kinki-shrine-temple-sites-v5-nested-398"
"399","宝珠院観音堂","寺院建築","重要文化財","千葉県","関東","35.815731","140.115162","文化庁・国指定文化財等DB","https://kunishitei.bunka.go.jp/bsys/index","temple-102-486","文化庁DBの緯度・経度欄","official-background-addition","200地点版を固定; official pool addition; proportional regional target; 2km spacing; deterministic SHA-256 rank","kinki-shrine-temple-sites-v5-nested-399"
"400","富部神社本殿","神社建築","重要文化財","愛知県","東海","35.105277","136.931528","文化庁・国指定文化財等DB","https://kunishitei.bunka.go.jp/bsys/index","shrine-102-1192","文化庁DBの緯度・経度欄","official-background-addition","200地点版を固定; official pool addition; proportional regional target; 2km spacing; deterministic SHA-256 rank","kinki-shrine-temple-sites-v5-nested-400"
"401","毘沙門堂","寺院建築","重要文化財","岩手県","東北","39.366055","141.198182","文化庁・国指定文化財等DB","https://kunishitei.bunka.go.jp/bsys/index","temple-102-108","文化庁DBの緯度・経度欄","official-background-addition","200地点版を固定; official pool addition; proportional regional target; 2km spacing; deterministic SHA-256 rank","kinki-shrine-temple-sites-v5-nested-401"
"402","桂濱神社本殿","神社建築","重要文化財","広島県","中国","34.101486","132.513247","文化庁・国指定文化財等DB","https://kunishitei.bunka.go.jp/bsys/index","shrine-102-3163","文化庁DBの緯度・経度欄","official-background-addition","200地点版を固定; official pool addition; proportional regional target; 2km spacing; deterministic SHA-256 rank","kinki-shrine-temple-sites-v5-nested-402"
"403","清白寺庫裏","寺院建築","重要文化財","山梨県","北陸甲信","35.693968","138.708361","文化庁・国指定文化財等DB","https://kunishitei.bunka.go.jp/bsys/index","temple-102-00003915","文化庁DBの緯度・経度欄","official-background-addition","200地点版を固定; official pool addition; proportional regional target; 2km spacing; deterministic SHA-256 rank","kinki-shrine-temple-sites-v5-nested-403"
"404","観心寺訶梨帝母天堂","神社建築","重要文化財","大阪府","近畿","34.436963","135.598582","文化庁・国指定文化財等DB","https://kunishitei.bunka.go.jp/bsys/index","shrine-102-2186","文化庁DBの緯度・経度欄","official-background-addition","200地点版を固定; official pool addition; proportional regional target; 2km spacing; deterministic SHA-256 rank","kinki-shrine-temple-sites-v5-nested-404"
"405","観音寺多宝塔","寺院建築","重要文化財","愛知県","東海","35.136436","136.858407","文化庁・国指定文化財等DB","https://kunishitei.bunka.go.jp/bsys/index","temple-102-1191","文化庁DBの緯度・経度欄","official-background-addition","200地点版を固定; official pool addition; proportional regional target; 2km spacing; deterministic SHA-256 rank","kinki-shrine-temple-sites-v5-nested-405"
"406","熊野奥照神社本殿","神社建築","重要文化財","青森県","東北","40.612624","140.479971","文化庁・国指定文化財等DB","https://kunishitei.bunka.go.jp/bsys/index","shrine-102-66","文化庁DBの緯度・経度欄","official-background-addition","200地点版を固定; official pool addition; proportional regional target; 2km spacing; deterministic SHA-256 rank","kinki-shrine-temple-sites-v5-nested-406"
"407","法華経寺祖師堂","寺院建築","重要文化財","千葉県","関東","35.720312","139.948201","文化庁・国指定文化財等DB","https://kunishitei.bunka.go.jp/bsys/index","temple-102-467","文化庁DBの緯度・経度欄","official-background-addition","200地点版を固定; official pool addition; proportional regional target; 2km spacing; deterministic SHA-256 rank","kinki-shrine-temple-sites-v5-nested-407"
"408","中山神社本殿","神社建築","重要文化財","岡山県","中国","35.100289","133.994461","文化庁・国指定文化財等DB","https://kunishitei.bunka.go.jp/bsys/index","shrine-102-3024","文化庁DBの緯度・経度欄","official-background-addition","200地点版を固定; official pool addition; proportional regional target; 2km spacing; deterministic SHA-256 rank","kinki-shrine-temple-sites-v5-nested-408"
"409","羽賀寺本堂","寺院建築","重要文化財","福井県","北陸甲信","35.518879","135.764442","文化庁・国指定文化財等DB","https://kunishitei.bunka.go.jp/bsys/index","temple-102-825","文化庁DBの緯度・経度欄","official-background-addition","200地点版を固定; official pool addition; proportional regional target; 2km spacing; deterministic SHA-256 rank","kinki-shrine-temple-sites-v5-nested-409"
"410","神田神社本殿","神社建築","重要文化財","滋賀県","近畿","35.136341","135.906557","文化庁・国指定文化財等DB","https://kunishitei.bunka.go.jp/bsys/index","shrine-102-1374","文化庁DBの緯度・経度欄","official-background-addition","200地点版を固定; official pool addition; proportional regional target; 2km spacing; deterministic SHA-256 rank","kinki-shrine-temple-sites-v5-nested-410"
"411","陸奥国分寺薬師堂","寺院建築","重要文化財","宮城県","東北","38.251300","140.902784","文化庁・国指定文化財等DB","https://kunishitei.bunka.go.jp/bsys/index","temple-102-123","文化庁DBの緯度・経度欄","official-background-addition","200地点版を固定; official pool addition; proportional regional target; 2km spacing; deterministic SHA-256 rank","kinki-shrine-temple-sites-v5-nested-411"
"412","八劔社本殿","神社建築","重要文化財","愛知県","東海","35.147635","136.787374","文化庁・国指定文化財等DB","https://kunishitei.bunka.go.jp/bsys/index","shrine-102-1273","文化庁DBの緯度・経度欄","official-background-addition","200地点版を固定; official pool addition; proportional regional target; 2km spacing; deterministic SHA-256 rank","kinki-shrine-temple-sites-v5-nested-412"
"413","明王院本堂","寺院建築","国宝","広島県","中国","34.478481","133.345909","文化庁・国指定文化財等DB","https://kunishitei.bunka.go.jp/bsys/index","temple-102-3142","文化庁DBの緯度・経度欄","official-background-addition","200地点版を固定; official pool addition; proportional regional target; 2km spacing; deterministic SHA-256 rank","kinki-shrine-temple-sites-v5-nested-413"
"414","玉村八幡宮本殿","神社建築","重要文化財","群馬県","関東","36.305123","139.108883","文化庁・国指定文化財等DB","https://kunishitei.bunka.go.jp/bsys/index","shrine-102-425","文化庁DBの緯度・経度欄","official-background-addition","200地点版を固定; official pool addition; proportional regional target; 2km spacing; deterministic SHA-256 rank","kinki-shrine-temple-sites-v5-nested-414"
"415","光照寺薬師堂","寺院建築","重要文化財","山梨県","北陸甲信","35.690078","138.485890","文化庁・国指定文化財等DB","https://kunishitei.bunka.go.jp/bsys/index","temple-102-897","文化庁DBの緯度・経度欄","official-background-addition","200地点版を固定; official pool addition; proportional regional target; 2km spacing; deterministic SHA-256 rank","kinki-shrine-temple-sites-v5-nested-415"
"416","天満宮本殿","神社建築","重要文化財","京都府","近畿","34.806238","135.913059","文化庁・国指定文化財等DB","https://kunishitei.bunka.go.jp/bsys/index","shrine-102-2046","文化庁DBの緯度・経度欄","official-background-addition","200地点版を固定; official pool addition; proportional regional target; 2km spacing; deterministic SHA-256 rank","kinki-shrine-temple-sites-v5-nested-416"
"417","中尊寺金色堂","寺院建築","国宝","岩手県","東北","39.001277","141.099853","文化庁・国指定文化財等DB","https://kunishitei.bunka.go.jp/bsys/index","temple-102-109","文化庁DBの緯度・経度欄","official-background-addition","200地点版を固定; official pool addition; proportional regional target; 2km spacing; deterministic SHA-256 rank","kinki-shrine-temple-sites-v5-nested-417"
"418","富士山本宮浅間神社本殿","神社建築","重要文化財","静岡県","東海","35.227561","138.610016","文化庁・国指定文化財等DB","https://kunishitei.bunka.go.jp/bsys/index","shrine-102-1150","文化庁DBの緯度・経度欄","official-background-addition","200地点版を固定; official pool addition; proportional regional target; 2km spacing; deterministic SHA-256 rank","kinki-shrine-temple-sites-v5-nested-418"
"419","大聖寺不動堂","寺院建築","重要文化財","千葉県","関東","35.248416","140.400254","文化庁・国指定文化財等DB","https://kunishitei.bunka.go.jp/bsys/index","temple-102-494","文化庁DBの緯度・経度欄","official-background-addition","200地点版を固定; official pool addition; proportional regional target; 2km spacing; deterministic SHA-256 rank","kinki-shrine-temple-sites-v5-nested-419"
"420","本荘八幡宮鳥居","神社建築","重要文化財","岡山県","中国","34.463504","133.770626","文化庁・国指定文化財等DB","https://kunishitei.bunka.go.jp/bsys/index","shrine-102-3008","文化庁DBの緯度・経度欄","official-background-addition","200地点版を固定; official pool addition; proportional regional target; 2km spacing; deterministic SHA-256 rank","kinki-shrine-temple-sites-v5-nested-420"
"421","須波阿須疑神社本殿","神社建築","重要文化財","福井県","北陸甲信","35.885602","136.347850","文化庁・国指定文化財等DB","https://kunishitei.bunka.go.jp/bsys/index","shrine-102-834","文化庁DBの緯度・経度欄","official-background-addition","200地点版を固定; official pool addition; proportional regional target; 2km spacing; deterministic SHA-256 rank","kinki-shrine-temple-sites-v5-nested-421"
"422","不動院本堂","寺院建築","重要文化財","奈良県","近畿","34.514446","135.744384","文化庁・国指定文化財等DB","https://kunishitei.bunka.go.jp/bsys/index","temple-102-2574","文化庁DBの緯度・経度欄","official-background-addition","200地点版を固定; official pool addition; proportional regional target; 2km spacing; deterministic SHA-256 rank","kinki-shrine-temple-sites-v5-nested-422"
"423","霧島神宮","神社建築","重要文化財","鹿児島県","九州","31.858726","130.871415","文化庁・国指定文化財等DB","https://kunishitei.bunka.go.jp/bsys/index","shrine-102-3636","文化庁DBの緯度・経度欄","official-background-addition","200地点版を固定; official pool addition; proportional regional target; 2km spacing; deterministic SHA-256 rank","kinki-shrine-temple-sites-v5-nested-423"
"424","専修寺御影堂","寺院建築","国宝","三重県","東海","34.762212","136.503554","文化庁・国指定文化財等DB","https://kunishitei.bunka.go.jp/bsys/index","temple-102-1292","文化庁DBの緯度・経度欄","official-background-addition","200地点版を固定; official pool addition; proportional regional target; 2km spacing; deterministic SHA-256 rank","kinki-shrine-temple-sites-v5-nested-424"
"425","恵隆寺観音堂","寺院建築","重要文化財","福島県","東北","37.574815","139.799362","文化庁・国指定文化財等DB","https://kunishitei.bunka.go.jp/bsys/index","temple-102-219","文化庁DBの緯度・経度欄","official-background-addition","200地点版を固定; official pool addition; proportional regional target; 2km spacing; deterministic SHA-256 rank","kinki-shrine-temple-sites-v5-nested-425"
"426","村檜神社本殿","神社建築","重要文化財","栃木県","関東","36.369693","139.624462","文化庁・国指定文化財等DB","https://kunishitei.bunka.go.jp/bsys/index","shrine-102-400","文化庁DBの緯度・経度欄","official-background-addition","200地点版を固定; official pool addition; proportional regional target; 2km spacing; deterministic SHA-256 rank","kinki-shrine-temple-sites-v5-nested-426"
"427","長福寺三重塔","寺院建築","重要文化財","岡山県","中国","34.925939","134.150086","文化庁・国指定文化財等DB","https://kunishitei.bunka.go.jp/bsys/index","temple-102-3098","文化庁DBの緯度・経度欄","official-background-addition","200地点版を固定; official pool addition; proportional regional target; 2km spacing; deterministic SHA-256 rank","kinki-shrine-temple-sites-v5-nested-427"
"428","天神社本殿","神社建築","重要文化財","山梨県","北陸甲信","35.713642","138.663487","文化庁・国指定文化財等DB","https://kunishitei.bunka.go.jp/bsys/index","shrine-102-875","文化庁DBの緯度・経度欄","official-background-addition","200地点版を固定; official pool addition; proportional regional target; 2km spacing; deterministic SHA-256 rank","kinki-shrine-temple-sites-v5-nested-428"
"429","西徳寺本堂","寺院建築","重要文化財","滋賀県","近畿","35.487383","136.201770","文化庁・国指定文化財等DB","https://kunishitei.bunka.go.jp/bsys/index","temple-102-1525","文化庁DBの緯度・経度欄","official-background-addition","200地点版を固定; official pool addition; proportional regional target; 2km spacing; deterministic SHA-256 rank","kinki-shrine-temple-sites-v5-nested-429"
"430","鹿児島神宮","神社建築","重要文化財","鹿児島県","九州","31.753744","130.738089","文化庁・国指定文化財等DB","https://kunishitei.bunka.go.jp/bsys/index","shrine-102-00005393","文化庁DBの緯度・経度欄","official-background-addition","200地点版を固定; official pool addition; proportional regional target; 2km spacing; deterministic SHA-256 rank","kinki-shrine-temple-sites-v5-nested-430"
"431","本興寺本堂","寺院建築","重要文化財","静岡県","東海","34.717159","137.538194","文化庁・国指定文化財等DB","https://kunishitei.bunka.go.jp/bsys/index","temple-102-1160","文化庁DBの緯度・経度欄","official-background-addition","200地点版を固定; official pool addition; proportional regional target; 2km spacing; deterministic SHA-256 rank","kinki-shrine-temple-sites-v5-nested-431"
"432","飯野八幡宮","神社建築","重要文化財","福島県","東北","37.060269","140.882320","文化庁・国指定文化財等DB","https://kunishitei.bunka.go.jp/bsys/index","shrine-102-3779","文化庁DBの緯度・経度欄","official-background-addition","200地点版を固定; official pool addition; proportional regional target; 2km spacing; deterministic SHA-256 rank","kinki-shrine-temple-sites-v5-nested-432"
"433","小山寺三重塔","寺院建築","重要文化財","茨城県","関東","36.383379","140.099771","文化庁・国指定文化財等DB","https://kunishitei.bunka.go.jp/bsys/index","temple-102-259","文化庁DBの緯度・経度欄","official-background-addition","200地点版を固定; official pool addition; proportional regional target; 2km spacing; deterministic SHA-256 rank","kinki-shrine-temple-sites-v5-nested-433"
"434","石城神社本殿","神社建築","重要文化財","山口県","中国","33.987437","132.035672","文化庁・国指定文化財等DB","https://kunishitei.bunka.go.jp/bsys/index","shrine-102-3238","文化庁DBの緯度・経度欄","official-background-addition","200地点版を固定; official pool addition; proportional regional target; 2km spacing; deterministic SHA-256 rank","kinki-shrine-temple-sites-v5-nested-434"
"435","白髯神社本殿","神社建築","重要文化財","長野県","北陸甲信","36.672319","137.991230","文化庁・国指定文化財等DB","https://kunishitei.bunka.go.jp/bsys/index","shrine-102-1028","文化庁DBの緯度・経度欄","official-background-addition","200地点版を固定; official pool addition; proportional regional target; 2km spacing; deterministic SHA-256 rank","kinki-shrine-temple-sites-v5-nested-435"
"436","神童寺本堂","寺院建築","重要文化財","京都府","近畿","34.765796","135.832230","文化庁・国指定文化財等DB","https://kunishitei.bunka.go.jp/bsys/index","temple-102-2025","文化庁DBの緯度・経度欄","official-background-addition","200地点版を固定; official pool addition; proportional regional target; 2km spacing; deterministic SHA-256 rank","kinki-shrine-temple-sites-v5-nested-436"
"437","金刀比羅宮旭社","寺院建築","重要文化財","香川県","四国","34.183097","133.810250","文化庁・国指定文化財等DB","https://kunishitei.bunka.go.jp/bsys/index","temple-102-3302","文化庁DBの緯度・経度欄","official-background-addition","200地点版を固定; official pool addition; proportional regional target; 2km spacing; deterministic SHA-256 rank","kinki-shrine-temple-sites-v5-nested-437"
"438","山田大王神社","神社建築","重要文化財","熊本県","九州","32.248727","130.765360","文化庁・国指定文化財等DB","https://kunishitei.bunka.go.jp/bsys/index","shrine-102-3589","文化庁DBの緯度・経度欄","official-background-addition","200地点版を固定; official pool addition; proportional regional target; 2km spacing; deterministic SHA-256 rank","kinki-shrine-temple-sites-v5-nested-438"
"439","専称寺","寺院建築","重要文化財","福島県","東北","37.057706","140.927935","文化庁・国指定文化財等DB","https://kunishitei.bunka.go.jp/bsys/index","temple-102-00003848","文化庁DBの緯度・経度欄","official-background-addition","200地点版を固定; official pool addition; proportional regional target; 2km spacing; deterministic SHA-256 rank","kinki-shrine-temple-sites-v5-nested-439"
"440","高倉神社","神社建築","重要文化財","三重県","東海","34.796352","136.090474","文化庁・国指定文化財等DB","https://kunishitei.bunka.go.jp/bsys/index","shrine-102-1301","文化庁DBの緯度・経度欄","official-background-addition","200地点版を固定; official pool addition; proportional regional target; 2km spacing; deterministic SHA-256 rank","kinki-shrine-temple-sites-v5-nested-440"
"441","泉福寺薬師堂","寺院建築","重要文化財","千葉県","関東","35.765464","140.170460","文化庁・国指定文化財等DB","https://kunishitei.bunka.go.jp/bsys/index","temple-102-487","文化庁DBの緯度・経度欄","official-background-addition","200地点版を固定; official pool addition; proportional regional target; 2km spacing; deterministic SHA-256 rank","kinki-shrine-temple-sites-v5-nested-441"
"442","松苧神社本殿","神社建築","重要文化財","新潟県","北陸甲信","37.147680","138.646386","文化庁・国指定文化財等DB","https://kunishitei.bunka.go.jp/bsys/index","shrine-102-681","文化庁DBの緯度・経度欄","official-background-addition","200地点版を固定; official pool addition; proportional regional target; 2km spacing; deterministic SHA-256 rank","kinki-shrine-temple-sites-v5-nested-442"
"443","遍照院三重塔","寺院建築","重要文化財","岡山県","中国","34.592166","133.735371","文化庁・国指定文化財等DB","https://kunishitei.bunka.go.jp/bsys/index","temple-102-3006","文化庁DBの緯度・経度欄","official-background-addition","200地点版を固定; official pool addition; proportional regional target; 2km spacing; deterministic SHA-256 rank","kinki-shrine-temple-sites-v5-nested-443"
"444","吉御子神社本殿","神社建築","重要文化財","滋賀県","近畿","35.010082","136.050786","文化庁・国指定文化財等DB","https://kunishitei.bunka.go.jp/bsys/index","shrine-102-1459","文化庁DBの緯度・経度欄","official-background-addition","200地点版を固定; official pool addition; proportional regional target; 2km spacing; deterministic SHA-256 rank","kinki-shrine-temple-sites-v5-nested-444"
"445","観音寺金堂","寺院建築","重要文化財","香川県","四国","34.134494","133.647573","文化庁・国指定文化財等DB","https://kunishitei.bunka.go.jp/bsys/index","temple-102-3290","文化庁DBの緯度・経度欄","official-background-addition","200地点版を固定; official pool addition; proportional regional target; 2km spacing; deterministic SHA-256 rank","kinki-shrine-temple-sites-v5-nested-445"
"446","阿蘇神社","神社建築","重要文化財","熊本県","九州","32.947705","131.116461","文化庁・国指定文化財等DB","https://kunishitei.bunka.go.jp/bsys/index","shrine-102-00004213","文化庁DBの緯度・経度欄","official-background-addition","200地点版を固定; official pool addition; proportional regional target; 2km spacing; deterministic SHA-256 rank","kinki-shrine-temple-sites-v5-nested-446"
"447","観音寺仁王門","寺院建築","重要文化財","東京都","関東","35.803259","139.282044","文化庁・国指定文化財等DB","https://kunishitei.bunka.go.jp/bsys/index","temple-102-567","文化庁DBの緯度・経度欄","official-background-addition","200地点版を固定; official pool addition; proportional regional target; 2km spacing; deterministic SHA-256 rank","kinki-shrine-temple-sites-v5-nested-447"
"448","八幡神社","神社建築","重要文化財","福島県","東北","37.776459","140.909705","文化庁・国指定文化財等DB","https://kunishitei.bunka.go.jp/bsys/index","shrine-102-00004572","文化庁DBの緯度・経度欄","official-background-addition","200地点版を固定; official pool addition; proportional regional target; 2km spacing; deterministic SHA-256 rank","kinki-shrine-temple-sites-v5-nested-448"
"449","功山寺仏殿","寺院建築","国宝","山口県","中国","33.995612","130.981908","文化庁・国指定文化財等DB","https://kunishitei.bunka.go.jp/bsys/index","temple-102-3198","文化庁DBの緯度・経度欄","official-background-addition","200地点版を固定; official pool addition; proportional regional target; 2km spacing; deterministic SHA-256 rank","kinki-shrine-temple-sites-v5-nested-449"
"450","滝山東照宮","神社建築","重要文化財","愛知県","東海","34.988318","137.205948","文化庁・国指定文化財等DB","https://kunishitei.bunka.go.jp/bsys/index","shrine-102-1213","文化庁DBの緯度・経度欄","official-background-addition","200地点版を固定; official pool addition; proportional regional target; 2km spacing; deterministic SHA-256 rank","kinki-shrine-temple-sites-v5-nested-450"
"451","西福寺","寺院建築","重要文化財","福井県","北陸甲信","35.656764","136.031832","文化庁・国指定文化財等DB","https://kunishitei.bunka.go.jp/bsys/index","temple-102-00004273","文化庁DBの緯度・経度欄","official-background-addition","200地点版を固定; official pool addition; proportional regional target; 2km spacing; deterministic SHA-256 rank","kinki-shrine-temple-sites-v5-nested-451"
"452","御形神社本殿","神社建築","重要文化財","兵庫県","近畿","35.189479","134.630081","文化庁・国指定文化財等DB","https://kunishitei.bunka.go.jp/bsys/index","shrine-102-2424","文化庁DBの緯度・経度欄","official-background-addition","200地点版を固定; official pool addition; proportional regional target; 2km spacing; deterministic SHA-256 rank","kinki-shrine-temple-sites-v5-nested-452"
"453","豊楽寺薬師堂","寺院建築","国宝","高知県","四国","33.792117","133.727116","文化庁・国指定文化財等DB","https://kunishitei.bunka.go.jp/bsys/index","temple-102-3448","文化庁DBの緯度・経度欄","official-background-addition","200地点版を固定; official pool addition; proportional regional target; 2km spacing; deterministic SHA-256 rank","kinki-shrine-temple-sites-v5-nested-453"
"454","十島菅原神社","神社建築","重要文化財","熊本県","九州","32.210370","130.784924","文化庁・国指定文化財等DB","https://kunishitei.bunka.go.jp/bsys/index","shrine-102-3587","文化庁DBの緯度・経度欄","official-background-addition","200地点版を固定; official pool addition; proportional regional target; 2km spacing; deterministic SHA-256 rank","kinki-shrine-temple-sites-v5-nested-454"
"455","光明寺本堂内厨子","寺院建築","重要文化財","神奈川県","関東","35.358768","139.288774","文化庁・国指定文化財等DB","https://kunishitei.bunka.go.jp/bsys/index","temple-102-602","文化庁DBの緯度・経度欄","official-background-addition","200地点版を固定; official pool addition; proportional regional target; 2km spacing; deterministic SHA-256 rank","kinki-shrine-temple-sites-v5-nested-455"
"456","高照神社","神社建築","重要文化財","青森県","東北","40.623211","140.355173","文化庁・国指定文化財等DB","https://kunishitei.bunka.go.jp/bsys/index","shrine-102-00003995","文化庁DBの緯度・経度欄","official-background-addition","200地点版を固定; official pool addition; proportional regional target; 2km spacing; deterministic SHA-256 rank","kinki-shrine-temple-sites-v5-nested-456"
"457","来迎寺本堂","寺院建築","重要文化財","三重県","東海","34.571157","136.532302","文化庁・国指定文化財等DB","https://kunishitei.bunka.go.jp/bsys/index","temple-102-1296","文化庁DBの緯度・経度欄","official-background-addition","200地点版を固定; official pool addition; proportional regional target; 2km spacing; deterministic SHA-256 rank","kinki-shrine-temple-sites-v5-nested-457"
"458","吉香神社","神社建築","重要文化財","山口県","中国","34.171875","132.176515","文化庁・国指定文化財等DB","https://kunishitei.bunka.go.jp/bsys/index","shrine-102-00003898","文化庁DBの緯度・経度欄","official-background-addition","200地点版を固定; official pool addition; proportional regional target; 2km spacing; deterministic SHA-256 rank","kinki-shrine-temple-sites-v5-nested-458"
"459","魚沼神社阿弥陀堂","寺院建築","重要文化財","新潟県","北陸甲信","37.304811","138.787980","文化庁・国指定文化財等DB","https://kunishitei.bunka.go.jp/bsys/index","temple-102-639","文化庁DBの緯度・経度欄","official-background-addition","200地点版を固定; official pool addition; proportional regional target; 2km spacing; deterministic SHA-256 rank","kinki-shrine-temple-sites-v5-nested-459"
"460","若宮神社本殿","神社建築","重要文化財","滋賀県","近畿","35.323556","136.067033","文化庁・国指定文化財等DB","https://kunishitei.bunka.go.jp/bsys/index","shrine-102-1531","文化庁DBの緯度・経度欄","official-background-addition","200地点版を固定; official pool addition; proportional regional target; 2km spacing; deterministic SHA-256 rank","kinki-shrine-temple-sites-v5-nested-460"
"461","善光寺薬師堂","寺院建築","重要文化財","愛媛県","四国","33.307188","132.745069","文化庁・国指定文化財等DB","https://kunishitei.bunka.go.jp/bsys/index","temple-102-3413","文化庁DBの緯度・経度欄","official-background-addition","200地点版を固定; official pool addition; proportional regional target; 2km spacing; deterministic SHA-256 rank","kinki-shrine-temple-sites-v5-nested-461"
"462","六殿神社楼門","神社建築","重要文化財","熊本県","九州","32.700530","130.708393","文化庁・国指定文化財等DB","https://kunishitei.bunka.go.jp/bsys/index","shrine-102-3575","文化庁DBの緯度・経度欄","official-background-addition","200地点版を固定; official pool addition; proportional regional target; 2km spacing; deterministic SHA-256 rank","kinki-shrine-temple-sites-v5-nested-462"
"463","円融寺本堂","寺院建築","重要文化財","東京都","関東","35.619601","139.689699","文化庁・国指定文化財等DB","https://kunishitei.bunka.go.jp/bsys/index","temple-102-556","文化庁DBの緯度・経度欄","official-background-addition","200地点版を固定; official pool addition; proportional regional target; 2km spacing; deterministic SHA-256 rank","kinki-shrine-temple-sites-v5-nested-463"
"464","月山神社出羽神社湯殿山神社摂社月山出羽湯殿山三神社社殿（旧日月堂本堂）","神社建築","重要文化財","山形県","東北","38.457235","140.101770","文化庁・国指定文化財等DB","https://kunishitei.bunka.go.jp/bsys/index","shrine-102-3681","文化庁DBの緯度・経度欄","official-background-addition","200地点版を固定; official pool addition; proportional regional target; 2km spacing; deterministic SHA-256 rank","kinki-shrine-temple-sites-v5-nested-464"
"465","仏通寺含暉院地蔵堂","寺院建築","重要文化財","広島県","中国","34.454441","133.026947","文化庁・国指定文化財等DB","https://kunishitei.bunka.go.jp/bsys/index","temple-102-3121","文化庁DBの緯度・経度欄","official-background-addition","200地点版を固定; official pool addition; proportional regional target; 2km spacing; deterministic SHA-256 rank","kinki-shrine-temple-sites-v5-nested-465"
"466","建中寺徳川家御霊屋","神社建築","重要文化財","愛知県","東海","35.179411","136.927061","文化庁・国指定文化財等DB","https://kunishitei.bunka.go.jp/bsys/index","shrine-102-00005647","文化庁DBの緯度・経度欄","official-background-addition","200地点版を固定; official pool addition; proportional regional target; 2km spacing; deterministic SHA-256 rank","kinki-shrine-temple-sites-v5-nested-466"
"467","若宮八幡社本殿","神社建築","重要文化財","長野県","北陸甲信","36.221245","137.982823","文化庁・国指定文化財等DB","https://kunishitei.bunka.go.jp/bsys/index","shrine-102-925","文化庁DBの緯度・経度欄","official-background-addition","200地点版を固定; official pool addition; proportional regional target; 2km spacing; deterministic SHA-256 rank","kinki-shrine-temple-sites-v5-nested-467"
"468","長樂寺仏殿","寺院建築","重要文化財","和歌山県","近畿","34.054249","135.214122","文化庁・国指定文化財等DB","https://kunishitei.bunka.go.jp/bsys/index","temple-102-2906","文化庁DBの緯度・経度欄","official-background-addition","200地点版を固定; official pool addition; proportional regional target; 2km spacing; deterministic SHA-256 rank","kinki-shrine-temple-sites-v5-nested-468"
"469","大宝寺本堂","寺院建築","国宝","愛媛県","四国","33.841730","132.742201","文化庁・国指定文化財等DB","https://kunishitei.bunka.go.jp/bsys/index","temple-102-3317","文化庁DBの緯度・経度欄","official-background-addition","200地点版を固定; official pool addition; proportional regional target; 2km spacing; deterministic SHA-256 rank","kinki-shrine-temple-sites-v5-nested-469"
"470","八幡神社本殿","神社建築","重要文化財","鹿児島県","九州","32.083035","130.598139","文化庁・国指定文化財等DB","https://kunishitei.bunka.go.jp/bsys/index","shrine-102-3629","文化庁DBの緯度・経度欄","official-background-addition","200地点版を固定; official pool addition; proportional regional target; 2km spacing; deterministic SHA-256 rank","kinki-shrine-temple-sites-v5-nested-470"
"471","法用寺本堂内厨子及び仏壇","寺院建築","重要文化財","福島県","東北","37.488234","139.814181","文化庁・国指定文化財等DB","https://kunishitei.bunka.go.jp/bsys/index","temple-102-225","文化庁DBの緯度・経度欄","official-background-addition","200地点版を固定; official pool addition; proportional regional target; 2km spacing; deterministic SHA-256 rank","kinki-shrine-temple-sites-v5-nested-471"
"472","内外大神宮","神社建築","重要文化財","茨城県","関東","36.372840","140.019529","文化庁・国指定文化財等DB","https://kunishitei.bunka.go.jp/bsys/index","shrine-102-00004371","文化庁DBの緯度・経度欄","official-background-addition","200地点版を固定; official pool addition; proportional regional target; 2km spacing; deterministic SHA-256 rank","kinki-shrine-temple-sites-v5-nested-472"
"473","天恩寺仏殿","寺院建築","重要文化財","愛知県","東海","34.924203","137.313733","文化庁・国指定文化財等DB","https://kunishitei.bunka.go.jp/bsys/index","temple-102-1279","文化庁DBの緯度・経度欄","official-background-addition","200地点版を固定; official pool addition; proportional regional target; 2km spacing; deterministic SHA-256 rank","kinki-shrine-temple-sites-v5-nested-473"
"474","八幡社境内神社高良社本殿（旧八幡社本殿）","神社建築","重要文化財","長野県","北陸甲信","36.276161","138.398163","文化庁・国指定文化財等DB","https://kunishitei.bunka.go.jp/bsys/index","shrine-102-976","文化庁DBの緯度・経度欄","official-background-addition","200地点版を固定; official pool addition; proportional regional target; 2km spacing; deterministic SHA-256 rank","kinki-shrine-temple-sites-v5-nested-474"
"475","本蓮寺本堂","寺院建築","重要文化財","岡山県","中国","34.616405","134.164557","文化庁・国指定文化財等DB","https://kunishitei.bunka.go.jp/bsys/index","temple-102-3061","文化庁DBの緯度・経度欄","official-background-addition","200地点版を固定; official pool addition; proportional regional target; 2km spacing; deterministic SHA-256 rank","kinki-shrine-temple-sites-v5-nested-475"
"476","吉野水分神社","神社建築","重要文化財","奈良県","近畿","34.353943","135.873163","文化庁・国指定文化財等DB","https://kunishitei.bunka.go.jp/bsys/index","shrine-102-2792","文化庁DBの緯度・経度欄","official-background-addition","200地点版を固定; official pool addition; proportional regional target; 2km spacing; deterministic SHA-256 rank","kinki-shrine-temple-sites-v5-nested-476"
"477","金林寺薬師堂","寺院建築","重要文化財","高知県","四国","33.550463","134.046805","文化庁・国指定文化財等DB","https://kunishitei.bunka.go.jp/bsys/index","temple-102-3735","文化庁DBの緯度・経度欄","official-background-addition","200地点版を固定; official pool addition; proportional regional target; 2km spacing; deterministic SHA-256 rank","kinki-shrine-temple-sites-v5-nested-477"
"478","与賀神社楼門","神社建築","重要文化財","佐賀県","九州","33.248772","130.294499","文化庁・国指定文化財等DB","https://kunishitei.bunka.go.jp/bsys/index","shrine-102-3503","文化庁DBの緯度・経度欄","official-background-addition","200地点版を固定; official pool addition; proportional regional target; 2km spacing; deterministic SHA-256 rank","kinki-shrine-temple-sites-v5-nested-478"
"479","専修寺","寺院建築","重要文化財","栃木県","関東","36.393467","140.023792","文化庁・国指定文化財等DB","https://kunishitei.bunka.go.jp/bsys/index","temple-102-388","文化庁DBの緯度・経度欄","official-background-addition","200地点版を固定; official pool addition; proportional regional target; 2km spacing; deterministic SHA-256 rank","kinki-shrine-temple-sites-v5-nested-479"
"480","赤神神社五社堂（中央堂）内厨子","神社建築","重要文化財","秋田県","東北","39.870672","139.750878","文化庁・国指定文化財等DB","https://kunishitei.bunka.go.jp/bsys/index","shrine-102-158","文化庁DBの緯度・経度欄","official-background-addition","200地点版を固定; official pool addition; proportional regional target; 2km spacing; deterministic SHA-256 rank","kinki-shrine-temple-sites-v5-nested-480"
"481","東観音寺多宝塔","寺院建築","重要文化財","愛知県","東海","34.683015","137.439308","文化庁・国指定文化財等DB","https://kunishitei.bunka.go.jp/bsys/index","temple-102-1194","文化庁DBの緯度・経度欄","official-background-addition","200地点版を固定; official pool addition; proportional regional target; 2km spacing; deterministic SHA-256 rank","kinki-shrine-temple-sites-v5-nested-481"
"482","健御名方富命彦神別神社末社若宮八幡神社本殿","神社建築","重要文化財","長野県","北陸甲信","36.921211","138.374733","文化庁・国指定文化財等DB","https://kunishitei.bunka.go.jp/bsys/index","shrine-102-961","文化庁DBの緯度・経度欄","official-background-addition","200地点版を固定; official pool addition; proportional regional target; 2km spacing; deterministic SHA-256 rank","kinki-shrine-temple-sites-v5-nested-482"
"483","常念寺表門","寺院建築","重要文化財","山口県","中国","34.414223","131.402203","文化庁・国指定文化財等DB","https://kunishitei.bunka.go.jp/bsys/index","temple-102-3216","文化庁DBの緯度・経度欄","official-background-addition","200地点版を固定; official pool addition; proportional regional target; 2km spacing; deterministic SHA-256 rank","kinki-shrine-temple-sites-v5-nested-483"
"484","小野神社境内社篁神社本殿","神社建築","重要文化財","滋賀県","近畿","35.153399","135.919992","文化庁・国指定文化財等DB","https://kunishitei.bunka.go.jp/bsys/index","shrine-102-1430","文化庁DBの緯度・経度欄","official-background-addition","200地点版を固定; official pool addition; proportional regional target; 2km spacing; deterministic SHA-256 rank","kinki-shrine-temple-sites-v5-nested-484"
"485","本山寺二王門","寺院建築","重要文化財","香川県","四国","34.139147","133.693621","文化庁・国指定文化財等DB","https://kunishitei.bunka.go.jp/bsys/index","temple-102-3304","文化庁DBの緯度・経度欄","official-background-addition","200地点版を固定; official pool addition; proportional regional target; 2km spacing; deterministic SHA-256 rank","kinki-shrine-temple-sites-v5-nested-485"
"486","住吉神社本殿","神社建築","重要文化財","福岡県","九州","33.585936","130.413809","文化庁・国指定文化財等DB","https://kunishitei.bunka.go.jp/bsys/index","shrine-102-3464","文化庁DBの緯度・経度欄","official-background-addition","200地点版を固定; official pool addition; proportional regional target; 2km spacing; deterministic SHA-256 rank","kinki-shrine-temple-sites-v5-nested-486"
"487","金鑽神社多宝塔","寺院建築","重要文化財","埼玉県","関東","36.181513","139.073409","文化庁・国指定文化財等DB","https://kunishitei.bunka.go.jp/bsys/index","temple-102-461","文化庁DBの緯度・経度欄","official-background-addition","200地点版を固定; official pool addition; proportional regional target; 2km spacing; deterministic SHA-256 rank","kinki-shrine-temple-sites-v5-nested-487"
"488","島田神社本殿","神社建築","重要文化財","京都府","近畿","35.281597","135.046828","文化庁・国指定文化財等DB","https://kunishitei.bunka.go.jp/bsys/index","shrine-102-1935","文化庁DBの緯度・経度欄","official-background-addition","200地点版を固定; official pool addition; proportional regional target; 2km spacing; deterministic SHA-256 rank","kinki-shrine-temple-sites-v5-nested-488"
"489","寶林寺","寺院建築","重要文化財","静岡県","東海","34.817004","137.691769","文化庁・国指定文化財等DB","https://kunishitei.bunka.go.jp/bsys/index","temple-102-1178","文化庁DBの緯度・経度欄","official-background-addition","200地点版を固定; official pool addition; proportional regional target; 2km spacing; deterministic SHA-256 rank","kinki-shrine-temple-sites-v5-nested-489"
"490","八幡宮","神社建築","重要文化財","島根県","中国","34.454330","131.756698","文化庁・国指定文化財等DB","https://kunishitei.bunka.go.jp/bsys/index","shrine-102-00004548","文化庁DBの緯度・経度欄","official-background-addition","200地点版を固定; official pool addition; proportional regional target; 2km spacing; deterministic SHA-256 rank","kinki-shrine-temple-sites-v5-nested-490"
"491","円覚寺薬師堂内厨子","寺院建築","重要文化財","青森県","東北","40.642333","139.922872","文化庁・国指定文化財等DB","https://kunishitei.bunka.go.jp/bsys/index","temple-102-79","文化庁DBの緯度・経度欄","official-background-addition","200地点版を固定; official pool addition; proportional regional target; 2km spacing; deterministic SHA-256 rank","kinki-shrine-temple-sites-v5-nested-491"
"492","弥彦神社境内末社十柱神社社殿","神社建築","重要文化財","新潟県","北陸甲信","37.706601","138.827135","文化庁・国指定文化財等DB","https://kunishitei.bunka.go.jp/bsys/index","shrine-102-646","文化庁DBの緯度・経度欄","official-background-addition","200地点版を固定; official pool addition; proportional regional target; 2km spacing; deterministic SHA-256 rank","kinki-shrine-temple-sites-v5-nested-492"
"493","龍岩寺奥院礼堂","寺院建築","重要文化財","大分県","九州","33.404652","131.270888","文化庁・国指定文化財等DB","https://kunishitei.bunka.go.jp/bsys/index","temple-102-3620","文化庁DBの緯度・経度欄","official-background-addition","200地点版を固定; official pool addition; proportional regional target; 2km spacing; deterministic SHA-256 rank","kinki-shrine-temple-sites-v5-nested-493"
"494","火走神社摂社幸神社本殿","神社建築","重要文化財","大阪府","近畿","34.351877","135.369405","文化庁・国指定文化財等DB","https://kunishitei.bunka.go.jp/bsys/index","shrine-102-2179","文化庁DBの緯度・経度欄","official-background-addition","200地点版を固定; official pool addition; proportional regional target; 2km spacing; deterministic SHA-256 rank","kinki-shrine-temple-sites-v5-nested-494"
"495","如法寺仏殿","寺院建築","重要文化財","愛媛県","四国","33.506449","132.554536","文化庁・国指定文化財等DB","https://kunishitei.bunka.go.jp/bsys/index","temple-102-3380","文化庁DBの緯度・経度欄","official-background-addition","200地点版を固定; official pool addition; proportional regional target; 2km spacing; deterministic SHA-256 rank","kinki-shrine-temple-sites-v5-nested-495"
"496","気多神社本殿","神社建築","重要文化財","富山県","北陸甲信","36.800220","137.044601","文化庁・国指定文化財等DB","https://kunishitei.bunka.go.jp/bsys/index","shrine-102-720","文化庁DBの緯度・経度欄","official-background-addition","200地点版を固定; official pool addition; proportional regional target; 2km spacing; deterministic SHA-256 rank","kinki-shrine-temple-sites-v5-nested-496"
"497","新勝寺","寺院建築","重要文化財","千葉県","関東","35.785097","140.318161","文化庁・国指定文化財等DB","https://kunishitei.bunka.go.jp/bsys/index","temple-102-476","文化庁DBの緯度・経度欄","official-background-addition","200地点版を固定; official pool addition; proportional regional target; 2km spacing; deterministic SHA-256 rank","kinki-shrine-temple-sites-v5-nested-497"
"498","羽黒山三神合祭殿及び鐘楼","神社建築","重要文化財","山形県","東北","38.702356","139.981816","文化庁・国指定文化財等DB","https://kunishitei.bunka.go.jp/bsys/index","shrine-102-3674","文化庁DBの緯度・経度欄","official-background-addition","200地点版を固定; official pool addition; proportional regional target; 2km spacing; deterministic SHA-256 rank","kinki-shrine-temple-sites-v5-nested-498"
"499","宝福寺三重塔","寺院建築","重要文化財","岡山県","中国","34.690817","133.733554","文化庁・国指定文化財等DB","https://kunishitei.bunka.go.jp/bsys/index","temple-102-3028","文化庁DBの緯度・経度欄","official-background-addition","200地点版を固定; official pool addition; proportional regional target; 2km spacing; deterministic SHA-256 rank","kinki-shrine-temple-sites-v5-nested-499"
"500","大村神社宝殿","神社建築","重要文化財","三重県","東海","34.670349","136.183727","文化庁・国指定文化財等DB","https://kunishitei.bunka.go.jp/bsys/index","shrine-102-1314","文化庁DBの緯度・経度欄","official-background-addition","200地点版を固定; official pool addition; proportional regional target; 2km spacing; deterministic SHA-256 rank","kinki-shrine-temple-sites-v5-nested-500"
